possession,game_id,possession_team,length,start_x,start_y,end_x,end_y,period_id,start_time_seconds,end_time_seconds
2,3942819,England,7,52.543749999999996,33.9575,33.90625,42.3725,1,0.355,14.937
3,3942819,Netherlands,2,43.706250000000004,43.1375,44.14375,43.1375,1,16.384,16.744
4,3942819,Netherlands,23,43.79375,54.1875,73.01875,3.527499999999989,1,23.802,59.939
5,3942819,England,59,73.19375,3.5275000000000034,43.18125,20.612499999999997,1,80.961,162.372
6,3942819,England,10,49.30624999999999,15.1725,40.118750000000006,24.2675,1,185.757,196.327
7,3942819,Netherlands,16,40.11875,24.2675,97.86875,28.0925,1,196.327,214.898
8,3942819,England,22,97.86875,28.0925,7.481249999999989,4.462499999999999,1,217.728,265.455
9,3942819,Netherlands,23,11.856249999999998,14.917499999999997,49.91875,62.3475,1,285.317,331.603
10,3942819,England,26,49.918749999999996,62.34750000000001,8.181249999999991,16.872500000000002,1,333.191,363.599
11,3942819,Netherlands,20,8.006249999999998,24.692499999999995,104.95625000000001,36.2525,1,371.288,401.445
12,3942819,England,27,52.543749999999996,33.9575,25.418750000000003,15.8525,1,471.394,510.432
13,3942819,England,6,25.94374999999998,15.002499999999998,31.193750000000005,39.8225,1,631.421,644.628
14,3942819,England,4,31.543750000000003,45.0075,8.268749999999997,0.04250000000000398,1,692.515,695.737
15,3942819,England,2,8.268749999999997,0.04250000000000398,8.268749999999997,0.9775000000000063,1,717.907,718.761
16,3942819,Netherlands,10,10.10625,1.9124999999999943,45.36875,1.8274999999999864,1,736.233,748.688
17,3942819,England,12,45.36874999999999,1.8275000000000006,1.44375,33.7025,1,750.165,760.707
18,3942819,England,34,12.118749999999991,0.04250000000000398,10.893749999999999,29.112499999999997,1,769.44,823.553
19,3942819,England,1,10.456249999999997,33.9575,0.04374999999998863,30.9825,1,1054.626,1054.626
20,3942819,Netherlands,2,53.331250000000004,33.957499999999996,76.34375,0.04250000000000398,1,1119.868,1122.64
21,3942819,England,1,70.56875,0.04250000000000398,25.068749999999994,7.4375,1,1140.772,1140.772
22,3942819,Netherlands,13,25.068749999999998,7.4375,64.61874999999999,64.04750000000001,1,1147.359,1167.157
23,3942819,Netherlands,15,56.65625,67.9575,53.50625000000001,54.6975,1,1181.627,1205.383
24,3942819,England,40,59.981249999999996,67.9575,13.518749999999997,39.822500000000005,1,1213.512,1290.667
25,3942819,Netherlands,4,13.51875,39.8225,28.393749999999997,61.6675,1,1291.934,1296.803
26,3942819,Netherlands,6,30.318750000000005,67.9575,64.35625,34.4675,1,1319.42,1324.647
27,3942819,England,19,64.35625,34.46750000000001,14.743749999999991,67.9575,1,1326.76,1350.413
28,3942819,England,19,14.743749999999991,67.9575,18.76875000000001,52.1475,1,1364.504,1389.403
30,3942819,England,56,13.956249999999997,62.34750000000001,41.34375000000001,0.8075000000000045,1,1416.065,1497.645
31,3942819,Netherlands,29,35.13125000000001,9.392499999999998,90.69375000000001,8.1175,1,1499.668,1549.122
32,3942819,Netherlands,36,74.41875,0.04250000000000398,79.49375,15.342500000000001,1,1572.926,1628.098
33,3942819,England,22,79.49375,15.342500000000001,35.04375,10.2425,1,1628.336,1686.561
34,3942819,Netherlands,6,35.04375,10.2425,90.78125,30.047499999999992,1,1687.122,1695.003
35,3942819,Netherlands,2,104.95625000000001,0.04250000000000398,104.95625000000001,31.747499999999995,1,1747.009,1748.729
36,3942819,England,61,103.20625,33.0225,0.04374999999998863,30.557500000000005,1,1776.335,1881.055
37,3942819,Netherlands,3,5.64375,39.567499999999995,62.86875000000001,6.332500000000003,1,1916.797,1920.518
38,3942819,England,28,62.86874999999999,6.332499999999996,9.668750000000003,27.752500000000005,1,1924.465,1964.191
39,3942819,Netherlands,3,6.606249999999999,26.052499999999995,73.89375,21.207499999999996,1,2091.798,2096.401
40,3942819,England,34,73.89375,21.207499999999996,12.03125,0.04250000000000398,1,2097.93,2172.031
41,3942819,Netherlands,5,15.968749999999998,0.04250000000000398,84.74375,28.602500000000006,1,2194.711,2204.376
42,3942819,England,61,91.91875,21.972499999999997,0.7437500000000057,31.492500000000007,1,2206.258,2321.345
43,3942819,Netherlands,1,1.53125,34.38249999999999,1.53125,34.38249999999999,1,2322.361,2322.361
44,3942819,Netherlands,15,3.98125,32.3425,77.56875000000001,25.03249999999999,1,2345.033,2372.721
45,3942819,England,37,77.56875,25.0325,15.356250000000003,43.2225,1,2375.003,2427.23
46,3942819,England,3,7.481249999999989,67.9575,33.11874999999999,46.197500000000005,1,2449.165,2451.48
47,3942819,Netherlands,18,33.11875,46.197500000000005,80.71875,0.04250000000000398,1,2454.108,2476.19
48,3942819,England,86,73.89375,0.04250000000000398,2.40625,31.152500000000003,1,2503.602,2667.405
49,3942819,Netherlands,110,2.40625,31.152500000000003,104.95625000000001,21.887500000000003,1,2668.446,2853.564
51,3942819,Netherlands,21,52.456250000000004,34.0425,55.16875000000001,13.8125,2,0.529,25.878
52,3942819,England,11,55.168749999999996,16.957499999999996,62.43125,56.5675,2,26.591,40.966
53,3942819,England,14,67.50625,53.4225,66.45625,65.3225,2,65.674,87.291
54,3942819,England,7,73.80624999999999,67.9575,6.956249999999997,10.837499999999999,2,115.613,129.328
55,3942819,Netherlands,6,3.63125,38.9725,95.76875,51.1275,2,153.044,161.172
56,3942819,England,17,95.76875,51.127500000000005,41.08125,65.8325,2,164.793,196.581
57,3942819,England,3,35.04375,67.9575,13.693749999999994,26.987499999999997,2,206.658,210.565
58,3942819,Netherlands,6,13.693749999999998,26.987499999999997,45.981249999999996,20.442500000000003,2,212.428,218.1
59,3942819,Netherlands,20,45.71875,23.502499999999998,75.11875,12.537499999999994,2,227.306,259.511
60,3942819,England,7,63.21875,15.682499999999997,76.08125,3.612499999999997,2,261.296,269.244
61,3942819,England,12,67.76875,0.04250000000000398,16.318749999999994,19.932499999999997,2,288.77,313.869
62,3942819,Netherlands,6,16.318749999999998,19.932499999999997,27.606250000000003,30.8975,2,317.159,322.949
63,3942819,Netherlands,20,27.606250000000003,30.8975,59.19375000000001,17.8925,2,338.662,364.843
64,3942819,England,42,59.193749999999994,17.8925,7.65625,22.822499999999998,2,368.371,445.456
65,3942819,England,17,7.65625,22.822499999999998,23.05624999999999,26.4775,2,449.039,480.092
66,3942819,Netherlands,12,23.05625,26.4775,92.44375000000001,1.4024999999999892,2,480.102,494.166
67,3942819,England,8,90.08125,0.04250000000000398,43.96874999999999,3.867500000000007,2,525.89,542.901
68,3942819,Netherlands,20,31.63125000000001,0.04250000000000398,59.19375000000001,4.9724999999999895,2,568.101,605.384
69,3942819,England,3,59.193749999999994,4.972500000000004,43.61875,5.5674999999999955,2,608.361,612.848
70,3942819,England,10,55.168749999999996,0.04250000000000398,41.956250000000004,55.8875,2,618.852,634.593
71,3942819,Netherlands,12,20.518749999999997,50.7025,73.36875,15.2575,2,636.737,651.726
72,3942819,England,70,73.36874999999999,15.2575,17.981250000000003,47.21750000000001,2,653.46,774.893
73,3942819,England,15,48.956250000000004,67.9575,26.29374999999999,22.822499999999998,2,786.713,815.665
74,3942819,Netherlands,9,26.29375,22.822499999999998,56.65625,4.717500000000001,2,815.665,825.323
75,3942819,England,37,55.168749999999996,0.04250000000000398,25.76875000000001,65.8325,2,838.973,891.999
76,3942819,Netherlands,7,26.29375,67.9575,104.51875000000001,48.4925,2,895.012,910.001
77,3942819,England,39,98.91875,41.8625,17.981250000000003,3.612499999999997,2,925.915,995.465
78,3942819,Netherlands,3,17.981250000000003,3.612499999999997,19.03125,6.247500000000002,2,995.465,996.183
79,3942819,Netherlands,25,18.59375,6.927499999999995,97.86875,14.747499999999995,2,1021.903,1058.735
80,3942819,England,5,97.86875,14.747500000000002,81.85625,0.8075000000000045,2,1062.327,1070.077
81,3942819,Netherlands,11,72.49375000000002,0.04250000000000398,69.78125,8.627499999999998,2,1078.466,1090.512
82,3942819,Netherlands,3,68.64375000000001,8.372499999999995,104.16875,35.1475,2,1158.672,1161.507
83,3942819,Netherlands,2,104.95625000000001,0.04250000000000398,104.95625000000001,32.6825,2,1192.406,1193.722
84,3942819,England,4,99.96875,31.577500000000008,61.20625,31.4925,2,1226.225,1236.887
85,3942819,England,16,59.63125,32.4275,25.76875000000001,46.45250000000001,2,1282.579,1302.052
86,3942819,Netherlands,33,17.71875,46.2825,101.01875,28.942500000000003,2,1303.382,1356.376
87,3942819,Netherlands,1,99.88125000000001,41.5225,99.88125000000001,41.5225,2,1407.084,1407.084
88,3942819,England,14,101.89375,34.5525,0.04374999999998863,15.087499999999999,2,1426.247,1454.778
89,3942819,Netherlands,57,3.10625,41.0975,59.71875,21.802499999999995,2,1487.861,1565.506
90,3942819,Netherlands,13,59.71875,22.567499999999995,75.38125000000001,65.7475,2,1597.571,1616.24
91,3942819,England,2,74.06875,49.4275,63.30625000000001,50.1925,2,1618.252,1620.395
92,3942819,England,34,67.33125,57.8425,19.99374999999999,65.3225,2,1634.984,1687.383
93,3942819,Netherlands,11,3.63125,41.947500000000005,25.856250000000003,3.3575000000000017,2,1716.973,1737.663
94,3942819,Netherlands,93,32.41875,0.04250000000000398,104.25625,33.8725,2,1766.128,1919.87
95,3942819,England,8,95.76875,31.917500000000004,68.73124999999999,9.137500000000003,2,1942.967,1949.396
96,3942819,England,35,60.50625,0.04250000000000398,1.8812499999999943,51.6375,2,1969.946,2026.354
97,3942819,Netherlands,14,8.96875,48.917500000000004,66.45625,16.447499999999998,2,2120.161,2138.963
98,3942819,England,51,66.45625,16.447499999999998,35.65625,22.822499999999998,2,2140.921,2227.897
99,3942819,Netherlands,52,35.65625,22.822499999999998,95.76875,37.272499999999994,2,2228.622,2290.436
100,3942819,England,20,95.76875,41.182500000000005,12.293750000000003,23.8425,2,2307.937,2340.71
101,3942819,Netherlands,5,12.29375,23.8425,29.006250000000005,7.267499999999998,2,2343.667,2352.275
102,3942819,England,3,29.006249999999994,7.267499999999998,36.706250000000004,1.8274999999999864,2,2352.342,2354.037
103,3942819,England,7,37.056250000000006,5.9925,18.24374999999999,17.722499999999997,2,2378.298,2387.215
104,3942819,Netherlands,8,18.24375,17.72249999999999,79.14375,50.70250000000001,2,2387.967,2400.133
105,3942819,Netherlands,2,75.03125,51.2125,98.91875,30.9825,2,2462.108,2463.808
106,3942819,England,28,98.91875,30.9825,0.04374999999998863,24.947499999999998,2,2510.304,2568.009
107,3942819,Netherlands,2,5.20625,28.262500000000003,80.63125000000001,20.442499999999995,2,2613.415,2617.287
108,3942819,England,2,80.63125,20.442500000000003,78.79374999999999,17.8925,2,2618.033,2619.492
109,3942819,England,32,73.80624999999999,20.8675,0.04374999999998863,31.152500000000003,2,2639.974,2700.296
110,3942819,Netherlands,19,52.456250000000004,34.0425,49.74375,19.932499999999997,2,2884.769,2912.184
111,3942819,Netherlands,9,29.88125,0.04250000000000398,69.78125,17.72249999999999,2,2925.209,2936.968
112,3942819,England,4,69.78125,17.722499999999997,39.68124999999999,21.6325,2,2939.912,2944.295
113,3942819,Netherlands,11,39.68125,21.6325,44.93125,4.292499999999997,2,2945.565,2970.533
114,3942819,England,2,44.93124999999999,4.972500000000004,7.656250000000001,9.90249999999999,2,3001.232,3004.434
2,3943043,England,3,52.543749999999996,33.9575,0.04374999999998863,57.502500000000005,1,0.34,4.742
3,3943043,Spain,9,5.99375,34.38249999999999,56.91875,11.177499999999995,1,34.44,41.878
4,3943043,Spain,21,63.393750000000004,0.04250000000000398,85.96875,12.452499999999993,1,56.844,91.512
5,3943043,England,9,85.96875,12.4525,60.33125,1.9975000000000023,1,91.93,99.129
6,3943043,Spain,7,60.33125,1.9975000000000023,29.26875000000001,2.762500000000003,1,99.129,113.324
7,3943043,Spain,28,35.91875,0.04250000000000398,63.56875000000001,8.712500000000006,1,132.264,185.55
8,3943043,England,8,60.856249999999996,11.0075,38.018750000000004,34.8075,1,187.283,200.262
9,3943043,Spain,33,38.018750000000004,34.8075,104.95625000000001,67.9575,1,202.368,258.534
10,3943043,Spain,4,104.95625000000001,67.9575,85.09375,38.54749999999999,1,287.906,294.205
11,3943043,England,5,85.09375,38.5475,74.41875,52.0625,1,295.787,299.934
12,3943043,Spain,81,49.04375,63.707499999999996,91.56875,45.3475,1,303.269,432.554
13,3943043,England,5,91.56875,45.3475,100.58125,62.5175,1,433.0535,437.581
14,3943043,England,2,94.71875,67.9575,55.43125,55.377500000000005,1,464.915,467.08
15,3943043,Spain,11,55.431250000000006,55.3775,87.10625,46.3675,1,468.164,480.55
16,3943043,England,4,87.10625,46.3675,64.88125,67.87250000000002,1,482.208,484.399
17,3943043,Spain,11,59.28125,67.9575,64.70625000000001,42.7125,1,490.441,507.579
18,3943043,England,2,64.70625,42.712500000000006,54.11875,44.752500000000005,1,509.194,511.65
19,3943043,England,17,60.33125,67.9575,41.518750000000004,8.967500000000001,1,532.983,569.599
20,3943043,England,1,11.943749999999994,39.4825,11.943749999999994,39.4825,1,615.682,615.682
21,3943043,Spain,24,11.768749999999999,39.482499999999995,101.45625000000001,43.1375,1,630.241,673.568
22,3943043,Spain,3,104.95625000000001,67.9575,104.95625000000001,42.7125,1,738.53,741.652
23,3943043,England,1,99.79375,35.9975,9.318749999999994,31.237499999999997,1,782.201,782.201
24,3943043,Spain,18,12.55625,29.877499999999998,88.85625,34.6375,1,794.236,832.733
25,3943043,England,4,88.85625,34.6375,54.81875,3.612499999999997,1,833.889,840.77
26,3943043,England,11,52.98125,0.04250000000000398,0.04374999999998863,67.9575,1,870.749,883.997
27,3943043,England,50,0.04374999999998863,67.9575,17.981250000000003,39.4825,1,918.658,1014.951
28,3943043,Spain,5,14.13125,37.0175,39.59375,4.6325,1,1015.726,1021.816
29,3943043,Spain,25,33.38125000000001,0.04250000000000398,62.081250000000004,67.9575,1,1034.612,1085.627
30,3943043,Spain,16,62.081250000000004,67.9575,101.54375,33.53249999999999,1,1100.132,1128.933
31,3943043,England,7,101.54375,33.5325,41.16875,0.04250000000000398,1,1130.827,1152.632
32,3943043,Spain,53,39.41875,0.04250000000000398,85.61875000000002,42.1175,1,1160.48,1251.241
33,3943043,England,8,85.61875,42.1175,85.96875,62.5175,1,1251.895,1261.932
34,3943043,England,7,87.45625,61.5825,25.94374999999998,44.752500000000005,1,1308.282,1320.391
35,3943043,Spain,4,25.943749999999998,44.7525,43.09375,55.2075,1,1321.83,1325.83
36,3943043,Spain,10,47.643750000000004,67.9575,97.78125,36.3375,1,1348.539,1364.289
37,3943043,England,5,97.78125,36.337500000000006,81.33125,24.862499999999997,1,1366.585,1372.91
38,3943043,Spain,5,81.33125000000001,24.862499999999997,97.60625,20.1875,1,1374.003,1378.175
39,3943043,Spain,5,104.95625000000001,0.04250000000000398,66.71875,17.807499999999997,1,1391.019,1400.833
40,3943043,England,15,58.49374999999999,21.4625,40.38125000000001,38.3775,1,1442.505,1460.18
41,3943043,Spain,4,40.38125000000001,38.3775,43.53125,57.3325,1,1461.835,1465.763
42,3943043,England,10,43.53125,57.3325,24.71875,42.542500000000004,1,1466.24,1478.584
43,3943043,Spain,18,19.11875,37.6975,67.24375,5.142499999999998,1,1573.249,1602.247
44,3943043,Spain,29,67.24375,0.04250000000000398,103.11875,31.747499999999995,1,1605.299,1647.748
45,3943043,England,1,103.11875,31.832499999999996,103.11875,31.832499999999996,1,1649.053,1649.053
46,3943043,England,26,91.13125,29.707499999999996,12.55625,1.9975000000000023,1,1670.717,1714.102
47,3943043,Spain,5,12.73125,0.04250000000000398,17.193749999999994,1.6574999999999989,1,1727.394,1731.195
48,3943043,Spain,8,23.756249999999998,0.04250000000000398,49.48125,23.672499999999992,1,1741.553,1749.684
49,3943043,England,8,49.481249999999996,23.6725,29.96875,32.852500000000006,1,1751.957,1760.1
50,3943043,Spain,10,4.06875,45.5175,78.00625,34.9775,1,1763.091,1782.825
51,3943043,England,8,78.00625,34.9775,75.64375,36.167500000000004,1,1784.207,1797.13
52,3943043,England,9,73.98124999999999,36.6775,55.69375000000001,6.502499999999991,1,1892.614,1903.52
53,3943043,England,5,55.51875,18.487499999999997,29.96875,7.267499999999998,1,1920.919,1932.76
54,3943043,Spain,5,23.93125,6.842500000000001,24.106250000000003,22.1425,1,1933.682,1938.437
56,3943043,Spain,27,11.94375,31.40749999999999,100.40625,15.512500000000003,1,1961.58,2012.034
57,3943043,Spain,2,104.95625000000001,0.04250000000000398,104.95625000000001,67.9575,1,2045.607,2047.734
58,3943043,Spain,43,104.95625000000001,67.9575,104.95625000000001,24.182499999999997,1,2093.119,2155.374
59,3943043,England,3,99.79375,38.037499999999994,33.03125,54.8675,1,2193.546,2198.701
60,3943043,Spain,39,33.03125,54.8675,104.95625000000001,25.372499999999995,1,2200.503,2270.351
61,3943043,England,16,101.54375,38.5475,39.24374999999999,38.5475,1,2299.053,2320.102
62,3943043,Spain,9,39.243750000000006,38.54749999999999,60.33125,63.5375,1,2321.84,2330.802
63,3943043,England,27,60.33125,63.537499999999994,21.65625,34.6375,1,2330.802,2375.384
64,3943043,Spain,27,21.65625,34.6375,78.00625,4.802499999999995,1,2377.004,2422.97
65,3943043,Spain,11,78.00625,4.802499999999995,74.59375,22.2275,1,2426.7735000000002,2439.349
66,3943043,England,15,74.59375,22.2275,16.231250000000003,30.642500000000005,1,2439.909,2460.574
67,3943043,Spain,18,16.231250000000003,30.6425,86.66875,0.04250000000000398,1,2461.677,2485.987
68,3943043,England,2,75.29374999999999,0.04250000000000398,39.41874999999999,13.642499999999998,1,2518.536,2520.038
69,3943043,Spain,14,39.41875,13.642499999999998,99.96875,41.7775,1,2522.167,2544.429
70,3943043,Spain,2,104.95625000000001,67.9575,97.95625,16.277500000000003,1,2579.377,2580.93
71,3943043,England,3,97.95625,16.277500000000003,102.15625,3.102499999999992,1,2583.406,2588.788
72,3943043,England,2,99.79375,37.1875,24.28125,47.0475,1,2626.936,2630.639
73,3943043,Spain,5,24.28125,47.0475,24.36875,16.447499999999998,1,2631.569,2636.542
74,3943043,England,8,24.36874999999999,16.447499999999998,25.15625,52.0625,1,2640.251,2648.846
75,3943043,England,3,25.33125000000001,53.252500000000005,1.0062499999999943,31.237499999999997,1,2739.709,2741.987
76,3943043,Spain,1,1.0062499999999999,32.8525,1.0062499999999999,32.8525,1,2742.515,2742.515
77,3943043,Spain,3,3.10625,31.067499999999995,104.95625000000001,59.3725,1,2763.562,2766.027
78,3943043,England,1,99.79375,36.337500000000006,28.568749999999994,63.7075,1,2800.055,2800.055
79,3943043,Spain,6,28.56875000000001,63.707499999999996,25.506249999999998,14.4925,1,2805.274,2817.629
80,3943043,Spain,20,52.456250000000004,34.0425,46.50625000000001,66.9375,2,0.293,31.956
81,3943043,Spain,20,46.50625000000001,66.9375,104.95625000000001,32.0025,2,33.5385,69.977
82,3943043,England,3,51.668749999999996,34.042500000000004,22.18124999999999,50.5325,2,141.608,148.024
83,3943043,Spain,25,22.18125,50.5325,104.95625000000001,26.137500000000003,2,151.538,199.484
84,3943043,England,21,99.96875,38.8875,48.606249999999996,23.8425,2,223.468,250.31
85,3943043,Spain,9,48.60625,23.8425,50.35625,15.8525,2,253.487,260.297
86,3943043,England,5,50.35625,15.8525,41.78125,4.292500000000004,2,260.533,263.645
87,3943043,England,11,43.53125,0.04250000000000398,0.04374999999998863,12.792499999999997,2,273.938,289.776
88,3943043,Spain,3,4.68125,34.4675,68.29375,16.6175,2,313.283,320.281
89,3943043,England,34,68.29374999999999,16.6175,8.268749999999997,0.29749999999999943,2,323.072,378.771
90,3943043,Spain,22,9.75625,0.04250000000000398,62.86874999999999,36.6775,2,408.04,451.372
91,3943043,Spain,51,64.88125,38.4625,84.91875,29.112499999999997,2,474.822,555.478
92,3943043,Spain,31,82.20625,67.9575,104.95625000000001,38.9725,2,567.417,623.456
93,3943043,England,3,99.18125,36.932500000000005,66.01875,59.2025,2,642.907,646.423
94,3943043,England,28,72.66875,65.9175,33.29374999999999,0.46750000000000114,2,658.454,707.021
95,3943043,Spain,2,33.38125000000001,0.04250000000000398,64.18125,5.482500000000002,2,727.066,729.413
96,3943043,England,17,64.18125,5.482500000000002,63.39375,67.9575,2,729.413,750.057
97,3943043,Spain,40,61.03125000000001,67.9575,89.99375,24.692500000000003,2,767.862,831.478
98,3943043,England,38,94.80625,38.71750000000001,26.99375,7.0974999999999895,2,841.59,900.851
99,3943043,England,29,30.318749999999994,0.04250000000000398,17.981250000000003,63.3675,2,942.158,990.352
100,3943043,England,13,18.418750000000003,61.412499999999994,0.04374999999998863,29.707499999999996,2,1062.5,1092.951
101,3943043,Spain,5,4.68125,42.1175,53.68125,21.122499999999995,2,1153.07,1157.678
102,3943043,England,9,53.68124999999999,21.122500000000002,0.04374999999998863,23.247500000000002,2,1160.788,1174.116
103,3943043,Spain,3,5.20625,41.6075,56.831250000000004,43.8175,2,1205.804,1208.834
104,3943043,England,7,56.83125,43.8175,36.70625,53.8475,2,1211.75,1235.267
105,3943043,Spain,9,36.706250000000004,53.847500000000004,99.53125,31.492500000000007,2,1237.857,1245.856
106,3943043,Spain,6,104.95625000000001,67.9575,86.23125,12.537500000000001,2,1285.672,1293.337
107,3943043,Spain,3,81.15625,0.04250000000000398,104.78125,8.1175,2,1358.6,1360.627
108,3943043,England,5,100.93125,35.4875,74.94375,59.9675,2,1378.177,1383.885
109,3943043,Spain,9,74.94375,59.9675,104.95625000000001,0.04250000000000398,2,1384.441,1390.777
110,3943043,Spain,15,104.95625000000001,0.04250000000000398,104.95625000000001,31.662499999999994,2,1423.051,1447.631
111,3943043,England,7,99.18125,34.7225,45.71875,67.9575,2,1494.999,1509.818
112,3943043,England,9,39.943749999999994,67.9575,29.881249999999994,56.9925,2,1516.923,1529.59
113,3943043,Spain,26,29.88125,56.9925,55.60625000000001,21.7175,2,1529.59,1564.729
114,3943043,England,5,56.65625,33.3625,48.08125,28.177500000000002,2,1593.95,1603.133
115,3943043,Spain,5,48.081250000000004,28.177499999999995,103.46875,36.8475,2,1604.045,1610.818
116,3943043,England,1,103.55625,36.7625,103.55625,36.7625,2,1611.437,1611.437
117,3943043,England,12,103.55625,36.7625,0.04374999999998863,31.492500000000007,2,1612.5985,1628.643
119,3943043,Spain,12,52.456250000000004,34.0425,47.90625,20.357499999999995,2,1701.737,1718.224
120,3943043,England,21,49.39374999999999,33.61750000000001,23.40625,67.9575,2,1720.244,1754.333
121,3943043,England,12,23.40625,67.9575,10.893749999999999,60.8175,2,1771.228,1789.129
122,3943043,England,5,11.15625,67.9575,0.04374999999998863,50.8725,2,1821.918,1830.428
123,3943043,Spain,64,4.33125,38.292500000000004,104.95625000000001,67.9575,2,1841.956,1960.317
124,3943043,Spain,5,104.95625000000001,67.9575,57.09374999999999,0.04250000000000398,2,1997.147,2003.106
125,3943043,Spain,27,57.09374999999999,0.04250000000000398,103.38125000000001,16.192499999999995,2,2024.546,2066.184
126,3943043,England,1,98.91875,34.807500000000005,43.96874999999999,35.4875,2,2098.687,2098.687
127,3943043,Spain,19,43.96875,35.4875,61.46875,14.407499999999992,2,2101.325,2154.005
128,3943043,England,5,68.11874999999999,21.0375,54.99374999999999,44.9225,2,2156.189,2160.137
129,3943043,Spain,14,54.993750000000006,44.9225,68.81875000000001,0.04250000000000398,2,2161.027,2175.274
130,3943043,Spain,31,68.81875000000001,0.04250000000000398,87.19375000000001,56.7375,2,2182.304,2229.913
131,3943043,England,4,87.19375,56.7375,80.71875,57.6725,2,2229.913,2231.544
132,3943043,England,7,78.26875,67.9575,23.40625,41.4375,2,2271.74,2277.624
133,3943043,Spain,41,23.40625,41.4375,88.68125,29.2825,2,2283.278,2344.041
134,3943043,Spain,13,104.95625000000001,0.04250000000000398,100.14375,33.107499999999995,2,2373.638,2397.366
135,3943043,England,21,100.14375,33.1075,25.59375,0.29749999999999943,2,2398.447,2436.632
136,3943043,Spain,11,29.96875,0.04250000000000398,104.95625000000001,35.4025,2,2443.586,2456.903
137,3943043,England,11,51.668749999999996,34.042500000000004,0.04374999999998863,0.04250000000000398,2,2560.388,2579.439
138,3943043,England,5,0.04374999999998863,0.04250000000000398,0.04374999999998863,30.8975,2,2652.691,2657.062
139,3943043,Spain,1,4.68125,30.8125,61.993750000000006,0.5524999999999949,2,2697.594,2697.594
140,3943043,England,2,67.50625,0.04250000000000398,30.581249999999997,0.7224999999999966,2,2705.088,2709.043
141,3943043,Spain,2,33.73125,0.04250000000000398,104.95625000000001,11.092500000000001,2,2725.157,2728.285
142,3943043,England,4,98.91875,38.377500000000005,19.818749999999994,50.787499999999994,2,2747.096,2754.151
143,3943043,Spain,1,22.793750000000003,50.1075,70.91875,40.8425,2,2815.502,2815.502
144,3943043,England,6,70.91875,40.84250000000001,69.43125,60.5625,2,2819.149,2828.964
145,3943043,England,2,69.25625,56.3125,54.38125,29.3675,2,2832.613,2836.701
146,3943043,England,4,54.731249999999996,30.557500000000005,12.731250000000003,66.0025,2,2860.833,2867.318
147,3943043,Spain,1,86.05625,45.9425,86.05625,45.9425,2,2929.145,2929.145
2,3942752,France,11,51.668749999999996,34.042500000000004,53.06875,60.0525,1,0.467,14.413
3,3942752,Spain,6,60.50625,58.6925,56.56875000000001,41.0975,1,15.888,19.524
4,3942752,France,11,56.56875,41.0975,68.55625,0.7224999999999966,1,19.524,31.568
5,3942752,Spain,11,60.06875000000001,0.04250000000000398,77.13125000000001,65.9175,1,50.874,67.258
6,3942752,France,4,75.11875,67.9575,61.293749999999996,64.47250000000001,1,78.738,80.932
7,3942752,Spain,17,57.79375,67.9575,104.95625000000001,22.737499999999997,1,87.665,132.856
8,3942752,France,17,99.61875,26.307499999999997,41.86875,16.6175,1,162.897,187.415
9,3942752,France,7,38.36874999999999,17.042500000000004,21.21875,25.0325,1,200.551,207.032
10,3942752,Spain,4,21.21875,25.03249999999999,56.56875,50.3625,1,209.595,217.115
11,3942752,France,11,56.56875,50.3625,58.40625,63.62250000000001,1,217.92450000000002,230.602
12,3942752,Spain,41,58.40625,63.6225,104.95625000000001,35.0625,1,231.722,289.776
13,3942752,France,26,99.18125,34.127500000000005,16.756249999999994,60.0525,1,312.933,355.225
14,3942752,Spain,12,16.756249999999998,60.0525,88.06875,52.9975,1,356.348,370.221
15,3942752,France,6,88.06875,52.9975,8.006249999999994,67.9575,1,371.999,381.381
16,3942752,France,22,8.006249999999994,67.9575,33.38125000000001,21.122499999999995,1,413.458,445.406
17,3942752,France,8,40.118750000000006,21.972499999999997,0.04374999999998863,37.017500000000005,1,463.694,481.552
18,3942752,Spain,23,52.456250000000004,34.0425,87.98125,49.3425,1,578.766,613.62
19,3942752,France,5,87.98125,49.34250000000001,77.74375,47.21750000000001,1,617.232,620.329
20,3942752,Spain,63,77.74375,47.2175,89.90625,33.1075,1,621.928,708.873
21,3942752,France,8,89.90625,33.1075,45.893750000000004,39.3125,1,710.865,721.194
22,3942752,Spain,13,45.893750000000004,39.3125,78.26875000000001,67.9575,1,725.148,749.185
23,3942752,France,5,75.90625,67.9575,28.21875,43.7325,1,775.357,779.748
24,3942752,France,10,27.518749999999997,38.292500000000004,15.006249999999994,67.9575,1,943.405,956.765
25,3942752,Spain,9,19.03125,67.9575,70.91875,8.967500000000001,1,982.822,999.697
26,3942752,France,10,70.91875,8.967500000000001,36.881249999999994,1.6574999999999989,1,1003.753,1020.362
27,3942752,Spain,24,37.143750000000004,0.04250000000000398,91.13125,51.7225,1,1026.435,1074.514
28,3942752,France,16,91.13125,51.7225,42.831250000000004,67.9575,1,1075.6305,1100.243
29,3942752,France,7,42.831250000000004,67.9575,26.20625000000001,67.9575,1,1117.518,1126.752
30,3942752,Spain,5,22.18125,67.9575,6.781250000000001,67.9575,1,1135.115,1138.445
31,3942752,France,6,4.15625,67.9575,0.04374999999998863,8.627499999999998,1,1161.629,1170.724
32,3942752,Spain,22,5.20625,32.17249999999999,104.95625000000001,37.442499999999995,1,1180.732,1215.432
33,3942752,France,2,51.668749999999996,34.042500000000004,35.74374999999999,56.4825,1,1299.063,1301.212
34,3942752,Spain,16,35.743750000000006,56.4825,102.50625000000001,15.427499999999995,1,1304.425,1329.031
35,3942752,Spain,5,104.95625000000001,0.04250000000000398,104.95625000000001,28.34749999999999,1,1359.798,1366.869
36,3942752,France,1,98.91875,30.302500000000002,85.61875,40.9275,1,1390.519,1390.519
37,3942752,Spain,6,85.61875000000002,40.9275,95.59375,39.9075,1,1392.495,1399.069
38,3942752,France,3,95.59375,39.9075,70.74375,45.6025,1,1400.74,1403.813
39,3942752,Spain,16,70.74375,45.602500000000006,83.34375,55.377500000000005,1,1405.202,1433.249
40,3942752,Spain,18,70.48125,67.9575,104.95625000000001,33.2775,1,1439.922,1463.917
42,3942752,France,7,51.668749999999996,34.042500000000004,0.04374999999998863,40.2475,1,1521.45,1560.678
43,3942752,Spain,3,5.20625,38.3775,25.068749999999998,0.5524999999999949,1,1581.42,1585.784
44,3942752,France,12,31.631249999999994,0.04250000000000398,67.76875,67.9575,1,1597.248,1615.873
45,3942752,France,15,67.76875,67.9575,24.631249999999998,57.8425,1,1624.48,1662.806
46,3942752,France,1,28.74374999999999,54.1875,0.04374999999998863,17.722499999999997,1,1701.291,1701.291
47,3942752,Spain,73,5.20625,37.1875,92.44375000000001,39.7375,1,1731.247,1851.587
48,3942752,France,37,92.44375,39.7375,28.74374999999999,65.4925,1,1852.407,1922.907
49,3942752,Spain,20,22.793750000000003,65.4075,77.74375,18.317499999999995,1,1947.935,1996.979
50,3942752,France,18,77.74375,18.317500000000003,4.6812499999999915,20.1025,1,1998.676,2032.16
51,3942752,Spain,11,10.98125,0.04250000000000398,29.96875,4.292500000000004,1,2055.904,2065.625
52,3942752,Spain,17,35.04375,3.3575000000000017,91.30625,34.38249999999999,1,2108.424,2135.385
53,3942752,Spain,9,104.95625000000001,67.9575,104.95625000000001,5.482500000000002,1,2186.663,2200.968
54,3942752,France,11,99.61875,26.307499999999997,4.331249999999997,47.3025,1,2227.369,2246.957
55,3942752,France,14,0.04374999999998863,67.9575,17.981250000000003,62.4325,1,2284.721,2307.649
56,3942752,France,2,18.506249999999994,62.0925,0.04374999999998863,0.04250000000000398,1,2352.125,2354.007
57,3942752,France,9,0.04374999999998863,0.04250000000000398,15.006249999999994,67.1075,1,2369.867,2384.961
58,3942752,Spain,5,15.00625,67.1075,87.01875,26.307499999999997,1,2386.824,2399.217
59,3942752,Spain,1,104.95625000000001,67.9575,101.89375,32.59749999999999,1,2441.928,2441.928
60,3942752,France,34,101.89375,32.5975,20.60625,33.6175,1,2443.733,2494.279
61,3942752,Spain,23,20.60625,33.6175,70.21875,48.6625,1,2496.204,2544.765
62,3942752,France,13,70.21875,48.662499999999994,24.631249999999998,3.782499999999999,1,2546.973,2557.544
63,3942752,France,25,21.65625,4.292500000000004,17.193749999999998,29.28249999999999,1,2601.46,2642.242
64,3942752,Spain,4,17.193749999999998,29.28249999999999,32.76875000000001,55.2925,1,2642.787,2649.122
65,3942752,Spain,10,53.41875,67.9575,76.08125,26.987499999999997,1,2677.613,2687.947
66,3942752,France,12,76.08125,26.987499999999997,29.706249999999997,66.42750000000001,1,2690.664,2713.316
67,3942752,Spain,9,29.006250000000005,64.8125,49.30624999999999,22.567500000000003,1,2731.874,2743.867
68,3942752,Spain,9,47.90625,23.162499999999994,33.29374999999999,17.722499999999997,1,2781.137,2798.615
69,3942752,Spain,17,53.331250000000004,33.957499999999996,5.3812500000000005,0.04250000000000398,2,0.43,30.291
70,3942752,France,3,7.306250000000006,0.04250000000000398,7.481249999999989,1.8275000000000006,2,44.789,46.523
71,3942752,Spain,12,7.481249999999999,1.8274999999999864,80.36875,60.3925,2,47.316,57.677
72,3942752,France,4,80.36875,60.3925,21.131249999999994,67.9575,2,57.952,66.966
73,3942752,France,15,21.131249999999994,67.9575,7.918750000000003,57.9275,2,87.651,109.541
74,3942752,Spain,7,5.90625,30.047499999999992,40.64375,3.867500000000007,2,127.797,136.648
75,3942752,Spain,15,36.79375,4.717500000000001,91.91874999999999,45.1775,2,151.969,166.158
76,3942752,France,19,91.91875,45.1775,57.96875,8.372500000000002,2,169.389,197.354
77,3942752,Spain,38,55.78125,0.04250000000000398,92.61875,67.9575,2,215.617,274.629
78,3942752,Spain,7,92.61875,67.9575,96.90625,62.5175,2,291.555,296.511
79,3942752,Spain,10,93.40625,67.9575,101.71875,58.8625,2,314.926,337.534
80,3942752,France,9,94.36875,67.9575,36.88125000000001,64.7275,2,350.188,361.021
81,3942752,France,13,35.65625,67.9575,2.143749999999997,36.0825,2,374.379,402.239
82,3942752,Spain,4,5.73125,36.50749999999999,37.23125,63.1975,2,418.274,423.202
83,3942752,France,8,37.23125,63.197500000000005,0.04374999999998863,67.9575,2,426.242,433.802
84,3942752,France,2,0.04374999999998863,67.9575,0.9187499999999886,33.3625,2,464.257,465.929
85,3942752,Spain,1,0.9187500000000001,33.2775,0.9187500000000001,33.2775,2,466.727,466.727
86,3942752,Spain,11,5.556250000000001,36.8475,92.61875,10.2425,2,482.501,507.265
87,3942752,France,5,92.61875,10.2425,88.50625000000001,14.237499999999997,2,507.265,516.051
88,3942752,France,30,88.94375,10.752499999999998,7.3062499999999995,18.8275,2,518.657,562.871
89,3942752,Spain,2,7.3062499999999995,18.8275,2.3187499999999943,1.9975000000000023,2,563.593,567.875
90,3942752,Spain,5,3.98125,0.04250000000000398,32.50625,2.3375000000000057,2,594.468,598.988
91,3942752,France,15,49.83124999999999,3.697500000000005,26.11874999999999,23.502499999999998,2,602.026,630.807
92,3942752,Spain,8,25.59375,21.377499999999998,88.15625,46.5375,2,632.013,636.625
93,3942752,France,8,88.15625,46.537499999999994,1.3562500000000028,30.387500000000003,2,641.339,659.365
94,3942752,Spain,1,1.35625,30.47249999999999,1.35625,30.47249999999999,2,659.927,659.927
97,3942752,Spain,24,13.168749999999998,34.6375,63.13125,27.072499999999998,2,798.639,834.105
98,3942752,Spain,31,63.393750000000004,26.732499999999995,32.76875000000001,27.327500000000008,2,840.265,881.549
99,3942752,Spain,4,35.393750000000004,26.732499999999995,55.86875,62.6025,2,927.235,930.864
100,3942752,France,22,99.79375,35.1475,4.856250000000003,26.7325,2,940.669,970.434
101,3942752,France,2,0.04374999999998863,0.04250000000000398,0.04374999999998863,39.4825,2,1043.903,1045.64
102,3942752,Spain,3,6.08125,33.6175,77.30625,14.832499999999996,2,1067.512,1070.333
103,3942752,France,11,77.30625,14.832499999999996,80.01875,67.3625,2,1073.191,1088.917
104,3942752,Spain,46,72.66874999999999,67.9575,56.74375000000001,2.507499999999993,2,1111.808,1177.802
105,3942752,France,10,62.34375,4.037500000000001,9.231250000000003,16.1075,2,1178.835,1188.481
106,3942752,Spain,20,5.64375,33.4475,80.19375000000001,21.802499999999995,2,1217.226,1264.069
107,3942752,France,15,97.78125,14.832499999999996,0.04374999999998863,56.057500000000005,2,1266.52,1287.644
108,3942752,Spain,35,6.08125,30.8125,49.21875,1.4874999999999972,2,1312.174,1372.237
109,3942752,France,13,49.39374999999999,1.9975000000000023,22.443749999999994,44.2425,2,1373.03,1399.787
110,3942752,Spain,9,22.443749999999998,44.2425,36.18125,4.122499999999995,2,1422.781,1434.388
111,3942752,Spain,23,39.94375000000001,0.04250000000000398,60.59375,8.2025,2,1455.27,1499.143
112,3942752,France,6,60.59375,8.2025,10.80625,39.3125,2,1500.812,1509.481
113,3942752,Spain,7,10.80625,39.3125,37.23125,48.57750000000001,2,1510.604,1520.014
114,3942752,Spain,7,37.75625,48.7475,65.84375,54.4425,2,1551.262,1557.359
115,3942752,France,2,71.53125,62.6875,62.168749999999996,65.0675,2,1558.205,1559.508
116,3942752,France,21,59.89375,67.9575,43.443749999999994,0.04250000000000398,2,1568.47,1604.491
117,3942752,France,26,43.443749999999994,0.04250000000000398,12.993749999999991,56.057500000000005,2,1612.664,1650.629
118,3942752,France,3,0.04374999999998863,67.9575,20.518749999999997,33.2775,2,1671.789,1676.158
119,3942752,Spain,68,20.518749999999997,33.2775,81.33125,28.602500000000006,2,1677.926,1779.191
120,3942752,France,18,81.33125,28.602500000000006,0.04374999999998863,35.40250000000001,2,1781.175,1806.933
121,3942752,Spain,23,6.08125,39.6525,19.55625,48.4075,2,1870.524,1908.28
122,3942752,Spain,6,6.08125,38.63249999999999,86.75625000000001,55.4625,2,1940.202,1947.946
123,3942752,France,14,86.75625,55.462500000000006,10.893749999999997,6.162500000000001,2,1949.927,1969.059
124,3942752,Spain,2,10.893749999999999,6.162499999999994,10.28125,2.167500000000004,2,1971.818,1973.656
125,3942752,Spain,9,7.918749999999999,0.04250000000000398,40.29374999999999,4.122500000000002,2,2020.258,2026.606
126,3942752,Spain,5,38.54375,9.22249999999999,70.48125,17.637500000000003,2,2048.808,2053.403
127,3942752,France,3,70.48124999999999,17.637500000000003,1.8812499999999943,19.677499999999995,2,2055.001,2064.624
128,3942752,France,10,0.04374999999998863,0.04250000000000398,7.7437499999999915,5.652500000000003,2,2088.95,2103.634
129,3942752,Spain,32,5.90625,18.232499999999995,104.95625000000001,38.0375,2,2105.129,2156.11
130,3942752,France,7,100.05625,25.627499999999998,31.193749999999994,43.9875,2,2182.544,2191.111
131,3942752,Spain,6,31.193750000000005,43.9875,54.64375,18.232499999999995,2,2195.247,2219.21
132,3942752,France,4,57.356249999999996,16.7875,42.393750000000004,37.1025,2,2219.678,2226.939
133,3942752,Spain,1,34.431250000000006,36.082499999999996,104.95625000000001,2.507499999999993,2,2394.632,2394.632
134,3942752,France,9,99.79375,30.8975,0.04374999999998863,32.002500000000005,2,2408.886,2423.542
135,3942752,Spain,1,5.46875,28.6025,62.518750000000004,0.04250000000000398,2,2463.149,2463.149
136,3942752,France,9,62.168749999999996,0.04250000000000398,18.943749999999994,54.6125,2,2473.077,2486.384
137,3942752,Spain,14,18.943749999999998,54.6125,67.85625,22.1425,2,2488.262,2501.927
138,3942752,France,8,67.85624999999999,22.3125,29.09375,67.3625,2,2515.702,2530.549
139,3942752,Spain,3,30.231250000000003,67.9575,35.13125000000001,67.3625,2,2546.354,2547.135
140,3942752,France,15,31.71875,67.9575,11.243749999999991,39.142500000000005,2,2560.419,2581.992
141,3942752,Spain,19,11.24375,39.1425,57.70625,61.837500000000006,2,2583.654,2610.919
142,3942752,Spain,17,56.21875,58.6925,100.40625,45.8575,2,2642.927,2668.499
143,3942752,Spain,2,104.95625000000001,67.9575,81.15625,37.6125,2,2701.388,2702.795
144,3942752,France,4,81.15625,37.6125,37.75625,48.322500000000005,2,2705.395,2712.245
145,3942752,France,2,37.84375,48.7475,7.65625,21.972499999999997,2,2746.08,2748.585
146,3942752,Spain,20,6.08125,31.747499999999995,101.10625,38.802499999999995,2,2800.33,2825.209
147,3942752,France,6,101.10625,38.8025,36.006249999999994,4.037500000000001,2,2827.981,2840.358
148,3942752,Spain,3,35.83125,3.1875,54.81875,1.8275000000000006,2,2842.361,2848.394
149,3942752,Spain,37,54.81875,0.04250000000000398,42.74375,64.5575,2,2911.551,2957.798
150,3942752,France,10,36.79374999999999,67.9575,8.181249999999991,39.3975,2,2962.665,2979.159
151,3942752,Spain,4,6.08125,33.4475,73.80624999999999,64.2175,2,3011.014,3020.072
152,3942752,Spain,13,73.63125000000001,64.2175,96.46875,64.89750000000001,2,3041.562,3054.071
2,3942382,Netherlands,4,53.331250000000004,33.957499999999996,76.95625,67.9575,1,0.492,6.297
3,3942382,Netherlands,27,76.95625,67.9575,104.95625000000001,31.067499999999995,1,19.298,59.905
4,3942382,Turkey,3,100.31875,38.9725,36.96875,23.502499999999998,1,85.245,89.898
5,3942382,Netherlands,8,36.96875,23.502499999999998,36.26875,19.5075,1,92.54,104.321
6,3942382,Netherlands,16,39.15625,33.787499999999994,86.05625,59.7125,1,121.834,145.319
7,3942382,Turkey,25,86.05625,59.712500000000006,80.28125,48.662499999999994,1,147.557,177.155
8,3942382,Netherlands,26,80.28125,48.6625,92.88125000000001,18.912499999999994,1,179.278,221.952
9,3942382,Turkey,14,92.88125,18.9125,37.40625,0.04250000000000398,1,221.952,238.122
10,3942382,Turkey,43,37.40625,0.04250000000000398,27.693749999999994,20.8675,1,245.439,310.475
11,3942382,Netherlands,27,27.693749999999998,20.8675,93.93125,43.477500000000006,1,314.889,365.842
12,3942382,Turkey,1,28.74374999999999,19.5075,28.74374999999999,19.5075,1,401.451,401.451
13,3942382,Netherlands,36,29.88125,22.1425,85.00625000000001,22.652500000000003,1,406.563,447.53
14,3942382,Turkey,8,83.86875,23.7575,65.23125,67.1925,1,503.877,510.176
15,3942382,Turkey,24,60.856249999999996,67.9575,19.818749999999994,27.1575,1,518.687,552.191
16,3942382,Netherlands,11,19.11875,25.797499999999992,83.34375,42.9675,1,553.858,570.494
17,3942382,Turkey,13,83.34375,42.96750000000001,0.04374999999998863,36.252500000000005,1,570.979,604.972
18,3942382,Netherlands,21,3.28125,41.8625,104.95625000000001,45.4325,1,625.792,661.159
19,3942382,Turkey,3,99.79375,26.5625,48.956250000000004,23.247500000000002,1,683.594,687.158
20,3942382,Netherlands,7,48.95625,23.247499999999995,104.95625000000001,28.0075,1,689.52,695.71
21,3942382,Turkey,1,99.96875,28.6875,47.99374999999999,23.7575,1,727.958,727.958
22,3942382,Netherlands,81,47.99375,23.7575,92.00625000000001,36.3375,1,730.312,850.16
23,3942382,Turkey,80,92.35625,36.59250000000001,24.193749999999994,67.6175,1,971.049,1090.688
24,3942382,Netherlands,26,26.11875,67.9575,96.99375,56.8225,1,1110.996,1147.125
25,3942382,Turkey,10,96.99375,56.822500000000005,80.01875,63.3675,1,1149.157,1159.515
26,3942382,Turkey,35,75.38125,67.9575,15.006249999999994,46.02750000000001,1,1175.867,1228.413
27,3942382,Turkey,1,0.04374999999998863,67.9575,4.331249999999997,31.4075,1,1257.278,1257.278
28,3942382,Netherlands,18,4.33125,31.40749999999999,82.03125,65.1525,1,1259.075,1299.703
29,3942382,Turkey,31,81.76875,67.9575,56.74375000000001,67.2775,1,1305.39,1357.9
30,3942382,Turkey,15,59.80624999999999,67.9575,10.193749999999994,40.3325,1,1373.114,1392.327
31,3942382,Netherlands,24,10.19375,40.332499999999996,97.51875,5.9925,1,1396.43,1433.224
32,3942382,Turkey,22,99.79375,28.517500000000005,4.68125,46.8775,1,1453.578,1489.508
33,3942382,Turkey,2,0.04374999999998863,67.9575,12.46875,43.477500000000006,1,1513.388,1514.893
34,3942382,Netherlands,37,12.46875,43.477500000000006,104.95625000000001,12.197499999999998,1,1515.757,1586.537
35,3942382,Turkey,10,99.79375,27.582499999999996,36.706250000000004,43.2225,1,1613.628,1631.272
36,3942382,Turkey,2,36.26875,43.2225,0.04374999999998863,31.577500000000008,1,1687.256,1688.883
37,3942382,Netherlands,33,4.76875,39.482499999999995,27.956249999999997,55.3775,1,1702.366,1764.011
38,3942382,Turkey,2,27.956249999999997,55.377500000000005,27.956249999999997,55.3775,1,1764.011,1764.247
39,3942382,Turkey,6,26.90625,55.7175,3.8062500000000057,67.6175,1,1864.578,1875.824
40,3942382,Netherlands,9,8.96875,67.9575,0.04374999999998863,29.9625,1,1897.291,1908.045
41,3942382,Netherlands,8,5.11875,28.942499999999995,86.05625,20.0175,1,1919.516,1932.019
42,3942382,Turkey,7,86.05625,20.0175,4.943749999999994,56.057500000000005,1,1935.32,1962.645
43,3942382,Turkey,4,0.04374999999998863,67.9575,0.04374999999998863,40.7575,1,1985.518,1991.817
44,3942382,Netherlands,5,5.64375,39.567499999999995,36.26875,8.967500000000001,1,2010.979,2016.096
45,3942382,Turkey,20,36.26875,8.967500000000001,20.16875,39.7375,1,2016.365,2040.594
46,3942382,Turkey,5,0.04374999999998863,0.04250000000000398,0.04374999999998863,34.9775,1,2080.413,2087.693
47,3942382,Netherlands,15,53.331250000000004,33.957499999999996,90.08125,6.332500000000003,1,2151.676,2176.366
48,3942382,Turkey,58,90.08125,6.332499999999996,54.64375,67.02250000000001,1,2177.9,2261.814
49,3942382,Netherlands,28,54.993750000000006,67.9575,66.71875,31.917500000000004,1,2270.073,2321.844
50,3942382,Turkey,21,66.71875,31.917500000000004,94.45625000000001,35.65749999999999,1,2322.6355000000003,2369.214
51,3942382,Turkey,25,92.26875,34.127500000000005,13.868750000000006,17.807499999999997,1,2411.37,2452.583
52,3942382,Netherlands,16,13.86875,17.807499999999997,75.29375,49.5125,1,2455.465,2482.915
53,3942382,Turkey,8,75.29374999999999,49.5125,55.86875,60.307500000000005,1,2484.026,2491.677
54,3942382,Netherlands,8,55.86875,60.307500000000005,104.95625000000001,27.3275,1,2492.249,2500.214
55,3942382,Turkey,8,99.79375,36.5075,35.21875,58.692499999999995,1,2531.201,2540.904
56,3942382,Netherlands,54,35.21875,58.6925,61.38125,2.762500000000003,1,2542.836,2647.207
57,3942382,Netherlands,17,55.34375,0.04250000000000398,96.11875,12.197499999999998,1,2655.293,2687.917
58,3942382,Turkey,2,93.40625,3.3575000000000017,87.01875,4.377499999999991,1,2690.118,2691.788
59,3942382,Turkey,2,81.15625,2.4224999999999994,28.74374999999999,4.972500000000004,1,2729.2,2731.774
60,3942382,Netherlands,2,34.69375,2.9325000000000045,48.78125,1.7425000000000068,1,2734.057,2736.381
61,3942382,Netherlands,32,53.94375,1.6574999999999989,86.05625,59.7975,1,2747.403,2801.876
62,3942382,Turkey,6,85.35625,63.197500000000005,62.69375000000001,64.1325,1,2802.377,2809.715
63,3942382,Turkey,9,51.668749999999996,34.042500000000004,33.99374999999999,0.04250000000000398,2,0.505,12.018
64,3942382,Netherlands,5,43.79375,0.04250000000000398,62.43125,2.8474999999999966,2,36.742,43.304
65,3942382,Turkey,1,61.03125,0.04250000000000398,24.893749999999997,9.392499999999998,2,70.11,70.11
66,3942382,Netherlands,12,24.89375,9.392499999999998,104.95625000000001,67.9575,2,73.658,99.711
67,3942382,Netherlands,7,104.95625000000001,67.9575,0.04374999999998863,9.5625,2,128.323,150.175
68,3942382,Netherlands,21,5.20625,35.5725,75.46875,4.802500000000002,2,160.921,195.979
69,3942382,Netherlands,18,78.09375,0.04250000000000398,79.31875000000001,65.2375,2,212.446,237.52
70,3942382,Turkey,12,77.13125000000001,64.8125,47.90625000000001,0.8075000000000045,2,262.876,285.463
71,3942382,Netherlands,14,53.50625000000001,0.04250000000000398,92.44375000000001,12.452499999999993,2,294.576,312.667
72,3942382,Netherlands,11,88.33125000000001,0.04250000000000398,99.18125,25.712500000000006,2,322.853,333.502
73,3942382,Turkey,3,94.71875,32.852500000000006,55.43125,50.1075,2,367.611,372.216
74,3942382,Netherlands,34,55.431250000000006,50.1075,99.35624999999999,32.8525,2,374.558,437.401
75,3942382,Turkey,6,99.35625,32.852500000000006,73.54374999999999,58.8625,2,439.107,443.631
76,3942382,Netherlands,19,54.993750000000006,58.6075,81.41875,67.9575,2,446.532,476.77
77,3942382,Netherlands,8,81.41875,67.9575,98.91875,33.70250000000001,2,484.134,495.679
78,3942382,Turkey,4,98.91875,33.70250000000001,31.28125,43.9025,2,529.91,536.094
79,3942382,Turkey,1,26.11874999999999,38.9725,0.65625,31.322500000000005,2,615.273,615.273
80,3942382,Netherlands,6,5.20625,42.2875,48.69374999999999,35.40250000000001,2,626.25,638.419
81,3942382,Netherlands,6,49.831250000000004,34.9775,101.80625,52.8275,2,644.486,652.891
82,3942382,Turkey,21,98.91875,39.7375,101.10625,34.46750000000001,2,675.899,699.747
85,3942382,Turkey,17,92.26875,35.40250000000001,55.78125,60.64750000000001,2,811.303,835.83
86,3942382,Netherlands,2,55.78125,60.6475,54.99374999999999,64.1325,2,839.143,842.914
87,3942382,Netherlands,12,53.50625000000001,60.8175,76.95625,39.7375,2,846.124,864.374
88,3942382,Turkey,6,76.95625,39.7375,40.03125,53.167500000000004,2,865.466,872.758
89,3942382,Netherlands,22,40.03125,53.167500000000004,104.95625000000001,22.9925,2,875.083,897.349
90,3942382,Turkey,9,99.00625,31.917500000000004,49.831250000000004,66.8525,2,916.195,926.939
91,3942382,Turkey,11,49.83124999999999,66.8525,50.88125,16.7875,2,929.488,939.704
92,3942382,Netherlands,73,50.88125,16.787499999999994,101.98124999999999,30.1325,2,941.4,1051.157
93,3942382,Turkey,9,102.59375,29.367500000000007,19.99375,67.1925,2,1069.55,1088.797
94,3942382,Turkey,6,21.131249999999994,67.02250000000001,0.04374999999998863,67.9575,2,1163.548,1168.861
95,3942382,Turkey,6,0.04374999999998863,67.9575,8.706249999999997,33.61750000000001,2,1219.532,1229.987
96,3942382,Netherlands,62,13.25625,31.5775,65.93125000000002,13.8975,2,1240.632,1357.191
97,3942382,Turkey,1,64.00625,13.557499999999997,12.206250000000011,32.852500000000006,2,1396.89,1396.89
98,3942382,Netherlands,44,12.206249999999999,32.8525,103.81875,31.152500000000003,2,1400.071,1461.508
99,3942382,Netherlands,5,104.95625000000001,0.04250000000000398,104.95625000000001,32.59749999999999,2,1487.722,1494.079
100,3942382,Turkey,25,51.668749999999996,34.042500000000004,45.71875,52.8275,2,1553.59,1582.734
101,3942382,Turkey,1,17.80624999999999,19.3375,17.80624999999999,19.3375,2,1640.43,1640.43
102,3942382,Netherlands,36,24.71875,18.997499999999995,103.29375,42.96750000000001,2,1689.215,1751.553
103,3942382,Netherlands,36,104.95625000000001,67.9575,100.14375,40.2475,2,1777.146,1827.841
104,3942382,Turkey,20,51.668749999999996,34.042500000000004,3.1937499999999943,34.807500000000005,2,1927.924,1953.236
105,3942382,Netherlands,14,3.19375,34.8075,81.68125,52.5725,2,1954.238,1996.791
106,3942382,Turkey,17,75.20625,53.7625,22.61874999999999,66.2575,2,2200.121,2232.856
107,3942382,Netherlands,37,22.61875,66.2575,80.89375,22.057499999999997,2,2236.645,2281.359
108,3942382,Turkey,14,80.89375,22.057499999999997,0.04374999999998863,38.292500000000004,2,2282.934,2304.453
109,3942382,Netherlands,1,61.03125000000001,56.3125,61.03125000000001,56.3125,2,2344.395,2344.395
110,3942382,Turkey,13,61.99375,55.7175,5.9937499999999915,28.007500000000007,2,2356.442,2378.199
111,3942382,Turkey,6,0.04374999999998863,67.9575,58.231249999999996,18.65749999999999,2,2397.912,2406.845
112,3942382,Turkey,29,72.05625,14.662500000000001,24.543750000000003,4.122500000000002,2,2412.753,2458.117
113,3942382,Netherlands,7,24.543750000000003,4.122499999999995,53.15625,1.9124999999999943,2,2458.392,2469.575
114,3942382,Turkey,29,52.45624999999999,0.04250000000000398,8.268749999999997,58.8625,2,2513.322,2551.251
115,3942382,Turkey,4,8.268749999999997,67.9575,0.04374999999998863,30.2175,2,2575.47,2579.908
116,3942382,Netherlands,12,5.20625,40.5025,83.08125,59.542500000000004,2,2618.121,2637.804
117,3942382,Turkey,5,83.08125,59.5425,25.068749999999998,64.3025,2,2638.223,2644.158
118,3942382,Turkey,3,24.71875,67.02250000000001,0.04374999999998863,28.942500000000003,2,2687.67,2689.723
119,3942382,Netherlands,1,5.20625,31.917499999999997,92.61875,15.342500000000001,2,2723.803,2723.803
120,3942382,Turkey,18,92.61875,15.342500000000001,0.04374999999998863,0.04250000000000398,2,2730.033,2762.059
121,3942382,Turkey,18,0.04374999999998863,0.04250000000000398,5.20625,41.352500000000006,2,2781.598,2810.722
122,3942382,Netherlands,2,5.20625,41.352500000000006,67.94375,50.1075,2,2845.599,2849.427
123,3942382,Turkey,9,67.76875,51.042500000000004,7.65625,18.8275,2,2851.732,2865.115
124,3942382,Netherlands,2,8.09375,18.65749999999999,79.40625,23.7575,2,2907.62,2909.202
125,3942382,Turkey,14,90.43125,36.252500000000005,15.181249999999991,12.622500000000002,2,2914.177,2953.098
126,3942382,Netherlands,1,74.33125,7.6924999999999955,74.33125,7.6924999999999955,2,3012.142,3012.142
127,3942382,Turkey,3,71.96875,9.222499999999997,19.81875,44.8375,2,3059.43,3064.525
2,3942349,France,76,52.543749999999996,33.9575,42.306250000000006,25.8825,1,0.455,114.789
3,3942349,France,36,44.14375,26.987499999999997,28.74374999999999,31.747500000000002,1,127.601,175.41
4,3942349,Portugal,56,28.74375,31.747499999999995,88.68125,22.9925,1,176.122,251.794
5,3942349,France,7,90.78125,26.307499999999997,51.23125,67.87250000000002,1,253.422,259.101
6,3942349,Portugal,102,50.88125,67.9575,83.34375,67.9575,1,271.246,459.912
7,3942349,Portugal,37,83.34375,67.9575,80.98125,56.7375,1,469.161,527.512
8,3942349,Portugal,2,80.98125,62.4325,104.95625000000001,67.9575,1,568.81,569.703
9,3942349,Portugal,32,104.95625000000001,67.9575,104.95625000000001,24.692499999999995,1,610.808,667.342
10,3942349,France,37,100.23125,30.727500000000006,13.256249999999994,7.607500000000002,1,682.701,739.64
11,3942349,Portugal,3,13.25625,7.607500000000002,5.29375,7.4375,1,740.041,741.707
12,3942349,Portugal,36,5.46875,32.3425,96.73125,67.8725,1,764.506,827.846
13,3942349,France,4,93.84375,67.9575,69.78125,63.6225,1,847.245,851.649
14,3942349,France,4,74.15625,67.9575,103.64375,43.5625,1,857.508,860.977
15,3942349,Portugal,1,104.95625000000001,67.9575,100.05625,32.5125,1,897.417,897.417
16,3942349,France,3,100.05625,32.5125,39.506249999999994,5.3125,1,899.073,901.972
17,3942349,Portugal,24,39.50625,5.3125,92.96875,35.4025,1,905.78,951.489
18,3942349,Portugal,1,98.39375000000001,29.622499999999995,98.39375000000001,29.622499999999995,1,992.467,992.467
19,3942349,France,35,97.16875,33.2775,12.03125,10.752499999999998,1,1008.487,1054.189
20,3942349,Portugal,15,12.03125,10.75249999999999,82.55625,0.04250000000000398,1,1055.98,1072.766
21,3942349,Portugal,16,82.55625,0.04250000000000398,92.96875,59.37250000000001,1,1080.775,1107.073
22,3942349,Portugal,2,104.95625000000001,67.9575,74.50625,49.9375,1,1144.336,1145.689
23,3942349,France,20,74.50625,49.9375,17.106250000000003,34.8925,1,1149.112,1174.916
24,3942349,Portugal,6,17.106250000000003,34.8925,42.56875,59.2025,1,1175.552,1185.091
25,3942349,France,12,47.90625000000001,55.377500000000005,30.93124999999999,36.5075,1,1186.597,1197.238
26,3942349,Portugal,31,25.68125,36.5925,59.19375000000001,62.9425,1,1198.565,1251.131
27,3942349,France,7,56.83125,56.9925,2.23125,31.917499999999997,1,1253.006,1266.205
28,3942349,Portugal,5,2.23125,31.917499999999997,39.331250000000004,29.112499999999997,1,1266.5605,1271.172
29,3942349,France,38,31.456249999999997,24.777500000000003,0.04374999999998863,19.762500000000003,1,1273.275,1325.3
30,3942349,Portugal,12,6.08125,39.7375,80.98125,8.457500000000003,1,1352.224,1372.892
31,3942349,France,5,88.94375,7.607500000000002,87.10625,18.147499999999994,1,1374.58,1377.4
34,3942349,France,18,87.28125,19.252499999999998,7.481249999999999,56.057500000000005,1,1410.048,1436.308
35,3942349,France,24,7.131249999999994,59.37250000000001,12.81874999999998,13.1325,1,1484.158,1516.728
36,3942349,Portugal,26,13.51875,18.912499999999994,104.95625000000001,67.9575,1,1534.019,1590.385
37,3942349,Portugal,7,104.95625000000001,67.9575,93.31875,40.07750000000001,1,1625.341,1635.8
38,3942349,France,17,93.31875,40.07750000000001,0.04374999999998863,29.5375,1,1637.171,1661.263
39,3942349,Portugal,34,6.08125,25.457499999999996,103.99375,37.0175,1,1681.695,1751.395
40,3942349,France,13,89.99375,30.727500000000006,15.356250000000003,2.167500000000004,1,1756.66,1778.933
41,3942349,France,16,30.40625,0.04250000000000398,6.08125,67.8725,1,1794.111,1823.269
42,3942349,France,5,8.268749999999997,67.9575,8.443749999999994,27.497500000000002,1,1831.678,1837.836
43,3942349,Portugal,7,8.443749999999998,27.497499999999995,50.09375,4.207499999999996,1,1839.955,1847.347
44,3942349,Portugal,31,49.91875,2.167500000000004,74.59375,65.2375,1,1852.448,1897.385
45,3942349,France,8,74.59375,65.2375,61.03125,53.0825,1,1897.385,1910.042
46,3942349,Portugal,15,61.03125000000001,53.082499999999996,86.58125,17.8925,1,1912.486,1939.622
47,3942349,France,31,86.58125,17.8925,0.04374999999998863,67.9575,1,1940.723,1991.059
48,3942349,France,23,0.04374999999998863,67.9575,12.46875,54.8675,1,2024.472,2059.223
49,3942349,Portugal,3,12.46875,54.8675,13.868750000000006,65.4075,1,2060.834,2064.639
50,3942349,Portugal,7,15.181249999999999,67.9575,92.61875,49.1725,1,2082.988,2089.804
51,3942349,France,22,92.61875,49.1725,8.793750000000003,38.6325,1,2094.24,2129.263
52,3942349,Portugal,12,8.79375,38.63249999999999,37.756249999999994,61.5825,1,2130.042,2145.176
53,3942349,Portugal,34,16.66875,67.9575,98.13125000000001,65.4075,1,2161.087,2224.45
54,3942349,France,10,98.13125,65.4075,0.48124999999998863,18.0625,1,2228.471,2252.161
55,3942349,Portugal,20,5.03125,32.3425,86.40625,65.0675,1,2272.028,2301.22
56,3942349,Portugal,17,88.59375,67.9575,86.05625,52.7425,1,2318.612,2348.615
57,3942349,France,19,86.05625,52.7425,29.443750000000005,46.197500000000005,1,2352.814,2384.704
58,3942349,Portugal,24,29.443750000000005,46.197500000000005,81.33125,45.8575,1,2387.368,2421.652
59,3942349,Portugal,1,82.11875,45.9425,104.95625000000001,38.3775,1,2492.637,2492.637
60,3942349,France,5,99.79375,32.34250000000001,71.70625,0.04250000000000398,1,2508.276,2518.598
61,3942349,France,8,71.70625,0.04250000000000398,33.99374999999999,67.87250000000002,1,2544.568,2559.906
62,3942349,Portugal,11,25.418750000000003,67.9575,80.01875,12.02749999999999,1,2567.706,2582.755
63,3942349,France,7,80.01875,12.027499999999996,26.55624999999999,62.2625,1,2585.247,2599.199
64,3942349,Portugal,41,26.556249999999995,62.2625,95.24375,35.8275,1,2600.264,2662.055
65,3942349,France,21,95.24375,35.82750000000001,50.35625,38.8025,1,2664.222,2701.449
66,3942349,Portugal,20,52.456250000000004,34.0425,42.91875,63.3675,2,0.391,31.411
67,3942349,France,9,42.918749999999996,63.3675,37.756249999999994,63.7925,2,31.945,38.271
68,3942349,Portugal,4,31.718749999999996,65.4925,28.83125000000001,65.5775,2,39.261,45.013
69,3942349,Portugal,22,25.24375,65.0675,46.15625,63.3675,2,48.211,78.662
70,3942349,Portugal,21,47.03125,64.5575,96.90625,27.2425,2,95.278,128.2
71,3942349,France,57,96.90625,27.242500000000007,28.74374999999999,67.9575,2,130.376,217.23
72,3942349,France,13,28.74374999999999,67.9575,1.2687499999999972,32.2575,2,228.596,246.297
73,3942349,Portugal,1,1.18125,32.3425,1.18125,32.3425,2,247.355,247.355
74,3942349,Portugal,8,1.18125,32.3425,67.41874999999999,64.3875,2,248.2215,257.383
75,3942349,Portugal,22,60.94375,67.9575,94.19375,48.6625,2,260.106,284.163
76,3942349,France,7,99.35625,37.7825,57.618750000000006,52.2325,2,288.812,296.457
77,3942349,France,62,59.89375,52.82750000000001,10.631249999999994,0.9775000000000063,2,306.009,407.98
78,3942349,Portugal,4,12.03125,0.04250000000000398,16.756249999999998,3.0174999999999983,2,422.953,426.319
79,3942349,Portugal,6,16.756249999999998,3.0174999999999983,19.03125,7.012500000000003,2,430.185,437.968
80,3942349,France,7,19.03125,7.012500000000003,25.94374999999998,23.0775,2,438.37,441.994
81,3942349,Portugal,19,25.943749999999998,23.0775,80.54375,64.5575,2,443.262,485.304
82,3942349,Portugal,5,84.04375,67.9575,87.28125,63.1975,2,495.199,498.674
83,3942349,Portugal,9,104.95625000000001,67.9575,91.30625,58.182500000000005,2,531.249,543.437
84,3942349,France,6,91.30625,58.182500000000005,32.33125000000001,46.45250000000001,2,543.437,551.411
88,3942349,Portugal,12,29.618750000000002,43.6475,104.78125,20.1025,2,676.37,698.458
89,3942349,France,5,99.35625,32.002500000000005,56.131249999999994,33.9575,2,718.643,725.139
90,3942349,Portugal,11,38.19375000000001,29.622499999999995,49.393750000000004,65.1525,2,726.786,738.806
91,3942349,France,9,49.39374999999999,65.1525,16.756249999999994,65.5775,2,739.719,748.719
92,3942349,Portugal,42,19.81875,65.3225,101.98125,45.517500000000005,2,766.767,828.769
93,3942349,Portugal,13,104.95625000000001,67.9575,98.04375,37.357499999999995,2,863.716,883.351
94,3942349,France,5,98.04375,37.3575,45.71875,46.45250000000001,2,885.655,894.466
95,3942349,Portugal,3,45.71875,46.4525,55.34375,59.37250000000001,2,896.072,899.902
96,3942349,Portugal,18,47.38125,64.7275,104.95625000000001,38.0375,2,913.336,936.278
97,3942349,France,36,98.91875,32.5975,0.04374999999998863,67.5325,2,959.098,1022.552
98,3942349,Portugal,14,5.03125,34.2125,103.90625,30.642500000000005,2,1040.054,1059.415
99,3942349,Portugal,51,104.95625000000001,0.04250000000000398,78.70625000000001,33.0225,2,1117.879,1215.951
100,3942349,France,10,88.50625,24.097499999999997,7.568749999999994,38.71750000000001,2,1216.919,1233.393
101,3942349,France,23,0.04374999999998863,0.04250000000000398,9.931249999999991,45.3475,2,1272.774,1314.34
102,3942349,Portugal,40,3.28125,43.9025,61.118750000000006,67.9575,2,1316.721,1390.159
103,3942349,Portugal,36,61.118750000000006,67.9575,85.79374999999999,48.2375,2,1398.005,1459.28
104,3942349,France,15,85.79375,48.2375,0.04374999999998863,30.642500000000005,2,1460.483,1489.05
105,3942349,Portugal,25,4.41875,34.9775,58.40625,59.2025,2,1518.539,1550.309
106,3942349,France,43,55.51875,44.837500000000006,13.518749999999997,67.9575,2,1552.314,1628.107
107,3942349,France,30,13.518749999999997,67.9575,0.04374999999998863,30.8125,2,1642.636,1696.025
108,3942349,Portugal,74,5.03125,35.9125,90.78125,11.092500000000001,2,1750.225,1902.449
109,3942349,France,13,90.78125,11.092500000000001,54.55624999999999,15.512500000000003,2,1904.188,1920.963
110,3942349,Portugal,2,57.35625,21.292499999999997,68.64375,41.947500000000005,2,1923.181,1927.898
111,3942349,Portugal,25,71.88125000000001,41.352500000000006,99.88125000000001,9.307500000000005,2,1944.939,1979.948
112,3942349,Portugal,8,104.95625000000001,0.04250000000000398,83.34375,48.0675,2,2015.917,2026.98
113,3942349,France,3,83.34375,48.0675,59.36875000000001,48.917500000000004,2,2028.452,2032.185
114,3942349,France,33,65.58125,38.5475,7.568749999999994,34.3825,2,2061.796,2113.446
115,3942349,Portugal,27,12.46875,36.5925,92.00625000000001,56.5675,2,2127.263,2191.65
116,3942349,Portugal,39,92.00625000000001,56.5675,69.86875,5.5674999999999955,2,2195.558,2257.78
117,3942349,France,15,69.86874999999999,5.567500000000003,48.86874999999999,9.732500000000002,2,2260.035,2280.57
118,3942349,Portugal,4,48.868750000000006,9.732500000000002,86.05625,16.447499999999998,2,2280.57,2287.882
119,3942349,Portugal,8,87.01875,16.107499999999995,79.31875000000001,47.3875,2,2397.192,2407.247
120,3942349,Portugal,43,104.95625000000001,0.04250000000000398,94.98125,51.2975,2,2458.993,2527.271
121,3942349,France,8,80.54375,56.39750000000001,2.0562499999999915,33.1075,2,2530.151,2542.948
122,3942349,Portugal,1,1.7937500000000002,33.192499999999995,1.7937500000000002,33.192499999999995,2,2543.867,2543.867
123,3942349,Portugal,14,8.35625,30.2175,78.09375,24.2675,2,2556.446,2589.029
124,3942349,France,9,78.09375,24.2675,56.56875,42.287499999999994,2,2590.1155,2602.346
125,3942349,France,4,56.56875,42.287499999999994,2.231250000000003,33.70250000000001,2,2617.987,2624.545
126,3942349,Portugal,1,1.70625,33.3625,1.70625,33.3625,2,2625.244,2625.244
127,3942349,Portugal,32,1.70625,33.3625,90.34375,45.8575,2,2629.8065,2703.476
128,3942349,France,6,90.34375,45.8575,1.96875,50.0225,2,2704.543,2718.762
129,3942349,France,3,0.04374999999998863,67.9575,0.04374999999998863,38.71750000000001,2,2757.815,2762.613
130,3942349,Portugal,30,4.24375,34.8075,75.81875,30.8125,2,2795.35,2848.889
131,3942349,France,8,75.81875,30.8125,1.7062499999999972,35.3175,2,2850.613,2865.899
132,3942349,Portugal,1,1.53125,34.0425,1.53125,34.0425,2,2866.716,2866.716
133,3942349,Portugal,3,2.84375,34.38249999999999,27.956249999999997,24.09749999999999,2,2878.884,2882.74
134,3942349,France,40,52.543749999999996,33.9575,12.993749999999991,17.4675,3,0.775,65.709
135,3942349,Portugal,37,12.99375,17.4675,103.03125,14.237499999999997,3,65.709,127.01
136,3942349,France,7,103.03125,14.237499999999997,56.56875,26.3925,3,129.452,137.529
137,3942349,Portugal,17,56.56875000000001,26.3925,104.95625000000001,29.962500000000006,3,140.287,161.201
138,3942349,France,42,101.10625,34.9775,6.693749999999994,31.4075,3,186.404,236.22
139,3942349,Portugal,8,6.6937500000000005,31.40749999999999,94.80625,53.337500000000006,3,238.236,255.959
140,3942349,Portugal,27,80.45625,67.9575,95.94375,3.1025000000000063,3,271.728,313.843
141,3942349,Portugal,12,97.16875,0.04250000000000398,73.71875,17.4675,3,329.807,341.207
142,3942349,Portugal,16,69.25625000000001,21.7175,82.90625,27.1575,3,349.251,369.026
143,3942349,France,13,82.90625,27.1575,10.28125,28.262500000000003,3,371.062,389.086
144,3942349,France,10,22.356250000000003,0.04250000000000398,0.04374999999998863,27.497500000000002,3,405.808,417.616
145,3942349,Portugal,45,6.08125,30.8125,88.24375,21.97249999999999,3,435.446,498.753
146,3942349,France,9,88.24375,21.972499999999997,49.21875,65.9175,3,500.842,514.649
147,3942349,Portugal,48,48.868750000000006,67.9575,59.80624999999999,32.2575,3,524.169,619.361
148,3942349,Portugal,64,56.043749999999996,33.872499999999995,86.23124999999999,0.04250000000000398,3,628.616,742.591
149,3942349,Portugal,62,86.23124999999999,0.04250000000000398,104.95625000000001,36.9325,3,750.098,871.227
150,3942349,France,4,99.79375,30.642500000000005,80.10625,26.987499999999997,3,895.087,901.459
151,3942349,Portugal,12,52.456250000000004,34.0425,74.68124999999999,57.3325,4,0.523,25.833
152,3942349,Portugal,37,85.44375000000001,67.9575,42.918749999999996,62.5175,4,42.737,103.754
153,3942349,Portugal,18,45.63125,67.9575,104.95625000000001,38.292500000000004,4,110.243,145.105
154,3942349,France,6,99.79375,35.9975,22.09375,54.102500000000006,4,151.086,162.011
155,3942349,France,31,25.68124999999999,67.9575,42.74375,5.822499999999998,4,175.155,226.54
156,3942349,France,24,45.80624999999999,4.802500000000002,36.18124999999999,13.7275,4,233.914,276.801
157,3942349,Portugal,5,37.143750000000004,16.6175,93.58125,16.277500000000003,4,277.485,285.664
158,3942349,France,1,93.66875,13.7275,48.168749999999996,41.5225,4,300.935,300.935
159,3942349,Portugal,8,48.16875,41.5225,89.03125,47.1325,4,304.075,316.149
160,3942349,France,51,89.03125,47.1325,0.04374999999998863,29.877500000000005,4,316.149,390.477
161,3942349,Portugal,13,4.76875,35.7425,24.80624999999999,65.0675,4,418.803,433.545
162,3942349,Portugal,4,24.98125,64.7275,46.943749999999994,60.817499999999995,4,436.702,440.912
163,3942349,Portugal,16,47.46875,59.7125,86.75625,10.667499999999997,4,449.396,475.066
164,3942349,Portugal,15,84.30625,0.04250000000000398,104.43125,6.502499999999991,4,478.395,498.172
165,3942349,France,15,98.91875,33.8725,0.04374999999998863,29.452500000000008,4,512.873,539.848
166,3942349,Portugal,6,5.20625,37.6125,50.18125,67.9575,4,561.202,571.783
167,3942349,France,3,55.08125,67.9575,53.94375,67.9575,4,585.636,588.492
168,3942349,Portugal,4,53.76875,67.9575,72.40625,62.2625,4,614.008,617.006
169,3942349,France,9,72.40625,62.2625,92.88125,21.0375,4,617.3969999999999,627.103
170,3942349,Portugal,1,93.23125,38.9725,93.23125,38.9725,4,679.032,679.032
171,3942349,France,21,92.61875,39.9075,6.606249999999989,53.932500000000005,4,703.691,737.652
172,3942349,France,3,0.04374999999998863,67.9575,9.493749999999991,38.292500000000004,4,761.224,764.977
173,3942349,Portugal,4,13.86875,38.63249999999999,76.16874999999999,47.3875,4,822.014,832.236
174,3942349,France,28,76.16875,47.3875,22.61874999999999,44.837500000000006,4,834.4,873.516
175,3942349,Portugal,13,22.61875,44.8375,103.38125000000001,34.8925,4,874.299,893.361
176,3942349,France,1,103.46875,33.9575,103.46875,33.9575,4,894.047,894.047
177,3942349,France,6,103.46875,33.9575,17.10624999999999,25.457499999999996,4,898.0195,911.602
178,3942349,France,1,10.456249999999997,34.042500000000004,0.04374999999998863,36.252500000000005,5,3.794,3.794
179,3942349,Portugal,1,94.54375,33.957499999999996,104.95625000000001,36.50749999999999,5,59.455,59.455
180,3942349,France,1,10.456249999999997,34.042500000000004,0.04374999999998863,33.5325,5,111.867,111.867
181,3942349,Portugal,1,94.54375,33.957499999999996,104.95625000000001,31.4925,5,154.746,154.746
182,3942349,France,1,10.456249999999997,34.042500000000004,0.04374999999998863,31.067500000000003,5,205.735,205.735
183,3942349,Portugal,1,94.54375,33.957499999999996,104.95625000000001,37.442499999999995,5,260.27,260.27
184,3942349,France,1,10.456249999999997,34.042500000000004,0.04374999999998863,32.1725,5,322.188,322.188
185,3942349,Portugal,1,94.54375,33.957499999999996,104.95625000000001,31.152500000000003,5,382.607,382.607
186,3942349,France,1,10.456249999999997,34.042500000000004,0.04374999999998863,31.067500000000003,5,436.975,436.975
2,3930180,Austria,67,51.668749999999996,34.042500000000004,29.706250000000004,67.9575,1,1.688,112.758
3,3930180,Austria,35,29.443749999999994,67.9575,32.15625,65.4925,1,121.153,180.405
4,3930180,Austria,6,31.36874999999999,67.9575,28.13125,67.1075,1,209.882,212.725
5,3930180,Austria,3,24.80624999999999,67.9575,23.143749999999997,50.6175,1,224.255,225.822
6,3930180,Austria,16,23.143749999999997,50.6175,31.89375000000001,8.1175,1,229.2975,254.018
7,3930180,Austria,21,44.23125,0.04250000000000398,6.518750000000011,31.492500000000007,1,265.435,299.674
8,3930180,Netherlands,3,10.456249999999999,30.302499999999995,39.59375,65.4075,1,317.368,321.281
9,3930180,Austria,17,39.59375,65.4075,10.456249999999999,28.177499999999995,1,322.153,349.293
10,3930180,Netherlands,8,52.456250000000004,34.0425,27.16875,65.4925,1,413.751,426.997
11,3930180,Netherlands,11,34.78125,67.9575,32.76875000000001,64.30250000000001,1,442.207,451.153
12,3930180,Austria,5,32.76875000000001,64.30250000000001,8.09375,52.7425,1,451.777,458.695
13,3930180,Netherlands,3,6.34375,53.4225,41.78125,67.9575,1,459.284,462.569
14,3930180,Netherlands,4,41.78125,67.9575,53.76875,66.42750000000001,1,490.02,492.464
15,3930180,Netherlands,3,55.69375000000001,67.9575,61.03125000000001,67.9575,1,510.553,511.873
16,3930180,Netherlands,46,61.03125000000001,67.9575,68.03125,22.3125,1,516.638,599.645
17,3930180,Austria,10,68.03125,22.3125,19.03125,0.7224999999999966,1,601.819,612.857
18,3930180,Netherlands,1,26.29375,0.04250000000000398,54.90625,8.967500000000001,1,634.306,634.306
19,3930180,Austria,6,54.90625,8.967500000000001,64.18125,1.2325000000000017,1,636.741,646.466
20,3930180,Austria,15,60.06875,0.04250000000000398,11.943749999999994,20.612499999999997,1,664.048,687.119
21,3930180,Netherlands,22,11.94375,20.612499999999997,74.85625,64.7275,1,692.897,735.149
22,3930180,Austria,6,71.53125,64.2175,69.08125,66.6825,1,736.939,747.18
23,3930180,Austria,1,70.74375,66.6825,19.64375000000001,46.1125,1,778.758,778.758
24,3930180,Netherlands,12,19.64375,46.1125,104.95625000000001,25.2025,1,782.08,797.835
25,3930180,Austria,20,98.91875,41.182500000000005,0.04374999999998863,5.9925,1,828.195,853.851
26,3930180,Netherlands,11,5.20625,42.1175,24.456249999999997,51.042500000000004,1,877.652,890.815
27,3930180,Netherlands,9,24.543750000000003,51.042500000000004,35.56875000000001,5.3125,1,902.259,918.214
28,3930180,Austria,3,35.568749999999994,5.3125,40.556250000000006,4.802499999999995,1,918.214,919.551
29,3930180,Austria,12,40.55624999999999,4.802500000000002,12.206250000000011,5.3125,1,928.974,954.129
30,3930180,Austria,1,43.006249999999994,12.537500000000001,43.006249999999994,12.537500000000001,1,980.169,980.169
31,3930180,Netherlands,9,43.00625,12.537499999999994,72.23124999999999,51.46750000000001,1,995.515,1018.263
32,3930180,Austria,3,68.73124999999999,67.9575,36.881249999999994,53.6775,1,1036.687,1038.129
33,3930180,Netherlands,28,36.88125000000001,53.6775,64.18125,14.407499999999999,1,1041.091,1081.003
34,3930180,Austria,79,64.18125,14.407499999999999,0.04374999999998863,47.21750000000001,1,1082.1125,1194.982
35,3930180,Netherlands,37,5.20625,42.1175,42.306250000000006,24.182499999999997,1,1217.209,1265.51
36,3930180,Austria,24,42.481249999999996,25.0325,50.79375,50.8725,1,1265.966,1315.32
37,3930180,Netherlands,3,50.79375,50.8725,63.481249999999996,29.367500000000007,1,1318.134,1322.451
38,3930180,Netherlands,23,63.48125,29.537499999999994,104.95625000000001,30.047499999999992,1,1336.816,1374.515
39,3930180,Austria,5,98.91875,28.6875,0.04374999999998863,4.547499999999999,1,1407.738,1425.737
40,3930180,Netherlands,3,5.20625,41.1825,58.58125,64.9825,1,1446.832,1455.979
41,3930180,Netherlands,15,58.581250000000004,64.9825,61.03125,24.862499999999997,1,1472.929,1504.746
42,3930180,Netherlands,5,60.76875,25.542499999999997,99.35624999999999,20.1025,1,1518.99,1528.324
43,3930180,Netherlands,2,104.95625000000001,0.04250000000000398,79.93125,0.04250000000000398,1,1560.735,1562.062
44,3930180,Netherlands,11,79.93125,0.04250000000000398,91.65625,0.977499999999992,1,1568.89,1590.902
45,3930180,Austria,58,80.01875,0.04250000000000398,13.168749999999989,56.4825,1,1613.811,1718.169
46,3930180,Austria,11,21.918750000000003,67.9575,21.131249999999998,5.907499999999999,1,1728.629,1746.632
47,3930180,Austria,6,15.881249999999994,0.04250000000000398,1.3562500000000028,30.727500000000006,1,1774.019,1780.353
48,3930180,Netherlands,1,1.7937500000000002,32.0025,1.7937500000000002,32.0025,1,1781.267,1781.267
49,3930180,Netherlands,5,7.043749999999999,34.1275,26.20625,51.042500000000004,1,1797.687,1801.916
50,3930180,Austria,9,16.756249999999994,49.34250000000001,26.46875,62.6025,1,1803.069,1817.797
51,3930180,Netherlands,4,26.46875,62.6025,31.543750000000003,64.47250000000001,1,1818.858,1822.38
52,3930180,Netherlands,3,37.75625,67.9575,45.981249999999996,66.59750000000001,1,1865.9,1868.336
53,3930180,Netherlands,6,45.19375000000001,67.9575,60.24374999999999,62.6875,1,1880.834,1884.784
54,3930180,Netherlands,9,60.24375000000001,62.6875,77.48125,66.0025,1,1916.557,1921.435
55,3930180,Austria,3,77.48125,66.0025,74.06875,67.1075,1,1921.837,1923.778
56,3930180,Austria,3,69.78125,67.9575,63.918749999999996,62.432500000000005,1,1939.064,1940.627
57,3930180,Netherlands,12,63.91875,62.4325,98.21875,18.0625,1,1940.627,1954.751
58,3930180,Austria,6,97.16875,13.217500000000001,63.481249999999996,15.9375,1,1956.532,1960.831
59,3930180,Netherlands,5,67.59375,16.107499999999995,104.95625000000001,41.947500000000005,1,2012.035,2017.647
60,3930180,Austria,28,98.91875,42.542500000000004,6.518750000000001,25.542499999999997,1,2136.02,2176.862
61,3930180,Austria,12,0.04374999999998863,0.04250000000000398,4.331249999999997,40.2475,1,2216.867,2231.616
62,3930180,Netherlands,3,9.318749999999998,45.3475,20.86874999999999,64.9825,1,2233.142,2237.899
63,3930180,Netherlands,19,22.793750000000003,60.9875,36.26875,53.932500000000005,1,2261.221,2294.448
64,3930180,Netherlands,20,36.268750000000004,53.9325,49.56875,25.542499999999997,1,2311.081,2336.276
65,3930180,Austria,3,54.99374999999999,25.2875,19.11874999999999,34.7225,1,2336.382,2342.391
66,3930180,Netherlands,6,32.15625,39.7375,73.89375,64.7275,1,2343.975,2351.737
67,3930180,Netherlands,4,74.94375,64.3025,78.53125,67.9575,1,2388.776,2392.601
68,3930180,Netherlands,16,80.19375000000001,67.9575,96.20625,27.497499999999995,1,2399.872,2436.563
69,3930180,Austria,5,92.44375,16.5325,49.13125,23.927499999999995,1,2438.007,2444.064
70,3930180,Netherlands,4,49.13125,23.927499999999995,104.86875,30.6425,1,2446.103,2455.576
71,3930180,Austria,35,95.50625,36.167500000000004,9.756249999999994,47.7275,1,2467.007,2544.955
72,3930180,Netherlands,25,10.63125,43.2225,0.04374999999998863,62.8575,1,2557.303,2592.899
73,3930180,Netherlands,12,3.10625,41.6075,57.88125,59.1175,1,2610.503,2629.776
74,3930180,Netherlands,2,48.60625,67.9575,56.13125000000001,64.8125,1,2640.771,2642.014
75,3930180,Austria,74,56.131249999999994,64.8125,17.456249999999997,53.9325,1,2642.841,2758.82
76,3930180,Austria,2,0.04374999999998863,67.9575,0.04374999999998863,38.6325,1,2813.133,2814.948
77,3930180,Netherlands,3,53.331250000000004,33.957499999999996,74.85625,67.7025,2,1.026,3.741
78,3930180,Austria,3,67.68124999999999,67.9575,59.80624999999999,54.1025,2,23.696,24.999
79,3930180,Netherlands,11,56.91875,57.3325,26.29375,63.027499999999996,2,26.626,57.075
80,3930180,Austria,5,32.068749999999994,62.942499999999995,34.60625,39.3125,2,58.271,62.577
81,3930180,Netherlands,6,34.60625000000001,39.3125,104.95625000000001,31.832499999999996,2,63.513,72.222
82,3930180,Austria,7,52.543749999999996,33.9575,40.993750000000006,42.3725,2,133.689,142.109
83,3930180,Austria,1,41.606249999999996,42.8825,0.04374999999998863,18.572499999999998,2,177.601,177.601
84,3930180,Netherlands,18,5.03125,39.1425,82.64375,0.04250000000000398,2,201.849,224.938
85,3930180,Netherlands,11,82.64375,0.04250000000000398,74.76875000000001,1.9975000000000023,2,235.988,247.812
86,3930180,Netherlands,32,65.93125000000002,0.04250000000000398,92.18125,17.127499999999998,2,270.936,307.249
87,3930180,Austria,4,100.05625,40.162499999999994,47.381249999999994,15.9375,2,330.761,336.368
88,3930180,Netherlands,8,60.76875,11.942499999999995,75.90625,17.297499999999992,2,341.031,348.766
89,3930180,Austria,5,75.90625,17.2975,54.731249999999996,17.297499999999992,2,349.718,352.383
90,3930180,Austria,11,53.856249999999996,17.552499999999995,48.25624999999999,50.1075,2,373.678,386.382
91,3930180,Netherlands,11,48.25625000000001,50.1075,43.09375,50.447500000000005,2,386.382,398.386
92,3930180,Netherlands,2,49.831250000000004,67.9575,70.39374999999998,60.5625,2,420.912,422.91
93,3930180,Netherlands,16,62.25625000000001,67.9575,104.95625000000001,67.9575,2,434.481,459.862
94,3930180,Netherlands,2,104.95625000000001,67.9575,100.58125,36.3375,2,491.466,492.843
95,3930180,Netherlands,1,102.41874999999999,33.6175,102.41874999999999,33.6175,2,510.802,510.802
96,3930180,Austria,5,100.40625,33.5325,49.39374999999999,8.2025,2,637.598,643.534
97,3930180,Netherlands,3,49.393750000000004,8.202499999999993,57.00625000000001,6.7575,2,647.11,649.904
98,3930180,Netherlands,5,53.76875,0.04250000000000398,67.33125,4.887500000000003,2,663.261,668.614
99,3930180,Netherlands,2,66.98125,5.142499999999998,104.95625000000001,52.6575,2,706.057,707.487
100,3930180,Austria,13,100.84375,40.84250000000001,30.668750000000003,46.537499999999994,2,726.646,744.452
101,3930180,Netherlands,6,30.668750000000003,46.5375,50.88125,14.832499999999996,2,749.26,757.595
102,3930180,Netherlands,7,51.23125,15.512500000000003,87.28125,33.787499999999994,2,777.114,785.095
103,3930180,Austria,13,93.93125,45.9425,0.04374999999998863,32.852500000000006,2,787.83,811.088
105,3930180,Netherlands,13,53.331250000000004,33.957499999999996,49.393750000000004,60.8175,2,896.284,913.043
106,3930180,Austria,2,53.856249999999996,64.1325,53.331250000000004,61.4125,2,915.07,916.284
107,3930180,Austria,6,41.956250000000004,67.9575,68.03125,63.197500000000005,2,940.755,947.192
108,3930180,Netherlands,12,68.03125,63.1975,102.94375000000001,12.962500000000006,2,949.707,966.477
109,3930180,Austria,1,101.71875,15.1725,36.79374999999999,19.5075,2,1134.765,1134.765
110,3930180,Netherlands,18,36.79375,19.5075,85.09375,47.9825,2,1138.355,1166.897
111,3930180,Austria,4,75.90625,47.557500000000005,30.668750000000003,24.862499999999997,2,1205.954,1212.634
112,3930180,Netherlands,14,30.668750000000003,24.862499999999997,36.96875,11.517499999999998,2,1215.498,1235.759
113,3930180,Netherlands,30,33.11875,0.04250000000000398,67.68125,0.04250000000000398,2,1255.403,1316.032
114,3930180,Netherlands,2,67.68125,0.04250000000000398,101.10625,13.7275,2,1333.481,1335.327
115,3930180,Austria,5,101.10625,13.7275,52.98125,17.297499999999992,2,1339.228,1344.796
116,3930180,Austria,15,52.19375,16.447499999999998,62.95625,63.197500000000005,2,1358.597,1383.043
117,3930180,Austria,7,61.46875,67.9575,54.81875,43.1375,2,1403.814,1408.478
118,3930180,Netherlands,11,49.831250000000004,26.987499999999997,50.268750000000004,16.7875,2,1411.244,1422.028
119,3930180,Netherlands,5,49.48125,16.6175,44.49375,38.9725,2,1431.543,1439.26
122,3930180,Netherlands,7,41.518750000000004,40.1625,80.19375,51.5525,2,1524.703,1532.592
123,3930180,Netherlands,11,79.31875000000001,54.2725,54.81875,63.5375,2,1581.504,1599.117
124,3930180,Austria,4,54.81875,63.537499999999994,48.43125,63.5375,2,1600.679,1601.832
125,3930180,Austria,19,55.25625,63.02750000000001,104.95625000000001,46.3675,2,1625.302,1650.724
126,3930180,Austria,4,100.31875,40.417500000000004,44.58125,24.4375,2,1675.571,1683.328
127,3930180,Netherlands,16,44.581250000000004,24.4375,54.381249999999994,0.04250000000000398,2,1685.383,1699.228
128,3930180,Netherlands,19,54.38125,0.04250000000000398,21.918750000000003,46.197500000000005,2,1714.301,1751.728
129,3930180,Netherlands,26,21.918750000000003,46.5375,104.95625000000001,31.237499999999997,2,1758.793,1793.044
130,3930180,Austria,7,52.543749999999996,33.9575,67.24375,2.3375000000000057,2,1970.789,1977.397
131,3930180,Austria,5,62.25625,0.04250000000000398,73.01875,2.4224999999999994,2,1989.422,1998.715
132,3930180,Austria,7,78.35625,1.5725000000000051,40.99374999999999,45.8575,2,2008.48,2018.199
133,3930180,Netherlands,9,40.993750000000006,45.8575,60.50625,59.79750000000001,2,2020.022,2034.745
134,3930180,Netherlands,3,68.03125,67.9575,104.95625000000001,67.9575,2,2038.224,2043.681
135,3930180,Netherlands,1,104.95625000000001,67.9575,102.68125,30.8975,2,2071.055,2071.055
136,3930180,Austria,11,102.68125,30.8975,0.04374999999998863,33.70250000000001,2,2072.856,2096.099
137,3930180,Netherlands,13,53.331250000000004,33.957499999999996,56.91875,44.9225,2,2165.185,2181.057
138,3930180,Austria,6,56.918749999999996,44.9225,7.481249999999999,20.612499999999997,2,2183.125,2192.447
139,3930180,Austria,5,24.80624999999999,0.04250000000000398,2.7562499999999943,19.3375,2,2224.528,2228.302
140,3930180,Netherlands,6,8.26875,23.332499999999996,104.95625000000001,23.502499999999998,2,2279.258,2289.528
141,3930180,Austria,7,100.40625,28.347499999999997,8.09375,20.612499999999997,2,2317.955,2327.981
142,3930180,Netherlands,7,8.09375,20.612499999999997,82.55625,1.6574999999999989,2,2331.158,2342.071
143,3930180,Netherlands,3,87.54375,0.04250000000000398,101.36875,7.097499999999997,2,2360.563,2364.894
144,3930180,Austria,3,100.31875,27.497500000000002,36.53125,3.4424999999999955,2,2389.125,2393.669
145,3930180,Netherlands,2,36.18125,3.697499999999991,37.756249999999994,4.122500000000002,2,2394.46,2395.904
146,3930180,Netherlands,11,37.581250000000004,2.3375000000000057,104.95625000000001,33.0225,2,2406.136,2423.276
147,3930180,Austria,21,100.31875,36.59250000000001,16.40625,41.77750000000001,2,2444.62,2479.359
148,3930180,Netherlands,36,16.40625,41.7775,95.41875,61.2425,2,2483.493,2527.202
149,3930180,Netherlands,13,94.01875,67.9575,82.29375,42.0325,2,2534.731,2552.864
150,3930180,Austria,6,82.29375,42.0325,64.18125,37.017500000000005,2,2553.2200000000003,2556.039
151,3930180,Netherlands,10,64.18125,37.0175,88.85625,67.6175,2,2558.014,2570.798
152,3930180,Netherlands,32,68.11875,67.9575,92.18125000000002,41.0975,2,2578.196,2645.751
153,3930180,Austria,10,92.18125,41.0975,82.90625,67.1075,2,2647.196,2671.283
154,3930180,Netherlands,7,78.44375000000001,67.9575,98.56875000000001,29.707499999999996,2,2687.071,2697.236
155,3930180,Austria,22,98.56875,29.707499999999996,15.181249999999991,67.4475,2,2698.921,2741.526
156,3930180,Netherlands,31,15.26875,67.9575,103.11875,35.6575,2,2790.043,2841.05
157,3930180,Netherlands,6,104.95625000000001,67.9575,99.35624999999999,43.3925,2,2948.486,2956.5
158,3930180,Netherlands,10,98.39375000000001,67.9575,80.19375000000001,24.862499999999997,2,2975.618,2990.835
159,3930180,Austria,5,80.19375,24.862499999999997,104.95625000000001,19.84749999999999,2,3018.225,3032.991
160,3930180,Austria,3,101.10625,31.492500000000007,18.331249999999997,18.9125,2,3056.679,3059.075
161,3930180,Netherlands,23,18.33125,18.912499999999994,76.51875,36.3375,2,3064.471,3110.304
162,3930180,Austria,9,76.51875,36.337500000000006,18.506249999999994,61.2425,2,3112.171,3125.607
2,3930171,England,3,52.543749999999996,33.9575,13.956249999999997,33.1075,1,0.864,5.09
3,3930171,Denmark,9,13.956249999999999,33.107499999999995,102.85625,35.4875,1,8.833,23.738
4,3930171,England,1,102.76875,35.6575,102.76875,35.6575,1,24.687,24.687
5,3930171,England,26,102.76875,35.6575,39.15625,64.9825,1,28.488999999999997,69.535
6,3930171,England,28,42.043749999999996,67.9575,17.193749999999994,67.9575,1,75.292,110.334
7,3930171,England,50,17.193749999999994,67.9575,49.74375,67.7875,1,115.465,200.622
8,3930171,Denmark,41,49.21875,67.9575,88.50625000000001,26.22249999999999,1,222.321,275.831
9,3930171,England,34,88.50625,26.222499999999997,69.95625,62.432500000000005,1,276.406,321.591
10,3930171,England,39,69.95625,62.432500000000005,5.46875,39.7375,1,325.7525,379.919
11,3930171,Denmark,34,5.46875,39.7375,103.55625,13.217500000000001,1,382.617,448.948
12,3930171,England,1,97.69375,17.8925,31.71875,21.4625,1,554.32,554.32
13,3930171,Denmark,21,31.718749999999996,21.462500000000006,79.93125,26.22249999999999,1,558.027,583.541
14,3930171,England,36,79.93125,26.222499999999997,17.981250000000003,55.54750000000001,1,584.394,637.088
15,3930171,Denmark,2,17.981250000000003,55.5475,20.08125,65.5775,1,638.682,638.682
17,3930171,Denmark,11,12.90625,26.6475,75.03125,20.697499999999998,1,668.809,684.099
18,3930171,England,41,75.20625,20.272499999999994,0.04374999999998863,29.707499999999996,1,701.081,762.963
19,3930171,Denmark,4,5.20625,27.072499999999998,44.49375,2.507499999999993,1,789.85,797.597
20,3930171,Denmark,3,55.34375,0.04250000000000398,72.84375,3.2724999999999937,1,817.211,819.095
21,3930171,England,12,72.84375,3.2724999999999937,36.96875,65.8325,1,819.762,835.582
22,3930171,Denmark,31,34.956250000000004,67.9575,78.09375,61.2425,1,842.942,886.908
23,3930171,England,4,78.09375,61.2425,62.78125,59.20250000000001,1,889.362,891.024
24,3930171,England,11,50.35625,67.9575,35.39375000000001,20.7825,1,916.725,935.975
25,3930171,Denmark,25,35.393750000000004,20.78249999999999,20.78125,46.4525,1,937.275,964.113
26,3930171,England,47,20.78125,46.45250000000001,0.04374999999998863,31.152500000000003,1,965.596,1041.163
27,3930171,Denmark,82,53.331250000000004,33.957499999999996,85.35625,15.427500000000002,1,1124.903,1255.302
28,3930171,England,9,97.43125,20.527500000000003,46.068749999999994,37.2725,1,1287.818,1306.6
29,3930171,Denmark,15,46.06875,37.272499999999994,91.13125,9.052499999999995,1,1309.092,1325.121
30,3930171,Denmark,6,95.59375,0.04250000000000398,100.84375,12.537499999999994,1,1340.178,1348.216
31,3930171,Denmark,24,100.84375,12.537499999999994,95.33125,41.8625,1,1351.042,1376.716
32,3930171,Denmark,2,97.95625000000001,67.9575,81.76875000000001,67.5325,1,1390.314,1391.111
33,3930171,England,1,81.76875,67.9575,73.89375,47.8125,1,1418.125,1418.125
34,3930171,Denmark,28,70.65625,37.86749999999999,103.64375,36.8475,1,1426.021,1458.768
35,3930171,England,1,103.99375,35.9975,103.99375,35.9975,1,1460.126,1460.126
36,3930171,England,9,95.85625,35.0625,12.81874999999998,47.8125,1,1474.279,1487.952
37,3930171,Denmark,44,12.818749999999998,47.8125,90.34375,26.137500000000003,1,1491.616,1543.852
38,3930171,England,14,95.33125,19.677499999999995,45.45625,45.4325,1,1545.011,1562.123
39,3930171,England,3,41.956250000000004,45.517500000000005,0.04374999999998863,38.71750000000001,1,1621.57,1626.405
40,3930171,Denmark,37,5.99375,27.922499999999992,99.61875,27.667499999999997,1,1641.523,1695.071
41,3930171,England,30,93.84375,35.3175,68.38125,49.2575,1,1713.512,1777.992
42,3930171,Denmark,59,65.75625000000001,49.2575,95.15625,25.627499999999998,1,1778.476,1869.706
43,3930171,Denmark,1,96.29375,37.7825,96.29375,37.7825,1,1948.31,1948.31
44,3930171,England,7,93.49375,38.6325,85.61875,11.092500000000001,1,1977.503,1988.084
45,3930171,England,3,91.74375,0.04250000000000398,73.89375,44.667500000000004,1,2006.485,2009.617
46,3930171,Denmark,3,74.94375,44.4125,104.95625000000001,37.272499999999994,1,2014.585,2016.496
47,3930171,England,4,52.543749999999996,33.9575,30.668750000000003,23.0775,1,2082.817,2095.501
48,3930171,Denmark,1,30.143750000000004,24.09749999999999,98.21875,0.04250000000000398,1,2132.631,2132.631
49,3930171,England,12,87.28125,0.04250000000000398,42.74374999999999,46.197500000000005,1,2151.506,2170.678
50,3930171,Denmark,6,45.36875,46.4525,56.30624999999999,22.822499999999998,1,2172.182,2177.848
51,3930171,Denmark,36,55.78125,23.0775,87.28125,27.15749999999999,1,2196.315,2251.454
52,3930171,Denmark,2,104.95625000000001,0.04250000000000398,104.95625000000001,35.0625,1,2282.46,2285.349
53,3930171,England,4,101.19375,36.59250000000001,55.78125,45.2625,1,2311.185,2316.175
54,3930171,Denmark,27,55.78125,45.2625,104.95625000000001,31.662499999999994,1,2317.243,2354.747
55,3930171,England,16,100.31875,35.0625,3.0187500000000114,32.5975,1,2380.971,2415.133
56,3930171,Denmark,1,2.75625,32.59749999999999,2.75625,32.59749999999999,1,2416.198,2416.198
57,3930171,Denmark,14,2.75625,32.59749999999999,68.64375000000001,30.2175,1,2417.853,2439.764
58,3930171,England,55,68.64375,30.2175,0.5687499999999943,46.962500000000006,1,2442.738,2517.381
59,3930171,Denmark,4,5.73125,28.432499999999997,65.75625000000001,17.3825,1,2556.096,2563.847
60,3930171,England,3,65.75625,17.3825,62.08125,20.272499999999994,1,2564.818,2566.752
61,3930171,Denmark,52,62.081250000000004,20.2725,103.73125,31.747499999999995,1,2567.316,2623.941
62,3930171,England,1,103.73125,31.917500000000004,103.73125,31.917500000000004,1,2624.942,2624.942
63,3930171,England,76,103.73125,31.917500000000004,0.04374999999998863,33.61750000000001,1,2629.651,2764.634
64,3930171,Denmark,11,52.456250000000004,34.0425,68.46875,28.0925,2,0.1,13.327
65,3930171,England,11,68.29374999999999,24.4375,46.768750000000004,67.9575,2,27.071,46.214
66,3930171,Denmark,18,49.04375,67.9575,101.19375,21.5475,2,56.652,82.302
67,3930171,England,4,101.19375,21.5475,76.25625000000001,36.42249999999999,2,85.151,95.475
68,3930171,England,12,76.60624999999999,33.61750000000001,37.14375,12.792499999999997,2,105.679,121.954
69,3930171,Denmark,25,37.143750000000004,12.792499999999997,74.59375,52.9975,2,123.038,154.672
70,3930171,England,38,74.59375,52.9975,22.18124999999999,4.377499999999998,2,157.125,203.604
71,3930171,Denmark,56,22.18125,4.377499999999991,79.31875000000001,24.09749999999999,2,209.64,280.635
72,3930171,England,38,79.31875,24.097499999999997,2.40625,33.1925,2,281.942,340.135
73,3930171,Denmark,1,2.05625,32.2575,2.05625,32.2575,2,341.264,341.264
74,3930171,Denmark,12,3.36875,40.417500000000004,96.81875000000001,31.747499999999995,2,357.334,378.086
75,3930171,England,25,96.81875,31.747500000000002,0.04374999999998863,38.1225,2,381.336,420.669
76,3930171,Denmark,27,4.06875,32.17249999999999,82.38125000000001,19.84749999999999,2,448.689,488.693
77,3930171,England,25,80.71875,21.377499999999998,14.831249999999997,0.04250000000000398,2,523.366,570.986
78,3930171,England,22,14.831249999999997,0.04250000000000398,0.04374999999998863,38.2075,2,593.632,624.339
79,3930171,Denmark,11,2.40625,34.9775,63.13125000000001,0.46750000000000114,2,691.194,712.663
80,3930171,England,8,64.44375,0.04250000000000398,55.431250000000006,7.1825000000000045,2,734.759,739.865
81,3930171,Denmark,20,55.431250000000006,7.1825000000000045,92.79375,0.04250000000000398,2,739.9,762.762
82,3930171,Denmark,5,93.14375,0.04250000000000398,61.46875,9.732500000000002,2,777.919,788.337
83,3930171,England,8,61.46875,9.732500000000002,0.04374999999998863,25.2875,2,789.83,801.562
84,3930171,Denmark,13,4.59375,41.4375,56.13125000000001,49.4275,2,834.269,853.133
85,3930171,England,25,56.131249999999994,49.4275,78.53125,65.2375,2,854.557,891.402
86,3930171,Denmark,3,78.53125,65.2375,78.26875,65.9175,2,891.731,893.142
87,3930171,Denmark,1,80.89375,65.4925,86.23124999999999,55.0375,2,934.949,934.949
88,3930171,Denmark,9,86.23124999999999,55.0375,48.43124999999999,45.9425,2,939.5139999999999,955.725
89,3930171,Denmark,47,41.78125,44.9225,97.25625000000001,16.53249999999999,2,994.247,1063.655
90,3930171,England,16,97.25625,16.5325,104.95625000000001,35.4025,2,1064.805,1081.467
91,3930171,England,3,101.80625,37.7825,55.69375,67.9575,2,1095.406,1103.374
92,3930171,Denmark,5,47.643750000000004,67.9575,68.03125,58.6075,2,1118.809,1121.931
93,3930171,England,46,68.03125,58.6075,0.04374999999998863,27.667500000000004,2,1123.494,1188.069
94,3930171,Denmark,11,4.59375,28.942499999999995,62.518750000000004,23.417499999999997,2,1219.768,1236.396
95,3930171,England,8,62.51875,23.417500000000004,104.95625,11.177500000000002,2,1238.369,1250.452
96,3930171,Denmark,6,104.95625000000001,0.04250000000000398,103.81875000000001,35.4875,2,1311.802,1318.502
97,3930171,England,1,104.08125,35.4875,104.08125,35.4875,2,1319.633,1319.633
98,3930171,England,10,92.18125,36.6775,62.43125,6.162500000000001,2,1330.21,1343.964
99,3930171,Denmark,17,62.43125,6.162499999999994,93.84375,67.9575,2,1345.186,1359.848
100,3930171,England,6,80.89375,67.9575,48.60625,54.7825,2,1454.568,1461.467
101,3930171,England,32,44.05625,55.54750000000001,20.60625,67.6175,2,1473.114,1522.076
102,3930171,England,24,19.64375000000001,67.9575,3.28125,41.0125,2,1524.653,1558.535
103,3930171,England,5,0.04374999999998863,67.9575,31.106250000000003,53.4225,2,1592.684,1598.807
104,3930171,Denmark,45,31.106250000000003,53.4225,94.28125,61.4975,2,1600.319,1653.7
105,3930171,England,1,92.09375,64.7275,31.631249999999994,63.62250000000001,2,1696.413,1696.413
106,3930171,Denmark,5,31.63125000000001,63.6225,27.693749999999998,46.3675,2,1699.93,1706.055
107,3930171,England,4,27.693749999999994,46.3675,25.24375,44.4975,2,1706.546,1707.455
108,3930171,England,2,0.04374999999998863,67.9575,32.59375,67.9575,2,1742.917,1743.899
109,3930171,England,3,32.59375,67.9575,26.20625000000001,67.9575,2,1756.473,1759.89
110,3930171,Denmark,13,26.81875,67.9575,50.618750000000006,11.517499999999998,2,1782.264,1796.797
111,3930171,Denmark,4,43.706250000000004,0.04250000000000398,89.90625,9.987499999999997,2,1812.853,1816.556
112,3930171,England,8,89.90625,9.987499999999997,48.08125,48.4075,2,1820.303,1833.8
113,3930171,Denmark,9,54.731249999999996,47.8125,103.11875,34.8075,2,1861.196,1873.367
114,3930171,England,1,103.29375,33.4475,103.29375,33.4475,2,1874.602,1874.602
115,3930171,England,5,103.29375,33.4475,66.19375,60.5625,2,1875.716,1882.629
116,3930171,Denmark,21,66.19375000000001,60.5625,104.95625000000001,9.22249999999999,2,1883.561,1907.513
117,3930171,England,2,98.91875,33.1075,35.21875,18.997500000000002,2,1943.443,1947.197
118,3930171,Denmark,13,31.63125000000001,20.357499999999995,96.03125,24.3525,2,1949.328,1966.121
119,3930171,England,19,96.03125,24.3525,1.4437499999999943,10.497500000000002,2,1969.669,2005.549
120,3930171,Denmark,2,5.20625,33.107499999999995,72.75625000000001,0.21250000000000568,2,2041.378,2045.14
121,3930171,England,3,69.95625,0.04250000000000398,69.95625,7.1825000000000045,2,2057.89,2060.336
122,3930171,England,14,69.34375,13.8125,38.45625000000001,19.167500000000004,2,2071.306,2095.427
123,3930171,Denmark,26,38.456250000000004,19.167499999999997,19.73125,67.9575,2,2096.912,2129.07
124,3930171,England,21,24.018749999999997,67.9575,11.943749999999994,67.9575,2,2143.853,2171.43
125,3930171,England,11,11.943749999999994,67.9575,40.118750000000006,33.1075,2,2235.232,2254.223
126,3930171,Denmark,13,27.43125,21.97249999999999,98.74375000000002,22.737499999999997,2,2256.538,2272.751
127,3930171,Denmark,2,104.95625000000001,0.04250000000000398,104.95625000000001,36.2525,2,2307.971,2309.401
128,3930171,England,10,98.91875,38.71750000000001,104.95625000000001,29.197499999999998,2,2328.657,2344.77
129,3930171,England,2,98.91875,30.727500000000006,27.86874999999999,20.1875,2,2383.939,2387.439
130,3930171,Denmark,4,27.868749999999995,20.1875,66.80625,38.292500000000004,2,2388.548,2395.478
131,3930171,England,11,66.80624999999999,38.292500000000004,29.881249999999994,28.0925,2,2398.147,2420.275
132,3930171,Denmark,10,29.88125,28.0925,84.13125000000001,0.29749999999999943,2,2423.085,2437.258
133,3930171,England,1,82.20625,0.04250000000000398,61.293749999999996,4.547499999999999,2,2469.948,2469.948
134,3930171,Denmark,4,61.293749999999996,4.547499999999992,70.74375,14.4925,2,2471.181,2473.314
135,3930171,England,8,66.80624999999999,9.987499999999997,57.26875,15.172499999999992,2,2474.838,2481.225
136,3930171,England,5,55.168749999999996,19.4225,33.99374999999999,49.682500000000005,2,2491.724,2501.087
137,3930171,Denmark,33,33.993750000000006,49.6825,50.88125,32.6825,2,2501.087,2546.517
138,3930171,England,3,55.95625,31.6625,0.04374999999998863,12.282499999999999,2,2588.173,2591.301
139,3930171,Denmark,2,5.20625,29.537499999999994,93.84375,31.40749999999999,2,2624.056,2627.528
140,3930171,England,19,94.36875,41.4375,98.74375,62.1775,2,2636.11,2663.561
141,3930171,England,2,85.26875,67.9575,51.31875000000001,46.5375,2,2685.62,2689.807
142,3930171,England,3,48.08125,49.682500000000005,56.831250000000004,23.8425,2,2705.063,2708.436
143,3930171,England,3,55.69375,25.2875,11.943749999999994,19.932499999999997,2,2738.072,2741.171
144,3930171,Denmark,5,11.94375,19.932499999999997,47.99375,22.822499999999998,2,2744.45,2750.929
145,3930171,England,8,49.65625,30.8125,19.99374999999999,59.37250000000001,2,2794.054,2806.603
146,3930171,Denmark,15,19.99375,59.3725,78.70625000000001,12.537499999999994,2,2809.87,2826.612
147,3930171,England,20,78.26875,18.2325,37.66875,53.8475,2,2843.821,2883.345
2,3942227,England,3,52.456250000000004,34.0425,97.43125,0.12749999999998352,1,0.235,4.496
3,3942227,Switzerland,3,94.54375,0.04250000000000398,24.193749999999994,16.6175,1,24.205,27.304
4,3942227,England,18,24.193749999999998,16.6175,14.043750000000001,4.292499999999997,1,33.179,62.397
5,3942227,England,3,24.193749999999998,0.04250000000000398,46.06875,27.15749999999999,1,76.646,78.333
6,3942227,Switzerland,39,46.068749999999994,27.1575,65.93125,51.7225,1,80.371,140.893
7,3942227,Switzerland,9,57.00625,67.9575,59.63125,19.3375,1,160.013,168.703
8,3942227,England,33,68.46875,0.04250000000000398,104.60625,44.4975,1,179.053,224.183
9,3942227,Switzerland,21,98.91875,37.52750000000001,37.40625,0.04250000000000398,1,236.917,269.528
10,3942227,England,5,37.40625,0.04250000000000398,33.11874999999999,2.592500000000001,1,295.771,298.781
11,3942227,England,24,33.46875,0.04250000000000398,53.76875,4.802499999999995,1,311.514,343.897
12,3942227,England,26,53.76875,4.802499999999995,101.54375,19.337500000000006,1,345.509,380.193
13,3942227,Switzerland,34,100.14375,19.677499999999995,8.618749999999991,67.9575,1,409.241,460.322
14,3942227,Switzerland,86,8.618749999999991,67.9575,0.04374999999998863,44.32750000000001,1,473.008,598.929
15,3942227,England,103,5.20625,33.787499999999994,96.90625,0.04250000000000398,1,625.553,789.678
16,3942227,England,17,96.90625,0.04250000000000398,64.00625000000001,65.8325,1,816.376,852.838
17,3942227,Switzerland,7,66.54374999999999,64.1325,62.34375,54.697500000000005,1,892.395,908.307
18,3942227,England,12,62.34375,54.6975,93.23125,49.3425,1,910.391,923.269
19,3942227,Switzerland,2,98.91875,34.892500000000005,9.756249999999994,31.832499999999996,1,970.408,971.549
20,3942227,England,7,9.75625,31.832499999999996,52.893750000000004,50.2775,1,975.967,992.955
21,3942227,Switzerland,13,52.89375,50.27750000000001,90.69375000000001,47.3025,1,996.144,1018.172
22,3942227,Switzerland,16,96.64375,45.6875,58.668749999999996,16.0225,1,1019.865,1058.669
23,3942227,Switzerland,17,57.53125,14.917500000000004,16.14375000000001,23.8425,1,1066.287,1090.478
24,3942227,England,3,9.581249999999999,23.247499999999995,2.231250000000003,20.1025,1,1091.03,1095.088
25,3942227,England,6,7.218750000000001,25.457499999999996,86.84375,3.612499999999997,1,1128.158,1137.856
26,3942227,Switzerland,9,86.84375,3.612499999999997,62.693749999999994,25.8825,1,1139.817,1148.839
27,3942227,England,38,62.69375000000001,25.8825,104.95625000000001,0.04250000000000398,1,1152.742,1217.79
28,3942227,England,2,104.95625000000001,0.04250000000000398,104.95625000000001,16.872499999999995,1,1262.023,1264.366
29,3942227,Switzerland,3,100.31875,30.387500000000003,71.26875,11.262500000000003,1,1285.005,1290.394
30,3942227,England,5,71.26875000000001,11.262500000000003,95.15625,36.3375,1,1292.82,1301.812
31,3942227,Switzerland,5,95.15625,36.337500000000006,61.90625,56.65250000000001,1,1302.657,1307.549
32,3942227,England,8,61.118750000000006,56.4825,65.66874999999999,61.1575,1,1308.014,1318.488
33,3942227,England,1,66.54374999999999,60.5625,104.95625000000001,11.942499999999995,1,1368.6,1368.6
34,3942227,Switzerland,14,98.91875,32.2575,34.34375,22.4825,1,1393.186,1412.999
35,3942227,England,13,34.34375,22.482499999999995,43.268750000000004,28.5175,1,1415.626,1441.968
36,3942227,Switzerland,50,43.268750000000004,28.517500000000005,24.543750000000003,19.167499999999997,1,1443.658,1510.305
37,3942227,England,3,24.543750000000003,19.167499999999997,26.381249999999994,29.112499999999997,1,1511.3274999999999,1513.397
38,3942227,England,17,26.20625,29.622499999999995,36.44375,66.8525,1,1539.573,1574.313
39,3942227,England,38,37.581250000000004,67.9575,84.65625,4.122500000000002,1,1579.396,1643.108
40,3942227,Switzerland,6,84.65625,4.122500000000002,100.49375,4.802500000000002,1,1645.151,1653.386
41,3942227,Switzerland,4,99.18125,0.04250000000000398,93.05625,0.29749999999999943,1,1682.453,1685.303
42,3942227,England,21,81.41875,0.04250000000000398,90.16875,24.607499999999995,1,1706.835,1737.091
43,3942227,England,13,104.95625000000001,0.04250000000000398,66.98125,6.332500000000003,1,1778.641,1799.717
44,3942227,Switzerland,61,66.98124999999999,6.332499999999996,24.018749999999997,50.1925,1,1800.504,1895.62
45,3942227,England,2,24.018749999999997,50.1925,56.481249999999996,66.5125,1,1897.954,1902.931
46,3942227,England,15,60.94375,66.7675,86.75625000000001,22.9925,1,1948.247,1975.891
47,3942227,Switzerland,20,86.75625,22.9925,0.04374999999998863,39.142500000000005,1,2004.563,2050.859
48,3942227,England,3,4.41875,31.322499999999998,43.61875,2.9325000000000045,1,2076.227,2080.093
49,3942227,Switzerland,2,43.268750000000004,0.04250000000000398,22.53125,20.272499999999994,1,2104.383,2105.929
50,3942227,England,22,22.53125,20.2725,103.03125,34.8925,1,2106.896,2143.125
51,3942227,Switzerland,34,97.25625,30.8125,16.66874999999999,42.627500000000005,1,2158.856,2220.549
52,3942227,England,5,16.66875,42.6275,15.968749999999998,0.977499999999992,1,2222.064,2230.67
53,3942227,Switzerland,14,21.131249999999994,0.04250000000000398,55.16875000000001,5.482500000000002,1,2244.028,2262.866
54,3942227,Switzerland,24,55.168749999999996,0.04250000000000398,7.481249999999989,62.1775,1,2280.244,2303.442
55,3942227,England,2,3.5437499999999993,30.1325,75.11875,19.932499999999997,1,2335.503,2339.113
56,3942227,Switzerland,19,79.05625,23.5875,26.818749999999994,18.7425,1,2340.746,2381.591
57,3942227,England,94,26.81875,18.7425,92.53125,29.112499999999997,1,2385.611,2539.637
58,3942227,England,63,48.60625,0.04250000000000398,99.35624999999999,26.3925,1,2550.672,2647.354
59,3942227,England,1,104.95625000000001,0.04250000000000398,102.06875000000001,35.147499999999994,1,2685.484,2685.484
60,3942227,Switzerland,5,102.06875,35.1475,0.04374999999998863,48.7475,1,2687.529,2699.859
61,3942227,Switzerland,33,52.543749999999996,33.9575,50.96875000000001,4.887500000000003,2,0.404,50.568
62,3942227,England,63,50.96875,4.887500000000003,89.73125,64.6425,2,53.187,145.58
63,3942227,Switzerland,7,89.73125,64.6425,63.481249999999996,37.1875,2,148.181,156.878
64,3942227,England,8,54.90625,30.557499999999997,84.83125000000001,20.78249999999999,2,158.229,175.925
65,3942227,Switzerland,5,86.49375,20.612499999999997,41.34375000000001,4.6325,2,176.434,182.111
66,3942227,England,4,41.34375,4.6325,49.39374999999999,2.9325000000000045,2,183.62,185.548
67,3942227,England,14,44.31875,3.612499999999997,100.84375,48.5775,2,192.637,217.117
68,3942227,Switzerland,7,100.84375,48.57750000000001,63.13125000000001,15.342500000000001,2,220.529,230.212
69,3942227,Switzerland,36,62.86874999999999,16.277500000000003,1.18125,30.982499999999995,2,285.442,342.786
71,3942227,Switzerland,12,29.79374999999999,0.04250000000000398,66.63125,24.777500000000003,2,388.747,422.57
72,3942227,England,4,66.63125000000001,24.777500000000003,93.75625000000001,13.387500000000003,2,425.82,430.901
73,3942227,Switzerland,18,92.26875,12.282499999999999,61.81875,58.0125,2,452.263,479.192
74,3942227,England,27,62.86875000000001,65.9175,53.15625,0.29749999999999943,2,498.778,530.793
75,3942227,England,2,47.81875,0.04250000000000398,74.33125,9.5625,2,537.84,540.607
76,3942227,Switzerland,11,81.24375,18.0625,30.581249999999997,21.377499999999998,2,541.356,555.282
77,3942227,England,8,30.58125,21.377499999999998,49.30624999999999,3.4424999999999955,2,556.23,565.25
78,3942227,England,3,48.081250000000004,0.04250000000000398,61.38125,22.9925,2,620.066,622.363
79,3942227,Switzerland,2,61.38125,22.9925,64.00625000000001,23.8425,2,622.583,624.265
83,3942227,Switzerland,13,54.64375,27.752500000000005,5.03125,36.59250000000001,2,646.396,663.714
84,3942227,England,13,9.84375,39.7375,51.49374999999999,59.1175,2,682.626,702.075
85,3942227,England,21,51.49375,59.7975,73.45625,67.1075,2,712.466,751.197
86,3942227,England,13,74.85625,67.9575,90.78125,23.672499999999992,2,776.199,796.257
87,3942227,Switzerland,16,90.78125,23.6725,9.581250000000011,47.3875,2,797.451,818.668
88,3942227,Switzerland,6,0.04374999999998863,67.9575,0.04374999999998863,67.9575,2,878.066,885.195
89,3942227,Switzerland,2,0.04374999999998863,67.9575,8.793750000000003,67.9575,2,914.073,915.351
90,3942227,Switzerland,11,8.793750000000003,67.9575,61.81875,64.6425,2,921.938,936.939
91,3942227,Switzerland,53,60.59375,67.9575,19.90625,24.2675,2,940.992,1045.605
92,3942227,England,5,19.90625,24.2675,37.318749999999994,24.6075,2,1047.026,1050.182
93,3942227,England,23,41.78125,23.417499999999997,95.33125,25.542499999999997,2,1120.233,1156.443
94,3942227,Switzerland,27,100.23125,33.3625,0.04374999999998863,27.667500000000004,2,1186.766,1246.216
95,3942227,England,17,5.73125,31.152500000000003,52.10625,42.9675,2,1270.052,1296.492
96,3942227,Switzerland,21,55.78125,43.8175,15.356250000000003,31.917500000000004,2,1348.384,1383.113
97,3942227,England,9,13.60625,35.5725,32.59375,8.62749999999999,2,1383.869,1398.949
98,3942227,Switzerland,44,35.83125000000001,7.182499999999997,8.53125,6.502499999999998,2,1399.848,1463.022
99,3942227,England,7,8.53125,6.502499999999991,15.09375,3.782499999999999,2,1466.713,1469.22
100,3942227,Switzerland,1,43.268750000000004,7.522500000000001,43.268750000000004,7.522500000000001,2,1496.705,1496.705
101,3942227,England,22,43.44375000000001,7.012500000000003,91.30625,19.762500000000003,2,1503.993,1551.179
102,3942227,Switzerland,6,91.30625,19.762500000000003,48.08125,1.5725000000000051,2,1551.876,1560.827
103,3942227,England,22,46.59375,0.04250000000000398,99.61875,47.3875,2,1569.065,1604.297
104,3942227,England,13,98.39375000000001,67.9575,102.50625000000001,59.2875,2,1616.299,1638.431
105,3942227,Switzerland,35,101.63125,58.77750000000001,0.04374999999998863,31.6625,2,1689.012,1754.246
106,3942227,England,28,53.331250000000004,33.957499999999996,92.18125000000002,16.957499999999996,2,1838.695,1891.724
107,3942227,Switzerland,16,103.29375,29.197500000000005,48.868750000000006,50.447500000000005,2,1893.978,1927.865
108,3942227,Switzerland,5,46.85624999999999,67.9575,32.15625,59.37250000000001,2,2006.143,2009.024
109,3942227,England,11,30.231250000000003,59.8825,97.16875,17.2125,2,2009.617,2022.709
110,3942227,England,29,91.65625,0.04250000000000398,104.95625000000001,37.1025,2,2040.188,2086.499
111,3942227,Switzerland,9,52.543749999999996,33.9575,25.59375,29.452500000000008,2,2159.638,2171.016
112,3942227,England,16,25.59375,29.4525,90.78125,67.9575,2,2173.373,2207.488
113,3942227,Switzerland,10,90.78125,67.9575,86.75625000000001,67.9575,2,2229.539,2237.266
114,3942227,England,16,86.75625000000001,67.9575,68.81875000000001,25.712500000000006,2,2243.336,2270.315
115,3942227,Switzerland,5,69.08125,23.6725,56.043749999999996,67.6175,2,2275.842,2281.243
116,3942227,Switzerland,30,56.30624999999999,67.9575,18.068749999999998,38.292500000000004,2,2306.947,2360.264
117,3942227,England,2,18.068749999999998,38.292500000000004,44.66875,55.462500000000006,2,2361.992,2367.099
118,3942227,England,61,43.268750000000004,54.6125,94.54375,67.0225,2,2396.376,2482.258
119,3942227,Switzerland,3,92.44375,67.9575,64.09375,67.7025,2,2523.246,2525.346
120,3942227,England,21,69.51875,67.9575,104.95625000000001,39.7375,2,2539.44,2574.107
121,3942227,Switzerland,4,99.79375,35.3175,88.33125,56.567499999999995,2,2591.574,2604.678
122,3942227,England,2,88.24375,60.3925,88.24375,61.49750000000001,2,2605.673,2606.861
123,3942227,England,6,88.33125000000001,63.1125,95.15625,29.962500000000006,2,2651.563,2659.205
124,3942227,Switzerland,7,95.15625,29.9625,0.04374999999998863,41.0975,2,2660.599,2675.467
125,3942227,England,2,6.08125,28.0925,62.34375,20.8675,2,2715.457,2719.321
126,3942227,Switzerland,36,61.81875,19.762500000000003,43.443749999999994,67.9575,2,2720.217,2771.764
127,3942227,Switzerland,28,43.443749999999994,67.9575,0.04374999999998863,40.417500000000004,2,2778.799,2825.115
128,3942227,England,4,6.08125,28.6025,75.03125,16.957499999999996,2,2867.249,2873.21
129,3942227,Switzerland,2,79.31875,17.552499999999995,50.09375,21.7175,2,2873.482,2874.641
130,3942227,Switzerland,55,51.668749999999996,34.042500000000004,0.04374999999998863,39.2275,3,0.294,93.479
131,3942227,England,1,5.20625,30.2175,66.54374999999999,31.152500000000003,3,124.283,124.283
132,3942227,Switzerland,27,66.54374999999999,31.152500000000003,46.768750000000004,20.1875,3,128.372,174.439
133,3942227,England,58,46.768750000000004,20.1875,103.46875,34.3825,3,174.515,269.765
134,3942227,England,18,104.95625000000001,0.04250000000000398,94.98125,67.9575,3,307.642,335.836
135,3942227,England,40,91.74375,67.9575,55.431250000000006,49.6825,3,341.039,407.5
136,3942227,Switzerland,15,55.43125,49.682500000000005,16.49375,6.7575,3,409.596,431.916
137,3942227,Switzerland,34,18.24374999999999,0.04250000000000398,26.46875,65.1525,3,479.861,537.585
138,3942227,England,6,26.46875,65.1525,60.418749999999996,58.2675,3,539.638,546.238
139,3942227,England,35,60.76875,58.2675,102.24375,34.8075,3,588.613,666.027
140,3942227,Switzerland,1,102.68125,32.5125,102.68125,32.5125,3,666.974,666.974
141,3942227,Switzerland,44,99.00625,38.462500000000006,29.356250000000003,23.502499999999998,3,684.62,773.403
142,3942227,England,3,29.356250000000003,23.502499999999998,25.76875000000001,24.097499999999997,3,774.223,776.107
143,3942227,England,46,25.76875,24.09749999999999,88.15625,56.8225,3,803.674,886.285
144,3942227,Switzerland,4,88.15625,56.822500000000005,86.84375,19.677499999999995,3,888.418,897.501
145,3942227,England,6,53.331250000000004,33.957499999999996,86.84375,20.527500000000003,4,0.654,11.678
146,3942227,England,2,66.28125,0.04250000000000398,84.56875,3.1875,4,46.802,48.179
147,3942227,Switzerland,59,100.84375,20.1025,59.80625000000001,65.6625,4,54.313,173.393
149,3942227,Switzerland,71,86.31875,60.3925,91.48125,21.377499999999998,4,256.782,382.422
150,3942227,Switzerland,61,91.48125,21.377499999999998,0.04374999999998863,34.807500000000005,4,383.0115,473.866
151,3942227,England,1,6.08125,28.432499999999997,60.33125,19.167499999999997,4,514.966,514.966
152,3942227,Switzerland,3,60.33125,19.167500000000004,46.15625,26.902500000000003,4,519.147,521.061
153,3942227,England,3,46.15625,26.902500000000003,54.731249999999996,0.6375000000000028,4,522.889,525.725
154,3942227,England,34,49.48125,0.04250000000000398,91.65625,23.162499999999994,4,582.928,641.618
155,3942227,Switzerland,8,91.65625,23.1625,8.443749999999994,48.4925,4,642.127,659.289
156,3942227,Switzerland,2,0.65625,67.1925,9.056249999999999,16.447499999999998,4,700.45,702.435
157,3942227,England,5,9.056249999999999,16.447499999999998,64.09375,58.6925,4,705.21,716.952
158,3942227,Switzerland,4,64.09375,58.692499999999995,60.59374999999999,63.2825,4,721.744,725.224
159,3942227,Switzerland,33,61.81875,62.8575,0.04374999999998863,36.6775,4,786.704,831.01
160,3942227,England,41,6.08125,27.752499999999998,104.95625000000001,10.327499999999993,4,866.73,950.465
161,3942227,England,1,94.54375,33.957499999999996,104.95625000000001,36.3375,5,1.872,1.872
162,3942227,Switzerland,1,10.456249999999997,34.042500000000004,0.5687499999999943,35.6575,5,63.467,63.467
163,3942227,England,1,94.54375,33.957499999999996,104.95625000000001,31.152500000000003,5,119.218,119.218
164,3942227,Switzerland,1,10.456249999999997,34.042500000000004,0.04374999999998863,36.167500000000004,5,172.864,172.864
165,3942227,England,1,94.54375,33.957499999999996,104.95625000000001,30.8125,5,233.477,233.477
166,3942227,Switzerland,1,10.456249999999997,34.042500000000004,0.04374999999998863,37.1875,5,278.614,278.614
167,3942227,England,1,94.54375,33.957499999999996,104.95625000000001,36.3375,5,330.907,330.907
168,3942227,Switzerland,1,10.456249999999997,34.042500000000004,0.04374999999998863,33.70250000000001,5,385.591,385.591
169,3942227,England,1,94.54375,33.957499999999996,104.95625000000001,36.677499999999995,5,441.049,441.049
2,3942226,Germany,16,52.543749999999996,33.9575,14.21875,36.8475,1,1.291,17.642
3,3942226,Spain,11,14.218749999999998,36.8475,65.75625000000001,46.3675,1,20.866,34.128
4,3942226,Germany,7,65.75625,46.3675,56.04375,65.4925,1,36.052,41.441
5,3942226,Spain,7,62.168749999999996,64.1325,103.73125,33.70250000000001,1,42.521,53.462
6,3942226,Germany,1,59.981249999999996,62.942499999999995,59.981249999999996,62.942499999999995,1,71.711,71.711
7,3942226,Spain,7,55.431250000000006,56.057500000000005,68.46875,67.3625,1,147.286,151.821
8,3942226,Germany,8,61.90625,67.9575,21.04375,67.3625,1,171.205,178.346
9,3942226,Germany,7,24.543750000000003,67.9575,24.71875,53.8475,1,195.127,198.948
10,3942226,Spain,4,24.71875,53.847500000000004,30.84375,51.6375,1,200.151,201.618
11,3942226,Spain,12,37.493750000000006,50.957499999999996,55.43125,43.1375,1,287.154,306.408
12,3942226,Spain,18,55.431250000000006,43.1375,77.56875000000001,52.4875,1,314.609,336.664
13,3942226,Germany,49,71.00625,67.9575,96.73125,51.2125,1,480.731,555.204
14,3942226,Germany,24,92.61875,47.4725,26.643749999999997,0.04250000000000398,1,597.664,627.476
15,3942226,Spain,32,32.41875,0.04250000000000398,104.95625000000001,41.0125,1,653.583,705.525
16,3942226,Germany,3,102.59375,37.1875,79.93125,62.1775,1,712.768,717.535
17,3942226,Germany,11,79.49375,62.1775,56.21875,15.002499999999998,1,748.325,762.947
18,3942226,Spain,7,56.21875,15.002499999999998,84.21875,24.2675,1,762.947,769.591
19,3942226,Spain,1,86.49375,26.732499999999995,104.95625000000001,28.942499999999995,1,845.116,845.116
20,3942226,Germany,12,101.45625,32.5125,28.393749999999997,29.622500000000002,1,867.71,886.114
21,3942226,Spain,26,28.393750000000004,29.622499999999995,78.61875,2.167500000000004,1,886.17,926.881
22,3942226,Germany,10,78.61875,2.167500000000004,4.418750000000003,19.082499999999996,1,929.211,943.547
23,3942226,Spain,7,9.931249999999999,31.237499999999997,104.95625000000001,31.152500000000003,1,956.968,968.746
24,3942226,Germany,62,102.50625,32.002500000000005,13.34375,67.9575,1,994.403,1091.404
25,3942226,Germany,7,13.34375,67.9575,17.368750000000006,61.2425,1,1098.055,1105.431
26,3942226,Spain,22,12.29375,60.307500000000005,51.05625,53.167500000000004,1,1135.143,1166.913
27,3942226,Germany,29,43.443749999999994,54.1875,0.7437499999999999,34.1275,1,1171.568,1211.669
28,3942226,Spain,1,12.55625,32.427499999999995,92.35624999999999,25.8825,1,1236.689,1236.689
29,3942226,Germany,11,92.35625,25.8825,40.90625,7.947499999999998,1,1241.145,1255.016
30,3942226,Spain,15,40.90625,7.947499999999998,87.10625,55.3775,1,1258.263,1290.953
31,3942226,Germany,13,87.10625,55.377500000000005,68.11875,30.982499999999995,1,1294.897,1307.9
32,3942226,Spain,15,68.11875,30.982499999999995,102.24375,36.2525,1,1308.461,1329.736
33,3942226,Germany,1,102.59375,35.9975,102.59375,35.9975,1,1330.443,1330.443
34,3942226,Germany,20,98.30625,32.852500000000006,26.73124999999999,67.5325,1,1343.377,1397.064
35,3942226,Spain,5,29.793750000000006,67.9575,56.21875,58.0125,1,1409.588,1413.639
36,3942226,Germany,5,56.21875,58.0125,20.16875,62.4325,1,1414.707,1424.727
37,3942226,Germany,4,20.16874999999999,62.432500000000005,37.143750000000004,10.327499999999993,1,1477.993,1486.816
38,3942226,Germany,2,36.96875,10.667499999999997,0.04374999999998863,67.9575,1,1538.442,1541.122
39,3942226,Germany,2,0.04374999999998863,67.9575,3.6312499999999943,30.302500000000002,1,1587.211,1589.975
40,3942226,Spain,13,3.63125,30.302499999999995,84.74375,2.507499999999993,1,1591.744,1626.567
41,3942226,Spain,5,86.40625,2.8474999999999966,91.65625,26.052499999999995,1,1682.301,1687.164
42,3942226,Germany,8,91.65625,31.832499999999996,51.05625,37.9525,1,1723.374,1732.611
43,3942226,Germany,32,51.05625,37.95250000000001,13.34375,49.4275,1,1765.12,1805.241
44,3942226,Germany,28,24.71875,67.9575,23.581249999999997,23.1625,1,1810.412,1845.069
45,3942226,Spain,4,25.76875,23.162499999999994,60.418749999999996,16.7025,1,1845.95,1851.584
46,3942226,Spain,30,59.106249999999996,12.3675,55.431250000000006,1.6574999999999989,1,1869.015,1914.977
47,3942226,Germany,57,65.23124999999999,6.332499999999996,3.9812499999999886,35.40250000000001,1,1916.59,1997.072
48,3942226,Spain,4,3.98125,35.4025,57.88125,33.53249999999999,1,1997.982,2035.349
49,3942226,Germany,13,57.881249999999994,33.5325,4.506249999999994,33.0225,1,2036.376,2053.673
50,3942226,Spain,1,4.24375,33.6175,4.24375,33.6175,1,2054.22,2054.22
51,3942226,Spain,23,4.24375,33.6175,66.98124999999999,17.4675,1,2058.826,2100.223
52,3942226,Spain,5,66.98125,17.4675,97.16875,46.8775,1,2102.459,2118.734
53,3942226,Germany,5,83.78125,55.462500000000006,29.09375,20.1025,1,2152.353,2159.62
54,3942226,Spain,13,29.09375,20.1025,64.35625,20.442499999999995,1,2163.723,2201.537
55,3942226,Germany,3,64.35625,20.442500000000003,57.618750000000006,29.622499999999995,1,2204.591,2207.777
56,3942226,Germany,5,57.61875,30.132500000000007,48.25624999999999,0.04250000000000398,1,2224.262,2230.397
57,3942226,Spain,55,50.00625000000001,0.04250000000000398,98.65625,39.567499999999995,1,2239.542,2332.992
58,3942226,Germany,6,95.24375,25.372500000000002,50.88125,2.3375000000000057,1,2344.728,2360.067
59,3942226,Germany,9,52.106249999999996,2.3375000000000057,45.63125,5.5674999999999955,1,2379.695,2388.351
60,3942226,Spain,37,45.63125,5.5674999999999955,43.18125,42.4575,1,2391.077,2454.333
61,3942226,Spain,3,43.00625,45.3475,96.64375,45.3475,1,2475.291,2478.992
62,3942226,Germany,7,96.64375,45.3475,8.006249999999994,48.917500000000004,1,2481.406,2491.628
63,3942226,Spain,12,8.006249999999998,48.917500000000004,79.93125,13.982499999999995,1,2496.363,2516.598
64,3942226,Germany,20,79.93125,13.982500000000002,101.71875,0.04250000000000398,1,2517.36,2565.07
65,3942226,Germany,5,97.86875,0.04250000000000398,83.16875,16.1075,1,2599.613,2604.602
66,3942226,Spain,31,75.29375,15.682499999999997,92.18125,20.1025,1,2605.937,2659.164
67,3942226,Germany,7,92.18125,20.1025,48.08125,20.1025,1,2659.8135,2667.261
68,3942226,Spain,12,48.081250000000004,20.1025,103.20625,34.0425,1,2671.381,2691.531
69,3942226,Germany,1,103.55625,34.127500000000005,103.55625,34.127500000000005,1,2692.447,2692.447
70,3942226,Germany,10,99.09375,33.70250000000001,63.65625,0.9775000000000063,1,2702.623,2714.043
71,3942226,Spain,39,63.65624999999999,0.977499999999992,80.89375,40.5875,1,2715.037,2773.29
72,3942226,Germany,7,82.46875,32.682500000000005,69.43125,41.0125,1,2774.0,2777.513
73,3942226,Germany,3,68.73124999999999,40.84250000000001,44.75624999999999,60.9875,1,2819.426,2824.175
74,3942226,Spain,11,52.456250000000004,34.0425,41.956250000000004,51.9775,2,0.812,18.533
75,3942226,Spain,21,38.36875,52.4875,104.95625000000001,32.0025,2,67.099,108.506
76,3942226,Germany,20,98.91875,37.4425,0.04374999999998863,22.057499999999997,2,133.345,171.279
77,3942226,Spain,4,5.20625,42.542500000000004,76.60625,67.9575,2,188.775,198.393
78,3942226,Germany,3,69.43124999999999,67.9575,53.24374999999999,60.7325,2,221.549,222.866
79,3942226,Spain,4,45.71875,63.6225,58.93125,65.8325,2,223.716,225.769
80,3942226,Spain,8,58.14375000000001,67.9575,62.25625000000001,13.047499999999992,2,243.623,262.76
81,3942226,Germany,8,61.03125,15.342500000000001,41.081250000000004,5.482500000000002,2,283.757,289.547
82,3942226,Germany,3,43.96874999999999,0.04250000000000398,31.018749999999997,23.417500000000004,2,302.454,304.206
83,3942226,Spain,5,30.406250000000004,13.047499999999992,44.40625000000001,43.1375,2,305.742,316.682
84,3942226,Spain,8,44.40625,43.1375,104.95625000000001,36.42249999999999,2,346.557,360.509
85,3942226,Germany,36,51.668749999999996,34.042500000000004,20.34375,38.8875,2,449.454,514.832
86,3942226,Spain,5,20.34375,38.8875,80.80625,29.877499999999998,2,515.448,522.627
87,3942226,Germany,24,80.80625,29.877500000000005,18.068749999999994,38.037499999999994,2,524.666,563.013
88,3942226,Spain,24,17.981250000000003,42.7975,97.16875,33.957499999999996,2,565.168,593.889
89,3942226,Germany,21,92.18125,37.1025,10.806250000000006,48.662499999999994,2,597.792,636.134
90,3942226,Spain,4,10.80625,48.6625,25.15625,55.97250000000001,2,636.633,639.732
91,3942226,Spain,5,28.83125,56.057500000000005,48.606249999999996,12.112499999999997,2,717.014,722.99
92,3942226,Spain,12,48.95625,12.112499999999997,94.71875,37.5275,2,739.431,762.571
93,3942226,Germany,26,94.71875,37.52750000000001,76.60624999999999,21.5475,2,763.492,792.379
94,3942226,Spain,15,76.60625,21.547499999999992,71.09375,6.842500000000001,2,792.879,811.893
95,3942226,Germany,7,70.91875,19.082499999999996,26.73124999999999,67.9575,2,813.739,828.741
96,3942226,Germany,31,26.73124999999999,67.9575,16.318749999999994,34.6375,2,837.923,883.168
97,3942226,Germany,4,0.04374999999998863,67.9575,0.13124999999999432,23.247500000000002,2,927.412,933.398
98,3942226,Spain,11,5.20625,33.3625,37.84375,27.837500000000006,2,957.794,971.495
99,3942226,Germany,9,37.84375,27.8375,18.59375,62.34750000000001,2,972.991,988.346
100,3942226,Germany,13,18.59375,62.34750000000001,10.10625,53.167500000000004,2,990.771,1004.786
101,3942226,Germany,2,0.04374999999998863,67.9575,0.04374999999998863,27.327500000000008,2,1085.376,1087.025
102,3942226,Spain,1,5.20625,29.112499999999997,68.81875000000001,19.5075,2,1122.549,1122.549
103,3942226,Germany,2,68.81875,19.5075,42.831250000000004,2.167500000000004,2,1126.138,1128.604
104,3942226,Germany,5,43.53125,0.04250000000000398,7.393749999999997,32.0875,2,1143.033,1154.27
105,3942226,Spain,3,7.393749999999999,32.087500000000006,54.993750000000006,15.512500000000003,2,1156.665,1159.394
106,3942226,Germany,15,54.99374999999999,15.512500000000003,24.018749999999997,29.197500000000005,2,1163.234,1182.112
107,3942226,Spain,2,25.943749999999998,32.2575,26.20625000000001,30.9825,2,1182.697,1182.737
108,3942226,Spain,7,34.25625,30.2175,49.30624999999999,11.432499999999997,2,1210.819,1216.506
109,3942226,Spain,16,49.30625,11.432500000000005,79.23124999999999,24.692499999999995,2,1233.649,1255.607
110,3942226,Germany,8,79.23125,24.692500000000003,21.74374999999999,37.3575,2,1256.736,1265.506
111,3942226,Spain,4,7.218750000000001,30.387500000000003,64.61874999999999,34.807500000000005,2,1268.185,1291.041
112,3942226,Spain,3,73.54375,39.0575,82.81875,34.7225,2,1340.779,1344.091
113,3942226,Germany,7,82.81875,34.7225,13.168749999999989,22.652500000000003,2,1344.894,1350.164
114,3942226,Spain,26,12.03125,24.692499999999995,94.36875,51.2975,2,1366.111,1413.098
115,3942226,Germany,26,94.36875,51.2975,2.3187499999999943,49.002500000000005,2,1413.098,1443.965
116,3942226,Spain,44,7.218750000000001,30.2175,54.11875,12.112499999999997,2,1463.671,1521.778
117,3942226,Germany,40,54.11875,12.112499999999997,8.53125,42.1175,2,1524.919,1573.763
118,3942226,Spain,10,8.53125,42.1175,29.53125,59.2025,2,1575.502,1584.675
119,3942226,Germany,11,42.481249999999996,58.6075,0.04374999999998863,41.182500000000005,2,1587.089,1601.888
120,3942226,Spain,3,5.20625,42.542500000000004,46.50625000000001,55.3775,2,1628.574,1631.727
121,3942226,Germany,8,46.506249999999994,55.377500000000005,20.16874999999999,27.327500000000008,2,1634.207,1639.754
122,3942226,Spain,9,20.16875,27.3275,85.70625,13.7275,2,1642.255,1651.931
123,3942226,Spain,4,88.24375,13.1325,86.23125,29.197500000000005,2,1721.009,1724.395
124,3942226,Germany,3,86.23125,29.197500000000005,79.23124999999999,13.8975,2,1725.835,1729.723
125,3942226,Germany,2,79.23125,14.067500000000003,18.418750000000003,24.3525,2,1739.82,1751.842
126,3942226,Spain,27,18.41875,24.3525,58.14375000000001,2.677499999999995,2,1754.633,1788.27
127,3942226,Germany,28,55.168749999999996,0.04250000000000398,0.04374999999998863,37.4425,2,1798.479,1875.844
128,3942226,Spain,9,8.53125,49.1725,49.568749999999994,4.292500000000004,2,1877.166,1887.163
129,3942226,Spain,1,47.90625,0.04250000000000398,65.31875000000001,10.412499999999994,2,1914.586,1914.586
130,3942226,Germany,39,69.16875,12.877499999999998,16.231250000000003,50.3625,2,1918.012,1977.24
131,3942226,Spain,4,16.231250000000003,50.3625,54.64375,22.652500000000003,2,1977.24,1982.837
132,3942226,Spain,21,37.493750000000006,0.04250000000000398,84.21875,67.9575,2,2085.473,2106.994
133,3942226,Germany,18,83.51875,67.9575,0.04374999999998863,28.7725,2,2118.252,2143.268
134,3942226,Spain,3,5.20625,29.792499999999997,0.04374999999998863,32.852500000000006,2,2205.884,2211.06
135,3942226,Spain,2,5.20625,32.5125,81.41875,13.217500000000001,2,2248.322,2250.449
136,3942226,Germany,9,81.41875,13.217500000000001,28.481250000000003,42.287499999999994,2,2251.505,2267.616
137,3942226,Spain,8,28.481250000000006,42.2875,45.63124999999999,33.2775,2,2269.039,2276.408
138,3942226,Spain,25,44.93125,33.53249999999999,104.95625000000001,37.9525,2,2287.346,2311.067
139,3942226,Germany,9,101.36875,35.4875,65.31875000000001,65.6625,2,2321.912,2331.871
140,3942226,Germany,9,69.69375,67.9575,24.631249999999998,26.052499999999995,2,2336.286,2356.219
141,3942226,Germany,1,6.34375,41.267500000000005,6.34375,41.267500000000005,2,2439.13,2439.13
142,3942226,Spain,7,11.41875,39.8225,73.63125000000001,46.6225,2,2470.534,2479.71
143,3942226,Germany,6,73.63125,46.6225,0.04374999999998863,0.04250000000000398,2,2479.917,2489.51
144,3942226,Germany,9,0.04374999999998863,0.04250000000000398,38.89375000000001,0.04250000000000398,2,2521.013,2530.358
145,3942226,Germany,12,38.89375000000001,0.04250000000000398,79.58125,0.46750000000000114,2,2542.132,2564.011
146,3942226,Germany,24,78.70625,0.04250000000000398,0.04374999999998863,30.557500000000005,2,2570.875,2601.794
147,3942226,Spain,2,52.456250000000004,34.0425,55.25625,65.1525,2,2693.849,2694.545
148,3942226,Germany,5,60.15625,65.8325,29.18124999999999,63.537499999999994,2,2700.369,2705.321
149,3942226,Spain,17,29.181250000000002,63.5375,93.75625,9.6475,2,2705.321,2729.754
150,3942226,Germany,1,98.91875,35.2325,60.68125,54.52750000000001,2,2763.644,2763.644
151,3942226,Spain,12,61.03125000000001,55.3775,88.15625,49.8525,2,2767.352,2781.443
152,3942226,Germany,5,88.15625,49.8525,69.69375,50.8725,2,2782.61,2784.981
153,3942226,Spain,10,69.69375000000001,47.8975,83.86875,35.0625,2,2786.371,2791.857
154,3942226,Germany,5,83.86875,35.0625,80.80625,32.2575,2,2793.827,2798.676
155,3942226,Germany,9,69.34375,29.027500000000003,11.418750000000003,21.5475,2,2833.719,2842.177
156,3942226,Spain,11,11.41875,21.547499999999992,100.58125,21.292499999999997,2,2845.495,2869.58
157,3942226,Germany,3,100.58125,21.292500000000004,102.24375,20.1875,2,2873.415,2874.108
158,3942226,Germany,12,92.79375,20.9525,0.04374999999998863,38.462500000000006,2,2905.248,2928.968
159,3942226,Spain,18,53.331250000000004,33.957499999999996,104.95625000000001,14.832499999999996,3,0.278,24.961
160,3942226,Germany,7,101.89375,33.2775,69.08125,24.182499999999997,3,47.004,54.486
161,3942226,Spain,6,69.08125,24.182499999999997,67.06875,15.682499999999997,3,56.233,59.407
162,3942226,Germany,7,67.06875,15.682499999999997,0.04374999999998863,0.04250000000000398,3,62.053,72.913
163,3942226,Germany,1,0.04374999999998863,0.04250000000000398,6.168750000000003,36.5075,3,125.361,125.361
164,3942226,Spain,5,6.168749999999999,36.50749999999999,29.793750000000006,34.8075,3,127.234,131.256
165,3942226,Germany,13,29.79374999999999,34.807500000000005,10.368750000000006,38.6325,3,131.256,152.071
166,3942226,Spain,12,10.63125,42.2025,67.85624999999999,59.4575,3,173.742,190.68
167,3942226,Spain,13,70.39375,60.8175,104.95625000000001,26.5625,3,223.109,246.077
168,3942226,Germany,3,102.41875,33.8725,66.80624999999999,16.5325,3,263.937,267.252
169,3942226,Spain,18,66.80625,16.53249999999999,55.43125,61.072500000000005,3,269.017,293.436
170,3942226,Spain,77,56.13125000000001,60.8175,77.74375,43.7325,3,300.927,418.915
171,3942226,Germany,12,77.74375,43.7325,36.706250000000004,64.4725,3,419.5385,429.486
172,3942226,Germany,4,37.756249999999994,67.9575,27.78125,47.5575,3,432.109,436.763
173,3942226,Spain,5,27.78125,47.5575,34.256249999999994,37.4425,3,438.563,445.342
174,3942226,Spain,9,35.30625,33.107499999999995,73.80625,53.167500000000004,3,504.382,513.679
175,3942226,Germany,44,73.80624999999999,53.167500000000004,52.10625,9.90249999999999,3,516.556,570.227
176,3942226,Germany,20,57.18125,16.957499999999996,0.04374999999998863,22.652500000000003,3,602.097,626.471
177,3942226,Spain,15,6.08125,36.50749999999999,66.80624999999999,67.9575,3,728.273,752.799
178,3942226,Spain,15,65.93125000000002,67.9575,104.95625000000001,38.8875,3,766.496,787.241
179,3942226,Germany,2,100.93125,31.832499999999996,24.631249999999994,43.7325,3,822.589,826.024
180,3942226,Spain,6,24.631249999999998,43.7325,56.74375000000001,7.6924999999999955,3,829.728,837.693
181,3942226,Germany,48,58.84375,15.002499999999998,0.04374999999998863,38.1225,3,839.211,903.729
182,3942226,Spain,8,6.08125,35.8275,51.668749999999996,34.042500000000004,3,945.705,959.475
183,3942226,Germany,15,51.668749999999996,34.042500000000004,45.456250000000004,8.287500000000001,4,0.512,14.883
184,3942226,Spain,3,45.45625,8.287499999999994,55.78125,15.59749999999999,4,17.94,20.552
185,3942226,Germany,11,55.78125,15.597499999999997,22.006249999999994,0.04250000000000398,4,22.138,36.978
186,3942226,Germany,9,22.006249999999994,0.04250000000000398,3.106250000000003,31.237499999999997,4,71.727,80.859
187,3942226,Spain,31,3.10625,31.237499999999997,104.95625000000001,67.9575,4,81.678,139.359
188,3942226,Spain,3,104.95625000000001,67.9575,92.61875,28.177500000000002,4,166.447,169.575
189,3942226,Germany,6,92.61875,28.177500000000002,0.04374999999998863,27.4125,4,170.317,184.981
190,3942226,Spain,1,5.20625,40.1625,80.19375000000001,63.3675,4,239.065,239.065
191,3942226,Germany,6,80.19375,63.3675,67.41875,53.6775,4,245.334,255.013
192,3942226,Germany,6,67.76875,53.5075,8.181249999999991,66.42750000000001,4,282.984,297.665
193,3942226,Spain,31,8.18125,66.4275,96.81875,48.15250000000001,4,350.636,383.937
194,3942226,Germany,3,96.81875,48.15250000000001,77.48125,61.6675,4,385.846,389.073
195,3942226,Germany,4,77.48125,61.6675,30.056250000000006,38.037499999999994,4,391.0955,395.63
196,3942226,Spain,8,30.056250000000002,38.0375,104.95625000000001,39.482499999999995,4,397.686,410.115
197,3942226,Germany,2,98.91875,31.067500000000003,41.69374999999999,21.292500000000004,4,526.052,529.51
198,3942226,Spain,46,41.69375000000001,21.292499999999997,96.64375,20.612499999999997,4,530.809,603.646
201,3942226,Germany,10,95.06875,21.5475,1.44375,35.4025,4,659.922,680.253
203,3942226,Germany,3,54.64375,0.04250000000000398,92.61875,30.557499999999997,4,746.286,763.382
204,3942226,Germany,9,92.61875,30.557500000000005,68.46875,0.04250000000000398,4,768.774,782.39
205,3942226,Spain,19,68.46875,0.04250000000000398,104.95625000000001,36.7625,4,810.915,833.859
206,3942226,Germany,13,51.668749999999996,34.042500000000004,29.443749999999994,0.04250000000000398,4,952.302,980.211
207,3942226,Germany,13,29.443749999999994,0.04250000000000398,50.268750000000004,19.167499999999997,4,987.227,1003.241
208,3942226,Spain,3,50.268750000000004,19.167499999999997,100.58125,32.2575,4,1010.174,1015.952
209,3942226,Germany,14,102.50625,40.417500000000004,84.39375000000001,54.4425,4,1018.281,1051.294
210,3942226,Germany,8,96.03125,41.4375,0.04374999999998863,38.292500000000004,4,1053.284,1075.235
211,3942226,Spain,3,5.20625,38.0375,74.15625,60.0525,4,1131.757,1136.409
212,3942226,Spain,3,73.89375,60.0525,92.61875,65.3225,4,1175.283,1176.853
213,3942226,Germany,9,101.54375,65.0675,24.71875,7.607500000000002,4,1183.965,1195.585
214,3942226,Germany,1,19.818749999999994,8.287500000000001,5.293750000000003,34.46750000000001,4,1262.542,1262.542
215,3942226,Spain,1,5.29375,34.4675,5.29375,34.4675,4,1264.342,1264.342
2,3938645,Belgium,9,52.543749999999996,33.9575,57.26874999999999,52.2325,1,1.181,16.522
3,3938645,Ukraine,5,57.26875,52.2325,102.24375,47.5575,1,18.369,23.877
4,3938645,Ukraine,7,104.95625000000001,67.9575,104.95625000000001,16.6175,1,41.283,50.366
5,3938645,Belgium,21,101.71875,39.7375,12.381249999999994,23.0775,1,67.834,106.396
6,3938645,Ukraine,6,12.38125,23.0775,4.76875,31.237499999999997,1,110.71,121.002
8,3938645,Ukraine,30,11.24375,27.667499999999997,84.21875,61.49750000000001,1,156.917,191.469
9,3938645,Ukraine,5,90.25625000000001,55.8025,102.76875,34.4675,1,194.563,201.85
10,3938645,Belgium,19,101.89375,32.1725,13.606249999999989,0.04250000000000398,1,206.542,233.751
11,3938645,Belgium,44,13.606249999999989,0.04250000000000398,1.8812499999999943,43.307500000000005,1,240.214,303.783
12,3938645,Ukraine,8,1.8812500000000005,43.3075,40.118750000000006,53.5075,1,307.096,334.419
13,3938645,Ukraine,3,37.23125,56.7375,75.38125000000001,47.5575,1,345.121,351.961
14,3938645,Belgium,16,75.38125,47.557500000000005,4.85625,29.197499999999998,1,353.916,389.278
15,3938645,Ukraine,2,8.79375,30.387500000000003,57.26875,58.2675,1,411.032,413.651
16,3938645,Belgium,25,57.26874999999999,58.2675,40.90625,4.207500000000003,1,417.939,453.713
17,3938645,Belgium,45,36.618750000000006,0.04250000000000398,19.64375,62.7725,1,460.411,516.162
18,3938645,Belgium,32,20.956249999999997,67.9575,62.69375000000001,5.3125,1,528.81,568.481
19,3938645,Belgium,9,60.418749999999996,7.182499999999997,10.106249999999989,9.987499999999997,1,583.737,598.133
20,3938645,Ukraine,7,10.10625,9.987499999999997,38.89375000000001,9.052500000000002,1,603.288,612.725
21,3938645,Belgium,9,38.89375000000001,9.052500000000002,16.931250000000006,6.587499999999999,1,614.9365,626.879
22,3938645,Ukraine,30,16.93125,6.587500000000006,50.44375000000001,20.697499999999998,1,628.777,686.915
23,3938645,Belgium,19,50.443749999999994,20.697499999999998,0.04374999999998863,45.9425,1,689.551,719.079
24,3938645,Ukraine,3,6.08125,40.5875,49.21875,35.7425,1,749.161,752.986
25,3938645,Belgium,7,49.21875,35.7425,23.93125,24.2675,1,756.098,761.566
26,3938645,Belgium,2,0.04374999999998863,0.04250000000000398,0.04374999999998863,0.04250000000000398,1,794.821,795.916
27,3938645,Belgium,1,0.04374999999998863,0.04250000000000398,0.39374999999999716,43.8175,1,813.052,813.052
28,3938645,Ukraine,31,5.11875,41.0125,91.91874999999999,67.9575,1,836.693,886.542
29,3938645,Ukraine,19,91.91874999999999,67.9575,57.26875,0.04250000000000398,1,891.342,917.16
30,3938645,Belgium,21,61.90625,0.04250000000000398,26.90625,39.7375,1,927.887,965.935
31,3938645,Belgium,9,16.931250000000006,67.9575,36.26875,45.2625,1,978.474,989.056
32,3938645,Ukraine,19,36.268750000000004,45.2625,87.10625,43.0525,1,991.174,1027.73
33,3938645,Belgium,2,87.10625,43.0525,86.58125,56.4825,1,1029.059,1031.199
34,3938645,Belgium,16,86.58125,58.692499999999995,34.78125,8.372500000000002,1,1049.236,1077.216
35,3938645,Ukraine,7,34.78125,8.372499999999995,28.393750000000004,40.0775,1,1078.023,1098.368
36,3938645,Belgium,12,47.90625000000001,15.8525,19.11874999999999,17.2975,1,1100.961,1119.02
37,3938645,Ukraine,44,2.93125,17.807499999999997,103.55625,32.6825,1,1121.407,1190.779
38,3938645,Belgium,1,103.64375,33.4475,103.64375,33.4475,1,1191.648,1191.648
39,3938645,Belgium,16,103.64375,33.4475,40.118750000000006,48.2375,1,1194.096,1219.053
40,3938645,Ukraine,5,40.11875,48.2375,104.95625000000001,25.372499999999995,1,1220.127,1226.72
41,3938645,Belgium,11,100.93125,38.037499999999994,30.056250000000002,11.942499999999995,1,1261.23,1284.215
42,3938645,Ukraine,10,34.25625,0.04250000000000398,83.25625000000001,38.63249999999999,1,1294.364,1319.484
43,3938645,Belgium,37,81.85625,21.802499999999995,0.04374999999998863,39.142500000000005,1,1321.458,1373.384
44,3938645,Ukraine,10,5.03125,30.7275,74.59375,9.987499999999997,1,1384.061,1404.202
45,3938645,Belgium,72,74.59375,9.987499999999997,3.106250000000003,46.7075,1,1405.606,1501.485
46,3938645,Ukraine,21,3.8062500000000004,33.192499999999995,83.08125,25.372499999999995,1,1516.784,1555.64
47,3938645,Belgium,18,102.76875,1.7425000000000068,12.38125,1.7425000000000068,1,1560.298,1588.371
48,3938645,Ukraine,9,12.38125,1.7425000000000068,104.95625000000001,28.432499999999997,1,1593.815,1619.953
49,3938645,Belgium,1,99.79375,33.8725,35.74374999999999,46.1125,1,1664.104,1664.104
50,3938645,Ukraine,12,35.743750000000006,46.1125,104.95625000000001,26.137500000000003,1,1667.87,1689.894
51,3938645,Belgium,7,99.79375,35.7425,57.09374999999999,66.8525,1,1732.477,1742.905
52,3938645,Belgium,23,56.04375,67.9575,28.918750000000003,52.0625,1,1774.998,1821.229
53,3938645,Belgium,1,27.956249999999997,59.0325,0.04374999999998863,38.1225,1,1951.51,1951.51
54,3938645,Ukraine,12,6.08125,37.6975,78.09375,0.04250000000000398,1,1970.544,1991.056
55,3938645,Belgium,3,82.55625,0.04250000000000398,69.86874999999999,2.8474999999999966,1,2007.175,2008.744
56,3938645,Ukraine,16,67.59375,0.04250000000000398,104.16875,36.9325,1,2011.47,2037.86
57,3938645,Belgium,1,103.46875,35.7425,103.46875,35.7425,1,2038.74,2038.74
58,3938645,Belgium,25,102.85625,33.4475,31.28125,64.3875,1,2050.938,2084.926
59,3938645,Ukraine,20,31.28125,64.3875,67.50625000000001,42.7125,1,2087.802,2115.477
60,3938645,Belgium,5,67.50625,36.167500000000004,38.36875,48.832499999999996,1,2116.809,2123.785
61,3938645,Belgium,21,39.33125000000001,51.212500000000006,33.11875,53.2525,1,2132.344,2162.843
62,3938645,Belgium,7,25.76875000000001,67.9575,0.04374999999998863,30.387500000000003,1,2170.29,2182.957
63,3938645,Ukraine,23,3.8937500000000003,33.2775,104.95625000000001,55.8025,1,2200.587,2253.37
64,3938645,Belgium,30,100.58125,29.2825,31.28125,39.7375,1,2269.301,2310.575
65,3938645,Belgium,7,33.556250000000006,40.9275,11.768749999999997,18.402500000000003,1,2435.39,2446.347
66,3938645,Ukraine,17,11.768749999999999,18.402500000000003,99.88125000000001,0.04250000000000398,1,2447.767,2478.544
67,3938645,Belgium,1,96.20625,0.04250000000000398,76.25625,0.04250000000000398,1,2513.535,2513.535
68,3938645,Ukraine,10,71.53125,0.04250000000000398,80.36875,52.572500000000005,1,2523.746,2538.989
69,3938645,Ukraine,1,78.53125,53.082499999999996,104.51875000000001,35.997499999999995,1,2599.035,2599.035
70,3938645,Belgium,1,104.08125,34.2975,104.08125,34.2975,1,2600.408,2600.408
71,3938645,Belgium,15,93.75625,36.4225,50.44375000000001,52.0625,1,2612.436,2637.695
72,3938645,Belgium,20,56.56875,53.252500000000005,63.043749999999996,50.9575,1,2644.376,2674.672
73,3938645,Ukraine,4,63.043749999999996,50.957499999999996,75.20625000000001,50.957499999999996,1,2676.438,2679.572
74,3938645,Belgium,13,73.36874999999999,46.7075,1.18125,31.832499999999996,1,2681.221,2704.652
75,3938645,Ukraine,2,7.218750000000001,31.832499999999996,80.36875,17.297499999999992,1,2721.622,2732.056
76,3938645,Belgium,8,96.03125,5.3125,42.74374999999999,52.0625,1,2747.607,2764.785
77,3938645,Ukraine,20,42.74375,52.0625,104.95625000000001,26.307499999999997,1,2765.675,2809.254
78,3938645,Ukraine,18,52.456250000000004,34.0425,79.49375,7.777499999999989,2,0.181,28.929
79,3938645,Belgium,3,86.75625,8.7975,60.24375000000001,4.462500000000006,2,30.108,35.403
80,3938645,Belgium,68,60.24374999999999,4.462499999999999,0.04374999999998863,14.5775,2,49.627,145.161
81,3938645,Ukraine,24,5.03125,40.5875,90.78125,49.6825,2,161.822,200.592
82,3938645,Belgium,6,81.24375,45.8575,49.918749999999996,50.0225,2,202.296,206.187
83,3938645,Ukraine,7,49.91875,50.0225,67.85625,47.3025,2,209.165,218.333
84,3938645,Belgium,22,67.50625,47.7275,19.20625000000001,28.347499999999997,2,220.229,246.626
85,3938645,Ukraine,11,18.33125,27.497499999999995,87.71875,20.1025,2,286.768,307.121
86,3938645,Belgium,5,87.71875,20.1025,97.43125,0.46750000000000114,2,309.624,314.54
87,3938645,Ukraine,9,94.63125,0.04250000000000398,82.90625,53.5925,2,341.073,355.711
88,3938645,Belgium,16,82.90625,53.59250000000001,14.568749999999994,26.137500000000003,2,358.209,384.775
89,3938645,Belgium,3,0.04374999999998863,0.04250000000000398,18.15625,39.3975,2,415.923,419.674
90,3938645,Ukraine,5,5.03125,34.8075,49.91875,67.9575,2,447.271,456.24
91,3938645,Belgium,17,52.01875,67.9575,64.61874999999999,11.517499999999998,2,465.263,490.02
92,3938645,Ukraine,10,56.393750000000004,10.922499999999992,104.95625000000001,51.8925,2,491.193,506.592
93,3938645,Belgium,24,101.01875,42.542500000000004,8.70625,57.1625,2,528.475,572.086
94,3938645,Belgium,9,0.04374999999998863,67.9575,0.04374999999998863,50.1925,2,590.96,600.144
95,3938645,Ukraine,1,5.20625,33.192499999999995,80.36875,26.052499999999995,2,685.148,685.148
96,3938645,Belgium,20,80.36875,26.052499999999995,7.65625,67.9575,2,690.937,724.255
97,3938645,Ukraine,12,18.59375,67.9575,39.68124999999999,67.9575,2,760.582,773.812
98,3938645,Ukraine,11,41.956250000000004,67.9575,42.56875,56.8225,2,778.454,795.419
99,3938645,Belgium,8,42.56875,56.822500000000005,22.09375,46.5375,2,796.547,811.589
100,3938645,Ukraine,7,22.09375,46.5375,97.25625000000001,53.847500000000004,2,812.1995,818.424
101,3938645,Belgium,25,81.24375,24.012500000000003,30.143749999999997,47.642500000000005,2,837.496,881.332
102,3938645,Ukraine,8,28.83125,47.0475,37.66875,52.6575,2,882.681,887.666
103,3938645,Belgium,34,37.66875,51.7225,27.956249999999997,4.377499999999991,2,888.108,939.209
104,3938645,Belgium,5,33.73124999999999,0.04250000000000398,23.493750000000006,20.9525,2,986.974,998.515
105,3938645,Ukraine,3,23.49375,20.9525,32.59375,31.4075,2,1001.194,1002.857
106,3938645,Ukraine,7,36.706250000000004,31.662499999999994,35.30625,10.922499999999992,2,1022.1,1029.475
107,3938645,Belgium,13,35.30624999999999,10.9225,13.081250000000011,8.457499999999996,2,1030.735,1042.161
108,3938645,Ukraine,8,5.03125,0.04250000000000398,62.78125,2.677499999999995,2,1052.235,1062.416
109,3938645,Ukraine,36,66.63125000000001,3.867500000000007,49.21875,29.962500000000006,2,1078.445,1132.252
110,3938645,Belgium,3,49.21875,29.9625,1.96875,35.6575,2,1135.14,1140.342
111,3938645,Ukraine,1,1.44375,36.677499999999995,1.44375,36.677499999999995,2,1141.034,1141.034
112,3938645,Ukraine,4,4.5062500000000005,34.29749999999999,49.21875,18.572499999999998,2,1156.521,1165.139
113,3938645,Belgium,38,60.856249999999996,14.747500000000002,34.256249999999994,6.842500000000001,2,1166.378,1220.028
114,3938645,Ukraine,2,32.24375,7.777499999999989,24.71875,7.097499999999997,2,1220.869,1222.258
115,3938645,Ukraine,6,20.518749999999997,10.2425,82.90625,18.232499999999995,2,1261.09,1270.403
116,3938645,Belgium,17,82.90625,18.2325,14.831249999999997,29.5375,2,1270.988,1287.843
117,3938645,Ukraine,3,14.831249999999999,29.537499999999994,55.081250000000004,30.7275,2,1386.679,1391.04
118,3938645,Belgium,15,55.08125,30.727500000000006,41.956250000000004,31.40749999999999,2,1392.76,1418.183
119,3938645,Belgium,24,40.381249999999994,30.387500000000003,34.08125,22.9925,2,1495.04,1526.643
120,3938645,Ukraine,7,34.08125,22.9925,91.30625,39.3125,2,1528.261,1533.702
121,3938645,Belgium,11,91.30625,39.3125,50.88125,49.34250000000001,2,1537.23,1556.958
122,3938645,Ukraine,11,50.88125,49.3425,88.94375000000001,41.352500000000006,2,1558.908,1578.812
123,3938645,Belgium,10,88.94375,41.3525,12.381249999999994,36.5075,2,1579.676,1594.945
124,3938645,Ukraine,10,12.38125,36.50749999999999,55.956250000000004,42.9675,2,1596.973,1617.252
125,3938645,Belgium,52,55.95625,42.96750000000001,88.06875,67.9575,2,1618.39,1691.825
126,3938645,Ukraine,11,91.65625,67.9575,93.23125,49.7675,2,1739.933,1753.392
127,3938645,Belgium,3,96.20625,40.502500000000005,54.731249999999996,64.89750000000001,2,1768.252,1772.592
128,3938645,Belgium,6,54.731249999999996,64.89750000000001,37.66875,0.04250000000000398,2,1775.888,1787.813
129,3938645,Ukraine,16,36.268750000000004,0.04250000000000398,63.30625000000001,14.5775,2,1792.318,1819.396
130,3938645,Belgium,9,63.30624999999999,14.5775,37.66875,14.4925,2,1821.453,1827.644
131,3938645,Belgium,3,19.20625000000001,0.04250000000000398,23.05625,0.46750000000000114,2,1860.041,1861.234
132,3938645,Belgium,3,18.59375,0.04250000000000398,26.73124999999999,5.397500000000001,2,1868.904,1873.406
133,3938645,Ukraine,3,29.356250000000003,6.672499999999992,73.98125,0.04250000000000398,2,1920.765,1926.321
134,3938645,Belgium,1,72.58125,0.04250000000000398,45.456250000000004,0.5524999999999949,2,1947.43,1947.43
135,3938645,Ukraine,34,47.81875,0.04250000000000398,104.95625000000001,29.877499999999998,2,1953.251,2030.516
136,3938645,Ukraine,1,47.46875,25.2025,47.46875,25.2025,2,2075.871,2075.871
137,3938645,Belgium,13,47.46874999999999,25.2025,39.85624999999999,12.197499999999998,2,2117.948,2141.353
138,3938645,Ukraine,5,39.85625,12.197499999999998,65.75625000000001,2.9325000000000045,2,2144.906,2149.411
139,3938645,Ukraine,13,65.75625000000001,2.9325000000000045,91.65625,3.2724999999999937,2,2154.096,2190.627
140,3938645,Ukraine,4,104.08125000000001,0.6375000000000028,104.95625000000001,0.04250000000000398,2,2230.885,2232.824
141,3938645,Ukraine,2,104.95625000000001,0.04250000000000398,104.95625000000001,36.8475,2,2258.425,2259.449
142,3938645,Belgium,3,98.91875,33.7875,6.6937500000000005,0.6375000000000028,2,2293.883,2298.916
143,3938645,Belgium,13,6.4312499999999915,0.04250000000000398,42.30624999999999,38.71750000000001,2,2340.831,2360.907
144,3938645,Ukraine,17,42.306250000000006,38.7175,84.04375,25.372499999999995,2,2364.352,2384.682
145,3938645,Ukraine,10,84.04375,25.372499999999995,68.55625,43.3075,2,2388.259,2409.285
146,3938645,Belgium,9,68.55625,43.307500000000005,0.04374999999998863,67.9575,2,2411.469,2421.31
147,3938645,Belgium,9,0.04374999999998863,67.9575,29.706249999999997,41.0975,2,2454.897,2466.183
148,3938645,Ukraine,15,29.706250000000004,41.0975,79.49375,21.972499999999997,2,2470.375,2497.455
149,3938645,Belgium,7,79.49375,21.972499999999997,0.04374999999998863,27.752500000000005,2,2499.756,2511.663
150,3938645,Ukraine,16,3.63125,35.8275,68.20625000000001,48.5775,2,2524.172,2562.996
153,3938645,Ukraine,12,55.518750000000004,27.582499999999996,97.78125,50.5325,2,2611.099,2632.284
154,3938645,Belgium,1,98.91875,35.82750000000001,30.40625,50.3625,2,2679.605,2679.605
155,3938645,Ukraine,6,30.406250000000004,50.3625,35.91875,67.9575,2,2683.194,2695.125
156,3938645,Ukraine,1,41.956250000000004,67.9575,54.46875000000001,57.417500000000004,2,2704.196,2704.196
157,3938645,Belgium,13,54.46875,57.4175,13.081250000000011,23.332499999999996,2,2705.855,2718.506
158,3938645,Ukraine,7,13.081249999999999,23.332499999999996,103.73125,32.9375,2,2718.506,2738.198
159,3938645,Belgium,1,91.39375,34.807500000000005,8.706249999999997,0.29749999999999943,2,2764.23,2764.23
160,3938645,Ukraine,6,14.218749999999998,0.04250000000000398,73.80625,37.1875,2,2777.292,2794.334
161,3938645,Belgium,17,73.80624999999999,37.1875,8.53125,18.317500000000003,2,2795.129,2820.517
162,3938645,Belgium,5,19.818749999999994,0.04250000000000398,7.481249999999999,11.0075,2,2848.944,2852.499
163,3938645,Belgium,3,0.04374999999998863,0.04250000000000398,2.5812500000000003,4.462500000000006,2,2877.898,2882.263
164,3938645,Belgium,5,0.04374999999998863,0.04250000000000398,2.40625,7.607500000000002,2,2893.561,2904.352
165,3938645,Ukraine,8,5.20625,33.957499999999996,35.83125000000001,64.7275,2,2920.364,2932.602
166,3938645,Ukraine,3,34.25625,67.9575,7.656250000000001,33.957499999999996,2,2940.251,2943.767
2,3930184,Czech Republic,5,52.456250000000004,34.0425,87.98125,18.0625,1,0.489,7.939
3,3930184,Turkey,6,87.98125,18.0625,87.63125,13.0475,1,10.585,16.577
4,3930184,Czech Republic,2,93.75625000000001,30.6425,95.94375,29.452500000000008,1,33.905,33.991
5,3930184,Turkey,2,95.94375,29.452500000000008,22.53125,67.9575,1,78.688,82.472
6,3930184,Czech Republic,3,16.66875,67.9575,50.09375,61.4975,1,95.431,98.185
7,3930184,Turkey,7,50.09375,61.49750000000001,40.99374999999999,56.2275,1,101.591,106.261
8,3930184,Czech Republic,8,40.993750000000006,56.2275,103.20625,34.212500000000006,1,107.322,117.65
9,3930184,Czech Republic,4,104.95625000000001,0.04250000000000398,100.49375,29.4525,1,140.545,145.938
10,3930184,Turkey,4,100.49375,29.452500000000008,36.443749999999994,0.04250000000000398,1,148.48,157.071
11,3930184,Turkey,5,36.443749999999994,0.04250000000000398,29.96875,2.9325000000000045,1,178.917,181.769
12,3930184,Turkey,1,33.556250000000006,0.04250000000000398,15.881249999999994,7.267499999999998,1,193.245,193.245
13,3930184,Czech Republic,5,15.88125,7.267499999999998,50.268750000000004,2.507499999999993,1,194.925,200.886
14,3930184,Czech Republic,8,53.68125,3.697499999999991,68.03125,6.672499999999992,1,214.853,227.406
15,3930184,Turkey,4,68.03125,6.672499999999999,49.043749999999996,14.747500000000002,1,229.525,234.615
16,3930184,Czech Republic,8,49.04375,14.747499999999995,101.89375,49.4275,1,234.615,242.57
17,3930184,Turkey,19,101.89375,49.4275,1.8812499999999943,25.542500000000004,1,248.135,295.742
18,3930184,Czech Republic,9,5.20625,31.067499999999995,68.64375000000001,28.5175,1,317.081,329.358
19,3930184,Turkey,10,67.76875,29.027500000000003,64.53125,54.6975,1,330.068,336.25
20,3930184,Turkey,13,60.06875,67.9575,56.131249999999994,65.6625,1,340.435,362.333
21,3930184,Czech Republic,6,57.181250000000006,65.9175,89.38125000000001,40.75749999999999,1,363.221,367.475
22,3930184,Turkey,8,89.38125,40.7575,5.818749999999994,19.762500000000003,1,369.055,390.08
23,3930184,Turkey,2,0.04374999999998863,0.04250000000000398,1.70625,50.5325,1,434.955,436.516
24,3930184,Czech Republic,8,1.70625,50.5325,69.43125,6.162499999999994,1,440.594,456.913
25,3930184,Turkey,53,73.10625,0.04250000000000398,15.356250000000003,14.662500000000001,1,475.424,557.857
26,3930184,Czech Republic,17,14.74375,12.3675,44.66875,0.04250000000000398,1,560.123,600.046
27,3930184,Turkey,24,44.66875,0.04250000000000398,65.49375,4.9724999999999895,1,610.643,643.504
28,3930184,Turkey,13,66.98124999999999,4.802500000000002,56.04375,22.1425,1,676.643,697.137
29,3930184,Czech Republic,5,61.993750000000006,26.732499999999995,69.25625,4.462499999999999,1,698.147,704.334
30,3930184,Czech Republic,7,79.49375,0.04250000000000398,73.45625,30.2175,1,709.112,718.291
31,3930184,Turkey,23,73.45625,30.2175,0.04374999999998863,38.71750000000001,1,719.591,758.615
32,3930184,Czech Republic,15,5.11875,42.542500000000004,47.11875,4.717500000000001,1,786.406,804.582
33,3930184,Czech Republic,4,48.43125,0.04250000000000398,89.90625,8.627499999999998,1,827.212,831.944
34,3930184,Czech Republic,9,89.64375,0.04250000000000398,104.16875,34.2975,1,845.323,856.159
35,3930184,Turkey,3,91.39375,37.7825,71.26875,8.2025,1,868.526,873.073
36,3930184,Czech Republic,9,71.26875000000001,8.202499999999993,98.48124999999999,48.832499999999996,1,875.078,881.762
37,3930184,Turkey,4,98.48125,48.8325,75.73124999999999,55.8875,1,884.98,888.478
38,3930184,Turkey,3,76.08125,57.4175,50.268750000000004,0.04250000000000398,1,917.632,927.54
39,3930184,Czech Republic,10,43.18125,0.04250000000000398,93.49375,3.9525000000000006,1,939.417,960.754
40,3930184,Czech Republic,3,94.80625,0.04250000000000398,104.95625000000001,36.7625,1,978.331,981.542
41,3930184,Turkey,69,98.91875,37.697500000000005,40.118750000000006,45.7725,1,1003.41,1093.248
42,3930184,Czech Republic,41,40.11875,45.7725,52.368750000000006,26.137500000000003,1,1096.543,1157.565
43,3930184,Turkey,16,49.21875,27.8375,0.21875,43.8175,1,1275.356,1300.821
44,3930184,Czech Republic,4,5.20625,31.40749999999999,67.15625,27.4125,1,1329.868,1336.083
45,3930184,Czech Republic,6,66.80625,26.987499999999997,99.18125,36.932500000000005,1,1373.152,1379.388
46,3930184,Turkey,29,99.18125,36.932500000000005,17.193749999999994,47.557500000000005,1,1396.766,1450.997
47,3930184,Czech Republic,6,19.11875,47.3875,66.01875,63.8775,1,1482.732,1489.499
48,3930184,Turkey,72,66.01875,63.877500000000005,4.6812499999999915,31.832499999999996,1,1495.011,1594.824
49,3930184,Turkey,2,0.04374999999998863,0.04250000000000398,0.04374999999998863,28.347499999999997,1,1623.469,1624.717
50,3930184,Turkey,1,61.46875,9.222499999999997,61.46875,9.222499999999997,1,1657.525,1657.525
51,3930184,Czech Republic,3,67.94375,3.3575000000000017,77.13125000000001,5.397500000000001,1,1672.131,1673.943
52,3930184,Turkey,11,77.13125000000001,5.397500000000001,1.09375,35.3175,1,1673.943,1690.669
53,3930184,Czech Republic,9,1.09375,35.317499999999995,66.80625,7.6924999999999955,1,1691.823,1721.702
54,3930184,Turkey,27,70.65625,5.227499999999999,12.81874999999998,26.987499999999997,1,1730.681,1769.123
55,3930184,Czech Republic,9,12.818749999999998,26.987499999999997,29.26875,16.107499999999995,1,1769.899,1774.292
56,3930184,Turkey,28,29.26875000000001,16.1075,23.05624999999999,43.4775,1,1776.265,1812.864
57,3930184,Czech Republic,3,23.05625,43.477500000000006,32.59375,47.3875,1,1813.921,1815.974
58,3930184,Czech Republic,5,38.63125000000001,52.4875,35.30625,6.502499999999991,1,1845.468,1851.542
59,3930184,Turkey,13,34.16875,2.167500000000004,0.04374999999998863,67.9575,1,1853.216,1876.357
60,3930184,Turkey,7,0.04374999999998863,67.9575,2.9312499999999915,40.84250000000001,1,1903.714,1915.143
61,3930184,Turkey,8,0.04374999999998863,67.9575,20.081249999999997,0.3824999999999932,1,1934.653,1946.49
62,3930184,Czech Republic,24,29.26875,0.04250000000000398,3.4562500000000003,5.822499999999998,1,1965.335,1999.019
65,3930184,Turkey,37,46.15625,22.2275,4.15625,18.7425,1,2094.022,2150.769
66,3930184,Czech Republic,3,5.20625,32.087500000000006,65.14375,3.0174999999999983,1,2234.722,2244.149
67,3930184,Czech Republic,11,65.14375000000001,0.04250000000000398,63.30624999999999,33.2775,1,2341.113,2361.859
68,3930184,Czech Republic,1,99.88125000000001,50.1925,99.88125000000001,50.1925,1,2418.387,2418.387
69,3930184,Turkey,52,98.39375,45.9425,0.04374999999998863,34.892500000000005,1,2458.848,2549.233
70,3930184,Czech Republic,2,4.5062500000000005,30.47249999999999,68.11875,6.247499999999995,1,2580.246,2586.908
71,3930184,Turkey,17,66.89375,8.542499999999997,28.393749999999997,47.557500000000005,1,2614.378,2647.168
72,3930184,Czech Republic,6,27.51875,43.5625,99.44375,42.542500000000004,1,2647.725,2657.269
73,3930184,Czech Republic,3,92.79374999999999,67.9575,99.26875,48.5775,1,2681.316,2685.015
74,3930184,Czech Republic,20,104.95625000000001,67.9575,62.34375,66.3425,1,2717.32,2755.503
75,3930184,Czech Republic,16,73.80625,67.9575,90.25625000000001,12.622499999999995,1,2766.833,2796.804
76,3930184,Turkey,4,90.25625,12.622500000000002,78.88125000000001,5.822499999999998,1,2799.221,2802.721
77,3930184,Turkey,35,68.99375,0.04250000000000398,0.04374999999998863,36.6775,1,2820.593,2882.151
78,3930184,Turkey,19,52.543749999999996,33.9575,19.81875,67.8725,2,0.195,34.271
79,3930184,Turkey,11,17.543750000000003,67.9575,11.15625,0.04250000000000398,2,40.646,55.861
80,3930184,Turkey,13,11.15625,0.04250000000000398,0.04374999999998863,67.9575,2,62.112,79.75
81,3930184,Turkey,3,0.04374999999998863,67.9575,0.04374999999998863,38.377500000000005,2,106.866,109.655
82,3930184,Czech Republic,3,6.08125,29.962500000000006,62.168749999999996,0.04250000000000398,2,142.42,147.302
83,3930184,Czech Republic,1,62.168749999999996,0.04250000000000398,93.23125,21.887500000000003,2,155.509,155.509
84,3930184,Turkey,32,93.23125,21.887500000000003,66.10624999999999,67.1075,2,159.248,207.604
85,3930184,Turkey,5,61.20625,67.9575,41.08125,48.8325,2,220.054,229.913
86,3930184,Czech Republic,2,41.081250000000004,48.832499999999996,55.95625,46.02750000000001,2,230.917,233.707
87,3930184,Czech Republic,17,58.056250000000006,45.4325,102.59375,31.4925,2,257.248,290.433
88,3930184,Turkey,1,102.68125,32.4275,102.68125,32.4275,2,291.455,291.455
89,3930184,Turkey,22,94.28125,29.2825,0.04374999999998863,36.5075,2,315.506,348.409
90,3930184,Czech Republic,6,53.331250000000004,33.957499999999996,59.543749999999996,35.4875,2,614.555,628.58
91,3930184,Turkey,7,55.606249999999996,37.1875,28.74374999999999,20.612499999999997,2,629.26,663.403
92,3930184,Czech Republic,4,28.74375,20.612499999999997,49.74375,25.8825,2,667.021,683.83
93,3930184,Czech Republic,12,49.831250000000004,28.942499999999995,101.36875,47.5575,2,716.21,731.333
94,3930184,Turkey,1,95.76875,43.9875,11.15625,44.32750000000001,2,761.899,761.899
95,3930184,Czech Republic,6,10.71875,44.8375,41.34375000000001,2.507499999999993,2,767.892,775.688
96,3930184,Czech Republic,15,49.831250000000004,0.04250000000000398,95.06875,3.5275000000000034,2,786.204,817.954
97,3930184,Turkey,2,95.06875,3.5275000000000034,98.48124999999999,1.9975000000000023,2,820.872,821.524
98,3930184,Turkey,5,98.83125,1.9975000000000023,35.91875,0.04250000000000398,2,847.9,852.931
99,3930184,Czech Republic,6,26.643749999999997,0.04250000000000398,81.06875,36.3375,2,858.824,883.891
100,3930184,Turkey,12,95.06875,30.727500000000006,0.04374999999998863,67.9575,2,886.553,906.395
101,3930184,Turkey,11,0.04374999999998863,67.9575,9.84375,47.8125,2,922.764,941.142
102,3930184,Czech Republic,2,9.84375,47.8125,88.06875,47.21750000000001,2,947.219,961.657
103,3930184,Czech Republic,6,87.01875,47.2175,90.95625000000001,2.8474999999999966,2,1091.062,1096.995
104,3930184,Czech Republic,4,90.95625000000001,2.8474999999999966,101.10625,18.65749999999999,2,1101.0405,1106.979
105,3930184,Turkey,4,100.31875,27.497500000000002,5.206249999999997,35.0625,2,1147.193,1159.015
106,3930184,Czech Republic,6,10.63125,20.697499999999998,71.96875,1.3174999999999955,2,1161.161,1173.777
107,3930184,Czech Republic,6,79.23124999999999,0.04250000000000398,104.95625000000001,31.917499999999997,2,1218.493,1225.114
108,3930184,Turkey,13,52.543749999999996,33.9575,40.46875,21.207499999999996,2,1395.062,1412.56
109,3930184,Czech Republic,10,40.46875,21.207499999999996,90.51875,0.04250000000000398,2,1415.279,1435.365
110,3930184,Czech Republic,4,90.51875,0.04250000000000398,97.16875,36.9325,2,1450.736,1455.021
111,3930184,Turkey,24,96.73125,37.1025,92.26875,67.5325,2,1468.054,1522.523
112,3930184,Czech Republic,1,59.893750000000004,59.8825,59.893750000000004,59.8825,2,1545.566,1545.566
113,3930184,Turkey,10,61.03125,60.817499999999995,88.33125000000001,1.572499999999991,2,1566.353,1588.52
114,3930184,Turkey,13,86.58125,1.7425000000000068,6.693749999999994,29.877500000000005,2,1616.741,1635.108
115,3930184,Turkey,12,0.04374999999998863,0.04250000000000398,43.443749999999994,54.2725,2,1664.261,1684.376
116,3930184,Czech Republic,4,41.956250000000004,64.8975,93.49375,55.8025,2,1687.718,1693.598
117,3930184,Turkey,1,99.79375,37.3575,42.918749999999996,13.982500000000002,2,1728.65,1728.65
118,3930184,Czech Republic,15,42.91875,13.982499999999995,37.143750000000004,67.9575,2,1732.524,1759.843
119,3930184,Czech Republic,4,37.143750000000004,67.9575,87.71875,44.9225,2,1828.341,1832.584
120,3930184,Turkey,39,87.71875,44.9225,36.96875,10.412500000000001,2,1834.394,1891.502
121,3930184,Czech Republic,11,36.96875,10.412499999999994,100.75625,63.877500000000005,2,1895.073,1919.52
122,3930184,Czech Republic,1,104.95625000000001,67.9575,97.69375,29.877499999999998,2,1958.188,1958.188
123,3930184,Turkey,3,97.69375,29.877500000000005,49.39374999999999,8.967500000000001,2,1960.052,1963.106
124,3930184,Czech Republic,5,49.393750000000004,8.967500000000001,104.95625000000001,53.2525,2,1966.306,1975.002
125,3930184,Turkey,11,99.79375,35.3175,56.83125,46.6225,2,1994.464,2004.534
126,3930184,Czech Republic,5,47.46875,42.7975,94.89375000000001,67.9575,2,2005.777,2013.703
127,3930184,Czech Republic,31,94.89375000000001,67.9575,104.95625000000001,41.4375,2,2030.585,2094.568
128,3930184,Turkey,13,99.88125,34.5525,43.18125,4.292500000000004,2,2135.755,2158.033
129,3930184,Czech Republic,10,43.18125,4.292499999999997,84.21875,17.8925,2,2161.588,2180.821
130,3930184,Turkey,6,87.36875,18.8275,10.63125,4.9724999999999895,2,2224.694,2237.244
131,3930184,Turkey,33,17.893749999999997,0.04250000000000398,11.681249999999991,39.7375,2,2247.843,2306.817
132,3930184,Czech Republic,5,11.68125,39.7375,62.168749999999996,67.7025,2,2311.729,2320.702
133,3930184,Turkey,9,46.59375,67.9575,57.00625,46.6225,2,2378.154,2383.45
134,3930184,Czech Republic,1,61.81875,47.4725,104.95625000000001,13.217500000000001,2,2415.015,2415.015
135,3930184,Turkey,19,99.79375,25.8825,0.04374999999998863,34.9775,2,2434.286,2468.043
136,3930184,Czech Republic,2,6.08125,38.802499999999995,77.21875,43.7325,2,2514.799,2518.448
137,3930184,Turkey,30,77.21875,43.7325,45.806250000000006,46.792500000000004,2,2519.62,2560.01
138,3930184,Turkey,19,45.80624999999999,46.792500000000004,22.09375,31.492500000000007,2,2579.774,2604.064
139,3930184,Czech Republic,9,22.09375,31.4925,78.70625,22.737499999999997,2,2610.013,2627.37
140,3930184,Turkey,10,78.70625,22.737499999999997,0.04374999999998863,48.0675,2,2628.2765,2641.368
141,3930184,Czech Republic,23,3.63125,38.3775,69.78125,65.4925,2,2654.786,2705.633
142,3930184,Turkey,8,69.60624999999999,65.6625,1.35625,34.6375,2,2783.831,2811.144
143,3930184,Czech Republic,12,18.856250000000003,19.082499999999996,104.95625000000001,29.707499999999996,2,2823.244,2848.647
144,3930184,Turkey,1,100.23125,31.492500000000007,34.78125,51.127500000000005,2,2875.478,2875.478
145,3930184,Czech Republic,18,34.78125,51.1275,87.36875,45.3475,2,2879.053,2907.545
146,3930184,Turkey,7,87.36875,45.3475,0.04374999999998863,36.337500000000006,2,2909.887,2925.057
147,3930184,Czech Republic,3,53.331250000000004,33.957499999999996,92.53125,58.5225,2,3025.957,3034.533
148,3930184,Turkey,2,90.60625,67.9575,72.14375000000001,62.9425,2,3055.772,3057.46
149,3930184,Turkey,2,67.06875,62.77250000000001,37.23125,0.04250000000000398,2,3084.842,3089.085
150,3930184,Turkey,51,37.23125,0.04250000000000398,64.96875,11.857500000000002,2,3095.932,3154.932
2,3941022,Austria,5,53.331250000000004,33.957499999999996,69.16874999999999,33.2775,1,0.704,5.209
3,3941022,Turkey,6,69.16875,33.2775,98.39375000000001,39.0575,1,6.627,12.879
4,3941022,Turkey,10,98.39375,39.057500000000005,3.8062500000000004,45.0925,1,14.865,29.86
5,3941022,Turkey,3,0.04374999999998863,67.9575,0.04374999999998863,31.832499999999996,1,55.059,58.114
6,3941022,Austria,15,53.331250000000004,33.957499999999996,104.95625000000001,38.0375,1,116.165,130.797
7,3941022,Turkey,4,99.79375,28.347499999999997,48.34375,4.717500000000001,1,158.809,166.403
8,3941022,Austria,17,48.34375,4.717500000000001,90.16875,67.8725,1,166.83,188.41
9,3941022,Turkey,3,78.00625,67.9575,45.80624999999999,56.1425,1,211.865,213.179
10,3941022,Austria,33,45.806250000000006,56.1425,97.95625000000001,54.2725,1,214.835,256.983
11,3941022,Austria,2,104.95625000000001,67.9575,104.95625000000001,0.04250000000000398,1,290.257,292.272
12,3941022,Austria,2,104.95625000000001,0.04250000000000398,104.95625000000001,36.7625,1,398.767,400.026
13,3941022,Turkey,2,99.79375,26.3925,31.36874999999999,22.3125,1,445.26,449.88
14,3941022,Austria,9,31.368750000000002,22.3125,21.04375,1.4024999999999892,1,453.634,464.524
15,3941022,Austria,5,21.04375,1.4024999999999892,16.84375,56.2275,1,466.851,474.355
16,3941022,Turkey,17,10.71875,67.9575,62.78125,1.9975000000000023,1,492.345,516.042
17,3941022,Austria,21,66.54374999999999,0.04250000000000398,103.46875,31.40749999999999,1,521.256,556.141
18,3941022,Turkey,25,93.14375,45.6875,40.381249999999994,48.8325,1,570.435,605.551
19,3941022,Austria,10,40.38125000000001,48.832499999999996,78.61875,33.8725,1,607.232,614.753
20,3941022,Austria,1,78.61875,38.122499999999995,88.24375,35.997499999999995,1,673.683,673.683
21,3941022,Austria,9,104.95625000000001,0.04250000000000398,94.19375,0.04250000000000398,1,707.228,717.386
22,3941022,Austria,3,94.19375,0.04250000000000398,96.38125000000001,18.487499999999997,1,737.671,742.867
23,3941022,Turkey,32,92.35625,19.167500000000004,3.106250000000003,36.337500000000006,1,772.039,810.958
24,3941022,Austria,5,3.10625,36.3375,30.406250000000004,43.9875,1,811.548,816.058
25,3941022,Turkey,20,30.40625,43.9875,55.86875,63.5375,1,816.914,849.97
26,3941022,Turkey,5,55.69375,64.04750000000001,7.481249999999989,16.277500000000003,1,855.764,861.335
27,3941022,Austria,10,10.98125,34.1275,67.59375,5.3125,1,867.367,885.632
28,3941022,Turkey,5,67.59375,5.3125,31.36874999999999,10.497500000000002,1,887.614,893.424
29,3941022,Austria,98,32.768750000000004,15.59749999999999,79.75625,3.1025000000000063,1,895.426,1051.5
30,3941022,Austria,8,78.00625,0.04250000000000398,99.00625000000001,62.8575,1,1057.958,1072.352
31,3941022,Austria,21,99.00625000000001,62.8575,74.06875,32.767500000000005,1,1075.9540000000002,1109.778
32,3941022,Turkey,3,74.06875,32.767500000000005,0.04374999999998863,42.7975,1,1112.73,1117.562
33,3941022,Austria,16,6.08125,31.067499999999995,83.16875,62.942499999999995,1,1123.874,1146.475
34,3941022,Austria,15,83.16875,67.9575,74.24375,13.1325,1,1151.56,1182.264
35,3941022,Turkey,44,74.24374999999999,13.1325,51.75625000000001,42.1175,1,1185.415,1241.86
36,3941022,Turkey,1,55.69375,41.0125,33.46875,0.04250000000000398,1,1283.056,1283.056
37,3941022,Austria,2,38.71875,0.04250000000000398,49.74375,10.752499999999998,1,1304.044,1305.72
38,3941022,Turkey,30,49.74375,10.752499999999998,29.96875,6.332500000000003,1,1306.6770000000001,1351.355
39,3941022,Turkey,4,29.96875,6.332499999999996,7.306250000000006,54.6125,1,1395.941,1401.828
40,3941022,Turkey,2,0.04374999999998863,67.9575,0.04374999999998863,67.9575,1,1421.803,1423.0
41,3941022,Turkey,3,0.04374999999998863,67.9575,0.04374999999998863,37.2725,1,1442.646,1443.99
42,3941022,Austria,46,6.08125,29.622499999999995,85.70625,36.42249999999999,1,1455.977,1523.711
43,3941022,Turkey,13,79.31875,39.057500000000005,13.168749999999989,0.04250000000000398,1,1526.633,1549.213
44,3941022,Turkey,21,13.168749999999989,0.04250000000000398,99.09375,36.3375,1,1568.504,1606.388
45,3941022,Turkey,47,99.09375,36.337500000000006,44.84375000000001,3.612499999999997,1,1608.144,1691.233
46,3941022,Turkey,12,49.21875,0.04250000000000398,38.018750000000004,2.762500000000003,1,1703.755,1731.076
47,3941022,Turkey,6,37.756249999999994,2.507499999999993,82.11875,48.917500000000004,1,1743.649,1754.199
48,3941022,Turkey,17,82.29375,48.15250000000001,34.51875,2.4224999999999994,1,1767.402,1792.025
49,3941022,Austria,11,35.30625,0.04250000000000398,79.40625,14.747499999999995,1,1806.702,1825.143
50,3941022,Turkey,33,79.40625,14.747500000000002,19.73124999999999,16.7025,1,1827.335,1890.412
51,3941022,Austria,9,5.90625,22.482499999999995,41.86875,0.04250000000000398,1,1892.96,1910.313
52,3941022,Turkey,3,43.09375,0.04250000000000398,44.93124999999999,5.3125,1,1915.481,1917.974
53,3941022,Austria,4,44.93125,5.3125,49.043749999999996,3.612499999999997,1,1919.303,1923.283
54,3941022,Turkey,7,49.568749999999994,0.04250000000000398,48.78125,33.70250000000001,1,1942.245,1947.761
55,3941022,Austria,44,47.46875,28.6025,75.20625000000001,47.1325,1,1949.109,2050.043
56,3941022,Turkey,3,75.20625,47.1325,73.80625,46.4525,1,2051.119,2053.187
57,3941022,Turkey,16,72.40625,67.9575,54.03125,2.2524999999999977,1,2063.984,2087.89
58,3941022,Turkey,10,55.69375,0.04250000000000398,60.68125,60.7325,1,2096.593,2110.008
59,3941022,Austria,10,55.86875,45.2625,69.86874999999999,67.87250000000002,1,2112.428,2126.23
60,3941022,Austria,19,61.46875,67.9575,90.60625,42.2025,1,2131.669,2171.232
61,3941022,Turkey,5,90.60625,42.20250000000001,68.29374999999999,47.8975,1,2171.701,2174.764
62,3941022,Austria,27,66.98125,39.482499999999995,94.71875,3.3575000000000017,1,2178.75,2215.37
63,3941022,Austria,4,94.89375000000001,0.04250000000000398,100.66875,37.1025,1,2233.124,2237.47
64,3941022,Turkey,5,100.66875,37.1025,69.25625000000001,1.9975000000000023,1,2239.779,2256.694
65,3941022,Turkey,11,69.16875,1.8275000000000006,19.90625,8.457499999999996,1,2278.897,2299.528
66,3941022,Austria,10,19.90625,8.457500000000003,73.19375000000001,36.42249999999999,1,2299.991,2307.96
67,3941022,Turkey,34,73.19375,36.4225,16.84375,15.1725,1,2308.881,2368.963
68,3941022,Turkey,32,21.481250000000003,0.04250000000000398,9.756249999999994,24.4375,1,2387.83,2430.412
69,3941022,Austria,16,10.456249999999999,24.777500000000003,57.26874999999999,25.2025,1,2459.611,2479.266
70,3941022,Austria,14,62.78125,22.567499999999995,50.706250000000004,20.1025,1,2521.631,2550.738
71,3941022,Turkey,10,50.70625,20.1025,15.268749999999997,37.4425,1,2550.738,2562.839
72,3941022,Austria,17,15.26875,37.442499999999995,86.84375,62.4325,1,2563.57,2595.336
73,3941022,Turkey,7,99.79375,36.337500000000006,35.48125,52.8275,1,2627.707,2637.211
74,3941022,Turkey,12,35.04375,52.2325,1.09375,34.5525,1,2693.947,2706.107
75,3941022,Austria,28,5.90625,37.0175,104.95625000000001,29.792499999999997,1,2710.784,2757.281
76,3941022,Turkey,10,51.668749999999996,34.042500000000004,28.74374999999999,60.4775,2,0.578,15.596
77,3941022,Austria,19,28.74375,60.4775,13.86875,3.3575000000000017,2,15.596,42.786
78,3941022,Austria,16,13.86875,3.3575000000000017,104.78125,15.59749999999999,2,46.79,70.987
79,3941022,Turkey,1,99.09375,36.337500000000006,36.18124999999999,40.6725,2,108.932,108.932
80,3941022,Austria,17,36.18125,40.67249999999999,81.76875000000001,57.2475,2,112.412,142.748
81,3941022,Turkey,3,79.84375,54.1025,41.34375000000001,12.537500000000001,2,172.217,176.507
82,3941022,Austria,18,41.34375,12.537499999999994,96.99375,66.0025,2,178.126,208.096
83,3941022,Turkey,9,99.09375,38.8025,17.018749999999997,40.07750000000001,2,232.542,251.368
84,3941022,Austria,13,18.24375,38.54749999999999,104.95625000000001,41.8625,2,254.534,272.861
85,3941022,Turkey,5,99.18125,34.127500000000005,36.881249999999994,23.7575,2,289.88,295.344
86,3941022,Austria,35,36.88125000000001,23.7575,89.90625,9.902499999999996,2,299.553,342.684
87,3941022,Austria,4,92.18125000000002,0.04250000000000398,97.16875,2.677499999999995,2,349.956,355.184
88,3941022,Austria,1,97.86875,0.04250000000000398,99.53125,14.407499999999992,2,357.66,357.66
89,3941022,Turkey,4,99.53125,14.407499999999999,87.01875,3.0174999999999983,2,358.81,361.541
90,3941022,Austria,14,77.91875,0.04250000000000398,97.78125,9.307500000000005,2,367.615,386.644
91,3941022,Turkey,15,102.50625,11.262500000000003,58.931250000000006,14.662499999999994,2,388.044,403.017
92,3941022,Turkey,2,59.54375,20.1025,55.168749999999996,0.04250000000000398,2,430.609,432.741
93,3941022,Austria,5,55.431250000000006,0.04250000000000398,104.95625000000001,39.6525,2,437.763,444.949
94,3941022,Turkey,4,98.91875,38.037499999999994,63.56875,54.2725,2,462.363,466.714
95,3941022,Austria,11,68.55625,52.6575,39.243750000000006,5.907499999999999,2,468.34,480.697
96,3941022,Austria,16,26.381249999999998,0.04250000000000398,99.44375000000001,29.112499999999997,2,490.891,519.652
97,3941022,Austria,1,104.95625000000001,0.04250000000000398,104.60625,16.107499999999995,2,547.959,547.959
98,3941022,Turkey,1,99.09375,33.0225,51.93124999999999,11.432499999999997,2,573.984,573.984
99,3941022,Austria,15,51.93125,11.432500000000005,92.18125000000002,23.0775,2,577.812,598.074
100,3941022,Turkey,9,90.25625,31.6625,54.731249999999996,2.4224999999999994,2,625.517,635.598
101,3941022,Austria,5,42.56875,3.1875,72.84375,51.7225,2,637.749,651.821
102,3941022,Turkey,31,72.84375,51.7225,13.081249999999999,15.427499999999995,2,655.081,714.745
103,3941022,Turkey,4,18.418750000000003,0.04250000000000398,19.64375,63.6225,2,759.46,766.232
104,3941022,Turkey,7,15.96875,67.9575,1.35625,61.667500000000004,2,784.824,793.453
105,3941022,Turkey,2,0.04374999999998863,67.9575,0.04374999999998863,35.9975,2,830.476,831.859
106,3941022,Austria,10,52.456250000000004,34.0425,66.80625,22.482499999999995,2,925.914,942.85
107,3941022,Turkey,8,66.80624999999999,22.4825,36.18124999999999,41.0975,2,944.801,950.003
108,3941022,Austria,17,36.18125,41.0975,98.30625,31.067499999999995,2,951.423,974.802
109,3941022,Turkey,4,98.30625,31.067500000000003,53.856249999999996,6.7575,2,976.469,991.429
110,3941022,Austria,3,53.85625,6.7575,59.54375,6.7575,2,994.05,995.547
111,3941022,Austria,8,56.831250000000004,8.202499999999993,76.08125,20.2725,2,1005.367,1013.423
112,3941022,Turkey,2,76.08125,20.272499999999994,40.46875,23.162499999999994,2,1015.501,1020.6
113,3941022,Turkey,5,37.66875,22.737499999999997,8.793750000000003,31.067500000000003,2,1078.887,1082.781
114,3941022,Austria,4,8.79375,31.067499999999995,46.506249999999994,15.597499999999997,2,1085.115,1092.181
115,3941022,Turkey,18,46.506249999999994,15.597499999999997,9.143750000000011,67.9575,2,1092.856,1118.587
116,3941022,Austria,3,17.01875,67.9575,61.643750000000004,42.7125,2,1153.895,1162.234
117,3941022,Turkey,1,61.20625,43.4775,19.90625,51.46750000000001,2,1187.182,1187.182
118,3941022,Austria,24,19.90625,51.4675,104.95625000000001,0.04250000000000398,2,1189.201,1230.332
119,3941022,Austria,3,104.95625000000001,0.04250000000000398,104.95625000000001,35.5725,2,1251.374,1253.375
121,3941022,Turkey,20,51.668749999999996,34.042500000000004,25.59375,17.2125,2,1295.19,1326.881
122,3941022,Austria,35,25.59375,17.212500000000006,104.25625,32.6825,2,1326.881,1382.715
123,3941022,Turkey,1,103.64375,33.8725,103.64375,33.8725,2,1383.516,1383.516
124,3941022,Turkey,12,95.06875,42.4575,38.10625,66.6825,2,1396.651,1426.767
125,3941022,Austria,17,31.981250000000003,67.9575,86.66875,24.3525,2,1435.676,1465.468
126,3941022,Turkey,3,86.66875,24.3525,64.44375000000001,25.457499999999996,2,1466.285,1469.498
127,3941022,Turkey,12,65.58125,28.6875,72.84375,1.2325000000000017,2,1492.122,1505.285
128,3941022,Turkey,9,70.48124999999999,0.04250000000000398,18.76875000000001,26.222499999999997,2,1518.192,1524.078
129,3941022,Austria,6,18.76875,26.22249999999999,86.66875,15.2575,2,1527.357,1534.847
130,3941022,Turkey,33,86.66875,15.2575,17.543750000000003,31.322500000000005,2,1538.841,1579.523
131,3941022,Austria,43,17.54375,31.322499999999998,104.95625000000001,67.9575,2,1581.595,1653.664
132,3941022,Austria,4,104.95625000000001,67.9575,86.84375,28.432499999999997,2,1677.963,1682.535
133,3941022,Austria,9,86.84375,28.432499999999997,93.58125,67.9575,2,1687.4745,1703.703
134,3941022,Austria,23,93.58125,67.9575,102.24375,33.192499999999995,2,1720.933,1761.968
135,3941022,Turkey,1,102.68125,33.2775,102.68125,33.2775,2,1762.793,1762.793
136,3941022,Turkey,5,98.30625,39.7375,54.293749999999996,61.2425,2,1780.38,1784.567
137,3941022,Austria,11,54.29375,61.2425,104.95625000000001,60.7325,2,1786.773,1803.521
138,3941022,Turkey,1,98.91875,39.2275,38.28125,38.8875,2,1838.017,1838.017
139,3941022,Austria,11,38.28125,38.8875,13.431249999999991,17.637500000000003,2,1841.328,1852.61
140,3941022,Austria,11,13.431249999999999,17.637500000000003,101.19375,26.817499999999995,2,1855.913,1870.359
141,3941022,Turkey,6,101.19375,26.817500000000003,81.06875,12.962499999999999,2,1872.019,1878.911
142,3941022,Austria,3,81.06875,12.962500000000006,77.65625,4.207499999999996,2,1880.234,1881.697
143,3941022,Austria,8,87.54375,0.04250000000000398,104.95625000000001,0.04250000000000398,2,1888.516,1901.43
144,3941022,Austria,2,104.95625000000001,0.04250000000000398,104.95625000000001,0.04250000000000398,2,1986.917,1988.131
145,3941022,Austria,6,104.95625000000001,0.04250000000000398,79.84375,58.7775,2,2004.165,2014.718
146,3941022,Turkey,17,79.84375,58.77750000000001,36.53125,67.9575,2,2017.34,2037.154
147,3941022,Austria,41,32.85625,67.9575,58.231249999999996,19.932499999999997,2,2042.244,2113.164
148,3941022,Austria,21,48.16875,22.737499999999997,98.91875,39.2275,2,2117.242,2148.439
149,3941022,Turkey,8,98.91875,39.2275,24.106250000000003,56.057500000000005,2,2262.388,2272.012
150,3941022,Austria,32,24.10625,56.057500000000005,104.95625000000001,42.2875,2,2273.268,2321.396
151,3941022,Turkey,5,98.91875,39.65250000000001,37.318749999999994,63.962500000000006,2,2350.397,2363.612
152,3941022,Austria,5,37.31875000000001,63.9625,65.93125000000002,67.9575,2,2364.869,2371.867
153,3941022,Austria,19,65.93125000000002,67.9575,82.99375,3.612499999999997,2,2376.195,2404.933
154,3941022,Turkey,2,84.56875000000001,0.04250000000000398,68.11874999999999,19.5075,2,2420.737,2421.788
155,3941022,Austria,3,68.11875,19.5075,75.64375,24.012500000000003,2,2423.045,2424.556
156,3941022,Austria,2,104.95625000000001,0.04250000000000398,104.95625000000001,33.107499999999995,2,2442.706,2444.129
157,3941022,Turkey,5,98.91875,38.8025,53.24374999999999,67.1925,2,2471.342,2478.32
158,3941022,Austria,45,53.24375,67.1925,91.21875,54.2725,2,2478.845,2560.269
159,3941022,Turkey,17,91.21875,54.2725,13.868750000000006,50.6175,2,2560.269,2580.471
160,3941022,Austria,25,6.781250000000001,33.7025,95.41874999999999,0.3824999999999932,2,2596.496,2651.743
161,3941022,Turkey,5,95.41875,0.04250000000000398,47.03124999999999,38.5475,2,2674.629,2683.436
162,3941022,Austria,21,48.60625,33.7025,87.54375,0.04250000000000398,2,2688.175,2718.846
163,3941022,Austria,13,87.54375,0.04250000000000398,79.75625,67.9575,2,2723.005,2742.827
164,3941022,Turkey,3,79.75625,67.9575,69.60624999999999,66.0025,2,2800.398,2801.807
165,3941022,Austria,15,64.53125,65.6625,77.65625,67.9575,2,2802.61,2828.364
166,3941022,Turkey,1,66.80624999999999,67.9575,49.74375,65.1525,2,2851.142,2851.142
167,3941022,Austria,23,49.74375,65.1525,82.73124999999999,12.112499999999997,2,2853.072,2878.196
168,3941022,Turkey,8,97.69375,29.027500000000003,5.556250000000001,33.192499999999995,2,2879.825,2893.791
169,3941022,Austria,8,5.556250000000001,33.192499999999995,17.631249999999994,46.7075,2,2894.763,2905.861
170,3941022,Austria,13,20.86875,44.4125,104.25625,32.9375,2,2915.566,2941.427
171,3941022,Austria,2,104.95625000000001,67.9575,98.39375,36.337500000000006,2,2993.89,2995.461
2,3941021,Netherlands,8,52.543749999999996,33.9575,2.231250000000003,13.7275,1,0.313,10.923
3,3941021,Romania,2,5.8187500000000005,16.787499999999994,9.231250000000003,13.302500000000002,1,12.127,13.292
4,3941021,Romania,21,13.693749999999998,18.0625,62.86875000000001,1.1474999999999937,1,40.354,63.086
5,3941021,Netherlands,17,68.29374999999999,0.04250000000000398,84.39375000000001,3.527499999999989,1,68.271,103.785
6,3941021,Romania,7,85.88125000000001,5.5674999999999955,69.60624999999999,15.512500000000003,1,106.044,118.365
7,3941021,Netherlands,3,69.60624999999999,15.512500000000003,69.16874999999999,17.72249999999999,1,119.337,121.098
8,3941021,Netherlands,12,62.51875,26.817500000000003,14.21875,57.9275,1,259.03,271.263
9,3941021,Romania,1,16.05625,57.9275,81.41875,67.3625,1,305.285,305.285
10,3941021,Netherlands,8,87.80625,67.9575,1.53125,32.8525,1,314.785,333.628
11,3941021,Romania,1,13.25625,28.7725,75.20625000000001,45.0075,1,351.251,351.251
12,3941021,Netherlands,17,98.04375,47.557500000000005,9.318749999999994,19.167500000000004,1,355.589,389.319
13,3941021,Romania,14,9.318749999999998,19.167499999999997,91.74375,37.3575,1,392.752,426.615
14,3941021,Romania,3,83.43125,67.9575,85.88125000000001,61.1575,1,442.406,443.955
15,3941021,Romania,4,85.88125000000001,61.1575,101.01875,63.7075,1,448.5475,457.714
16,3941021,Netherlands,5,92.26875,67.9575,66.45625,67.8725,1,491.549,497.325
17,3941021,Netherlands,8,67.15625,67.9575,102.94375,0.04250000000000398,1,509.716,521.983
18,3941021,Romania,3,102.94375000000001,0.04250000000000398,101.45625,2.2524999999999977,1,537.978,541.751
19,3941021,Romania,33,98.21875,0.04250000000000398,84.21875,16.277500000000003,1,549.659,595.161
20,3941021,Netherlands,6,84.21875,16.277500000000003,81.41875,0.04250000000000398,1,595.628,601.901
21,3941021,Romania,3,81.41875,0.04250000000000398,69.60624999999999,12.622499999999995,1,616.889,620.862
22,3941021,Netherlands,20,69.60624999999999,12.622500000000002,8.96875,23.332499999999996,1,622.385,642.029
23,3941021,Romania,4,13.86875,27.497499999999995,74.68124999999999,62.432500000000005,1,693.398,698.487
24,3941021,Romania,15,68.29375,67.9575,97.51875000000001,67.3625,1,712.504,739.413
25,3941021,Netherlands,2,86.49375,67.9575,53.856249999999996,42.96750000000001,1,761.115,763.049
26,3941021,Romania,30,53.85625,42.9675,104.95625000000001,35.8275,1,764.566,832.775
27,3941021,Netherlands,10,99.79375,33.0225,12.118749999999991,58.4375,1,851.861,870.497
28,3941021,Netherlands,7,14.21875,67.9575,11.943749999999994,58.09750000000001,1,894.69,899.769
29,3941021,Romania,1,6.08125,34.4675,55.78125,67.8725,1,925.57,925.57
30,3941021,Netherlands,18,55.43125,67.9575,10.106249999999989,54.7825,1,946.015,975.163
31,3941021,Netherlands,2,0.04374999999998863,67.9575,6.168750000000003,34.042500000000004,1,1003.396,1005.022
32,3941021,Netherlands,3,0.04374999999998863,67.9575,2.84375,46.6225,1,1022.259,1027.42
33,3941021,Romania,3,3.36875,35.9125,64.79375,14.237499999999997,1,1029.21,1033.023
34,3941021,Netherlands,19,64.79374999999999,14.237499999999997,8.09375,16.362499999999997,1,1035.235,1060.614
35,3941021,Netherlands,39,0.04374999999998863,0.04250000000000398,0.13124999999999432,31.4075,1,1087.025,1147.378
36,3941021,Romania,7,53.331250000000004,33.957499999999996,104.95625000000001,39.1425,1,1200.222,1217.804
37,3941021,Netherlands,27,100.14375,26.647499999999994,0.04374999999998863,67.9575,1,1244.389,1283.332
38,3941021,Netherlands,11,0.04374999999998863,67.9575,3.5437499999999886,60.0525,1,1323.331,1339.14
39,3941021,Romania,1,4.33125,42.457499999999996,66.45625,45.3475,1,1360.878,1360.878
40,3941021,Netherlands,14,66.45625,45.3475,36.70625,29.027500000000003,1,1369.236,1385.599
41,3941021,Romania,7,29.53125,25.2025,104.95625000000001,25.372499999999995,1,1386.768,1400.665
42,3941021,Netherlands,61,99.96875,25.542500000000004,14.21875,34.7225,1,1429.094,1513.88
43,3941021,Netherlands,2,0.04374999999998863,0.04250000000000398,0.04374999999998863,38.2075,1,1544.225,1546.027
44,3941021,Romania,1,5.46875,35.9125,63.48125,59.2025,1,1592.11,1592.11
45,3941021,Netherlands,4,63.481249999999996,59.20250000000001,12.38125,46.2825,1,1595.293,1602.119
46,3941021,Netherlands,12,0.04374999999998863,67.9575,6.6937500000000005,62.2625,1,1631.018,1656.159
47,3941021,Netherlands,25,8.268749999999997,60.4775,0.04374999999998863,67.9575,1,1694.51,1738.386
48,3941021,Netherlands,39,0.04374999999998863,67.9575,5.3812500000000005,33.53249999999999,1,1771.956,1838.675
49,3941021,Netherlands,1,7.043749999999989,29.622500000000002,7.043749999999989,29.622500000000002,1,1879.942,1879.942
50,3941021,Romania,3,6.518750000000001,32.59749999999999,32.15625,63.197500000000005,1,1894.798,1902.15
51,3941021,Romania,7,31.28125,63.027499999999996,43.443749999999994,0.04250000000000398,1,2012.753,2022.294
52,3941021,Romania,10,45.10625,0.04250000000000398,70.21875,44.8375,1,2029.094,2049.247
53,3941021,Netherlands,13,72.05625,46.792500000000004,18.68125,61.7525,1,2050.838,2072.583
54,3941021,Netherlands,19,16.66874999999999,67.9575,12.55625,58.4375,1,2078.233,2110.348
55,3941021,Romania,2,6.08125,34.0425,0.04374999999998863,57.502500000000005,1,2140.252,2143.562
56,3941021,Romania,1,6.08125,34.0425,64.79375,59.8825,1,2167.31,2167.31
57,3941021,Netherlands,52,64.79374999999999,59.8825,33.90625,0.04250000000000398,1,2172.226,2251.392
58,3941021,Netherlands,34,33.90625,0.04250000000000398,0.04374999999998863,0.04250000000000398,1,2271.647,2323.36
59,3941021,Netherlands,57,0.04374999999998863,0.04250000000000398,3.71875,44.4125,1,2360.316,2448.563
60,3941021,Netherlands,4,12.118749999999991,67.9575,2.40625,58.4375,1,2474.605,2480.526
61,3941021,Netherlands,1,0.7437500000000057,67.2775,0.04374999999998863,32.34250000000001,1,2522.239,2522.239
62,3941021,Romania,8,6.08125,34.0425,25.068749999999998,64.0475,1,2532.754,2548.19
63,3941021,Romania,3,30.318750000000005,67.9575,38.71875,52.8275,1,2563.579,2566.439
64,3941021,Netherlands,25,38.71875,52.82750000000001,0.13124999999999432,39.3975,1,2568.105,2604.802
65,3941021,Romania,2,6.08125,33.192499999999995,75.64375,67.7025,1,2639.701,2643.499
66,3941021,Netherlands,3,67.76875,67.9575,16.49374999999999,38.462500000000006,1,2662.426,2664.326
67,3941021,Romania,15,16.49375,38.4625,42.306250000000006,1.7425000000000068,1,2668.112,2686.05
68,3941021,Netherlands,12,56.131249999999994,0.04250000000000398,62.168749999999996,3.1875,1,2691.121,2709.3
69,3941021,Netherlands,5,62.693749999999994,4.972500000000004,23.05624999999999,44.072500000000005,1,2725.08,2733.243
70,3941021,Romania,11,23.05625,44.072500000000005,103.03125,33.8725,1,2738.091,2767.417
71,3941021,Netherlands,3,89.81875,38.292500000000004,12.731250000000003,49.34250000000001,1,2789.417,2795.637
72,3941021,Romania,6,12.73125,49.3425,68.90625,31.322499999999998,1,2799.967,2811.425
73,3941021,Netherlands,16,74.50625,35.3175,31.456249999999997,22.9925,1,2812.603,2845.897
74,3941021,Romania,14,31.456250000000004,22.9925,104.95625000000001,67.9575,1,2848.338,2869.392
75,3941021,Romania,7,104.95625000000001,67.9575,99.53125,2.4224999999999994,1,2899.538,2911.662
76,3941021,Romania,15,52.456250000000004,34.0425,99.35624999999999,0.04250000000000398,2,0.689,23.882
77,3941021,Romania,3,99.35624999999999,0.04250000000000398,99.79375,38.207499999999996,2,31.317,35.139
78,3941021,Netherlands,6,99.79375,38.2075,68.03125,67.9575,2,37.349,50.353
79,3941021,Romania,9,63.043749999999996,67.9575,80.98125,50.8725,2,60.096,70.477
80,3941021,Netherlands,8,80.98125,50.8725,104.86875,45.602500000000006,2,72.289,81.847
81,3941021,Netherlands,9,99.09375,28.8575,78.70625,52.572500000000005,2,98.077,110.635
82,3941021,Romania,2,78.26875000000001,52.4025,98.48125,32.682500000000005,2,159.008,160.452
83,3941021,Romania,3,67.50625000000001,0.04250000000000398,67.94375,7.352499999999992,2,169.523,179.077
84,3941021,Netherlands,4,85.70625,0.04250000000000398,65.66874999999999,19.422499999999992,2,204.46,211.042
85,3941021,Netherlands,31,61.99375,10.9225,0.04374999999998863,44.752500000000005,2,223.03,283.601
86,3941021,Romania,7,5.11875,37.86749999999999,67.50625,53.167500000000004,2,324.33,332.361
87,3941021,Romania,13,67.41875,52.4025,66.54374999999999,10.582500000000003,2,376.911,397.068
88,3941021,Netherlands,9,66.54374999999999,10.582499999999996,61.293749999999996,3.1875,2,397.911,402.807
89,3941021,Netherlands,53,69.08125,0.04250000000000398,69.51875,67.9575,2,413.177,519.271
90,3941021,Netherlands,23,67.06875,67.9575,0.21875,44.5825,2,541.272,586.663
91,3941021,Romania,15,4.9437500000000005,41.1825,64.44375000000001,5.9925,2,621.602,646.479
92,3941021,Netherlands,6,64.44375,5.9925,16.318749999999994,0.8924999999999983,2,647.039,655.451
93,3941021,Romania,6,16.66875,0.04250000000000398,36.00625,19.932499999999997,2,667.329,676.9
94,3941021,Netherlands,5,36.006249999999994,19.932499999999997,0.04374999999998863,26.902500000000003,2,678.517,682.716
95,3941021,Romania,7,4.9437500000000005,39.1425,82.90625,30.387500000000003,2,691.671,712.741
96,3941021,Netherlands,6,80.28125,30.132500000000007,8.53125,42.0325,2,714.166,726.045
97,3941021,Netherlands,2,0.04374999999998863,67.9575,0.04374999999998863,37.4425,2,765.455,767.099
98,3941021,Romania,7,4.59375,39.397499999999994,47.99375,61.3275,2,795.413,805.554
99,3941021,Netherlands,11,47.99374999999999,61.32750000000001,0.9187499999999886,30.642500000000005,2,808.05,822.902
100,3941021,Romania,1,1.61875,31.4925,1.61875,31.4925,2,823.454,823.454
101,3941021,Romania,12,1.61875,31.4925,92.88125000000001,28.34749999999999,2,825.6285,848.913
102,3941021,Romania,11,92.88125000000001,28.34749999999999,90.69375,13.897499999999994,2,853.7035000000001,868.183
103,3941021,Romania,5,104.95625000000001,0.04250000000000398,104.95625000000001,0.04250000000000398,2,886.281,891.582
104,3941021,Romania,2,104.95625000000001,0.04250000000000398,53.24375,0.04250000000000398,2,914.223,915.696
105,3941021,Romania,10,53.24375,0.04250000000000398,81.76875000000001,67.9575,2,929.898,946.024
106,3941021,Romania,19,81.76875000000001,67.9575,75.64375,5.227499999999992,2,966.897,993.513
107,3941021,Netherlands,5,83.95625,13.642499999999998,4.41875,35.147499999999994,2,994.958,1006.272
108,3941021,Netherlands,4,0.04374999999998863,0.04250000000000398,6.956249999999997,35.572500000000005,2,1042.253,1049.504
109,3941021,Romania,7,5.3812500000000005,33.7025,104.60625,19.762500000000003,2,1140.887,1155.31
110,3941021,Netherlands,63,99.00625,39.9925,18.76875000000001,22.3125,2,1177.872,1276.709
111,3941021,Romania,8,18.76875,22.3125,30.49375,5.5674999999999955,2,1276.709,1286.412
112,3941021,Netherlands,12,30.493750000000006,5.567500000000003,24.543750000000003,29.3675,2,1287.762,1303.919
113,3941021,Netherlands,1,22.53125,28.0925,0.04374999999998863,30.132500000000007,2,1362.212,1362.212
114,3941021,Romania,1,4.68125,38.3775,57.09374999999999,64.2175,2,1418.007,1418.007
115,3941021,Netherlands,8,57.09375,64.2175,38.28125,67.9575,2,1421.444,1431.443
116,3941021,Netherlands,11,38.28125,67.9575,26.818749999999994,48.662499999999994,2,1436.611,1456.987
117,3941021,Romania,5,26.81875,48.6625,36.96875,0.04250000000000398,2,1458.272,1478.288
118,3941021,Romania,19,36.96875,0.04250000000000398,54.99374999999999,39.142500000000005,2,1493.13,1541.498
119,3941021,Romania,11,48.78125,45.602500000000006,96.73125,39.6525,2,1598.992,1610.709
120,3941021,Netherlands,24,96.73125,39.65250000000001,0.04374999999998863,38.377500000000005,2,1614.191,1650.063
121,3941021,Romania,9,4.68125,30.302499999999995,24.018749999999997,0.8924999999999983,2,1676.508,1691.211
122,3941021,Netherlands,5,24.018749999999997,0.04250000000000398,33.818749999999994,11.6875,2,1717.414,1725.119
123,3941021,Romania,11,34.34375,18.997499999999995,64.88125,50.8725,2,1736.957,1758.348
124,3941021,Netherlands,11,64.96875,52.1475,36.44375,66.2575,2,1759.247,1772.508
125,3941021,Netherlands,30,39.943749999999994,67.1075,1.8812499999999943,26.817500000000003,2,1784.976,1834.234
126,3941021,Romania,9,8.09375,24.2675,74.33125,67.9575,2,1870.318,1883.695
127,3941021,Netherlands,11,66.28125,67.9575,19.29375,66.5975,2,1933.16,1947.071
128,3941021,Netherlands,5,17.10624999999999,67.9575,18.59375,52.572500000000005,2,1949.58,1953.313
129,3941021,Romania,6,18.59375,52.5725,58.31875,61.3275,2,1953.324,1961.151
130,3941021,Netherlands,18,58.31875,61.32750000000001,4.9437500000000005,40.417500000000004,2,1961.821,1990.523
131,3941021,Romania,20,4.9437500000000005,40.417500000000004,95.94375,63.7925,2,2002.668,2043.707
132,3941021,Romania,16,80.98125,67.9575,92.09375,42.2875,2,2049.867,2076.817
133,3941021,Netherlands,7,92.09375,42.287499999999994,7.65625,39.9925,2,2077.774,2089.388
134,3941021,Netherlands,4,0.04374999999998863,0.04250000000000398,43.706250000000004,49.0875,2,2132.422,2140.056
135,3941021,Netherlands,13,43.706250000000004,49.087500000000006,25.33125000000001,6.7575,2,2182.372,2211.104
136,3941021,Netherlands,8,23.66874999999999,0.04250000000000398,0.04374999999998863,31.6625,2,2233.788,2243.423
137,3941021,Romania,16,52.456250000000004,34.0425,19.99375,53.3375,2,2319.334,2353.888
138,3941021,Netherlands,4,19.99374999999999,53.337500000000006,0.04374999999998863,36.932500000000005,2,2356.392,2363.258
139,3941021,Romania,2,5.11875,40.417500000000004,46.41875,67.9575,2,2381.371,2391.473
140,3941021,Netherlands,21,46.331250000000004,67.9575,48.95625,9.052499999999995,2,2400.448,2425.486
141,3941021,Netherlands,16,49.30624999999999,12.027499999999996,12.556249999999991,53.6775,2,2431.175,2468.64
142,3941021,Romania,6,12.55625,53.6775,42.13125000000001,66.5975,2,2469.824,2476.686
143,3941021,Netherlands,25,42.13124999999999,66.59750000000001,27.693749999999994,32.852500000000006,2,2479.731,2510.236
144,3941021,Romania,10,10.893749999999999,35.232499999999995,69.25625000000001,67.9575,2,2512.865,2534.825
145,3941021,Netherlands,1,64.88125,67.9575,44.75624999999999,60.307500000000005,2,2575.194,2575.194
146,3941021,Romania,13,44.75625000000001,60.307500000000005,104.95625000000001,44.4975,2,2576.86,2597.325
147,3941021,Netherlands,7,98.91875,37.017500000000005,3.6312499999999943,34.892500000000005,2,2621.564,2637.049
148,3941021,Romania,4,3.63125,34.8925,54.64375,17.722499999999997,2,2638.323,2647.046
149,3941021,Romania,8,57.88125,14.322499999999998,71.35625,43.7325,2,2661.066,2671.087
151,3941021,Romania,5,47.73125000000001,48.832499999999996,93.84375,38.207499999999996,2,2703.264,2712.538
152,3941021,Netherlands,2,93.84375,38.2075,33.90625,36.932500000000005,2,2715.433,2733.541
153,3941021,Romania,9,33.90625,36.9325,50.79375,19.4225,2,2736.795,2753.841
154,3941021,Romania,2,55.518750000000004,25.542499999999997,104.95625000000001,67.9575,2,2787.656,2790.754
155,3941021,Romania,5,104.95625000000001,67.9575,74.24374999999999,22.567500000000003,2,2840.538,2848.993
156,3941021,Netherlands,5,74.24374999999999,22.567500000000003,0.04374999999998863,31.4075,2,2853.258,2862.173
157,3941021,Romania,1,52.456250000000004,34.0425,46.41875,30.6425,2,2954.393,2954.393
2,3941020,Portugal,6,53.331250000000004,33.957499999999996,94.89375000000001,4.462500000000006,1,0.547,9.888
3,3941020,Portugal,5,94.89375000000001,4.462500000000006,99.88125000000001,1.2325000000000017,1,12.701,18.203
4,3941020,Slovenia,2,97.95625,4.802500000000002,41.51875,0.04250000000000398,1,39.335,42.847
5,3941020,Slovenia,13,41.51875,0.04250000000000398,16.40625,17.722499999999997,1,60.489,79.44
6,3941020,Portugal,2,16.40625,17.72249999999999,8.09375,4.207499999999996,1,81.023,83.941
7,3941020,Portugal,36,15.706249999999999,8.967500000000001,77.04375,0.04250000000000398,1,99.914,150.428
8,3941020,Slovenia,8,77.48125,0.04250000000000398,61.731249999999996,22.3125,1,165.983,188.568
9,3941020,Portugal,9,61.731249999999996,22.3125,104.95625000000001,67.9575,1,190.171,199.44
10,3941020,Portugal,4,104.95625000000001,67.9575,104.95625000000001,28.857499999999995,1,244.162,247.513
11,3941020,Slovenia,21,99.35625,32.852500000000006,12.381249999999994,57.3325,1,276.933,303.107
12,3941020,Portugal,11,19.64375,48.4925,70.83125,61.072500000000005,1,325.871,344.095
13,3941020,Portugal,1,72.84375,58.2675,104.95625000000001,18.65749999999999,1,387.348,387.348
14,3941020,Slovenia,7,100.58125,33.70250000000001,72.84375,2.167500000000004,1,401.36,411.469
15,3941020,Slovenia,12,72.84375,0.04250000000000398,75.81875,61.2425,1,421.88,442.368
16,3941020,Portugal,40,75.81875000000001,61.2425,76.86875,54.6975,1,443.365,500.313
17,3941020,Slovenia,9,80.98125,51.892500000000005,55.51875,57.67250000000001,1,501.622,506.51
18,3941020,Portugal,33,48.16875,56.9075,79.58125,48.4925,1,507.423,555.016
19,3941020,Slovenia,8,79.58125,48.4925,94.89375,54.697500000000005,1,555.461,561.253
20,3941020,Portugal,32,104.95625000000001,67.9575,55.08125,61.6675,1,597.461,648.168
21,3941020,Portugal,63,55.431250000000006,61.667500000000004,104.95625000000001,40.5025,1,665.947,761.943
22,3941020,Slovenia,7,99.79375,35.7425,63.74375,41.182500000000005,1,797.026,808.489
23,3941020,Portugal,5,62.956250000000004,40.417500000000004,95.94375000000001,54.6975,1,809.059,820.197
24,3941020,Slovenia,2,96.03125,56.9075,77.30625,65.0675,1,821.209,825.88
25,3941020,Slovenia,13,76.86875,67.9575,13.60625,0.04250000000000398,1,843.492,857.212
26,3941020,Slovenia,3,13.606249999999989,0.04250000000000398,43.53125,22.822499999999998,1,881.108,884.716
27,3941020,Portugal,64,43.53125,22.822499999999998,74.24375,8.967500000000001,1,889.339,995.506
28,3941020,Slovenia,4,83.25625,20.1875,31.89375000000001,20.0175,1,997.334,1002.843
29,3941020,Portugal,7,31.89375,20.0175,31.89375000000001,5.9925,1,1005.743,1010.226
30,3941020,Portugal,11,31.456250000000004,14.4925,62.606249999999996,1.8274999999999864,1,1047.913,1064.564
31,3941020,Slovenia,27,47.73125,2.762500000000003,42.831250000000004,16.6175,1,1066.929,1102.44
32,3941020,Portugal,1,46.59375,0.04250000000000398,42.48125,12.622499999999995,1,1180.759,1180.759
33,3941020,Slovenia,14,87.71875,34.46750000000001,11.768749999999997,42.712500000000006,1,1187.616,1209.22
34,3941020,Portugal,21,11.94375,42.542500000000004,104.95625000000001,59.7125,1,1218.205,1247.541
35,3941020,Slovenia,29,99.79375,34.807500000000005,29.79374999999999,38.8875,1,1274.069,1325.14
36,3941020,Portugal,2,29.793750000000006,38.8875,30.318749999999994,38.8875,1,1327.598,1328.047
37,3941020,Portugal,32,36.09375,38.9725,97.60625,63.3675,1,1389.585,1447.494
38,3941020,Slovenia,4,97.60625,63.3675,84.21875,56.7375,1,1450.255,1453.425
39,3941020,Slovenia,12,84.91875,57.07750000000001,51.40625,61.8375,1,1480.122,1501.564
40,3941020,Slovenia,9,51.40625000000001,62.0075,23.581249999999997,38.377500000000005,1,1542.2,1551.057
41,3941020,Portugal,8,23.58125,38.3775,85.79375,8.712499999999999,1,1551.057,1563.401
42,3941020,Portugal,17,77.83125000000001,0.04250000000000398,101.01875000000001,67.9575,1,1569.731,1587.525
43,3941020,Portugal,2,101.01875000000001,67.9575,72.23124999999999,36.167500000000004,1,1620.883,1622.911
44,3941020,Slovenia,20,72.23124999999999,36.167500000000004,39.59375,63.707499999999996,1,1625.283,1647.631
45,3941020,Slovenia,3,39.59375,67.9575,30.143749999999997,4.292500000000004,1,1659.169,1664.213
46,3941020,Portugal,9,30.143750000000004,4.292499999999997,90.95625,20.0175,1,1667.018,1681.872
47,3941020,Portugal,4,104.95625000000001,0.04250000000000398,97.16875,48.832499999999996,1,1715.565,1723.358
48,3941020,Slovenia,22,97.16875,48.322500000000005,30.143749999999997,10.412500000000001,1,1755.591,1792.895
49,3941020,Portugal,19,30.143750000000004,10.412499999999994,92.70625,0.04250000000000398,1,1792.895,1820.121
50,3941020,Portugal,9,92.70625,0.04250000000000398,103.64375,32.0875,1,1827.523,1843.92
51,3941020,Slovenia,6,103.64375,32.0875,40.73125,0.04250000000000398,1,1845.6625,1856.691
52,3941020,Slovenia,3,41.51875,0.04250000000000398,30.668750000000003,18.8275,1,1887.911,1890.752
53,3941020,Portugal,4,30.668750000000003,18.8275,86.49375,39.822500000000005,1,1890.752,1898.211
54,3941020,Portugal,1,84.74375,37.7825,104.95625000000001,31.832499999999996,1,2012.659,2012.659
55,3941020,Slovenia,3,99.79375,33.1075,47.99374999999999,2.677499999999995,1,2043.604,2048.263
56,3941020,Portugal,5,47.99375,2.677499999999995,56.21875,7.267499999999998,1,2051.108,2053.996
57,3941020,Slovenia,5,56.21875,7.267499999999998,43.356249999999996,23.927499999999995,1,2053.996,2058.367
58,3941020,Portugal,6,44.581250000000004,42.1175,98.65625,45.3475,1,2060.337,2068.27
59,3941020,Portugal,5,104.95625000000001,67.9575,104.95625000000001,22.3125,1,2113.917,2117.897
60,3941020,Slovenia,2,99.79375,31.4075,62.95625,0.04250000000000398,1,2151.519,2153.089
61,3941020,Slovenia,4,62.95625,0.04250000000000398,30.93124999999999,2.507499999999993,1,2169.396,2172.339
62,3941020,Portugal,16,30.931250000000002,2.507499999999993,91.13125,59.5425,1,2175.042,2199.281
63,3941020,Portugal,1,91.83125000000001,59.1175,104.95625000000001,25.2025,1,2280.284,2280.284
64,3941020,Slovenia,9,99.88125,33.8725,11.24375,40.417500000000004,1,2296.89,2312.084
65,3941020,Slovenia,4,0.04374999999998863,67.9575,21.831249999999997,0.04250000000000398,1,2358.83,2362.161
66,3941020,Portugal,3,32.681250000000006,0.04250000000000398,87.71875,22.482499999999995,1,2389.48,2393.015
67,3941020,Slovenia,4,86.66875,22.4825,60.33125,3.4424999999999955,1,2416.211,2424.127
68,3941020,Portugal,9,56.91875,0.04250000000000398,90.95625,0.04250000000000398,1,2429.975,2444.464
69,3941020,Portugal,19,91.13125,0.04250000000000398,66.36875,0.04250000000000398,1,2449.699,2477.04
70,3941020,Portugal,5,66.36875,0.04250000000000398,68.20625000000001,1.8274999999999864,1,2506.08,2508.662
71,3941020,Slovenia,7,69.16875,0.04250000000000398,41.16875,26.987499999999997,1,2529.071,2537.36
72,3941020,Portugal,5,41.16875000000001,26.987499999999997,74.94375,48.4925,1,2539.238,2544.653
73,3941020,Slovenia,5,74.94375,48.4925,55.518750000000004,54.5275,1,2544.653,2552.142
74,3941020,Slovenia,7,49.481249999999996,67.9575,18.24374999999999,46.3675,1,2555.322,2562.919
75,3941020,Portugal,24,18.24375,46.3675,83.43125,8.372499999999995,1,2562.919,2599.968
76,3941020,Slovenia,10,83.43125,8.372500000000002,4.331249999999997,32.852500000000006,1,2602.376,2616.508
77,3941020,Portugal,1,3.63125,33.107499999999995,3.63125,33.107499999999995,1,2617.301,2617.301
78,3941020,Portugal,6,3.63125,33.107499999999995,86.66875,46.5375,1,2618.701,2629.815
79,3941020,Slovenia,8,86.66875,46.537499999999994,0.04374999999998863,0.04250000000000398,1,2631.203,2644.742
80,3941020,Slovenia,2,0.04374999999998863,0.04250000000000398,0.04374999999998863,28.007500000000007,1,2696.278,2697.357
81,3941020,Portugal,23,6.08125,32.59749999999999,81.41875,65.5775,1,2718.048,2768.845
82,3941020,Slovenia,3,81.41875,65.5775,83.95625,65.0675,1,2768.845,2769.779
83,3941020,Slovenia,6,83.16875,62.0075,34.34375,54.442499999999995,1,2799.743,2806.628
84,3941020,Portugal,11,34.34375,54.4425,104.95625000000001,38.292500000000004,1,2808.97,2826.538
85,3941020,Slovenia,4,51.668749999999996,34.042500000000004,52.71875,67.9575,2,0.298,7.008
86,3941020,Slovenia,13,52.71875,67.9575,49.481249999999996,26.817500000000003,2,21.162,41.718
87,3941020,Portugal,2,49.48125,26.817499999999995,49.65625,23.332499999999996,2,43.239,46.861
88,3941020,Portugal,28,55.431250000000006,20.8675,104.95625000000001,40.75749999999999,2,60.38,103.04
89,3941020,Slovenia,5,98.91875,40.07750000000001,5.46875,60.0525,2,133.974,143.136
90,3941020,Slovenia,4,0.04374999999998863,67.9575,0.04374999999998863,29.792500000000004,2,178.554,183.491
91,3941020,Portugal,9,7.7437499999999995,28.0925,49.393750000000004,67.9575,2,192.151,209.853
92,3941020,Slovenia,4,38.54375,67.9575,22.18124999999999,62.6025,2,224.629,228.713
93,3941020,Portugal,2,22.18125,62.6025,21.30624999999999,67.02250000000001,2,230.064,231.181
94,3941020,Portugal,31,23.84375,64.2175,13.256249999999994,45.3475,2,263.744,317.07
95,3941020,Portugal,36,13.956249999999999,40.1625,56.21875,0.04250000000000398,2,343.35,399.896
96,3941020,Portugal,15,56.21875,0.04250000000000398,84.74375,32.087500000000006,2,428.394,453.62
97,3941020,Slovenia,7,84.74375,32.0875,12.90625,42.8825,2,453.962,460.985
98,3941020,Portugal,25,12.90625,42.8825,87.10625,27.497500000000002,2,463.524,512.984
99,3941020,Portugal,12,83.78125,30.387500000000003,57.44375,0.29749999999999943,2,587.846,604.33
100,3941020,Slovenia,5,60.856249999999996,0.04250000000000398,26.20625000000001,56.4825,2,624.673,634.561
101,3941020,Portugal,34,26.20625,56.4825,67.06875,67.7025,2,637.145,681.431
102,3941020,Portugal,16,62.168749999999996,67.9575,103.55625,17.552499999999995,2,692.935,723.13
103,3941020,Portugal,16,104.95625000000001,0.04250000000000398,99.18125,28.857499999999995,2,761.64,783.947
104,3941020,Slovenia,4,101.80625,27.497500000000002,5.46875,0.04250000000000398,2,785.7,796.484
105,3941020,Slovenia,3,5.46875,0.04250000000000398,0.04374999999998863,40.84250000000001,2,832.309,835.377
106,3941020,Portugal,1,5.20625,30.557499999999997,90.69375000000001,21.547499999999992,2,848.678,848.678
107,3941020,Slovenia,11,90.69375,24.2675,57.79375,10.3275,2,859.658,881.002
108,3941020,Portugal,3,57.79375,10.327499999999993,61.293749999999996,2.592500000000001,2,881.303,882.654
109,3941020,Portugal,41,61.293749999999996,2.592500000000001,86.14375,25.7975,2,886.8485000000001,947.651
110,3941020,Slovenia,6,86.14375,25.7975,0.04374999999998863,43.392500000000005,2,949.257,959.219
111,3941020,Portugal,62,5.20625,41.0975,69.95625,1.4874999999999972,2,968.344,1060.701
112,3941020,Portugal,55,69.95625,1.4874999999999972,102.85625,57.162499999999994,2,1063.7595000000001,1155.68
113,3941020,Slovenia,2,98.91875,37.6125,27.693749999999998,50.447500000000005,2,1197.994,1201.081
114,3941020,Portugal,24,27.693749999999998,50.447500000000005,81.94375000000001,50.447500000000005,2,1203.544,1247.347
115,3941020,Slovenia,5,94.54375,47.8125,60.24375000000001,66.5125,2,1249.076,1256.974
116,3941020,Slovenia,11,58.231249999999996,67.9575,60.06875,49.002500000000005,2,1273.642,1291.014
117,3941020,Portugal,6,56.393750000000004,40.9275,87.80625,12.282499999999999,2,1291.585,1299.964
118,3941020,Slovenia,2,75.11875,4.037500000000001,79.75625000000001,2.9325000000000045,2,1303.062,1306.059
119,3941020,Slovenia,8,73.45625,0.04250000000000398,17.981250000000003,46.877500000000005,2,1329.315,1344.594
120,3941020,Portugal,35,21.131249999999998,50.957499999999996,67.76875,13.642499999999998,2,1361.232,1428.149
121,3941020,Slovenia,23,67.76875,13.642499999999998,14.306249999999991,26.4775,2,1432.906,1467.835
122,3941020,Portugal,7,14.306249999999999,26.4775,79.31875,3.3575000000000017,2,1468.896,1481.902
123,3941020,Portugal,16,84.65625,0.04250000000000398,79.31875,42.3725,2,1487.64,1509.851
124,3941020,Portugal,1,77.74375,35.8275,104.95625000000001,36.50749999999999,2,1570.495,1570.495
125,3941020,Slovenia,12,98.91875,27.9225,46.50625000000001,60.3925,2,1592.684,1603.939
126,3941020,Portugal,7,46.50625000000001,60.3925,100.66875,35.5725,2,1607.228,1627.168
127,3941020,Slovenia,4,100.66875,35.572500000000005,24.456249999999997,27.242500000000007,2,1628.504,1655.043
128,3941020,Portugal,11,24.45625,27.2425,104.95625000000001,40.5875,2,1656.022,1686.771
129,3941020,Slovenia,24,98.91875,38.6325,31.543750000000003,54.3575,2,1755.006,1784.999
130,3941020,Portugal,4,28.13125,49.3425,56.56875000000001,56.4825,2,1786.583,1793.202
131,3941020,Slovenia,5,62.25625,54.3575,21.131249999999994,47.8125,2,1855.665,1862.043
132,3941020,Portugal,24,21.131249999999998,47.8125,104.86875,43.3075,2,1863.809,1908.858
133,3941020,Slovenia,7,98.91875,38.8875,16.14375000000001,67.9575,2,1942.066,1954.083
134,3941020,Slovenia,4,16.14375000000001,67.9575,9.40625,66.2575,2,1963.979,1967.657
135,3941020,Portugal,33,9.40625,63.9625,100.05625,18.8275,2,1986.658,2057.06
136,3941020,Slovenia,3,100.05625,18.8275,90.95625,13.7275,2,2058.299,2059.973
137,3941020,Slovenia,2,75.99374999999999,0.04250000000000398,58.05624999999999,6.502499999999998,2,2085.704,2086.945
138,3941020,Portugal,26,60.41875,7.947499999999998,102.85625,23.162499999999994,2,2087.911,2134.593
139,3941020,Slovenia,2,92.18125,17.042500000000004,61.20625,6.842500000000001,2,2137.236,2142.126
140,3941020,Slovenia,5,63.481249999999996,0.04250000000000398,55.86875,59.712500000000006,2,2217.923,2226.271
141,3941020,Portugal,59,55.86875,59.7125,96.38125000000001,23.672499999999992,2,2228.875,2330.167
142,3941020,Slovenia,5,96.38125,23.6725,35.21875,33.5325,2,2333.523,2358.313
143,3941020,Portugal,20,37.31875000000001,30.302499999999995,88.68125,61.6675,2,2383.076,2422.69
144,3941020,Slovenia,2,98.91875,39.5675,62.081250000000004,67.9575,2,2471.062,2474.636
145,3941020,Slovenia,3,49.043749999999996,67.9575,31.981250000000003,64.8975,2,2485.188,2486.845
146,3941020,Slovenia,4,31.018749999999997,63.1125,19.03125,48.4925,2,2525.404,2532.167
147,3941020,Portugal,16,19.03125,48.4925,75.46875,61.8375,2,2534.317,2563.631
148,3941020,Slovenia,4,75.46875,61.837500000000006,64.88125,56.6525,2,2565.288,2568.272
149,3941020,Slovenia,2,71.79374999999999,55.462500000000006,8.006249999999994,12.282499999999999,2,2597.476,2600.706
150,3941020,Portugal,21,8.006249999999998,12.282499999999999,101.63125,37.52750000000001,2,2604.056,2633.765
151,3941020,Slovenia,3,91.30625,29.197500000000005,30.493750000000006,13.642499999999998,2,2660.3,2664.657
152,3941020,Portugal,3,30.49375,13.642499999999998,40.99374999999999,2.4224999999999994,2,2666.191,2669.682
153,3941020,Portugal,19,42.04375,0.04250000000000398,26.29374999999999,55.97250000000001,2,2676.009,2708.056
154,3941020,Portugal,1,31.368750000000002,56.8225,96.99375,58.6075,2,2736.004,2736.004
155,3941020,Portugal,1,101.19375,35.5725,101.19375,35.5725,2,2808.552,2808.552
156,3941020,Slovenia,12,97.16875,31.152500000000003,9.318749999999994,42.20250000000001,2,2839.733,2864.402
157,3941020,Portugal,21,9.318749999999998,42.2025,74.24375,54.6975,2,2864.402,2894.657
158,3941020,Slovenia,8,74.24374999999999,54.697500000000005,22.793750000000003,42.96750000000001,2,2895.917,2908.035
159,3941020,Portugal,9,17.631249999999998,45.602500000000006,103.20625,59.712500000000006,2,2909.119,2932.148
160,3941020,Portugal,2,104.95625000000001,67.9575,53.331250000000004,33.957499999999996,2,2962.752,2964.142
161,3941020,Portugal,24,53.331250000000004,33.957499999999996,73.80624999999999,64.7275,3,0.67,44.174
162,3941020,Portugal,19,73.80625,64.7275,86.05625,52.7425,3,56.364,85.012
163,3941020,Portugal,10,88.59375,67.9575,104.86875,19.252499999999998,3,89.292,106.67
164,3941020,Slovenia,29,99.79375,29.027500000000003,7.65625,32.9375,3,125.461,175.435
165,3941020,Portugal,13,10.19375,31.152500000000003,95.33125,15.342500000000001,3,186.397,209.604
166,3941020,Slovenia,7,95.33125,15.342500000000001,73.63125,15.8525,3,211.327,216.163
167,3941020,Portugal,8,73.63125000000001,15.8525,104.95625000000001,27.837500000000006,3,217.975,225.885
168,3941020,Slovenia,7,99.79375,38.8875,15.618749999999991,30.2175,3,257.592,269.68
169,3941020,Slovenia,9,0.04374999999998863,67.9575,0.04374999999998863,42.8825,3,308.181,320.375
170,3941020,Portugal,46,6.08125,36.2525,78.09375,0.12749999999998352,3,329.29,413.13
171,3941020,Slovenia,2,79.58125,0.04250000000000398,57.70625,1.9975000000000023,3,435.09,436.813
172,3941020,Portugal,14,57.70625,1.9975000000000023,72.05625,60.1375,3,437.484,458.494
173,3941020,Slovenia,13,72.05625,60.1375,53.24374999999999,67.7025,3,458.494,464.932
174,3941020,Portugal,5,56.30625000000001,67.9575,74.15625,58.3525,3,474.56,486.475
175,3941020,Portugal,16,72.31875000000001,67.9575,104.95625000000001,67.9575,3,497.188,524.714
176,3941020,Portugal,8,104.95625000000001,67.9575,104.16875,31.662499999999994,3,559.396,568.219
177,3941020,Slovenia,1,104.16875,32.767500000000005,104.16875,32.767500000000005,3,569.254,569.254
178,3941020,Slovenia,9,91.30625,41.5225,36.268750000000004,33.107499999999995,3,588.428,597.89
179,3941020,Portugal,3,36.268750000000004,33.107499999999995,48.25624999999999,26.817500000000003,3,598.7475,601.201
180,3941020,Portugal,4,55.69375000000001,29.027500000000003,102.59375,14.662499999999994,3,624.41,630.878
181,3941020,Slovenia,1,100.14375,34.892500000000005,64.18125,67.1925,3,664.037,664.037
182,3941020,Portugal,14,64.18125,67.9575,94.98125,5.227499999999999,3,672.366,698.976
183,3941020,Portugal,8,94.98125,0.04250000000000398,88.68125,5.227499999999999,3,704.955,714.3
184,3941020,Slovenia,7,84.04375,0.04250000000000398,50.53124999999999,14.152499999999996,3,737.946,746.567
185,3941020,Portugal,2,60.76875,42.2025,91.83125,35.912499999999994,3,751.251,755.707
186,3941020,Portugal,1,94.54375,33.957499999999996,104.69375000000001,31.40749999999999,3,890.595,890.595
187,3941020,Portugal,5,104.95625000000001,0.04250000000000398,51.668749999999996,34.042500000000004,3,927.144,933.79
188,3941020,Slovenia,3,51.668749999999996,34.042500000000004,6.4312499999999915,67.9575,4,0.378,3.574
189,3941020,Portugal,4,13.78125,67.9575,52.01875,66.6825,4,27.683,32.079
190,3941020,Portugal,25,50.09375,66.6825,72.23124999999999,1.5725000000000051,4,56.532,97.296
191,3941020,Portugal,3,77.91875,2.9325000000000045,103.99375,34.46750000000001,4,145.807,148.209
192,3941020,Portugal,3,104.95625000000001,67.9575,102.41874999999999,37.9525,4,175.636,179.367
193,3941020,Slovenia,17,96.38125,38.8025,22.53125,17.722499999999997,4,223.185,247.914
194,3941020,Portugal,22,30.406250000000004,15.59749999999999,33.29375,41.0975,4,258.389,305.142
195,3941020,Slovenia,6,26.643749999999997,42.542500000000004,18.33125,24.947499999999998,4,305.822,315.375
196,3941020,Slovenia,1,21.65625,23.7575,13.168749999999989,26.5625,4,409.83,409.83
197,3941020,Slovenia,3,17.28125,0.04250000000000398,3.0187500000000114,3.3575000000000017,4,422.282,425.436
198,3941020,Portugal,3,3.0187500000000003,3.3575000000000017,1.35625,5.0575000000000045,4,426.937,428.327
199,3941020,Portugal,10,1.35625,5.0575000000000045,84.30625,67.0225,4,431.1685,453.574
200,3941020,Slovenia,23,84.30625,67.02250000000001,0.04374999999998863,48.917500000000004,4,453.574,493.701
201,3941020,Portugal,31,5.20625,37.9525,40.29375,18.402500000000003,4,505.465,565.0
202,3941020,Slovenia,4,36.79374999999999,20.1875,0.04374999999998863,66.7675,4,565.811,570.119
203,3941020,Portugal,17,5.20625,38.4625,86.40625,25.2025,4,581.968,610.63
204,3941020,Slovenia,6,86.40625,25.2025,74.50625,4.207499999999996,4,611.039,616.336
205,3941020,Slovenia,5,68.64375,0.04250000000000398,46.68125,35.82750000000001,4,651.005,657.391
206,3941020,Portugal,18,46.68125,35.8275,91.30625,66.6825,4,661.024,687.041
207,3941020,Slovenia,1,82.11875,67.9575,50.18125,56.2275,4,728.417,728.417
208,3941020,Portugal,26,50.18125,56.2275,78.88125,7.182499999999997,4,730.004,770.86
209,3941020,Portugal,14,68.38125,0.04250000000000398,93.14375,42.542500000000004,4,781.82,810.37
210,3941020,Slovenia,2,93.14375,42.542500000000004,35.48125,48.7475,4,812.519,833.15
211,3941020,Portugal,9,35.48125,48.7475,87.89375,38.462500000000006,4,834.191,856.3
212,3941020,Portugal,10,104.95625000000001,0.04250000000000398,104.95625000000001,39.6525,4,869.822,883.336
213,3941020,Slovenia,3,98.91875,38.8025,74.68125,67.9575,4,909.631,915.638
214,3941020,Portugal,17,74.68125,67.9575,104.95625000000001,10.582500000000003,4,920.367,944.888
215,3941020,Slovenia,1,10.456249999999997,34.042500000000004,0.48124999999998863,36.337500000000006,5,8.495,8.495
216,3941020,Portugal,1,94.54375,33.957499999999996,104.95625000000001,36.9325,5,58.279,58.279
217,3941020,Slovenia,1,10.456249999999997,34.042500000000004,0.48124999999998863,31.6625,5,100.229,100.229
218,3941020,Portugal,1,94.63125,33.957499999999996,104.95625000000001,36.50749999999999,5,154.158,154.158
219,3941020,Slovenia,1,10.456249999999997,34.042500000000004,0.3062499999999915,31.492500000000007,5,201.802,201.802
220,3941020,Portugal,1,94.54375,33.957499999999996,104.95625000000001,30.8125,5,253.802,253.802
2,3941019,France,54,52.456250000000004,34.0425,104.95625000000001,42.2875,1,0.356,65.618
3,3941019,Belgium,19,98.91875,39.5675,36.881249999999994,3.867500000000007,1,89.842,130.279
4,3941019,France,13,36.88125000000001,3.867500000000007,49.48125,58.2675,1,132.61,148.408
5,3941019,Belgium,10,49.481249999999996,58.2675,53.06875000000001,43.0525,1,151.654,167.081
6,3941019,Belgium,23,64.88125,44.1575,15.881249999999994,0.12749999999999773,1,185.95,223.557
7,3941019,France,24,18.943749999999998,0.04250000000000398,89.11875,67.9575,1,242.206,275.668
8,3941019,France,8,80.54375,67.9575,22.09375,8.287499999999994,1,285.118,301.693
9,3941019,Belgium,45,43.09375,0.04250000000000398,99.79375,12.112499999999997,1,310.658,385.566
10,3941019,Belgium,17,98.91875,41.3525,49.043749999999996,56.4825,1,407.606,426.516
11,3941019,France,2,50.09375,62.6875,49.13125,63.197500000000005,1,427.982,428.058
12,3941019,France,89,43.44375000000001,67.9575,102.33125,35.147499999999994,1,433.685,552.585
13,3941019,Belgium,1,102.50625,34.807500000000005,102.50625,34.807500000000005,1,553.909,553.909
14,3941019,Belgium,34,102.50625,34.807500000000005,21.131249999999998,2.082499999999996,1,555.3895,622.462
15,3941019,France,30,22.443749999999998,0.04250000000000398,83.86875,6.502499999999991,1,639.323,688.148
16,3941019,Belgium,3,97.08125,0.04250000000000398,66.63125,2.592500000000001,1,721.73,724.445
17,3941019,France,34,67.41875,0.04250000000000398,104.95625000000001,67.9575,1,728.356,781.262
18,3941019,France,9,104.95625000000001,67.9575,104.95625000000001,35.0625,1,825.137,832.151
19,3941019,Belgium,18,98.91875,27.072499999999998,13.168749999999989,48.57750000000001,1,866.983,891.003
20,3941019,France,65,13.168749999999998,48.5775,104.95625000000001,0.04250000000000398,1,897.087,995.351
21,3941019,France,2,104.95625000000001,0.04250000000000398,104.95625000000001,27.15749999999999,1,1022.255,1023.414
22,3941019,Belgium,7,98.91875,41.947500000000005,29.443749999999994,29.367500000000007,1,1039.547,1052.489
23,3941019,France,50,29.443750000000005,29.3675,104.95625000000001,32.5125,1,1054.657,1148.6
24,3941019,Belgium,19,98.91875,36.167500000000004,8.268749999999997,26.7325,1,1161.877,1188.991
25,3941019,France,13,8.26875,26.732499999999995,68.11875,67.9575,1,1191.251,1215.877
26,3941019,France,14,68.11875,67.9575,97.86875,34.8925,1,1222.361,1246.664
27,3941019,Belgium,27,97.86875,34.892500000000005,47.03125,3.612499999999997,1,1249.371,1302.764
28,3941019,Belgium,19,53.24374999999999,0.04250000000000398,18.856250000000003,14.407499999999992,1,1323.626,1356.999
29,3941019,Belgium,2,17.71875,13.642499999999998,8.26875,15.8525,1,1411.985,1413.399
30,3941019,France,11,8.26875,15.8525,54.46875000000001,8.032499999999999,1,1416.362,1428.285
31,3941019,Belgium,27,59.36875,10.3275,9.318749999999994,36.7625,1,1534.747,1571.821
32,3941019,France,13,5.20625,33.107499999999995,67.59375,14.152500000000003,1,1591.327,1611.112
33,3941019,Belgium,38,67.59375,14.152499999999996,13.606249999999989,34.5525,1,1612.713,1673.554
34,3941019,France,12,13.60625,34.5525,55.34375,61.4125,1,1674.38,1696.916
35,3941019,France,5,55.34375,61.4125,77.48125,50.0225,1,1704.111,1717.05
36,3941019,Belgium,40,77.48125,50.0225,25.068749999999994,3.0174999999999983,1,1718.152,1778.91
37,3941019,France,13,23.756249999999998,0.04250000000000398,103.03125,21.97249999999999,1,1790.165,1809.529
38,3941019,Belgium,10,103.03125,21.972499999999997,10.893749999999997,20.442500000000003,1,1813.651,1839.728
39,3941019,France,25,10.893749999999999,20.442499999999995,104.95625000000001,29.3675,1,1842.544,1881.432
40,3941019,Belgium,29,98.91875,40.9275,18.418750000000003,7.352499999999999,1,1897.705,1955.302
41,3941019,France,4,18.41875,7.352499999999992,25.76875000000001,4.802500000000002,1,1958.161,1960.696
42,3941019,France,17,26.81875,6.247499999999995,104.95625000000001,29.792499999999997,1,1971.803,2007.026
43,3941019,Belgium,20,98.91875,41.3525,60.24375000000001,3.782499999999999,1,2025.0,2057.207
44,3941019,Belgium,14,61.55624999999999,2.167500000000004,9.14375,0.12749999999998352,1,2078.152,2103.733
45,3941019,Belgium,1,10.71875,0.04250000000000398,5.731250000000003,18.6575,1,2114.78,2114.78
46,3941019,France,3,5.73125,18.65749999999999,1.4437499999999943,8.372500000000002,1,2116.293,2118.084
47,3941019,France,22,5.11875,8.967500000000001,101.28125,35.0625,1,2133.247,2173.495
48,3941019,Belgium,16,101.28125,35.0625,35.83125000000001,51.127500000000005,1,2174.969,2216.616
49,3941019,France,16,35.83125,51.1275,92.53125,63.3675,1,2219.572,2250.975
50,3941019,Belgium,6,92.53125,63.3675,68.81875,60.64750000000001,1,2253.197,2257.514
51,3941019,France,12,68.81875000000001,60.6475,81.94375000000001,67.9575,1,2259.554,2276.13
52,3941019,France,45,81.94375000000001,67.9575,104.95625000000001,29.877499999999998,1,2282.283,2331.334
53,3941019,Belgium,19,98.91875,25.542500000000004,71.70625000000001,2.592500000000001,1,2339.973,2370.552
54,3941019,Belgium,9,73.71875,0.04250000000000398,20.16874999999999,58.2675,1,2380.206,2395.604
55,3941019,France,19,20.16875,58.2675,92.70625,0.04250000000000398,1,2397.39,2424.836
56,3941019,France,94,92.70625,0.04250000000000398,101.10625,31.4925,1,2433.383,2557.764
57,3941019,Belgium,5,72.31875,23.6725,18.331249999999997,47.8125,1,2622.667,2630.088
58,3941019,France,6,15.181249999999999,47.4725,97.43125,53.0825,1,2646.103,2665.726
59,3941019,France,14,104.95625000000001,67.9575,104.95625000000001,31.322499999999998,1,2691.595,2713.499
60,3941019,Belgium,5,98.91875,40.84250000000001,52.543749999999996,33.9575,1,2751.475,2761.159
61,3941019,Belgium,4,52.543749999999996,33.9575,34.693749999999994,14.662500000000001,2,0.98,5.005
62,3941019,France,18,34.69375,14.662499999999994,104.95625000000001,26.4775,2,7.84,31.204
63,3941019,Belgium,11,101.54375,30.8125,47.90625,13.47249999999999,2,47.931,78.688
64,3941019,Belgium,27,48.25624999999999,0.04250000000000398,7.568749999999994,22.397499999999994,2,91.126,135.588
65,3941019,France,29,7.568749999999999,22.3975,82.64375,16.787499999999994,2,137.362,186.032
66,3941019,Belgium,6,82.64375,16.7875,56.04375,45.1775,2,186.788,191.588
67,3941019,France,8,56.043749999999996,45.1775,102.76875,33.9575,2,193.73,204.519
68,3941019,France,7,104.95625000000001,0.04250000000000398,77.04375,63.537499999999994,2,237.071,248.32
69,3941019,France,5,77.04375,63.5375,104.95625000000001,36.42249999999999,2,293.324,299.718
70,3941019,Belgium,7,99.79375,32.9375,37.318749999999994,60.0525,2,348.501,361.315
71,3941019,France,38,37.31875000000001,60.0525,98.13125000000001,22.652500000000003,2,362.676,422.485
72,3941019,Belgium,14,98.13125,22.652500000000003,32.50625,43.8175,2,425.335,446.27
73,3941019,France,26,32.50625,43.8175,104.95625000000001,33.6175,2,447.88149999999996,484.936
74,3941019,Belgium,9,100.40625,29.197500000000005,46.94375000000001,56.2275,2,510.292,525.443
75,3941019,France,9,46.94375000000001,56.2275,75.99375,62.3475,2,526.5135,532.872
76,3941019,Belgium,17,75.99374999999999,62.34750000000001,11.068749999999994,13.642499999999998,2,534.245,564.934
77,3941019,France,30,13.168749999999998,2.677499999999995,104.95625000000001,50.447500000000005,2,567.351,615.951
78,3941019,Belgium,21,100.05625,29.197500000000005,41.518750000000004,17.807499999999997,2,631.358,666.708
79,3941019,France,52,41.518750000000004,17.807499999999997,100.23125,19.84749999999999,2,667.671,724.275
80,3941019,Belgium,2,99.09375,11.177500000000002,102.24375,1.6574999999999989,2,727.811,734.449
81,3941019,Belgium,5,93.49375,12.112499999999997,32.15625,0.04250000000000398,2,778.527,786.93
82,3941019,Belgium,16,32.15625,0.04250000000000398,38.01875,5.652500000000003,2,810.151,834.407
83,3941019,France,3,38.018750000000004,5.652499999999989,41.956250000000004,3.612499999999997,2,837.232,839.058
84,3941019,France,34,43.35625,3.102499999999992,61.731249999999996,59.712500000000006,2,854.943,898.666
85,3941019,France,5,60.24375000000001,60.0525,57.96875000000001,45.8575,2,905.579,915.765
86,3941019,Belgium,6,57.96875,45.8575,7.481249999999989,43.2225,2,917.896,923.814
87,3941019,Belgium,3,0.04374999999998863,67.9575,0.39374999999999716,22.652500000000003,2,966.579,971.962
88,3941019,France,2,6.08125,39.6525,95.41874999999999,39.482499999999995,2,1003.459,1007.422
89,3941019,Belgium,7,95.41875,39.4825,63.13125,42.1175,2,1010.989,1023.655
90,3941019,France,15,63.13125000000001,42.1175,79.75625000000001,0.04250000000000398,2,1030.36,1044.344
91,3941019,Belgium,1,53.94375,2.762500000000003,53.94375,2.762500000000003,2,1111.309,1111.309
92,3941019,France,36,48.16875,3.867500000000007,104.95625000000001,29.027500000000003,2,1114.401,1164.492
93,3941019,Belgium,28,100.40625,31.6625,14.306249999999999,1.6574999999999989,2,1180.435,1226.914
94,3941019,Belgium,3,18.24374999999999,0.04250000000000398,33.556250000000006,1.4874999999999972,2,1232.723,1236.109
95,3941019,Belgium,28,36.70625,0.04250000000000398,26.29374999999999,25.2025,2,1246.659,1302.55
96,3941019,France,10,26.29375,25.2025,84.21875,7.607500000000002,2,1305.615,1323.858
97,3941019,France,35,87.28125,0.04250000000000398,104.95625000000001,30.6425,2,1341.001,1394.812
98,3941019,Belgium,24,100.05625,30.642500000000005,58.14375,23.1625,2,1414.224,1458.767
99,3941019,France,8,58.14375000000001,23.162499999999994,56.56875,25.457499999999996,2,1460.546,1466.281
100,3941019,Belgium,25,56.56875,25.457499999999996,1.96875,31.322499999999998,2,1467.0749999999998,1503.123
101,3941019,France,14,1.96875,31.322499999999998,94.19375,39.1425,2,1504.2555,1529.653
102,3941019,Belgium,10,94.19375,39.142500000000005,58.49374999999999,54.52750000000001,2,1529.653,1554.228
105,3941019,Belgium,21,71.35624999999999,29.027500000000003,97.95625,0.04250000000000398,2,1588.679,1621.619
106,3941019,France,31,91.30625,0.04250000000000398,95.94375000000001,11.34749999999999,2,1633.953,1678.878
107,3941019,France,8,104.95625000000001,0.04250000000000398,104.95625000000001,29.3675,2,1712.657,1722.528
108,3941019,Belgium,43,99.79375,25.457499999999996,3.71875,54.697500000000005,2,1749.754,1823.751
109,3941019,France,8,3.71875,54.6975,41.78125,60.0525,2,1823.751,1835.308
110,3941019,France,66,44.75625000000001,67.9575,104.95625000000001,31.152500000000003,2,1868.818,1971.116
111,3941019,Belgium,7,100.05625,31.067500000000003,68.99375,26.5625,2,1990.067,2001.85
112,3941019,Belgium,11,68.99375,26.5625,10.71875,20.0175,2,2009.174,2028.105
113,3941019,France,25,14.13125,32.0025,83.60625,64.04750000000001,2,2035.745,2080.863
114,3941019,France,9,87.71875,67.9575,100.58125,32.5125,2,2091.97,2103.782
115,3941019,Belgium,13,100.58125,32.5125,21.65625,44.072500000000005,2,2105.625,2143.886
116,3941019,France,18,20.518749999999997,39.482499999999995,77.65625,10.157499999999999,2,2149.768,2186.912
117,3941019,Belgium,2,77.65625,10.157499999999999,72.05625,2.9325000000000045,2,2190.315,2193.369
118,3941019,Belgium,17,71.53125,2.507499999999993,8.881249999999994,67.9575,2,2206.526,2232.11
119,3941019,Belgium,4,8.881249999999994,67.9575,11.59375,62.0075,2,2257.61,2259.166
120,3941019,Belgium,33,11.59375,62.0075,44.581250000000004,1.6574999999999989,2,2262.436,2307.309
121,3941019,Belgium,10,45.543749999999996,0.04250000000000398,22.006249999999998,46.8775,2,2315.428,2331.122
122,3941019,France,29,22.006249999999998,46.8775,95.76875,26.307499999999997,2,2332.0735,2370.038
123,3941019,Belgium,18,52.543749999999996,33.9575,19.73124999999999,24.862499999999997,2,2459.641,2487.889
124,3941019,France,6,19.73125,24.862499999999997,56.393750000000004,47.9825,2,2492.289,2497.602
125,3941019,Belgium,24,56.39375,47.9825,5.20625,45.1775,2,2497.602,2532.912
126,3941019,France,5,6.08125,35.997499999999995,68.38125,53.7625,2,2583.724,2590.42
127,3941019,France,3,74.94375,67.9575,87.28125,66.3425,2,2615.331,2618.972
128,3941019,France,5,87.45625,67.9575,72.66874999999999,65.2375,2,2628.643,2632.543
129,3941019,Belgium,20,72.05625,64.5575,23.756249999999994,24.012500000000003,2,2641.046,2680.077
131,3941019,Belgium,44,40.03125,20.7825,17.981250000000003,67.9575,2,2696.196,2781.21
132,3941019,Belgium,13,17.981250000000003,67.9575,4.506249999999994,24.182499999999997,2,2787.204,2808.035
133,3941019,Belgium,3,0.04374999999998863,0.04250000000000398,23.23124999999999,38.5475,2,2828.756,2834.309
134,3941019,France,5,23.23125,38.54749999999999,32.681250000000006,61.4125,2,2835.936,2839.55
135,3941019,Belgium,9,36.70625,67.9575,61.731249999999996,1.2325000000000017,2,2843.862,2862.865
2,3941018,Spain,29,53.331250000000004,33.957499999999996,96.46875,34.29749999999999,1,0.662,48.594
3,3941018,Georgia,5,96.46875,34.2975,50.006249999999994,27.9225,1,50.598,57.777
4,3941018,Spain,68,50.00625000000001,27.922499999999992,74.50625,67.9575,1,59.504,155.16
5,3941018,Spain,14,74.50625,67.9575,92.26875,50.1925,1,159.866,177.785
6,3941018,Georgia,4,91.48125,48.2375,36.79374999999999,59.627500000000005,1,222.305,228.69
7,3941018,Spain,8,36.79375,59.6275,102.68125,33.4475,1,229.719,244.348
8,3941018,Georgia,1,103.20625,32.2575,103.20625,32.2575,1,245.056,245.056
9,3941018,Georgia,3,99.70625,31.322500000000005,53.15625,17.3825,1,257.396,260.676
10,3941018,Spain,60,53.15625,17.3825,104.95625000000001,43.477500000000006,1,262.845,357.097
11,3941018,Georgia,20,99.79375,32.5125,14.393749999999997,64.04750000000001,1,379.346,404.54
12,3941018,Spain,3,14.39375,64.0475,10.806250000000006,62.432500000000005,1,404.54,404.944
13,3941018,Spain,32,10.19375,60.7325,104.95625000000001,67.9575,1,417.543,462.103
14,3941018,Spain,47,104.95625000000001,67.9575,97.16875,53.3375,1,487.126,574.187
15,3941018,Spain,4,104.95625000000001,67.9575,104.95625000000001,67.9575,1,596.093,598.967
16,3941018,Spain,3,104.95625000000001,67.9575,93.49375,46.3675,1,611.999,615.398
17,3941018,Spain,19,90.43125,67.9575,89.73125,38.8875,1,633.686,659.733
18,3941018,Spain,68,104.95625000000001,0.04250000000000398,94.36875,40.5025,1,672.956,770.568
19,3941018,Spain,1,94.36875,40.5025,94.36875,40.5025,1,794.4,794.4
20,3941018,Georgia,1,92.61875,42.96750000000001,29.61874999999999,55.8025,1,863.645,863.645
21,3941018,Spain,27,29.618750000000002,55.8025,102.33125,7.947499999999998,1,868.657,917.053
22,3941018,Spain,2,104.95625000000001,0.04250000000000398,98.21875,38.292500000000004,1,939.422,941.372
23,3941018,Georgia,2,99.79375,38.037499999999994,74.59375,57.162499999999994,1,957.05,958.421
24,3941018,Georgia,3,74.06875,67.9575,66.89375,57.8425,1,977.301,979.506
25,3941018,Georgia,24,64.35625,58.692499999999995,6.43125,31.067499999999995,1,1004.302,1034.265
26,3941018,Spain,7,53.331250000000004,33.957499999999996,66.89375,67.7875,1,1104.751,1117.386
27,3941018,Georgia,1,68.03125,67.9575,57.09375,62.6875,1,1140.31,1140.31
28,3941018,Georgia,60,56.21875,62.6875,83.78125,18.997499999999995,1,1141.115,1222.749
29,3941018,Georgia,24,83.78125,18.997500000000002,67.50625,56.39750000000001,1,1222.749,1248.292
30,3941018,Spain,20,67.50625000000001,56.3975,103.55625,30.302499999999995,1,1249.195,1276.703
31,3941018,Georgia,1,102.94375,31.577500000000008,102.94375,31.577500000000008,1,1277.35,1277.35
32,3941018,Georgia,4,100.66875,34.9775,47.90625000000001,50.8725,1,1295.468,1300.423
33,3941018,Spain,65,47.90625,50.8725,83.25625000000001,29.877499999999998,1,1302.616,1402.725
34,3941018,Georgia,10,83.25625,29.877500000000005,56.831250000000004,3.527499999999989,1,1403.258,1411.352
35,3941018,Georgia,13,56.56875,3.5275000000000034,21.918750000000003,40.7575,1,1430.913,1448.322
36,3941018,Spain,13,21.918750000000003,40.75749999999999,95.94375,4.037500000000001,1,1448.894,1467.748
37,3941018,Spain,29,95.94375000000001,0.04250000000000398,90.16875,39.7375,1,1473.506,1515.571
38,3941018,Georgia,2,92.79375,47.3025,18.943749999999998,60.9025,1,1561.528,1565.26
39,3941018,Spain,21,18.943749999999998,60.9025,104.95625000000001,36.9325,1,1567.276,1597.824
40,3941018,Georgia,11,99.79375,34.892500000000005,56.131249999999994,44.32750000000001,1,1621.279,1635.674
41,3941018,Spain,13,56.13125000000001,44.3275,79.05625,53.7625,1,1635.674,1647.337
42,3941018,Georgia,3,85.44375,67.9575,64.88125,34.8925,1,1658.86,1662.398
43,3941018,Spain,8,55.25625,32.8525,85.79374999999999,9.137500000000003,1,1664.158,1669.294
44,3941018,Georgia,7,85.79375,9.137500000000003,39.243750000000006,3.102499999999992,1,1672.717,1684.209
45,3941018,Spain,20,39.243750000000006,3.102499999999992,104.95625000000001,37.0175,1,1686.7005,1718.818
46,3941018,Georgia,2,99.79375,34.892500000000005,56.21875,43.7325,1,1740.848,1743.033
47,3941018,Georgia,5,56.83125,40.7575,47.46874999999999,54.95250000000001,1,1745.763,1751.653
48,3941018,Spain,13,47.46875,54.9525,21.918750000000003,24.09749999999999,1,1753.05,1768.528
49,3941018,Georgia,6,19.293750000000003,20.9525,16.05624999999999,36.8475,1,1769.981,1773.268
50,3941018,Spain,33,10.63125,27.412499999999994,92.96875,43.2225,1,1774.485,1838.528
51,3941018,Georgia,6,95.59375,43.2225,15.881249999999994,46.962500000000006,1,1839.349,1850.32
52,3941018,Spain,31,13.86875,41.947500000000005,92.00625000000001,0.04250000000000398,1,1851.102,1905.33
53,3941018,Spain,3,92.00625000000001,0.04250000000000398,81.68125,0.04250000000000398,1,1919.526,1922.402
54,3941018,Georgia,1,76.60624999999999,0.04250000000000398,65.66874999999999,8.457499999999996,1,1952.159,1952.159
55,3941018,Spain,6,65.66874999999999,8.457500000000003,68.55625,12.02749999999999,1,1953.637,1958.709
56,3941018,Georgia,24,63.918749999999996,8.967500000000001,0.04374999999998863,0.04250000000000398,1,1959.607,1988.66
57,3941018,Georgia,1,0.04374999999998863,0.04250000000000398,0.04374999999998863,48.917500000000004,1,2026.638,2026.638
58,3941018,Spain,24,3.8062500000000004,36.5925,102.94375,34.9775,1,2042.502,2077.73
59,3941018,Spain,3,96.11875,0.04250000000000398,102.68125,12.02749999999999,1,2091.874,2095.968
60,3941018,Spain,1,104.95625000000001,0.04250000000000398,104.95625000000001,49.6825,1,2121.789,2121.789
61,3941018,Georgia,3,99.79375,39.822500000000005,45.01875000000001,65.6625,1,2157.795,2163.294
62,3941018,Spain,9,44.49375,67.9575,104.95625000000001,8.457500000000003,1,2168.25,2180.758
63,3941018,Georgia,22,99.79375,28.0925,25.068749999999998,51.2125,1,2216.366,2251.433
64,3941018,Spain,28,25.068749999999998,51.2125,104.95625000000001,31.067499999999995,1,2253.951,2290.552
65,3941018,Georgia,2,52.543749999999996,33.9575,0.04374999999998863,36.932500000000005,1,2443.733,2445.326
66,3941018,Spain,10,6.08125,31.322499999999998,92.26875,58.182500000000005,1,2457.102,2478.997
67,3941018,Spain,17,79.75625000000001,67.9575,65.40625,61.582499999999996,1,2487.546,2520.063
68,3941018,Spain,9,65.40625,61.582499999999996,80.80625,67.6175,1,2522.373,2539.681
69,3941018,Georgia,2,84.91875,67.9575,73.71875,64.1325,1,2562.061,2563.09
70,3941018,Spain,13,70.39375,59.6275,79.58125,37.357499999999995,1,2564.271,2580.521
71,3941018,Georgia,18,79.58125,37.3575,73.10624999999999,8.202499999999993,1,2581.874,2600.722
72,3941018,Georgia,9,72.84375,6.672499999999999,79.75625,60.817499999999995,1,2644.211,2657.794
73,3941018,Spain,15,68.55625,50.1925,96.64375,38.54749999999999,1,2660.324,2682.073
74,3941018,Georgia,1,99.79375,38.292500000000004,41.43124999999999,67.7875,1,2716.871,2716.871
75,3941018,Spain,53,30.58125,67.9575,102.33125,19.5925,1,2724.652,2806.121
76,3941018,Spain,2,104.95625000000001,0.04250000000000398,104.95625000000001,67.9575,1,2828.674,2830.76
77,3941018,Spain,2,104.95625000000001,67.9575,51.668749999999996,34.042500000000004,1,2849.534,2850.52
78,3941018,Georgia,10,51.668749999999996,34.042500000000004,50.006249999999994,2.167500000000004,2,0.8,15.54
79,3941018,Spain,5,50.00625000000001,2.167500000000004,104.95625000000001,40.417500000000004,2,16.653,21.58
80,3941018,Georgia,7,99.70625,36.337500000000006,61.99375,66.59750000000001,2,43.972,51.731
81,3941018,Spain,54,56.043749999999996,67.9575,95.59375,67.9575,2,55.214,137.496
82,3941018,Spain,20,95.59375,67.9575,81.33125000000001,33.0225,2,144.441,169.577
83,3941018,Georgia,5,81.76875,29.792500000000004,0.04374999999998863,29.5375,2,170.456,175.249
84,3941018,Spain,40,5.20625,32.9375,87.19375,31.832499999999996,2,194.676,242.488
85,3941018,Spain,11,87.10625,31.4925,104.95625000000001,36.082499999999996,2,325.952,340.103
86,3941018,Georgia,8,51.668749999999996,34.042500000000004,80.89375,45.9425,2,418.217,428.453
87,3941018,Spain,5,80.89375,45.9425,104.95625000000001,30.047499999999992,2,429.515,433.175
88,3941018,Georgia,4,101.54375,30.132500000000007,83.95625,63.9625,2,449.506,453.895
89,3941018,Georgia,5,81.76875,64.04750000000001,46.506249999999994,5.227499999999999,2,467.239,474.775
90,3941018,Spain,67,46.50625000000001,5.227499999999992,104.95625000000001,38.3775,2,476.106,578.983
91,3941018,Georgia,10,99.96875,37.1875,14.65625,0.7224999999999966,2,604.166,616.473
92,3941018,Spain,20,13.956249999999999,0.04250000000000398,15.53125,38.2075,2,641.782,670.139
93,3941018,Spain,41,17.89375,44.7525,82.99375,52.0625,2,707.18,774.998
94,3941018,Spain,32,82.99375,52.0625,97.16875,10.497500000000002,2,778.4505,823.268
95,3941018,Spain,31,104.95625000000001,0.04250000000000398,87.01875,34.9775,2,837.887,895.937
96,3941018,Georgia,6,87.01875,34.9775,60.856249999999996,56.9925,2,896.27,902.759
97,3941018,Spain,105,60.85625,56.9925,97.69375,49.087500000000006,2,904.751,1030.015
98,3941018,Georgia,6,97.69375,49.087500000000006,87.54375,32.5125,2,1030.95,1037.306
99,3941018,Spain,2,87.54375,32.5125,104.95625000000001,38.4625,2,1038.609,1039.983
100,3941018,Georgia,1,99.70625,36.337500000000006,48.25624999999999,58.3525,2,1092.209,1092.209
101,3941018,Spain,43,48.25625000000001,58.3525,101.19375,56.7375,2,1095.319,1156.941
102,3941018,Spain,3,104.95625000000001,67.9575,97.25625000000001,55.4625,2,1181.797,1187.051
103,3941018,Spain,2,104.95625000000001,67.9575,99.70625,39.2275,2,1206.165,1207.363
104,3941018,Georgia,5,99.70625,39.2275,48.168749999999996,19.932499999999997,2,1287.598,1295.462
105,3941018,Spain,26,48.16875,19.932499999999997,85.09375,46.707499999999996,2,1296.979,1341.236
106,3941018,Georgia,16,86.75625,39.65250000000001,0.04374999999998863,29.5375,2,1342.535,1368.597
107,3941018,Spain,36,3.98125,29.792499999999997,104.95625000000001,32.2575,2,1385.848,1449.103
108,3941018,Georgia,5,100.40625,31.322500000000005,83.43125,13.217500000000001,2,1462.827,1467.34
109,3941018,Georgia,10,83.78125,13.8125,13.168749999999998,14.152500000000003,2,1481.84,1494.834
110,3941018,Spain,10,13.168749999999998,14.152500000000003,58.75625,8.2025,2,1496.1365,1510.338
111,3941018,Spain,26,58.75625000000001,8.542499999999997,99.96875,32.9375,2,1541.209,1575.131
112,3941018,Georgia,17,99.96875,32.9375,53.94375,67.9575,2,1576.667,1599.707
113,3941018,Georgia,4,53.94375,67.9575,48.43124999999999,60.817499999999995,2,1613.068,1615.143
114,3941018,Spain,52,48.43125,60.8175,96.03125,24.2675,2,1616.752,1689.966
115,3941018,Georgia,18,96.99375,26.987499999999997,14.65625,37.3575,2,1739.749,1766.606
116,3941018,Spain,9,14.65625,37.357499999999995,104.95625000000001,34.7225,2,1767.249,1780.057
117,3941018,Georgia,5,51.668749999999996,34.042500000000004,10.71875,45.517500000000005,2,1878.083,1884.714
118,3941018,Spain,23,10.71875,45.5175,101.98124999999999,33.192499999999995,2,1887.506,1919.114
119,3941018,Georgia,1,102.15625,34.2975,102.15625,34.2975,2,1919.794,1919.794
120,3941018,Georgia,6,102.15625,34.2975,65.93125000000002,64.6425,2,1920.9405000000002,1928.603
121,3941018,Georgia,27,63.043749999999996,67.9575,50.618750000000006,23.417499999999997,2,1931.386,1959.169
122,3941018,Georgia,1,49.481249999999996,23.0775,9.84375,16.872500000000002,2,2019.542,2019.542
123,3941018,Spain,43,9.84375,16.872499999999995,101.98125,29.5375,2,2023.599,2098.92
124,3941018,Spain,1,99.88125000000001,34.4675,99.88125000000001,34.4675,2,2161.803,2161.803
125,3941018,Georgia,25,92.18125,33.2775,55.168749999999996,45.09250000000001,2,2177.402,2209.125
126,3941018,Spain,6,55.16875000000001,45.0925,104.95625000000001,30.047499999999992,2,2210.755,2217.565
127,3941018,Georgia,6,100.31875,35.2325,57.61875,49.087500000000006,2,2233.909,2244.604
128,3941018,Spain,12,49.831250000000004,43.477500000000006,104.95625000000001,37.0175,2,2245.546,2255.445
129,3941018,Georgia,21,51.668749999999996,34.042500000000004,24.80624999999999,52.2325,2,2326.484,2357.7
130,3941018,Spain,33,24.80625,52.2325,98.30625,2.4224999999999994,2,2360.259,2414.974
131,3941018,Georgia,10,96.99375,0.04250000000000398,68.11874999999999,2.677499999999995,2,2422.393,2430.963
132,3941018,Spain,13,68.11875,2.677499999999995,75.81875000000001,52.0625,2,2433.387,2449.722
133,3941018,Georgia,45,82.55625,49.34250000000001,0.04374999999998863,0.04250000000000398,2,2450.354,2514.164
134,3941018,Georgia,2,0.04374999999998863,0.04250000000000398,0.04374999999998863,67.9575,2,2534.591,2536.231
135,3941018,Georgia,5,0.04374999999998863,67.9575,22.443749999999994,60.817499999999995,2,2557.014,2563.775
136,3941018,Spain,3,22.443749999999998,60.8175,30.406250000000004,62.6025,2,2565.026,2566.091
137,3941018,Spain,66,30.406250000000004,62.6025,101.71875,33.53249999999999,2,2567.7290000000003,2678.58
138,3941018,Georgia,1,102.24375,33.4475,102.24375,33.4475,2,2679.202,2679.202
139,3941018,Georgia,17,96.38125,32.682500000000005,49.043749999999996,0.6375000000000028,2,2689.336,2709.271
140,3941018,Spain,11,47.81875,0.04250000000000398,98.74375000000002,16.107499999999995,2,2713.84,2731.927
141,3941018,Georgia,1,96.64375,15.1725,34.08125,5.227499999999999,2,2762.192,2762.192
142,3941018,Spain,21,34.08125,5.227499999999992,88.15625,1.9975000000000023,2,2764.266,2792.503
143,3941018,Spain,9,84.56875,1.9975000000000023,104.95625000000001,32.427499999999995,2,2827.264,2839.021
144,3941018,Georgia,2,98.91875,30.642500000000005,48.60625,0.7224999999999966,2,2880.952,2882.452
2,3941017,Slovakia,18,51.668749999999996,34.042500000000004,26.993750000000006,0.3824999999999932,1,0.372,26.791
3,3941017,England,44,29.356250000000003,0.04250000000000398,66.54374999999999,33.53249999999999,1,33.788,112.206
4,3941017,Slovakia,7,66.54374999999999,33.5325,37.23125,67.9575,1,113.657,121.269
5,3941017,England,27,29.706250000000004,67.9575,47.03125,53.2525,1,125.325,167.878
6,3941017,Slovakia,3,47.03124999999999,53.252500000000005,45.36875,55.6325,1,169.564,170.165
7,3941017,Slovakia,2,38.631249999999994,51.042500000000004,0.04374999999998863,17.4675,1,227.137,228.964
8,3941017,England,12,5.20625,35.65749999999999,56.65625,16.957499999999996,1,241.991,263.269
9,3941017,Slovakia,14,56.65625,16.957499999999996,0.04374999999998863,40.6725,1,264.196,282.207
10,3941017,England,39,5.20625,35.4875,93.93125,22.1425,1,310.47,367.084
11,3941017,Slovakia,36,94.28125,22.822499999999998,0.04374999999998863,21.377499999999998,1,400.22,451.884
12,3941017,England,29,5.20625,34.6375,104.95625000000001,31.067499999999995,1,466.332,530.625
13,3941017,Slovakia,16,98.91875,28.517500000000005,47.90625000000001,30.642500000000005,1,557.128,577.373
14,3941017,England,50,47.90625,30.6425,104.43125,23.8425,1,579.428,641.155
15,3941017,Slovakia,13,98.91875,42.542500000000004,26.81875,15.002499999999998,1,667.501,689.652
16,3941017,Slovakia,2,26.11874999999999,15.767499999999998,23.318749999999998,45.1775,1,746.056,747.541
17,3941017,England,2,23.318749999999998,45.1775,26.20625000000001,44.4975,1,750.747,751.514
18,3941017,England,20,27.343750000000004,44.4975,97.08125,0.3824999999999932,1,777.239,807.412
19,3941017,England,28,91.65625,0.04250000000000398,50.18125,52.3175,1,813.979,855.388
20,3941017,England,44,57.35625,53.082499999999996,104.78125,2.2524999999999835,1,866.734,941.197
21,3941017,Slovakia,7,97.86875,0.04250000000000398,62.69375000000001,17.9775,1,959.245,965.279
22,3941017,Slovakia,1,59.63125,18.147499999999994,18.331249999999997,13.472499999999997,1,1019.252,1019.252
23,3941017,England,4,18.33125,13.47249999999999,42.56875,16.957499999999996,1,1021.889,1024.856
24,3941017,Slovakia,22,41.86874999999999,21.972499999999997,18.506249999999994,8.457499999999996,1,1026.818,1064.929
25,3941017,England,28,18.506249999999998,8.457500000000003,84.83125000000001,67.9575,1,1068.187,1122.432
26,3941017,England,16,84.83125000000001,67.9575,69.25625,24.6075,1,1127.256,1154.3
27,3941017,Slovakia,13,69.25625,24.6075,54.46875,38.037499999999994,1,1156.276,1176.366
28,3941017,Slovakia,3,73.89375,55.12250000000001,51.40625000000001,67.9575,1,1202.103,1206.116
29,3941017,England,30,46.59375,67.9575,52.54375000000001,4.462500000000006,1,1212.436,1258.27
30,3941017,Slovakia,7,52.543749999999996,4.462499999999999,26.46875,22.652500000000003,1,1259.348,1266.216
31,3941017,England,45,26.46875,22.652500000000003,98.65625,29.197499999999998,1,1266.216,1333.917
32,3941017,England,7,104.95625000000001,0.04250000000000398,104.95625000000001,36.7625,1,1381.856,1389.957
33,3941017,Slovakia,34,98.91875,34.6375,0.04374999999998863,31.747500000000002,1,1415.52,1463.062
34,3941017,England,87,52.456250000000004,34.0425,77.30625,2.592500000000001,1,1610.081,1761.533
35,3941017,England,13,81.59375,0.04250000000000398,80.19375000000001,43.9025,1,1768.112,1783.815
36,3941017,Slovakia,4,92.18125,49.002500000000005,72.93124999999999,56.3125,1,1786.119,1792.497
37,3941017,England,4,72.93125,56.3125,64.18125,67.9575,1,1793.799,1796.648
38,3941017,England,12,63.48125,67.9575,81.59375,67.9575,1,1800.224,1822.461
39,3941017,England,34,79.58125,67.9575,104.95625000000001,28.0075,1,1835.283,1887.04
40,3941017,Slovakia,10,98.91875,26.4775,41.16875,46.537499999999994,1,1915.572,1936.765
41,3941017,England,13,41.16875000000001,46.5375,71.61875,62.1775,1,1940.227,1957.245
42,3941017,Slovakia,9,71.61874999999999,62.1775,43.443749999999994,49.8525,1,1958.026,1964.223
43,3941017,England,33,43.44375000000001,49.852500000000006,101.54375,46.707499999999996,1,1966.816,2014.523
44,3941017,England,2,104.95625000000001,67.9575,103.20625,34.8925,1,2051.322,2052.787
45,3941017,England,1,103.20625,34.8925,103.20625,34.8925,1,2075.625,2075.625
46,3941017,Slovakia,1,99.00625,35.912499999999994,37.056250000000006,46.02750000000001,1,2114.962,2114.962
47,3941017,England,12,37.143750000000004,46.0275,60.59375,67.9575,1,2126.77,2170.079
48,3941017,England,23,50.18125,67.9575,67.85625,13.387500000000003,1,2181.957,2235.733
49,3941017,Slovakia,5,67.85624999999999,13.387500000000003,65.84375,24.3525,1,2236.098,2238.798
50,3941017,England,8,65.84375,24.3525,85.61875,3.2724999999999937,1,2239.776,2247.653
51,3941017,England,11,86.14375,4.547499999999992,47.73125000000001,16.787499999999994,1,2290.078,2306.331
52,3941017,England,35,47.73125000000001,16.787499999999994,104.95625000000001,50.0225,1,2434.187,2487.883
53,3941017,Slovakia,3,98.91875,40.9275,34.95625,66.7675,1,2521.117,2529.402
54,3941017,England,13,32.768750000000004,67.9575,84.91875,0.8075000000000045,1,2545.015,2568.303
55,3941017,Slovakia,3,85.88125,0.04250000000000398,54.731249999999996,63.62250000000001,1,2589.432,2593.822
56,3941017,England,8,54.731249999999996,63.6225,38.36874999999999,8.457499999999996,1,2599.047,2613.146
57,3941017,England,15,41.16875000000001,5.9925,53.50625,6.927499999999995,1,2628.192,2651.323
58,3941017,England,36,52.368750000000006,7.522500000000001,53.06875,22.737499999999997,1,2657.914,2711.491
59,3941017,England,19,51.49375,22.652500000000003,87.89375,6.927499999999995,1,2728.774,2757.652
60,3941017,England,9,87.01875,7.777499999999989,88.41875,38.207499999999996,1,2820.4,2836.342
61,3941017,England,14,104.95625000000001,67.9575,101.19375,57.0775,1,2864.097,2887.474
62,3941017,England,1,97.43125,34.1275,97.43125,34.1275,1,2909.327,2909.327
63,3941017,England,27,53.331250000000004,33.957499999999996,34.08125,54.5275,2,0.25,42.683
64,3941017,Slovakia,12,33.818749999999994,37.1875,0.3062499999999915,59.8825,2,44.589,58.692
65,3941017,England,29,3.10625,38.4625,59.106249999999996,2.592500000000001,2,68.048,119.868
66,3941017,Slovakia,4,59.106249999999996,2.592500000000001,61.38125,1.7425000000000068,2,120.685,122.038
67,3941017,Slovakia,12,67.68124999999999,0.04250000000000398,47.73125000000001,2.677499999999995,2,141.496,164.116
68,3941017,Slovakia,7,54.731249999999996,0.04250000000000398,43.53125,41.6075,2,172.523,185.587
69,3941017,England,36,44.31875,41.0975,99.96875,33.2775,2,192.774,249.836
70,3941017,Slovakia,1,98.21875,34.807500000000005,53.76875,52.912499999999994,2,353.154,353.154
71,3941017,England,3,53.76875,52.9125,94.28125,38.9725,2,355.586,362.082
72,3941017,England,21,104.95625000000001,67.9575,42.91875,22.482499999999995,2,388.847,429.801
73,3941017,England,7,42.91875,22.482499999999995,74.85624999999999,21.6325,2,434.2385,449.191
74,3941017,England,18,82.03125,0.04250000000000398,80.63125000000001,59.3725,2,466.011,490.932
75,3941017,Slovakia,5,80.63125,59.37250000000001,25.856250000000003,60.5625,2,492.397,497.027
76,3941017,England,21,25.85625,60.5625,62.60625,2.082499999999996,2,502.037,530.493
77,3941017,England,1,48.868750000000006,9.137500000000003,47.556250000000006,23.927499999999995,2,535.717,535.717
78,3941017,Slovakia,1,50.18125,25.9675,0.04374999999998863,39.142500000000005,2,536.846,536.846
79,3941017,England,18,6.08125,28.262500000000003,91.91874999999999,40.417500000000004,2,551.134,584.138
80,3941017,Slovakia,9,91.91875,40.417500000000004,54.381249999999994,22.737499999999997,2,588.827,605.713
81,3941017,England,37,54.38125,22.737499999999997,75.81875,43.5625,2,609.704,662.923
82,3941017,Slovakia,10,75.81875,43.5625,72.66875,63.2825,2,664.1605,675.17
83,3941017,England,18,72.66874999999999,63.2825,103.29375,41.267500000000005,2,675.734,702.462
84,3941017,Slovakia,6,103.29375,41.267500000000005,33.818749999999994,7.522500000000001,2,704.304,743.57
85,3941017,England,9,33.81875000000001,7.522500000000001,49.83124999999999,13.982500000000002,2,745.988,762.026
86,3941017,Slovakia,8,49.83124999999999,13.982500000000002,33.20625,33.5325,2,762.95,768.946
87,3941017,England,36,33.206250000000004,33.53249999999999,87.36875,44.837500000000006,2,770.6,822.306
88,3941017,England,4,86.66875,46.3675,104.95625000000001,18.402500000000003,2,901.794,907.577
89,3941017,Slovakia,8,100.23125,32.9375,93.66875,30.302499999999995,2,1002.929,1017.825
90,3941017,Slovakia,5,93.66875,30.302500000000002,86.84375,45.0075,2,1020.165,1023.782
91,3941017,England,7,82.03125,46.0275,101.36875,35.147499999999994,2,1024.326,1030.919
92,3941017,Slovakia,6,95.59375,44.412499999999994,47.73125000000001,43.5625,2,1144.602,1161.982
93,3941017,Slovakia,23,47.73125,43.5625,12.993749999999991,34.46750000000001,2,1163.936,1186.984
94,3941017,England,3,12.99375,34.4675,15.006249999999994,36.6775,2,1188.406,1190.022
95,3941017,England,41,16.231250000000003,36.42249999999999,42.13124999999999,41.947500000000005,2,1217.396,1296.073
96,3941017,England,32,42.13125000000001,41.352500000000006,104.95625000000001,0.04250000000000398,2,1303.182,1356.882
97,3941017,England,14,104.95625000000001,0.04250000000000398,104.95625000000001,46.8775,2,1389.846,1423.005
98,3941017,Slovakia,7,100.23125,33.70250000000001,46.85624999999999,64.89750000000001,2,1454.347,1462.186
99,3941017,England,25,44.581250000000004,67.9575,100.84375,35.997499999999995,2,1470.807,1514.293
100,3941017,Slovakia,16,100.84375,35.9975,44.66875,8.967500000000001,2,1516.688,1557.412
101,3941017,England,62,44.66875,8.967500000000001,76.95625,32.17249999999999,2,1560.182,1663.297
102,3941017,Slovakia,3,81.41875,44.9225,61.38125,60.90250000000001,2,1664.805,1668.758
104,3941017,Slovakia,50,88.50625,61.2425,11.15625,45.1775,2,1768.014,1831.973
105,3941017,England,12,11.15625,45.1775,83.69375,0.04250000000000398,2,1834.959,1858.282
106,3941017,England,13,85.09375,0.04250000000000398,71.26875,63.1125,2,1865.038,1892.881
107,3941017,England,2,84.04375,62.8575,104.95625000000001,37.9525,2,1930.236,1931.597
108,3941017,Slovakia,1,100.49375,38.292500000000004,37.84375,47.642500000000005,2,1972.641,1972.641
109,3941017,England,8,37.84375,47.6425,47.20625,47.727500000000006,2,1976.655,1985.222
110,3941017,Slovakia,6,47.20625,47.7275,26.643749999999997,50.1925,2,1986.861,1989.853
111,3941017,England,7,26.643749999999997,50.1925,100.75625,33.7025,2,1991.442,2006.763
112,3941017,Slovakia,9,100.75625,33.70250000000001,41.606249999999996,36.6775,2,2008.486,2042.412
113,3941017,England,41,41.16875000000001,36.3375,104.95625000000001,31.152500000000003,2,2042.854,2113.009
114,3941017,Slovakia,1,101.10625,34.212500000000006,41.606249999999996,49.8525,2,2174.535,2174.535
115,3941017,England,7,41.60625,49.852500000000006,68.55625,1.9124999999999943,2,2181.074,2192.012
116,3941017,Slovakia,1,60.68125,0.04250000000000398,47.03124999999999,15.9375,2,2213.637,2213.637
117,3941017,England,12,47.03125,15.9375,85.53125,2.677499999999995,2,2217.157,2240.601
118,3941017,England,2,86.23124999999999,0.04250000000000398,74.33125,16.447499999999998,2,2243.812,2245.241
119,3941017,Slovakia,9,74.33125,16.447499999999998,18.418750000000003,16.447499999999998,2,2248.429,2256.106
120,3941017,England,11,18.41875,16.447499999999998,49.30624999999999,28.602500000000006,2,2257.714,2277.44
121,3941017,England,27,47.73125000000001,29.197499999999998,85.53125,9.817499999999995,2,2311.811,2351.387
122,3941017,England,27,87.01875,8.62749999999999,87.71875,2.082499999999996,2,2394.346,2442.296
123,3941017,England,12,90.60625,0.04250000000000398,88.59375,13.982499999999995,2,2447.123,2461.838
124,3941017,Slovakia,11,88.59375,13.982500000000002,50.35625,60.7325,2,2462.431,2470.96
125,3941017,England,6,50.35625,60.7325,61.46875,23.162499999999994,2,2476.152,2485.124
126,3941017,Slovakia,9,54.11875,32.9375,2.5812500000000114,34.9775,2,2486.132,2504.128
127,3941017,England,1,2.1437500000000003,34.8925,2.1437500000000003,34.8925,2,2505.153,2505.153
128,3941017,England,27,2.1437500000000003,34.8925,104.95625000000001,0.04250000000000398,2,2507.2185,2547.296
129,3941017,England,5,104.95625000000001,0.04250000000000398,90.78125,46.9625,2,2571.923,2579.451
130,3941017,Slovakia,1,89.73125,47.7275,27.86874999999999,49.087500000000006,2,2628.691,2628.691
131,3941017,England,5,27.868749999999995,49.0875,49.21875,42.7125,2,2632.117,2636.141
132,3941017,Slovakia,5,49.21875,42.712500000000006,61.81875,67.9575,2,2637.934,2643.749
133,3941017,England,15,60.06875000000001,67.9575,75.46875,16.6175,2,2649.607,2684.198
134,3941017,Slovakia,7,75.46875,16.6175,25.15625,67.9575,2,2687.547,2698.996
135,3941017,England,19,25.59375,67.9575,100.49375,47.6425,2,2702.909,2733.865
136,3941017,England,4,104.95625000000001,67.9575,99.09375,3.3575000000000017,2,2758.844,2767.494
137,3941017,Slovakia,5,98.83125,0.04250000000000398,54.64375,15.597499999999997,2,2798.309,2801.622
138,3941017,England,5,54.64375,15.59749999999999,104.95625000000001,16.957499999999996,2,2803.948,2813.494
139,3941017,Slovakia,6,99.79375,39.2275,59.54375,50.27750000000001,2,2888.815,2898.944
140,3941017,England,13,59.543749999999996,50.2775,96.20625,0.04250000000000398,2,2899.455,2920.541
141,3941017,England,4,96.20625,0.04250000000000398,99.88125000000001,0.04250000000000398,2,2953.917,2958.12
142,3941017,England,3,99.88125000000001,0.04250000000000398,104.95625000000001,31.237499999999997,2,2970.973,2973.833
143,3941017,Slovakia,46,52.543749999999996,33.9575,69.43124999999999,30.557500000000005,2,3049.912,3116.949
144,3941017,England,9,52.456250000000004,34.0425,102.94375,5.057499999999997,3,0.339,15.622
145,3941017,England,5,102.24375,5.9925,104.95625000000001,33.107499999999995,3,46.566,51.744
146,3941017,Slovakia,46,51.668749999999996,34.042500000000004,7.656250000000001,7.267499999999998,3,124.001,198.561
147,3941017,England,3,7.656250000000001,7.267499999999998,3.4562500000000003,8.542499999999997,3,201.512,203.356
148,3941017,England,4,5.20625,27.667499999999997,79.84375,19.5075,3,252.666,260.785
149,3941017,Slovakia,2,81.59375,18.2325,82.90625,18.65749999999999,3,261.142,262.53
150,3941017,Slovakia,62,82.73125,22.3125,13.693749999999994,11.092500000000001,3,302.059,389.819
151,3941017,England,6,8.70625,24.3525,42.30624999999999,12.197499999999998,3,391.877,399.895
152,3941017,England,18,43.706250000000004,13.217500000000001,74.76875000000001,49.0025,3,447.529,473.036
153,3941017,Slovakia,22,74.76875,49.002500000000005,31.543750000000003,57.587500000000006,3,474.875,509.121
154,3941017,England,9,31.543750000000006,57.5875,83.25625000000001,51.8925,3,512.059,524.164
155,3941017,Slovakia,32,83.25625,51.892500000000005,3.1937499999999943,33.7875,3,530.646,576.745
156,3941017,England,3,3.19375,33.787499999999994,96.46875,22.652500000000003,3,578.197,601.942
157,3941017,Slovakia,8,96.46875,22.652500000000003,52.89375,33.7875,3,607.876,619.698
158,3941017,England,26,52.893750000000004,33.787499999999994,66.01875,26.987499999999997,3,620.979,665.231
159,3941017,Slovakia,16,66.01875,26.987499999999997,13.256249999999994,0.04250000000000398,3,668.967,705.193
160,3941017,Slovakia,24,13.256249999999994,0.04250000000000398,9.493749999999991,36.7625,3,711.171,740.919
161,3941017,England,1,14.306249999999999,35.317499999999995,75.11875,47.8125,3,781.122,781.122
162,3941017,Slovakia,4,74.06875,49.8525,23.05624999999999,42.627500000000005,3,786.483,795.193
163,3941017,England,7,25.418750000000003,26.987499999999997,91.65625,36.252500000000005,3,797.326,809.677
164,3941017,Slovakia,5,91.65625,36.252500000000005,70.83125,63.792500000000004,3,812.959,819.626
165,3941017,Slovakia,7,74.06875,67.9575,51.23125,27.667499999999997,3,835.926,846.328
166,3941017,Slovakia,16,44.40625000000001,27.497500000000002,0.04374999999998863,35.1475,3,863.785,883.507
167,3941017,England,21,3.10625,29.707499999999996,81.41875,45.6875,3,923.348,968.769
168,3941017,Slovakia,1,81.41875,45.6875,81.41875,45.6875,3,969.279,969.279
169,3941017,Slovakia,4,52.543749999999996,33.9575,13.34375,0.04250000000000398,4,0.205,2.845
170,3941017,England,2,24.98125,0.04250000000000398,60.24375000000001,0.04250000000000398,4,33.158,36.152
171,3941017,Slovakia,23,60.50625,0.04250000000000398,32.85624999999999,16.277500000000003,4,43.887,111.856
172,3941017,England,23,32.85625,16.277500000000003,41.34375,13.982499999999995,4,112.748,141.715
173,3941017,Slovakia,14,41.34375000000001,13.982500000000002,31.89375000000001,26.817500000000003,4,143.734,157.73
174,3941017,England,4,31.456250000000004,29.537499999999994,55.86875,63.197500000000005,4,158.093,166.859
175,3941017,England,3,58.31875,59.2025,63.56875000000001,47.3875,4,228.441,232.684
176,3941017,Slovakia,10,63.56875,47.3875,25.506249999999998,37.1875,4,234.381,248.956
177,3941017,Slovakia,1,27.34375,40.07750000000001,0.04374999999998863,34.9775,4,306.226,306.226
178,3941017,England,1,6.08125,37.357499999999995,62.25625000000001,67.7025,4,342.017,342.017
179,3941017,Slovakia,7,61.38125,67.9575,39.59375,40.5025,4,350.029,367.392
180,3941017,Slovakia,2,37.14375,42.542500000000004,11.418750000000003,67.9575,4,386.925,388.542
181,3941017,Slovakia,4,11.418750000000003,67.9575,8.881249999999994,51.3825,4,408.642,413.605
182,3941017,Slovakia,12,8.356250000000003,67.9575,0.21875,26.987499999999997,4,424.361,445.434
183,3941017,England,1,60.681250000000006,23.927499999999995,60.681250000000006,23.927499999999995,4,486.548,486.548
184,3941017,Slovakia,5,61.20625,25.2025,19.46875,39.142500000000005,4,493.294,499.316
185,3941017,England,14,19.46875,39.1425,49.043749999999996,32.1725,4,501.411,525.253
186,3941017,England,5,49.48125,32.5125,97.16875,59.2025,4,571.19,580.974
187,3941017,Slovakia,26,97.16875,59.20250000000001,9.143750000000011,61.2425,4,580.974,615.459
188,3941017,Slovakia,19,0.04374999999998863,67.9575,19.11874999999999,60.307500000000005,4,658.922,695.231
189,3941017,Slovakia,7,19.11874999999999,60.307500000000005,0.04374999999998863,38.1225,4,698.771,709.829
190,3941017,England,4,6.08125,39.3125,74.41875,32.3425,4,750.68,759.291
191,3941017,Slovakia,35,74.41875,32.34250000000001,0.04374999999998863,28.347499999999997,4,761.715,818.852
192,3941017,England,2,6.08125,28.177499999999995,63.393750000000004,21.122499999999995,4,856.465,860.299
193,3941017,Slovakia,27,62.60625,19.847499999999997,11.943749999999994,44.1575,4,861.72,892.749
194,3941017,England,10,11.24375,43.8175,104.95625000000001,30.387500000000003,4,894.231,908.474
195,3941017,Slovakia,15,99.79375,33.8725,0.65625,34.7225,4,924.604,955.862
2,3930182,Denmark,58,53.331250000000004,33.957499999999996,87.54375,44.582499999999996,1,0.105,82.571
3,3930182,Serbia,9,87.54375,44.5825,43.18125,46.45250000000001,1,85.246,97.154
4,3930182,Denmark,17,43.18125,46.4525,78.96875,4.122499999999995,1,100.33,136.545
5,3930182,Serbia,2,78.96875,4.122500000000002,100.93125,1.2325000000000017,1,140.492,149.171
6,3930182,Serbia,1,95.06875,7.777499999999996,37.58125,0.04250000000000398,1,180.757,180.757
7,3930182,Serbia,1,78.35625,10.157499999999999,78.35625,10.157499999999999,1,199.185,199.185
8,3930182,Denmark,1,90.16875,29.4525,90.16875,29.4525,1,270.757,270.757
9,3930182,Serbia,7,90.16875,29.452500000000008,26.29374999999999,19.252499999999998,1,311.206,318.535
10,3930182,Denmark,20,26.29375,19.252499999999998,15.26875,2.8474999999999966,1,323.367,352.112
11,3930182,Denmark,19,34.60625000000001,0.04250000000000398,82.90625,55.1225,1,367.422,398.011
12,3930182,Serbia,13,82.90625,55.12250000000001,48.956250000000004,7.182499999999997,1,399.324,414.29
13,3930182,Denmark,32,48.95625,7.1825000000000045,61.20625,38.292500000000004,1,415.561,451.216
14,3930182,Serbia,10,73.28125,28.177500000000002,55.25625,0.04250000000000398,1,452.699,474.853
15,3930182,Serbia,28,55.25625,0.04250000000000398,56.918749999999996,56.3125,1,484.442,521.692
16,3930182,Denmark,15,45.63125,47.9825,75.99375,5.9925,1,523.894,545.827
17,3930182,Serbia,7,75.99374999999999,5.9925,41.08125,10.9225,1,549.116,555.086
18,3930182,Denmark,15,41.081250000000004,10.922499999999992,63.30625000000001,15.087500000000006,1,556.358,583.235
19,3930182,Serbia,35,63.30624999999999,15.087499999999999,0.04374999999998863,12.4525,1,584.274,633.27
20,3930182,Denmark,4,5.73125,31.747499999999995,65.23124999999999,26.052499999999995,1,664.03,668.707
21,3930182,Serbia,3,65.23124999999999,26.052499999999995,61.731249999999996,33.6175,1,669.65,670.98
22,3930182,Serbia,29,61.731249999999996,33.61750000000001,42.13125000000001,60.5625,1,684.958,732.914
23,3930182,Serbia,11,57.443749999999994,67.9575,45.63124999999999,52.6575,1,745.706,773.05
24,3930182,Denmark,3,50.44375000000001,56.3125,60.418749999999996,66.0025,1,774.905,777.349
25,3930182,Denmark,5,66.54374999999999,67.9575,78.35625,52.9125,1,785.079,786.581
26,3930182,Serbia,37,78.35625,52.912499999999994,7.481249999999989,51.3825,1,788.855,844.842
27,3930182,Denmark,72,7.481249999999999,51.3825,104.95625000000001,29.027500000000003,1,846.575,940.348
28,3930182,Serbia,11,100.40625,32.5975,23.84375,11.6875,1,968.632,991.472
29,3930182,Denmark,39,32.41875,21.887500000000003,102.06875000000001,45.602500000000006,1,993.195,1048.555
30,3930182,Denmark,2,104.95625000000001,67.9575,104.95625000000001,67.9575,1,1081.504,1082.963
31,3930182,Denmark,1,104.95625000000001,67.9575,101.10625,31.747499999999995,1,1107.933,1107.933
32,3930182,Serbia,7,101.10625,31.747500000000002,63.30624999999999,2.592500000000001,1,1110.183,1135.777
33,3930182,Denmark,4,63.30625000000001,2.592500000000001,87.01875,0.04250000000000398,1,1138.909,1142.005
34,3930182,Denmark,42,87.01875,0.04250000000000398,87.54375,41.4375,1,1167.223,1224.603
35,3930182,Serbia,4,87.54375,41.4375,79.49375,35.4875,1,1228.213,1230.597
36,3930182,Serbia,5,79.23125,35.7425,74.06875,26.052499999999995,1,1244.785,1250.287
37,3930182,Denmark,2,82.73124999999999,36.2525,101.63125,34.3825,1,1252.826,1253.922
38,3930182,Denmark,13,104.95625000000001,67.9575,104.95625000000001,0.04250000000000398,1,1291.341,1306.507
39,3930182,Denmark,1,104.95625000000001,0.04250000000000398,104.95625000000001,20.0175,1,1344.268,1344.268
40,3930182,Serbia,7,100.58125,29.877500000000005,48.78125,6.587500000000006,1,1403.987,1415.014
41,3930182,Serbia,6,50.443749999999994,8.287500000000001,54.46875,3.867500000000007,1,1428.895,1433.341
42,3930182,Denmark,23,56.13125000000001,0.04250000000000398,69.78125,35.997499999999995,1,1444.478,1470.698
43,3930182,Serbia,3,69.78125,35.9975,38.89375000000001,29.452500000000008,1,1471.991,1477.755
44,3930182,Denmark,19,38.89375,29.4525,61.46875,41.4375,1,1479.121,1508.594
45,3930182,Serbia,36,61.46875,41.4375,24.89375,51.3825,1,1510.663,1560.814
46,3930182,Serbia,16,30.318749999999994,67.9575,59.28125,23.927499999999995,1,1574.72,1605.836
47,3930182,Serbia,26,56.131249999999994,43.5625,9.056249999999999,3.3575000000000017,1,1640.513,1679.011
48,3930182,Serbia,11,8.53125,0.04250000000000398,17.368750000000006,67.9575,1,1690.804,1700.531
49,3930182,Serbia,19,17.368750000000006,67.9575,101.71875,67.5325,1,1708.346,1733.504
50,3930182,Serbia,2,96.11875,67.9575,72.49375000000002,51.1275,1,1765.22,1766.824
51,3930182,Denmark,14,72.49375000000002,51.1275,82.73124999999999,42.2025,1,1768.446,1774.846
52,3930182,Serbia,5,82.73125,42.20250000000001,83.25625000000001,44.582499999999996,1,1774.846,1777.062
53,3930182,Serbia,5,82.81875,43.4775,56.131249999999994,17.2125,1,1823.895,1830.566
54,3930182,Denmark,18,45.893750000000004,12.452499999999993,96.64375,27.072499999999998,1,1832.597,1855.5
55,3930182,Denmark,4,104.95625000000001,0.04250000000000398,103.03125,30.982499999999995,1,1883.588,1889.166
56,3930182,Serbia,1,102.94375,31.577500000000008,102.94375,31.577500000000008,1,1889.668,1889.668
57,3930182,Serbia,17,95.59375,35.4875,13.693749999999994,15.8525,1,1902.017,1931.27
58,3930182,Denmark,33,13.693749999999998,15.8525,81.33125,29.707499999999996,1,1932.96,1973.907
59,3930182,Serbia,4,81.33125,29.707499999999996,67.41875,41.4375,1,1974.2145,1979.64
60,3930182,Serbia,7,67.41874999999999,41.182500000000005,66.01875,0.04250000000000398,1,1995.491,2005.156
61,3930182,Denmark,4,66.01875,0.04250000000000398,81.59375,23.927499999999995,1,2008.8,2012.071
62,3930182,Serbia,7,79.23125,25.0325,55.86875,27.9225,1,2012.735,2017.062
63,3930182,Denmark,32,55.86875,27.922499999999992,47.73125000000001,43.5625,1,2018.52,2054.696
64,3930182,Serbia,42,59.54375,30.9825,23.05624999999999,5.142499999999998,1,2058.684,2124.861
65,3930182,Denmark,43,23.05625,5.142499999999998,78.96875,52.1475,1,2127.3,2185.654
66,3930182,Serbia,12,78.96875,52.1475,56.65625,46.962500000000006,1,2187.858,2214.146
67,3930182,Denmark,55,46.94375000000001,35.232499999999995,104.95625000000001,30.557499999999997,1,2228.278,2300.969
68,3930182,Serbia,8,100.75625,34.46750000000001,26.03125,0.21250000000000568,1,2337.772,2353.583
69,3930182,Denmark,86,30.318750000000005,0.04250000000000398,70.04375,26.052499999999995,1,2373.635,2528.546
70,3930182,Serbia,14,76.78125,25.2875,8.268749999999997,0.04250000000000398,1,2529.0,2549.605
71,3930182,Serbia,8,8.268749999999997,0.04250000000000398,18.24375,36.7625,1,2577.579,2585.487
72,3930182,Denmark,22,18.24375,36.7625,54.993750000000006,40.1625,1,2587.511,2620.366
73,3930182,Serbia,5,54.99374999999999,40.162499999999994,32.15625,28.602500000000006,1,2622.392,2624.182
74,3930182,Denmark,10,32.15625,28.6025,15.793750000000003,2.3375000000000057,1,2627.383,2656.099
75,3930182,Denmark,20,22.53125,13.8125,49.21875,11.432500000000005,1,2678.97,2717.559
76,3930182,Serbia,11,49.21875,11.432499999999997,20.86874999999999,67.5325,1,2718.143,2735.424
78,3930182,Serbia,10,51.668749999999996,34.042500000000004,54.46875,14.237499999999997,2,0.686,12.298
79,3930182,Denmark,4,54.46875000000001,14.237499999999997,24.106250000000003,21.377499999999998,2,15.579,23.703
80,3930182,Denmark,18,24.10625,20.8675,48.081250000000004,1.1474999999999937,2,50.772,75.313
81,3930182,Serbia,2,32.15625,0.04250000000000398,66.28125,67.9575,2,98.623,99.937
82,3930182,Denmark,14,66.10624999999999,67.9575,77.13125000000001,67.9575,2,115.562,137.695
83,3930182,Denmark,13,77.13125000000001,67.9575,59.01875,26.3925,2,150.524,171.686
84,3930182,Serbia,5,59.01875,26.3925,56.30625000000001,5.397500000000001,2,177.205,182.591
85,3930182,Serbia,10,56.04375,0.04250000000000398,0.04374999999998863,0.04250000000000398,2,196.061,214.786
86,3930182,Serbia,3,0.04374999999998863,0.04250000000000398,26.818749999999994,24.012500000000003,2,245.433,251.563
87,3930182,Denmark,48,29.356250000000003,22.1425,94.71875,23.7575,2,261.667,316.169
88,3930182,Denmark,4,104.95625000000001,67.9575,82.81875000000001,67.9575,2,343.846,347.567
89,3930182,Denmark,15,82.81875000000001,67.9575,50.09375,0.8075000000000045,2,365.837,385.479
90,3930182,Serbia,1,46.85624999999999,0.04250000000000398,19.64375000000001,7.607500000000002,2,405.237,405.237
91,3930182,Denmark,9,19.64375,7.607500000000002,23.143749999999997,67.9575,2,406.735,418.514
92,3930182,Denmark,5,23.756249999999998,67.9575,67.33125,47.727500000000006,2,428.56,435.678
93,3930182,Serbia,21,67.33125,47.7275,9.581250000000011,44.667500000000004,2,438.698,468.688
94,3930182,Denmark,5,14.831249999999999,48.322500000000005,90.51875,21.6325,2,556.13,563.428
95,3930182,Serbia,11,95.41875,41.3525,97.95625,8.457499999999996,2,574.874,595.589
96,3930182,Denmark,2,97.95625000000001,8.457500000000003,101.10625,9.477499999999992,2,595.758,597.069
97,3930182,Denmark,14,101.10625,9.477499999999992,76.60624999999999,3.9525000000000006,2,599.6485,613.633
98,3930182,Denmark,2,73.54375,5.0575000000000045,99.26875,0.04250000000000398,2,650.254,651.511
99,3930182,Denmark,5,99.26875,0.04250000000000398,97.25625000000001,32.8525,2,671.114,683.289
100,3930182,Serbia,4,93.75625,40.502500000000005,39.506249999999994,65.4075,2,689.982,698.161
101,3930182,Denmark,12,39.50625,65.4075,99.26875,0.29749999999999943,2,701.169,712.079
102,3930182,Serbia,1,98.74375,0.04250000000000398,36.881249999999994,12.622500000000002,2,741.071,741.071
103,3930182,Denmark,12,36.88125000000001,12.622499999999995,93.75625000000001,8.457500000000003,2,744.131,764.903
104,3930182,Serbia,7,98.91875,33.1075,48.43124999999999,21.972499999999997,2,808.612,820.838
105,3930182,Denmark,6,48.43125,21.97249999999999,67.68125,48.5775,2,821.82,823.721
106,3930182,Serbia,10,67.68124999999999,48.57750000000001,45.36874999999999,38.2075,2,827.218,844.01
107,3930182,Denmark,23,45.36875,38.207499999999996,104.95625000000001,30.8975,2,844.438,868.211
108,3930182,Serbia,22,99.61875,37.3575,46.768750000000004,31.237499999999997,2,899.635,936.118
109,3930182,Denmark,32,46.768750000000004,31.237499999999997,104.95625000000001,28.6875,2,939.306,965.803
110,3930182,Serbia,9,98.91875,37.697500000000005,56.918749999999996,15.342500000000001,2,988.707,1003.057
111,3930182,Denmark,9,56.91875,15.342500000000001,77.39375,49.5125,2,1005.568,1015.622
112,3930182,Serbia,29,77.39375,49.5125,10.631249999999994,42.8825,2,1018.355,1074.443
113,3930182,Denmark,19,10.63125,42.8825,82.81875000000001,23.332499999999996,2,1075.641,1103.188
114,3930182,Denmark,2,104.95625000000001,0.04250000000000398,103.99375,34.8075,2,1139.347,1141.387
115,3930182,Serbia,1,104.34375,34.7225,104.34375,34.7225,2,1141.793,1141.793
116,3930182,Serbia,20,91.65625,39.7375,34.60625,28.432500000000005,2,1172.399,1205.006
117,3930182,Denmark,48,34.60625000000001,28.432499999999997,104.95625000000001,24.09749999999999,2,1208.739,1294.224
118,3930182,Serbia,20,99.61875,37.017500000000005,12.206249999999999,48.322500000000005,2,1334.072,1375.402
119,3930182,Denmark,6,12.206249999999999,48.322500000000005,40.556250000000006,40.8425,2,1377.501,1384.968
120,3930182,Serbia,28,40.55624999999999,40.84250000000001,28.306250000000002,0.8075000000000045,2,1386.866,1435.812
121,3930182,Serbia,31,30.93124999999999,0.04250000000000398,0.04374999999998863,67.9575,2,1450.697,1506.294
122,3930182,Serbia,26,0.04374999999998863,67.9575,21.043750000000003,14.5775,2,1539.774,1581.86
123,3930182,Denmark,13,22.793750000000003,23.417499999999997,104.95625000000001,21.802499999999995,2,1582.808,1599.524
124,3930182,Serbia,7,98.91875,34.9775,35.91875,65.9175,2,1628.618,1640.479
125,3930182,Serbia,1,39.15625,67.9575,29.79374999999999,66.59750000000001,2,1644.002,1644.002
126,3930182,Denmark,14,29.793750000000006,66.5975,51.84375,65.6625,2,1644.395,1657.239
127,3930182,Denmark,7,70.30625,67.9575,74.94375,65.7475,2,1698.537,1705.102
128,3930182,Serbia,8,74.94375,65.74750000000002,53.94375,53.0825,2,1705.862,1714.323
129,3930182,Denmark,14,53.94375,53.082499999999996,55.78125,9.90249999999999,2,1715.766,1735.821
130,3930182,Serbia,3,55.78125,9.902499999999996,55.78125,12.3675,2,1737.563,1738.187
131,3930182,Serbia,31,54.81875,18.402500000000003,55.95625,19.5925,2,1753.396,1804.448
132,3930182,Denmark,31,55.956250000000004,19.5925,81.59375,49.0025,2,1805.591,1856.951
133,3930182,Serbia,34,84.30625,44.9225,37.66875,24.3525,2,1907.31,1973.528
136,3930182,Serbia,13,40.55624999999999,25.9675,23.318749999999994,67.9575,2,2062.091,2083.659
137,3930182,Serbia,16,23.318749999999994,67.9575,0.04374999999998863,39.142500000000005,2,2090.696,2123.747
138,3930182,Denmark,1,5.20625,35.232499999999995,91.39375000000001,28.34749999999999,2,2166.273,2166.273
139,3930182,Serbia,12,91.39375,28.347499999999997,37.14375,46.45250000000001,2,2170.676,2191.042
140,3930182,Denmark,15,37.143750000000004,46.4525,76.16875,52.1475,2,2192.608,2215.75
141,3930182,Serbia,23,76.16875,52.1475,0.04374999999998863,23.332499999999996,2,2217.555,2256.3
142,3930182,Denmark,2,4.59375,31.152500000000003,87.19375000000001,59.4575,2,2355.677,2359.588
143,3930182,Serbia,12,87.19375,59.4575,96.73125,0.46750000000000114,2,2361.761,2380.267
144,3930182,Serbia,5,86.84375,0.04250000000000398,53.76875,12.962499999999999,2,2399.418,2403.969
145,3930182,Denmark,10,49.65625,5.397500000000001,100.23125,32.7675,2,2405.362,2429.791
146,3930182,Denmark,1,100.23125,32.7675,100.23125,32.7675,2,2520.106,2520.106
147,3930182,Serbia,30,97.43125,31.067500000000003,0.04374999999998863,34.7225,2,2574.725,2627.129
148,3930182,Denmark,2,5.20625,34.29749999999999,80.01875,45.2625,2,2662.477,2664.236
149,3930182,Serbia,47,80.01875,45.2625,9.581250000000011,0.04250000000000398,2,2665.598,2764.894
150,3930182,Serbia,19,9.581250000000011,0.04250000000000398,1.8812499999999943,36.252500000000005,2,2779.985,2815.531
151,3930182,Denmark,1,1.7937500000000002,34.9775,1.7937500000000002,34.9775,2,2816.298,2816.298
152,3930182,Denmark,7,8.70625,35.997499999999995,93.49375,65.4075,2,2842.047,2856.254
153,3930182,Serbia,17,93.49375,65.4075,82.29374999999999,63.8775,2,2856.817,2911.045
154,3930182,Serbia,9,82.29375,63.877500000000005,13.606249999999989,31.152500000000003,2,2912.552,2925.977
155,3930182,Denmark,1,13.60625,31.152500000000003,81.68125,67.9575,2,2970.172,2970.172
156,3930182,Serbia,9,79.49375,67.9575,20.431249999999995,23.927499999999995,2,2983.677,2998.318
2,3930179,Albania,4,52.456250000000004,34.0425,75.55625,59.7975,1,0.646,5.791
3,3930179,Spain,5,75.55624999999999,59.79750000000001,77.83125,64.89750000000001,1,7.053,9.857
4,3930179,Spain,18,79.49375,67.9575,67.33125,66.5975,1,25.254,56.498
5,3930179,Albania,18,67.33125,66.5975,71.44375,47.557500000000005,1,57.275999999999996,89.869
6,3930179,Spain,34,73.89375,46.3675,29.96875,63.707499999999996,1,91.759,168.083
7,3930179,Albania,3,29.09375,67.9575,43.006249999999994,66.2575,1,187.715,192.002
8,3930179,Albania,5,41.43125,67.9575,71.61874999999999,67.9575,1,207.023,210.386
9,3930179,Albania,17,75.99375,67.9575,100.49375,57.3325,1,227.599,250.963
10,3930179,Albania,3,104.95625000000001,67.9575,104.95625000000001,59.2025,1,289.949,297.059
11,3930179,Spain,21,102.68125,35.3175,16.581249999999997,62.34750000000001,1,316.2,356.904
12,3930179,Albania,6,16.581249999999997,62.3475,46.24375,46.3675,1,358.376,364.722
13,3930179,Spain,5,46.24374999999999,46.3675,21.393749999999997,50.3625,1,367.028,370.045
14,3930179,Albania,11,21.393749999999997,50.3625,43.706250000000004,67.9575,1,372.051,386.276
15,3930179,Spain,36,48.956250000000004,67.9575,0.04374999999998863,17.4675,1,398.643,469.654
16,3930179,Albania,5,5.20625,34.2125,26.46875,67.7875,1,509.589,514.79
17,3930179,Albania,25,22.09375,65.8325,92.09375,41.1825,1,525.634,559.199
18,3930179,Spain,30,91.65625,36.59250000000001,15.706250000000011,17.042500000000004,1,566.332,618.048
19,3930179,Albania,26,15.706249999999999,17.042499999999997,49.393750000000004,34.5525,1,618.471,657.039
20,3930179,Spain,13,49.39374999999999,34.5525,0.04374999999998863,0.04250000000000398,1,657.958,671.958
21,3930179,Spain,3,0.04374999999998863,0.04250000000000398,0.04374999999998863,30.2175,1,682.848,688.495
22,3930179,Albania,2,5.20625,34.6375,75.38125000000001,50.8725,1,728.264,731.574
23,3930179,Spain,10,75.38125,50.8725,0.04374999999998863,30.642500000000005,1,733.293,752.982
24,3930179,Albania,6,52.456250000000004,34.0425,59.36875000000001,67.9575,1,828.438,836.413
25,3930179,Spain,30,61.731249999999996,67.9575,35.30624999999999,22.1425,1,847.649,893.401
26,3930179,Albania,1,71.35625,48.322500000000005,71.35625,48.322500000000005,1,919.842,919.842
27,3930179,Spain,15,68.20625,44.5825,38.80624999999999,3.3575000000000017,1,922.718,942.392
28,3930179,Albania,7,38.80625,3.3575000000000017,48.78125,9.392499999999998,1,946.71,950.055
29,3930179,Albania,25,52.19375,10.072499999999998,93.66875,16.53249999999999,1,963.848,995.647
30,3930179,Spain,15,83.08125,22.737499999999997,0.04374999999998863,52.912499999999994,1,998.245,1021.478
31,3930179,Albania,21,4.06875,34.38249999999999,53.94375,34.3825,1,1042.471,1078.405
32,3930179,Spain,26,53.94375,34.3825,23.143749999999997,12.112499999999997,1,1079.2415,1116.112
33,3930179,Albania,9,23.143749999999997,12.112499999999997,4.06875,3.1875,1,1117.391,1126.265
34,3930179,Albania,1,22.18125,0.04250000000000398,34.956250000000004,23.247499999999995,1,1149.684,1149.684
35,3930179,Spain,48,34.95625,23.247500000000002,19.73124999999999,51.5525,1,1151.543,1233.407
36,3930179,Albania,12,19.73125,51.5525,47.03125,40.9275,1,1234.644,1245.696
37,3930179,Spain,7,47.03124999999999,40.9275,0.04374999999998863,25.1175,1,1246.46,1255.306
38,3930179,Albania,7,4.68125,34.2125,63.30625000000001,61.9225,1,1293.944,1311.464
39,3930179,Spain,20,63.30624999999999,61.92250000000001,24.018749999999997,46.3675,1,1315.79,1336.433
40,3930179,Albania,3,24.018749999999997,46.3675,33.11874999999999,36.0825,1,1338.79,1341.166
41,3930179,Albania,39,40.90625,33.53249999999999,76.86875,1.6574999999999989,1,1380.438,1430.487
42,3930179,Albania,3,81.24375,0.04250000000000398,90.86875,14.4925,1,1452.041,1452.973
43,3930179,Spain,6,90.86875,14.4925,58.931250000000006,3.0174999999999983,1,1455.392,1460.698
44,3930179,Spain,12,58.93125,3.0174999999999983,9.143750000000011,15.682499999999997,1,1475.142,1492.907
45,3930179,Spain,28,0.04374999999998863,0.04250000000000398,1.7937500000000028,36.59250000000001,1,1522.564,1571.669
46,3930179,Albania,6,1.7937500000000002,36.5925,29.443750000000005,3.612499999999997,1,1573.938,1590.998
47,3930179,Albania,4,35.48125,0.04250000000000398,66.10625,0.12749999999999773,1,1611.199,1613.383
48,3930179,Albania,1,73.36875,0.04250000000000398,86.05625,13.8125,1,1636.401,1636.401
49,3930179,Spain,9,86.05625,13.8125,21.918750000000003,53.167500000000004,1,1637.734,1654.512
50,3930179,Albania,3,21.918750000000003,53.167500000000004,3.5437499999999993,47.0475,1,1654.512,1659.533
51,3930179,Albania,59,12.38125,67.9575,104.95625000000001,41.8625,1,1678.831,1773.706
52,3930179,Spain,3,98.91875,27.497500000000002,44.49375,11.6025,1,1806.75,1809.5
53,3930179,Albania,10,42.306250000000006,10.75249999999999,72.31875000000001,67.9575,1,1823.124,1834.171
54,3930179,Albania,5,72.31875000000001,67.9575,86.05625,66.42750000000001,1,1846.018,1849.981
55,3930179,Albania,1,83.08125,67.9575,100.66875,45.1775,1,1860.137,1860.137
56,3930179,Spain,17,100.66875,45.1775,33.99374999999999,65.8325,1,1865.077,1901.814
57,3930179,Spain,31,33.99374999999999,65.8325,32.76875000000001,0.29749999999999943,1,1906.7725,1961.338
58,3930179,Albania,22,40.206250000000004,0.04250000000000398,72.84375,36.5925,1,1991.873,2020.484
59,3930179,Spain,7,67.68124999999999,35.2325,0.04374999999998863,0.04250000000000398,1,2021.759,2032.763
60,3930179,Spain,42,0.04374999999998863,0.04250000000000398,0.043750000000000004,43.6475,1,2064.648,2136.479
61,3930179,Spain,4,0.04374999999998863,67.9575,0.04374999999998863,27.582499999999996,1,2166.039,2169.681
62,3930179,Albania,11,4.59375,35.5725,43.96875,65.0675,1,2203.231,2219.167
63,3930179,Albania,3,43.44375000000001,67.9575,75.46875,65.7475,1,2234.553,2237.093
64,3930179,Spain,56,78.79375,67.9575,16.05624999999999,7.777499999999996,1,2258.583,2376.966
65,3930179,Spain,22,7.393749999999997,0.04250000000000398,0.04374999999998863,33.61750000000001,1,2388.175,2417.282
66,3930179,Albania,1,5.20625,28.7725,70.74375,7.0974999999999895,1,2444.36,2444.36
67,3930179,Spain,13,70.74375,7.097499999999997,45.19374999999999,18.997500000000002,1,2450.36,2482.637
68,3930179,Albania,13,41.34375,20.1875,38.28125,57.1625,1,2494.37,2516.333
69,3930179,Spain,12,38.28125,57.162499999999994,0.04374999999998863,67.9575,1,2518.805,2538.876
70,3930179,Spain,28,0.04374999999998863,67.9575,0.04374999999998863,32.34250000000001,1,2572.318,2617.72
71,3930179,Albania,23,4.41875,35.0625,103.64375,32.427499999999995,1,2640.099,2680.185
72,3930179,Spain,1,103.99375,35.1475,103.99375,35.1475,1,2680.976,2680.976
73,3930179,Spain,12,99.61875,31.6625,0.04374999999998863,29.5375,1,2702.209,2724.975
74,3930179,Albania,5,5.11875,33.53249999999999,44.93125,15.8525,1,2751.404,2757.778
75,3930179,Spain,52,52.543749999999996,33.9575,0.04374999999998863,30.132500000000007,2,0.458,91.962
76,3930179,Albania,2,5.99375,33.7025,72.75625000000001,57.5875,2,124.972,128.356
77,3930179,Spain,4,72.75625,57.587500000000006,61.03125,46.2825,2,130.225,133.476
78,3930179,Albania,11,61.03125000000001,46.2825,32.24375,41.1825,2,133.98,141.459
79,3930179,Spain,4,32.24374999999999,41.182500000000005,8.793750000000003,37.6125,2,142.744,147.324
80,3930179,Albania,1,8.443749999999998,37.5275,8.443749999999998,37.5275,2,147.355,147.355
81,3930179,Albania,16,9.318749999999998,35.8275,33.64375,5.482500000000002,2,154.617,172.169
82,3930179,Albania,35,33.38125000000001,6.247499999999995,56.13125000000001,3.9524999999999864,2,178.267,229.581
83,3930179,Spain,9,58.05624999999999,4.122500000000002,12.206250000000011,30.387500000000003,2,230.606,238.752
84,3930179,Albania,20,12.206249999999999,30.387500000000003,0.04374999999998863,42.96750000000001,2,239.479,277.37
85,3930179,Albania,14,5.99375,31.322499999999998,93.23125,48.6625,2,285.041,308.264
86,3930179,Spain,10,93.23125,48.662499999999994,35.91875,63.6225,2,313.106,332.745
87,3930179,Spain,5,33.11874999999999,64.5575,22.53125,64.5575,2,379.48,383.259
88,3930179,Albania,60,27.43125,62.2625,73.01875,42.9675,2,384.787,467.274
89,3930179,Spain,58,73.01875,42.96750000000001,25.068749999999994,12.282499999999999,2,469.47,552.919
90,3930179,Albania,26,25.068749999999998,12.282499999999999,94.01875,45.6875,2,553.932,586.508
91,3930179,Spain,54,94.01875,45.6875,9.581250000000011,10.667499999999997,2,590.921,686.5
92,3930179,Albania,7,9.581249999999999,10.667499999999997,44.75625000000001,22.822499999999998,2,690.675,696.393
93,3930179,Spain,48,44.75624999999999,22.822499999999998,38.28125,67.6175,2,698.836,767.052
94,3930179,Spain,23,37.49374999999999,67.9575,16.756249999999998,37.1875,2,812.556,842.161
95,3930179,Albania,12,16.756249999999998,37.1875,42.13125000000001,51.2125,2,844.335,865.013
96,3930179,Spain,53,42.13124999999999,51.212500000000006,30.318749999999994,35.82750000000001,2,866.332,931.573
97,3930179,Albania,6,28.918750000000003,37.1875,88.24375,63.3675,2,982.359,990.952
98,3930179,Spain,25,90.60625,58.77750000000001,52.01875,54.52750000000001,2,1027.148,1084.496
99,3930179,Albania,15,52.01875,54.5275,63.13125,17.127499999999998,2,1085.062,1106.583
100,3930179,Albania,5,66.10624999999999,15.8525,95.33125,0.04250000000000398,2,1126.157,1131.634
101,3930179,Albania,12,95.33125,0.04250000000000398,87.89375000000001,40.0775,2,1157.341,1177.89
102,3930179,Albania,15,104.95625000000001,67.9575,96.64375,54.0175,2,1199.51,1232.072
103,3930179,Spain,2,96.64375,54.017500000000005,25.94374999999998,56.1425,2,1276.496,1282.356
104,3930179,Albania,12,27.693749999999998,55.972500000000004,55.60625000000001,45.9425,2,1308.669,1330.227
107,3930179,Albania,19,55.431250000000006,47.2175,68.64375000000001,46.5375,2,1374.862,1397.526
108,3930179,Spain,10,68.64375,46.537499999999994,49.13125,17.042500000000004,2,1399.603,1415.842
109,3930179,Albania,8,49.13125,17.042499999999997,103.55625,30.8975,2,1418.281,1432.658
110,3930179,Spain,1,103.11875,32.1725,103.11875,32.1725,2,1433.907,1433.907
111,3930179,Spain,12,103.11875,32.1725,4.331249999999997,52.4875,2,1436.4405,1457.8
112,3930179,Spain,11,0.04374999999998863,67.9575,8.793750000000003,1.9975000000000023,2,1510.069,1525.73
113,3930179,Albania,3,14.13125,0.04250000000000398,54.38125,0.04250000000000398,2,1575.752,1580.442
114,3930179,Spain,33,61.03125,0.04250000000000398,14.918750000000003,58.0125,2,1586.645,1641.083
115,3930179,Albania,7,14.918750000000001,58.0125,26.20625000000001,50.787499999999994,2,1642.094,1648.582
116,3930179,Albania,5,25.33125,51.2125,44.49375,4.377499999999991,2,1655.143,1663.435
117,3930179,Spain,5,44.49375,4.377499999999998,22.793750000000003,21.7175,2,1665.082,1668.348
118,3930179,Albania,11,22.793750000000003,21.7175,60.50625,0.04250000000000398,2,1668.912,1677.297
119,3930179,Spain,44,60.76875,0.04250000000000398,21.65625,67.3625,2,1685.239,1753.328
120,3930179,Albania,3,22.53125,67.9575,29.79374999999999,65.0675,2,1770.244,1773.44
121,3930179,Albania,2,36.44375,67.9575,47.643750000000004,64.8125,2,1781.305,1782.43
122,3930179,Spain,22,47.64375,64.8125,30.756249999999994,67.87250000000002,2,1783.109,1812.839
123,3930179,Albania,3,36.44375,67.9575,47.118750000000006,60.307500000000005,2,1826.213,1828.662
124,3930179,Spain,8,47.11875,60.307500000000005,10.193749999999994,43.307500000000005,2,1829.187,1837.519
125,3930179,Albania,2,10.018749999999999,39.7375,87.01875,33.3625,2,1856.212,1866.467
126,3930179,Spain,10,87.01875,33.3625,18.068749999999994,40.417500000000004,2,1867.352,1884.651
127,3930179,Albania,10,6.6937500000000005,37.1875,104.95625000000001,29.027500000000003,2,1887.086,1907.124
128,3930179,Spain,10,99.79375,29.197500000000005,40.381249999999994,7.947499999999998,2,1948.308,1961.94
129,3930179,Albania,10,40.38125000000001,7.947499999999998,90.43125,31.322499999999998,2,1963.563,1978.248
130,3930179,Spain,16,101.71875,39.4825,8.268749999999997,25.2875,2,1980.402,2019.95
131,3930179,Spain,2,0.04374999999998863,0.04250000000000398,0.04374999999998863,32.682500000000005,2,2059.873,2061.228
132,3930179,Albania,3,6.08125,33.3625,56.918749999999996,63.877500000000005,2,2076.451,2080.068
133,3930179,Albania,18,57.35625,58.2675,79.49375,1.5725000000000051,2,2095.602,2113.988
134,3930179,Spain,12,79.75625,4.122500000000002,17.28125,43.9875,2,2115.393,2131.765
135,3930179,Albania,7,17.28125,43.9875,31.543750000000003,46.537499999999994,2,2132.337,2137.795
136,3930179,Albania,6,31.543750000000006,46.5375,94.01875,46.2825,2,2166.293,2177.118
137,3930179,Spain,14,94.01875,46.2825,35.91875,57.5875,2,2180.918,2229.068
138,3930179,Spain,18,35.131249999999994,55.462500000000006,13.168749999999998,37.6125,2,2233.867,2263.558
139,3930179,Albania,8,13.168749999999998,37.6125,104.95625000000001,26.22249999999999,2,2264.3105,2280.743
140,3930179,Spain,15,99.96875,30.387500000000003,42.393750000000004,23.8425,2,2341.005,2362.772
141,3930179,Albania,11,42.39375,23.8425,83.60625,14.747499999999995,2,2363.774,2369.809
142,3930179,Spain,27,83.60625,14.747500000000002,60.50625,2.9325000000000045,2,2373.944,2411.878
143,3930179,Spain,16,58.05624999999999,0.04250000000000398,54.64375,63.3675,2,2432.121,2468.675
144,3930179,Albania,2,49.393750000000004,65.0675,48.69374999999999,64.1325,2,2469.907,2471.8
145,3930179,Albania,3,56.13125000000001,67.9575,80.10625,63.197500000000005,2,2490.592,2492.97
146,3930179,Albania,1,78.88125000000001,64.7275,104.95625000000001,29.3675,2,2541.631,2541.631
147,3930179,Albania,1,42.13125000000001,18.232499999999995,42.13125000000001,18.232499999999995,2,2580.973,2580.973
148,3930179,Spain,4,42.393750000000004,17.042500000000004,29.18124999999999,58.0125,2,2646.174,2657.832
149,3930179,Spain,7,32.50624999999998,67.9575,30.756250000000005,61.8375,2,2674.956,2678.303
150,3930179,Albania,3,30.756250000000005,61.8375,47.818749999999994,63.45250000000001,2,2678.9195,2683.278
151,3930179,Albania,21,31.28125,57.0775,77.65625,1.2325000000000017,2,2703.335,2741.333
152,3930179,Albania,5,81.41875,1.572499999999991,104.25625,33.4475,2,2784.035,2788.259
153,3930179,Spain,1,96.90625,34.127500000000005,32.068749999999994,10.667499999999997,2,2813.002,2813.002
154,3930179,Albania,20,32.06875000000001,10.667499999999997,99.09375,14.237499999999997,2,2817.134,2847.785
155,3930179,Spain,11,99.09375,14.237499999999997,48.86874999999999,35.0625,2,2847.785,2861.339
156,3930179,Albania,42,39.243750000000006,36.42249999999999,104.95625000000001,52.4875,2,2862.363,2925.985
2,3940983,Germany,8,53.331250000000004,33.957499999999996,70.91875,0.04250000000000398,1,0.546,10.88
3,3940983,Germany,30,70.91875,0.04250000000000398,54.11875,45.9425,1,19.093,63.889
4,3940983,Germany,9,55.60625000000001,47.4725,84.65625,13.217500000000001,1,72.954,87.67
5,3940983,Denmark,5,84.65625,13.217500000000001,61.64375,2.4224999999999994,1,90.47,94.994
6,3940983,Germany,28,61.643750000000004,2.4224999999999994,100.23125,2.677499999999995,1,95.986,140.849
7,3940983,Germany,19,98.13125000000001,0.04250000000000398,94.10625,34.8075,1,145.325,167.002
8,3940983,Germany,1,94.10625,34.8075,94.10625,34.8075,1,198.149,198.149
9,3940983,Denmark,21,98.39375,34.127500000000005,22.18124999999999,3.4424999999999955,1,232.882,272.74
10,3940983,Germany,1,23.318749999999998,5.737499999999997,25.33125,27.072499999999998,1,285.737,285.737
11,3940983,Denmark,2,14.131249999999994,46.792500000000004,11.943749999999994,42.1175,1,288.041,288.721
12,3940983,Germany,9,11.94375,42.1175,31.28125,64.8125,1,290.747,298.1
13,3940983,Germany,2,35.65625,67.9575,54.90625,60.8175,1,325.15,326.693
14,3940983,Denmark,3,54.90625,60.817499999999995,48.69375000000001,61.3275,1,328.469,330.47
15,3940983,Denmark,14,48.69374999999999,61.32750000000001,88.76875,57.587500000000006,1,334.795,355.891
16,3940983,Germany,6,88.76875,57.5875,102.76875,33.2775,1,357.06,363.802
17,3940983,Germany,3,104.95625000000001,0.04250000000000398,103.81875,35.0625,1,406.961,410.804
18,3940983,Germany,27,104.95625000000001,0.04250000000000398,51.31875,45.1775,1,437.209,482.138
19,3940983,Germany,56,50.18125,45.4325,82.03125,6.502499999999998,1,496.119,569.476
20,3940983,Germany,17,67.76875,0.04250000000000398,103.03125,35.82750000000001,1,575.01,599.072
21,3940983,Germany,3,104.95625000000001,0.04250000000000398,104.25625,34.042500000000004,1,636.758,639.379
22,3940983,Denmark,2,104.25625,34.042500000000004,58.75625,62.77250000000001,1,642.306,645.233
23,3940983,Germany,19,58.75625000000001,62.7725,101.01875000000001,34.8925,1,648.224,670.592
24,3940983,Denmark,9,101.01875,34.892500000000005,68.64375,59.287499999999994,1,672.411,691.075
25,3940983,Germany,27,68.64375000000001,59.2875,60.24374999999999,0.04250000000000398,1,692.017,726.554
26,3940983,Germany,7,49.91875,0.04250000000000398,104.95625000000001,40.9275,1,732.311,741.276
27,3940983,Denmark,7,99.79375,32.682500000000005,58.05624999999999,38.8875,1,770.371,781.363
28,3940983,Germany,6,58.056250000000006,38.8875,88.50625000000001,40.9275,1,783.327,788.379
29,3940983,Denmark,14,101.71875,36.4225,12.381249999999994,7.4375,1,793.016,821.429
30,3940983,Germany,9,12.38125,7.4375,33.38125000000001,4.6325,1,824.121,831.775
31,3940983,Denmark,2,30.318749999999994,5.9925,21.918750000000003,21.97249999999999,1,869.624,870.818
32,3940983,Germany,4,21.918750000000003,21.97249999999999,81.76875,33.3625,1,872.613,885.167
33,3940983,Germany,1,80.71875,37.272499999999994,90.43125,36.8475,1,951.395,951.395
34,3940983,Germany,11,87.98125,67.9575,68.90625,53.5075,1,971.086,986.389
35,3940983,Denmark,4,73.98124999999999,61.072500000000005,67.50625,59.712500000000006,1,987.599,989.679
36,3940983,Germany,4,67.50625000000001,59.7125,73.80624999999999,64.1325,1,989.679,992.847
37,3940983,Germany,50,80.98125,67.9575,82.03125,13.7275,1,1001.814,1070.387
38,3940983,Denmark,9,102.24375,34.127500000000005,19.20625000000001,35.572500000000005,1,1072.337,1104.969
39,3940983,Germany,6,19.20625,35.5725,55.16875000000001,63.6225,1,1105.773,1108.677
40,3940983,Denmark,71,55.168749999999996,63.62250000000001,14.743749999999991,34.2975,1,1112.122,1221.332
41,3940983,Denmark,3,0.04374999999998863,67.9575,10.28125,29.197500000000005,1,1260.228,1262.774
42,3940983,Germany,3,10.28125,29.197499999999998,26.90625,45.9425,1,1264.138,1266.341
43,3940983,Germany,7,26.20625,46.5375,70.39375,13.47249999999999,1,1280.588,1293.325
44,3940983,Denmark,3,70.39374999999998,13.472499999999997,55.86875,27.582499999999996,1,1294.838,1298.092
45,3940983,Denmark,57,55.86875,26.817500000000003,0.04374999999998863,29.792500000000004,1,1318.573,1415.912
46,3940983,Germany,9,5.11875,40.9275,39.243750000000006,0.04250000000000398,1,1442.449,1458.641
47,3940983,Germany,35,39.243750000000006,0.04250000000000398,98.91874999999999,55.2075,1,1547.371,1611.122
48,3940983,Denmark,18,98.91875,55.2075,38.54375,64.8125,1,1611.122,1627.685
49,3940983,Germany,19,26.906249999999996,64.3875,75.03125,20.0175,1,1629.482,1653.824
50,3940983,Denmark,17,75.03125,20.0175,42.13124999999999,64.5575,1,1655.509,1675.601
51,3940983,Germany,33,42.91875,67.9575,69.60624999999999,9.732500000000002,1,1690.657,1738.079
52,3940983,Denmark,19,69.60624999999999,9.732500000000002,17.28125,31.067499999999995,1,1740.334,1766.272
53,3940983,Denmark,6,16.84375,32.2575,2.84375,0.04250000000000398,1,1846.762,1851.372
54,3940983,Germany,23,7.918749999999999,0.04250000000000398,72.49375,67.87250000000002,1,1881.478,1906.099
55,3940983,Germany,23,72.23124999999999,67.9575,79.75625000000001,41.4375,1,1915.066,1937.379
56,3940983,Denmark,15,79.75625,41.4375,62.60625,0.04250000000000398,1,1938.534,1965.022
57,3940983,Germany,11,68.03125,0.04250000000000398,82.38125000000001,6.502499999999991,1,1974.459,1988.796
58,3940983,Denmark,9,82.38125,6.502499999999998,30.756249999999994,0.04250000000000398,1,1990.279,1998.538
59,3940983,Germany,43,31.543750000000006,0.04250000000000398,56.13125000000001,36.9325,1,2022.472,2085.161
61,3940983,Germany,10,49.13125,43.477500000000006,104.95625000000001,6.672499999999992,1,2376.964,2387.442
62,3940983,Denmark,2,99.79375,37.4425,25.33125000000001,40.162499999999994,1,2423.485,2427.178
63,3940983,Germany,6,25.33125,40.1625,54.90625,6.247499999999995,1,2428.294,2436.129
64,3940983,Denmark,4,54.90625,6.247500000000002,27.16874999999999,4.887500000000003,1,2439.11,2443.72
65,3940983,Germany,9,27.16875,4.887500000000003,70.13125,25.2875,1,2444.428,2453.189
66,3940983,Germany,10,70.39375,26.3925,104.95625000000001,37.86749999999999,1,2486.829,2502.467
67,3940983,Denmark,39,99.79375,33.61750000000001,7.65625,37.4425,1,2517.088,2569.109
68,3940983,Germany,23,7.656250000000001,37.442499999999995,97.34375,5.227499999999999,1,2572.875,2611.6
69,3940983,Denmark,1,97.60625,60.307500000000005,97.60625,60.307500000000005,1,2648.127,2648.127
70,3940983,Germany,4,98.13125000000001,62.5175,57.181250000000006,67.9575,1,2682.625,2688.265
71,3940983,Germany,16,57.181250000000006,67.9575,37.493750000000006,1.572499999999991,1,2718.252,2738.029
72,3940983,Denmark,14,43.18125,0.04250000000000398,0.04374999999998863,37.8675,1,2751.335,2767.025
73,3940983,Germany,13,5.73125,40.67249999999999,77.13125000000001,63.62250000000001,1,2799.09,2819.421
74,3940983,Germany,26,85.61875000000002,67.9575,88.24375,4.887500000000003,1,2824.482,2862.127
75,3940983,Denmark,2,99.79375,32.34250000000001,43.18125,9.987499999999997,1,2887.24,2890.145
76,3940983,Germany,6,43.18125,9.987499999999997,56.918749999999996,31.322500000000005,1,2893.177,2898.653
77,3940983,Germany,6,64.35625,29.877499999999998,87.71875,31.067499999999995,1,2915.841,2918.724
78,3940983,Denmark,5,87.71875,31.067500000000003,69.60624999999999,31.322500000000005,1,2919.471,2922.736
79,3940983,Germany,31,69.60624999999999,31.322499999999998,68.03125,42.3725,1,2924.185,2966.94
80,3940983,Denmark,9,68.03125,42.3725,14.918750000000003,0.04250000000000398,1,2967.9225,2977.31
81,3940983,Denmark,17,14.918750000000003,0.04250000000000398,3.8062500000000004,32.6825,1,3015.223,3045.28
82,3940983,Germany,1,3.8062500000000004,32.6825,3.8062500000000004,32.6825,1,3047.612,3047.612
83,3940983,Denmark,26,51.668749999999996,34.042500000000004,61.64375,0.04250000000000398,2,0.246,37.033
84,3940983,Germany,29,63.56875000000001,0.04250000000000398,61.20625,0.04250000000000398,2,43.521,89.058
85,3940983,Denmark,2,58.668749999999996,0.04250000000000398,37.93125,12.537499999999994,2,123.591,126.668
86,3940983,Denmark,7,35.39375000000001,13.7275,7.7437499999999915,33.70250000000001,2,155.84,163.284
87,3940983,Germany,11,13.956249999999999,37.1875,101.71875,49.087500000000006,2,295.277,310.26
88,3940983,Germany,1,94.45625000000001,34.0425,104.95625000000001,30.8975,2,478.087,478.087
89,3940983,Denmark,7,51.668749999999996,34.042500000000004,24.80624999999999,56.1425,2,532.693,541.73
90,3940983,Germany,3,24.80625,56.1425,30.84375,53.4225,2,543.583,544.468
91,3940983,Germany,10,31.193750000000005,53.082499999999996,60.15624999999999,0.04250000000000398,2,557.158,575.242
92,3940983,Germany,2,60.15624999999999,0.04250000000000398,75.46875,6.162500000000001,2,598.094,599.666
93,3940983,Denmark,9,75.46875,6.162500000000001,34.60625,25.9675,2,600.139,605.482
94,3940983,Germany,20,34.60625000000001,25.9675,16.40625,66.3425,2,608.017,630.785
95,3940983,Denmark,3,16.05624999999999,67.9575,7.918750000000003,59.5425,2,651.894,657.115
96,3940983,Germany,10,19.99375,52.2325,67.76875,53.2525,2,755.688,768.564
97,3940983,Denmark,4,67.76875,53.252500000000005,67.68125,38.207499999999996,2,770.139,773.99
98,3940983,Denmark,5,67.68124999999999,38.2075,32.068749999999994,61.2425,2,783.94,793.319
99,3940983,Germany,9,34.60625000000001,51.1275,104.95625000000001,29.3675,2,794.776,804.266
100,3940983,Denmark,19,99.70625,32.9375,53.94375,4.6325,2,851.581,874.902
101,3940983,Germany,3,56.65625,4.9724999999999895,62.86874999999999,11.347499999999997,2,875.584,878.096
102,3940983,Germany,2,65.58125000000001,12.622499999999995,98.39375000000001,67.9575,2,922.146,925.123
103,3940983,Germany,23,98.39375000000001,67.9575,77.04375,4.377499999999991,2,943.166,974.652
104,3940983,Denmark,13,78.61875,15.1725,64.09375,55.7175,2,975.498,990.178
105,3940983,Denmark,1,60.50625,67.9575,36.881249999999994,60.1375,2,1006.625,1006.625
106,3940983,Germany,4,36.88125000000001,60.1375,72.93125,35.7425,2,1008.431,1011.966
107,3940983,Denmark,14,72.93124999999999,35.7425,10.28125,67.9575,2,1014.215,1029.39
108,3940983,Denmark,5,10.28125,67.9575,19.64375000000001,44.412499999999994,2,1038.472,1044.981
109,3940983,Germany,8,24.80625,45.0075,44.66875,66.3425,2,1046.214,1056.42
110,3940983,Denmark,16,49.39374999999999,61.2425,19.64375000000001,0.29749999999999943,2,1057.303,1079.687
111,3940983,Germany,3,24.80625,0.04250000000000398,84.30625,11.6875,2,1084.746,1088.837
112,3940983,Denmark,29,79.75625,14.152499999999996,47.90625000000001,13.7275,2,1143.478,1188.043
113,3940983,Germany,5,41.518750000000004,31.067499999999995,60.76875,36.3375,2,1190.316,1193.258
114,3940983,Denmark,25,60.33125,41.0975,3.63125,31.40749999999999,2,1194.596,1240.185
115,3940983,Germany,15,10.98125,30.6425,60.85625,24.012500000000003,2,1241.033,1277.258
116,3940983,Denmark,9,63.30624999999999,24.777500000000003,53.418749999999996,48.57750000000001,2,1277.874,1289.814
117,3940983,Germany,56,49.48125,53.4225,104.95625000000001,30.8975,2,1290.478,1368.527
118,3940983,Denmark,8,51.668749999999996,34.042500000000004,26.20625000000001,22.2275,2,1436.011,1452.118
119,3940983,Germany,6,26.20625,22.2275,48.25625000000001,20.1025,2,1454.451,1461.621
120,3940983,Denmark,10,48.25624999999999,20.1025,25.506249999999998,49.1725,2,1463.4,1479.913
121,3940983,Germany,30,25.506249999999998,49.1725,79.23124999999999,35.147499999999994,2,1480.4895000000001,1515.299
122,3940983,Denmark,18,97.16875,36.167500000000004,7.043749999999989,37.697500000000005,2,1517.774,1544.227
123,3940983,Germany,4,7.043749999999999,37.6975,30.84375,66.0025,2,1546.283,1560.594
124,3940983,Germany,5,31.018750000000004,66.0025,45.456250000000004,63.877500000000005,2,1582.232,1584.671
125,3940983,Germany,39,47.81875,59.9675,99.09375,23.417499999999997,2,1595.562,1651.566
126,3940983,Denmark,5,94.28125,25.1175,34.08125,17.042499999999997,2,1666.779,1684.698
127,3940983,Germany,30,34.08125,17.042499999999997,103.11875,51.1275,2,1686.0775,1725.696
128,3940983,Denmark,7,103.11875,51.127500000000005,55.168749999999996,65.9175,2,1725.696,1733.134
129,3940983,Denmark,4,47.381249999999994,67.9575,0.04374999999998863,67.9575,2,1756.238,1762.517
130,3940983,Denmark,8,0.04374999999998863,67.9575,0.04374999999998863,0.04250000000000398,2,1795.103,1804.833
131,3940983,Denmark,2,0.04374999999998863,0.04250000000000398,4.418750000000003,31.6625,2,1864.248,1865.451
132,3940983,Denmark,22,0.04374999999998863,0.04250000000000398,42.21875,0.04250000000000398,2,1889.631,1936.949
133,3940983,Denmark,17,42.21875,0.04250000000000398,27.256249999999994,58.09750000000001,2,1985.518,2007.097
134,3940983,Germany,10,27.25625,58.097500000000004,92.79374999999999,39.6525,2,2007.966,2015.827
135,3940983,Denmark,33,96.81875,41.6925,0.04374999999998863,5.822499999999998,2,2018.614,2059.966
136,3940983,Germany,4,5.20625,31.322499999999998,48.60625,29.877499999999998,2,2148.576,2156.009
137,3940983,Denmark,6,48.606249999999996,29.877500000000005,13.606249999999989,34.807500000000005,2,2157.743,2164.019
138,3940983,Germany,5,13.60625,34.8075,36.53125,48.2375,2,2165.387,2169.808
139,3940983,Denmark,37,50.268750000000004,59.79750000000001,41.69374999999999,0.04250000000000398,2,2172.021,2223.33
140,3940983,Denmark,6,41.69374999999999,0.04250000000000398,85.88125000000001,30.47249999999999,2,2239.404,2246.121
141,3940983,Denmark,22,74.59375,40.3325,17.28125,33.3625,2,2266.378,2308.054
142,3940983,Germany,7,17.28125,33.3625,57.18125,14.917500000000004,2,2310.879,2319.571
143,3940983,Germany,2,55.956250000000004,16.362499999999997,82.38125000000001,28.6875,2,2340.222,2341.077
144,3940983,Denmark,17,82.38125,28.6875,54.46875,67.9575,2,2344.028,2363.349
145,3940983,Germany,29,50.35625,67.9575,87.89375000000001,47.1325,2,2388.17,2423.189
146,3940983,Denmark,39,100.84375,41.6925,16.40625,18.487499999999997,2,2425.178,2490.775
147,3940983,Germany,2,20.34375,21.6325,87.01875,16.6175,2,2546.167,2549.584
148,3940983,Denmark,4,87.01875,16.6175,50.35625,22.2275,2,2551.945,2555.051
149,3940983,Germany,20,50.35625,22.2275,60.15624999999999,30.302499999999995,2,2556.595,2589.649
150,3940983,Denmark,4,60.15625,30.302500000000002,25.94374999999998,29.452500000000008,2,2592.288,2597.816
151,3940983,Germany,9,25.943749999999998,29.4525,104.95625000000001,31.152500000000003,2,2600.508,2617.218
152,3940983,Denmark,3,98.91875,35.1475,36.53125,35.3175,2,2628.829,2631.12
153,3940983,Germany,10,36.53125,35.317499999999995,102.24375,32.767500000000005,2,2634.286,2651.814
154,3940983,Denmark,5,102.24375,32.767500000000005,23.668750000000003,35.147499999999994,2,2654.865,2667.582
155,3940983,Germany,39,23.668750000000003,35.147499999999994,76.51875,18.317499999999995,2,2669.0,2732.883
156,3940983,Denmark,2,75.29374999999999,30.472499999999997,0.04374999999998863,0.04250000000000398,2,2841.155,2844.977
157,3940983,Denmark,21,0.04374999999998863,0.04250000000000398,10.981250000000003,35.82750000000001,2,2868.384,2907.628
158,3940983,Denmark,3,0.04374999999998863,67.9575,12.55625,26.817499999999995,2,2929.739,2932.171
159,3940983,Germany,6,12.55625,26.817499999999995,100.84375,37.52750000000001,2,2933.974,2945.159
160,3940983,Germany,3,104.95625000000001,0.04250000000000398,102.33125,9.477499999999992,2,2986.846,2988.969
161,3940983,Denmark,14,102.33125,9.4775,5.818749999999994,34.46750000000001,2,2988.969,3011.804
162,3940983,Germany,4,5.8187500000000005,34.4675,63.30625000000001,23.417499999999997,2,3013.556,3025.079
163,3940983,Denmark,11,63.30624999999999,23.417500000000004,14.831249999999999,7.352499999999992,2,3030.028,3048.692
164,3940983,Denmark,1,35.65625,0.04250000000000398,42.21875,4.037500000000001,2,3055.89,3055.89
2,3940878,Switzerland,7,53.331250000000004,33.957499999999996,96.29375,21.547499999999992,1,0.595,15.09
3,3940878,Switzerland,13,96.29375,21.547499999999992,82.03125,27.667500000000004,1,18.0375,35.504
4,3940878,Switzerland,3,104.95625000000001,0.04250000000000398,93.40625,52.6575,1,70.595,74.314
5,3940878,Italy,3,93.40625,52.6575,64.79374999999999,57.8425,1,76.652,79.589
6,3940878,Switzerland,14,64.79375,57.8425,43.79375,28.517500000000005,1,81.935,99.149
7,3940878,Switzerland,13,42.831250000000004,24.777500000000003,104.95625000000001,58.9475,1,125.153,148.271
8,3940878,Italy,8,99.79375,37.6125,71.70625,65.2375,1,171.712,180.39
9,3940878,Switzerland,2,71.70625000000001,65.2375,74.85624999999999,60.64750000000001,1,181.163,182.723
10,3940878,Switzerland,26,73.71875,59.542500000000004,98.13125000000001,67.9575,1,190.287,222.689
11,3940878,Switzerland,14,98.13125000000001,67.9575,79.31875,10.2425,1,238.556,252.883
12,3940878,Switzerland,25,66.98125,0.04250000000000398,43.268750000000004,0.8924999999999983,1,264.454,304.868
13,3940878,Italy,3,43.268750000000004,0.8924999999999983,48.25625000000001,0.46750000000000114,1,305.832,306.76
14,3940878,Italy,16,48.25624999999999,0.46750000000000114,9.318749999999994,21.122500000000002,1,312.756,341.678
15,3940878,Switzerland,2,9.318749999999998,21.122499999999995,4.418750000000003,21.122500000000002,1,342.889,345.602
16,3940878,Switzerland,30,5.46875,25.03249999999999,68.11875,3.697499999999991,1,363.564,405.606
17,3940878,Italy,14,68.11874999999999,3.697500000000005,44.40625000000001,26.5625,1,406.665,424.992
18,3940878,Switzerland,41,44.40625,26.5625,73.45625,54.3575,1,425.659,490.704
19,3940878,Switzerland,6,76.60625,57.8425,87.63125,17.637500000000003,1,602.626,609.585
20,3940878,Italy,5,87.63125,17.637500000000003,76.60624999999999,19.3375,1,610.595,614.247
21,3940878,Switzerland,12,76.60625,19.337500000000006,96.99375,45.6875,1,614.452,628.702
22,3940878,Italy,8,96.99375,45.6875,73.54374999999999,65.6625,1,631.26,640.099
23,3940878,Switzerland,17,73.54375,65.6625,104.95625000000001,49.852500000000006,1,640.099,660.592
24,3940878,Italy,11,100.31875,35.6575,12.46875,55.462500000000006,1,684.322,700.029
25,3940878,Switzerland,12,12.46875,55.4625,79.93125,65.3225,1,705.236,721.986
26,3940878,Switzerland,1,83.16875,61.9225,102.59375,30.1325,1,788.879,788.879
27,3940878,Italy,10,100.31875,34.127500000000005,51.143750000000004,67.8725,1,799.089,810.185
28,3940878,Italy,12,62.34375,67.9575,73.71875,64.8125,1,821.414,836.864
29,3940878,Switzerland,2,72.14375000000001,67.9575,67.94375,67.8725,1,844.73,846.302
30,3940878,Italy,30,71.53125,67.9575,6.168750000000003,47.3875,1,880.312,926.974
31,3940878,Italy,19,0.04374999999998863,67.9575,0.04374999999998863,60.4775,1,963.793,991.681
32,3940878,Switzerland,17,6.08125,40.417500000000004,24.543750000000003,17.3825,1,1012.707,1047.393
33,3940878,Italy,1,26.29374999999999,21.802499999999995,7.306250000000006,29.197500000000005,1,1122.387,1122.387
34,3940878,Switzerland,80,10.893749999999999,26.987499999999997,104.95625000000001,56.1425,1,1161.295,1299.941
35,3940878,Italy,4,99.79375,31.577500000000008,53.856249999999996,0.04250000000000398,1,1332.026,1338.087
36,3940878,Switzerland,15,43.79375,0.04250000000000398,90.51875,32.17249999999999,1,1344.128,1369.66
37,3940878,Italy,6,90.51875,32.1725,60.50625,31.747500000000002,1,1370.359,1378.041
38,3940878,Switzerland,24,60.50625,31.747499999999995,93.23125,32.7675,1,1379.816,1416.219
39,3940878,Italy,7,103.29375,47.21750000000001,99.26875,64.5575,1,1420.956,1443.479
40,3940878,Italy,2,90.08125,67.9575,51.84375,56.567499999999995,1,1464.039,1465.018
41,3940878,Switzerland,24,51.84375,56.5675,87.10625,36.8475,1,1467.55,1500.226
42,3940878,Italy,18,90.51875,30.8975,4.59375,29.5375,1,1503.123,1529.842
43,3940878,Italy,2,0.04374999999998863,0.04250000000000398,0.04374999999998863,0.04250000000000398,1,1576.193,1577.153
44,3940878,Italy,6,0.04374999999998863,0.04250000000000398,2.5812500000000114,30.642500000000005,1,1590.59,1601.723
45,3940878,Switzerland,22,7.043749999999999,34.38249999999999,104.95625000000001,47.3875,1,1611.189,1652.651
46,3940878,Italy,9,101.28125,31.577500000000008,66.54374999999999,33.2775,1,1687.019,1698.206
47,3940878,Switzerland,62,66.54374999999999,33.2775,57.443749999999994,15.682499999999997,1,1699.825,1811.813
48,3940878,Switzerland,7,43.96875,24.607499999999995,82.46875,32.59749999999999,1,1815.563,1828.298
49,3940878,Italy,5,89.20625,29.197500000000005,76.86875,34.127500000000005,1,1830.547,1833.261
50,3940878,Switzerland,20,76.86875,34.1275,104.95625000000001,33.787499999999994,1,1834.368,1867.371
51,3940878,Italy,6,99.79375,26.307499999999997,61.46875,46.2825,1,1892.351,1906.919
52,3940878,Switzerland,20,59.456250000000004,42.3725,64.79375,61.3275,1,1907.831,1932.671
53,3940878,Switzerland,15,55.16875000000001,67.9575,72.14375000000001,35.0625,1,1942.822,1961.47
54,3940878,Italy,13,72.14375,35.0625,67.41874999999999,0.04250000000000398,1,1962.513,1981.963
55,3940878,Switzerland,3,68.38125,0.04250000000000398,102.76875,32.17249999999999,1,1985.927,1990.774
56,3940878,Italy,48,98.74375,28.6875,29.881249999999994,21.972499999999997,1,1999.649,2069.544
57,3940878,Switzerland,7,29.88125,21.97249999999999,59.63125,32.5975,1,2070.232,2077.07
58,3940878,Switzerland,62,62.956250000000004,32.59749999999999,104.95625000000001,36.677499999999995,1,2091.158,2180.646
60,3940878,Italy,19,52.543749999999996,33.9575,61.643750000000004,61.4975,1,2262.227,2287.462
61,3940878,Italy,23,60.50625,60.4775,24.71875,12.197499999999998,1,2291.165,2323.739
62,3940878,Italy,41,26.55624999999999,13.472499999999997,23.84375,67.8725,1,2353.715,2414.977
63,3940878,Italy,44,26.11874999999999,67.9575,72.40625,67.87250000000002,1,2419.926,2489.131
64,3940878,Switzerland,53,74.15625,67.9575,88.68125,10.9225,1,2583.103,2661.102
65,3940878,Switzerland,1,87.45625,11.602499999999992,104.51875000000001,30.302499999999995,1,2712.602,2712.602
66,3940878,Switzerland,4,104.95625000000001,0.04250000000000398,75.03125,0.04250000000000398,1,2745.278,2751.377
67,3940878,Switzerland,2,75.03125,0.04250000000000398,90.25625,1.5725000000000051,1,2775.794,2777.144
68,3940878,Switzerland,1,96.11875,0.04250000000000398,95.68125,21.802499999999995,1,2794.844,2794.844
69,3940878,Italy,8,95.68125,21.802499999999995,92.09375,11.517499999999998,1,2796.514,2807.829
70,3940878,Switzerland,1,103.29375,33.7025,103.29375,33.7025,1,2840.233,2840.233
71,3940878,Italy,7,98.74375,35.2325,61.64375,42.3725,1,2860.048,2876.824
72,3940878,Italy,5,51.668749999999996,34.042500000000004,34.78125,49.34250000000001,2,0.709,4.912
73,3940878,Switzerland,14,34.78125,49.3425,104.95625000000001,31.322499999999998,2,6.047,27.414
74,3940878,Italy,15,51.668749999999996,34.042500000000004,20.693749999999994,19.762500000000003,2,96.675,114.71
75,3940878,Switzerland,6,20.69375,19.762500000000003,32.68124999999999,8.712499999999999,2,117.131,125.587
76,3940878,Italy,3,38.28125,0.04250000000000398,33.556250000000006,4.377499999999998,2,143.653,144.746
77,3940878,Italy,12,33.556250000000006,4.377499999999998,28.393750000000004,3.612499999999997,2,149.304,162.5
78,3940878,Italy,1,27.693749999999994,5.227499999999999,0.04374999999998863,42.287499999999994,2,191.788,191.788
79,3940878,Switzerland,13,4.9437500000000005,41.947500000000005,42.39375,57.7575,2,209.915,224.628
80,3940878,Italy,13,42.393750000000004,57.7575,66.36874999999999,45.432500000000005,2,225.057,245.308
81,3940878,Switzerland,3,58.581250000000004,67.6175,66.36875,59.4575,2,248.605,252.728
82,3940878,Switzerland,20,73.98125,67.9575,66.19375,15.342500000000001,2,267.318,287.383
83,3940878,Switzerland,7,67.15625,16.362499999999997,53.94375,0.46750000000000114,2,291.38,304.589
84,3940878,Switzerland,8,56.043749999999996,0.04250000000000398,63.83125,7.4375,2,322.404,327.237
85,3940878,Italy,41,57.79375,25.2025,17.631249999999994,66.9375,2,328.909,397.879
86,3940878,Italy,11,17.631249999999994,66.9375,0.13124999999999432,18.6575,2,400.7685,418.767
87,3940878,Italy,36,0.04374999999998863,0.04250000000000398,36.881249999999994,4.037500000000001,2,442.739,495.64
88,3940878,Switzerland,3,42.74375,8.032499999999999,101.19375,55.8875,2,520.418,528.31
89,3940878,Italy,3,101.80625,44.4975,90.43125,9.732500000000002,2,530.606,539.153
90,3940878,Switzerland,12,68.73125,13.8975,83.60625,42.2875,2,541.127,559.677
91,3940878,Switzerland,31,91.21875,67.9575,78.18125,52.3175,2,572.793,600.319
92,3940878,Italy,23,78.18125,52.3175,14.65625,35.2325,2,601.999,640.341
93,3940878,Switzerland,4,10.28125,48.4925,33.381249999999994,64.6425,2,643.088,647.285
94,3940878,Switzerland,7,12.38125,67.9575,43.881249999999994,59.79750000000001,2,671.332,675.931
95,3940878,Switzerland,62,43.53125,60.6475,104.95625000000001,38.3775,2,736.145,823.099
96,3940878,Italy,25,99.26875,28.0925,13.956249999999997,39.3975,2,835.132,878.244
97,3940878,Switzerland,13,13.956249999999999,39.397499999999994,46.59375,45.432500000000005,2,879.212,894.33
98,3940878,Switzerland,20,48.868750000000006,48.832499999999996,60.33125,45.4325,2,907.479,937.528
99,3940878,Italy,18,60.33125,45.432500000000005,17.981250000000003,66.3425,2,939.261,971.569
100,3940878,Italy,50,13.431249999999991,67.9575,1.53125,40.6725,2,979.772,1050.361
101,3940878,Switzerland,18,1.53125,40.67249999999999,45.28125,26.647499999999994,2,1051.969,1089.599
102,3940878,Switzerland,7,45.54375,26.902500000000003,77.48125,30.982499999999995,2,1118.32,1130.654
103,3940878,Italy,6,95.15625,22.4825,90.60625,9.307499999999997,2,1133.148,1138.365
104,3940878,Switzerland,38,90.60625,9.307500000000005,80.28125,12.962499999999999,2,1139.58,1186.119
105,3940878,Switzerland,1,81.50625,14.832499999999996,104.95625000000001,37.6125,2,1239.642,1239.642
106,3940878,Italy,33,100.58125,31.832499999999996,23.23124999999999,0.04250000000000398,2,1252.14,1321.865
107,3940878,Italy,30,23.23124999999999,0.04250000000000398,1.4437499999999943,57.587500000000006,2,1330.819,1379.203
108,3940878,Italy,7,0.04374999999998863,67.9575,6.956249999999997,32.5125,2,1403.056,1415.59
109,3940878,Switzerland,17,6.956250000000001,32.5125,25.943749999999998,24.862499999999997,2,1417.794,1438.267
110,3940878,Italy,8,31.981250000000003,24.692500000000003,3.6312499999999943,22.3125,2,1438.803,1447.837
111,3940878,Italy,2,0.04374999999998863,0.04250000000000398,16.231250000000003,45.602500000000006,2,1476.788,1478.628
112,3940878,Switzerland,29,16.231250000000003,45.602500000000006,66.19375000000001,2.3375000000000057,2,1480.234,1524.716
113,3940878,Italy,24,65.14375,0.04250000000000398,19.55625,67.9575,2,1569.35,1606.952
114,3940878,Italy,20,19.38124999999998,67.9575,1.09375,35.65749999999999,2,1614.821,1641.2
115,3940878,Switzerland,3,1.09375,35.65749999999999,33.11875,2.3375000000000057,2,1645.069,1651.876
116,3940878,Italy,27,41.34375000000001,0.04250000000000398,0.04374999999998863,30.642500000000005,2,1661.422,1714.764
117,3940878,Switzerland,6,10.80625,28.6025,13.081249999999999,16.192499999999995,2,1716.368,1723.594
118,3940878,Italy,4,16.931250000000006,17.722499999999997,0.04374999999998863,37.6125,2,1724.027,1728.033
119,3940878,Switzerland,43,4.59375,42.0325,72.40625,57.417500000000004,2,1764.494,1815.779
120,3940878,Italy,3,64.09375,49.087500000000006,65.58125000000001,54.0175,2,1816.74,1818.355
121,3940878,Italy,12,59.89375,38.9725,0.04374999999998863,38.037499999999994,2,1827.855,1848.374
122,3940878,Switzerland,20,1.70625,33.107499999999995,66.45625,3.4424999999999955,2,1918.207,1944.611
123,3940878,Switzerland,4,66.45625,3.4424999999999955,96.55625,14.832499999999996,2,1948.2155,1955.36
124,3940878,Switzerland,3,104.95625000000001,0.04250000000000398,104.95625000000001,32.17249999999999,2,1992.998,1995.198
125,3940878,Italy,17,98.91875,27.582499999999996,36.706250000000004,35.4025,2,2003.448,2036.371
126,3940878,Italy,14,37.49374999999999,34.9775,20.431250000000006,33.1075,2,2038.993,2059.965
127,3940878,Switzerland,5,20.431249999999995,33.107499999999995,64.26875,35.7425,2,2060.841,2066.165
128,3940878,Italy,43,78.09375,33.0225,7.918749999999999,11.857500000000002,2,2068.118,2150.641
129,3940878,Switzerland,4,4.85625,42.2025,61.293749999999996,58.7775,2,2190.487,2196.274
130,3940878,Italy,21,61.293749999999996,58.77750000000001,24.106250000000003,37.6125,2,2198.614,2238.371
131,3940878,Switzerland,14,16.93125,33.872499999999995,102.15625,0.04250000000000398,2,2239.517,2259.737
132,3940878,Italy,3,91.65625,0.04250000000000398,92.53125,2.677499999999995,2,2282.824,2283.674
133,3940878,Switzerland,4,92.53125,2.677499999999995,92.53125,2.677499999999995,2,2284.622,2284.758
134,3940878,Switzerland,5,91.83125000000001,0.04250000000000398,102.50625000000001,15.427499999999995,2,2301.665,2305.412
135,3940878,Italy,34,101.80625,32.5125,0.04374999999998863,39.9925,2,2312.563,2377.052
136,3940878,Switzerland,14,5.20625,33.107499999999995,44.143750000000004,66.7675,2,2414.217,2439.665
137,3940878,Italy,10,46.59375,67.9575,9.668750000000003,23.332499999999996,2,2458.124,2474.416
138,3940878,Switzerland,5,9.66875,23.332499999999996,30.406250000000004,31.5775,2,2476.31,2479.146
139,3940878,Italy,31,30.40625,31.577500000000008,42.306250000000006,49.4275,2,2480.783,2542.115
140,3940878,Italy,13,42.30624999999999,50.447500000000005,0.04374999999998863,50.447500000000005,2,2549.177,2568.819
141,3940878,Switzerland,2,6.606249999999999,67.9575,28.30624999999999,56.2275,2,2599.569,2601.476
142,3940878,Switzerland,1,28.83125,56.2275,91.13125,50.1925,2,2636.179,2636.179
143,3940878,Italy,7,91.13125,50.1925,42.918749999999996,22.1425,2,2639.818,2656.785
144,3940878,Switzerland,26,44.84375,22.3125,86.75625000000001,62.3475,2,2657.662,2685.466
145,3940878,Italy,34,86.75625,62.34750000000001,2.9312499999999915,0.04250000000000398,2,2685.466,2747.638
146,3940878,Switzerland,19,17.456249999999997,0.04250000000000398,35.65625,3.697499999999991,2,2793.79,2819.155
2,3930177,Hungary,4,51.668749999999996,34.042500000000004,33.03125,15.172499999999992,1,0.491,6.204
3,3930177,Scotland,2,33.03125,15.172499999999992,32.50624999999998,16.7875,1,8.362,8.939
4,3930177,Scotland,47,36.35625,13.1325,64.44375,14.4925,1,19.471,100.413
5,3930177,Scotland,1,92.18125000000002,40.5875,92.18125000000002,40.5875,1,128.072,128.072
6,3930177,Hungary,11,92.18125,40.587500000000006,31.80624999999999,64.89750000000001,1,151.381,167.69
7,3930177,Scotland,2,25.15625,63.5375,15.356250000000003,64.3025,1,168.05,170.221
8,3930177,Scotland,6,14.74375,67.9575,33.99374999999999,67.9575,1,191.856,197.256
9,3930177,Scotland,50,33.73125,67.9575,56.91875,67.9575,1,202.027,276.215
10,3930177,Scotland,5,56.91875,67.9575,66.28125,67.9575,1,296.884,300.825
11,3930177,Scotland,26,67.24375,67.9575,62.25625,55.377500000000005,1,314.599,353.917
12,3930177,Scotland,11,66.80625,56.7375,63.481249999999996,22.652500000000003,1,398.168,416.374
13,3930177,Hungary,11,63.481249999999996,22.652500000000003,1.61875,35.232499999999995,1,418.831,430.686
14,3930177,Scotland,91,8.79375,21.802499999999995,82.64375,24.947499999999998,1,432.489,599.181
15,3930177,Hungary,17,82.64375,24.947499999999998,63.743750000000006,6.417499999999997,1,600.842,620.996
16,3930177,Hungary,18,63.39375,11.7725,6.4312499999999915,21.4625,1,647.19,673.641
17,3930177,Scotland,21,6.43125,21.462500000000006,92.79374999999999,42.7975,1,677.385,712.625
18,3930177,Hungary,10,92.70625,34.46750000000001,50.96875000000001,65.6625,1,721.267,736.467
19,3930177,Hungary,5,42.74374999999999,67.9575,10.018749999999997,0.7224999999999966,1,747.999,761.98
20,3930177,Scotland,3,12.643749999999999,0.04250000000000398,47.81875,5.142499999999998,1,800.528,802.946
21,3930177,Hungary,1,48.08125,4.462499999999999,11.681249999999991,35.3175,1,839.453,839.453
22,3930177,Scotland,49,11.68125,35.317499999999995,71.09375,55.8875,1,842.222,945.36
23,3930177,Hungary,8,68.03125,67.9575,46.418749999999996,48.4075,1,965.005,972.561
24,3930177,Scotland,9,46.41875,48.4075,66.98124999999999,52.3175,1,975.661,990.431
25,3930177,Hungary,9,66.98124999999999,52.3175,47.381249999999994,64.9825,1,993.408,999.36
26,3930177,Scotland,10,47.38125,64.9825,28.656249999999996,57.3325,1,1000.958,1010.532
27,3930177,Scotland,7,5.20625,41.4375,55.51875,32.0875,1,1034.629,1044.4
28,3930177,Scotland,18,53.94375,31.5775,61.81875,50.447500000000005,1,1074.33,1112.056
29,3930177,Hungary,11,61.81875,50.447500000000005,35.65625,47.7275,1,1114.735,1122.208
30,3930177,Scotland,3,35.65625,47.727500000000006,46.418749999999996,64.30250000000001,1,1123.996,1130.699
31,3930177,Scotland,21,47.38125,60.5625,104.95625000000001,47.1325,1,1146.637,1185.03
32,3930177,Hungary,7,98.91875,28.8575,91.48125,4.6325,1,1228.56,1243.077
33,3930177,Scotland,20,91.21875,3.527499999999989,68.20625000000001,67.9575,1,1286.582,1326.915
34,3930177,Scotland,28,68.20625000000001,67.9575,72.75625000000001,3.0174999999999983,1,1332.241,1372.241
35,3930177,Hungary,7,72.75625,3.0174999999999983,54.64375,28.8575,1,1372.241,1387.16
36,3930177,Scotland,3,54.64375,28.857499999999995,104.51875000000001,13.982499999999995,1,1389.242,1394.961
37,3930177,Hungary,2,98.91875,29.367500000000007,60.33125,0.04250000000000398,1,1429.682,1433.394
38,3930177,Hungary,3,60.33125,0.04250000000000398,39.506249999999994,6.7575,1,1447.372,1448.964
39,3930177,Hungary,13,46.85624999999999,0.04250000000000398,67.94375,10.412499999999994,1,1460.254,1480.322
40,3930177,Hungary,11,74.85624999999999,7.6924999999999955,66.01875,5.652500000000003,1,1496.224,1511.064
41,3930177,Scotland,21,66.01875,5.652499999999989,68.90625,8.1175,1,1512.47,1537.85
42,3930177,Scotland,8,71.09375,8.1175,83.08125,50.27750000000001,1,1583.955,1592.961
43,3930177,Hungary,5,83.08125,50.27750000000001,61.81875,50.1075,1,1594.569,1596.888
44,3930177,Scotland,4,61.81875,50.1075,73.10624999999999,40.0775,1,1599.017,1606.263
45,3930177,Hungary,8,73.10625,40.07750000000001,17.368750000000006,12.962499999999999,1,1606.842,1617.712
46,3930177,Hungary,7,0.04374999999998863,0.04250000000000398,16.931250000000006,52.40250000000001,1,1664.238,1674.822
47,3930177,Scotland,4,16.93125,52.4025,58.668749999999996,55.6325,1,1674.822,1686.19
49,3930177,Scotland,4,48.34375,51.6375,85.70625,6.7575,1,1739.953,1748.823
50,3930177,Hungary,5,85.70625,6.7575,47.643750000000004,6.0774999999999935,1,1752.059,1757.198
51,3930177,Hungary,14,48.08125,6.077500000000001,26.73125,39.9075,1,1798.753,1817.367
52,3930177,Hungary,1,27.43124999999999,35.82750000000001,18.418750000000003,36.252500000000005,1,1886.397,1886.397
53,3930177,Hungary,7,0.04374999999998863,0.04250000000000398,54.99374999999999,67.9575,1,1915.847,1925.805
54,3930177,Hungary,24,54.99374999999999,67.9575,33.29374999999999,67.9575,1,1956.255,1986.997
55,3930177,Hungary,36,33.29374999999999,67.9575,0.04374999999998863,39.9925,1,2000.686,2044.753
56,3930177,Scotland,4,5.20625,39.99249999999999,69.95625,11.602499999999992,1,2071.028,2083.109
57,3930177,Hungary,3,69.95625,11.6025,61.03125000000001,4.462500000000006,1,2084.291,2087.112
58,3930177,Hungary,49,61.293749999999996,4.887500000000003,34.693749999999994,37.697500000000005,1,2101.441,2167.529
59,3930177,Scotland,7,35.21875,38.122499999999995,38.018750000000004,64.6425,1,2198.268,2209.37
60,3930177,Scotland,46,38.018750000000004,64.6425,101.71875,33.2775,1,2212.7345,2292.027
61,3930177,Hungary,8,101.71875,33.2775,59.543749999999996,6.502499999999991,1,2293.553,2311.485
62,3930177,Hungary,6,55.69375,7.012500000000003,19.81875,46.5375,1,2344.322,2352.506
63,3930177,Hungary,2,19.03125,45.517500000000005,0.04374999999998863,32.4275,1,2417.292,2418.818
64,3930177,Scotland,16,5.20625,29.962500000000006,66.71875,67.9575,1,2457.68,2490.491
65,3930177,Hungary,12,68.03125,67.9575,62.95625,8.372500000000002,1,2507.748,2523.685
66,3930177,Scotland,26,63.743750000000006,8.287499999999994,85.26875000000001,52.1475,1,2524.201,2577.582
67,3930177,Hungary,7,85.26875,52.1475,52.631249999999994,31.917500000000004,1,2580.435,2587.175
68,3930177,Scotland,11,52.893750000000004,30.557499999999997,94.80625,37.5275,1,2661.732,2677.477
69,3930177,Hungary,24,96.90625,28.8575,20.518749999999997,56.7375,1,2679.758,2726.503
70,3930177,Scotland,7,20.518749999999997,56.7375,48.868750000000006,64.6425,1,2729.061,2734.958
71,3930177,Hungary,5,48.86874999999999,64.6425,0.04374999999998863,34.5525,1,2735.86,2743.888
72,3930177,Scotland,26,53.331250000000004,33.957499999999996,49.393750000000004,0.04250000000000398,2,0.655,33.322
73,3930177,Scotland,2,49.393750000000004,0.04250000000000398,70.83125,3.527499999999989,2,54.894,57.605
74,3930177,Hungary,11,73.71875,3.612499999999997,5.11875,64.3875,2,90.126,103.041
75,3930177,Hungary,2,7.131249999999994,67.9575,17.981250000000003,67.9575,2,131.509,134.835
76,3930177,Hungary,2,17.981250000000003,67.9575,0.04374999999998863,67.9575,2,153.102,155.192
77,3930177,Hungary,2,0.04374999999998863,67.9575,35.74374999999999,67.9575,2,177.154,178.682
78,3930177,Hungary,13,35.74374999999999,67.9575,1.44375,32.17249999999999,2,204.547,223.294
79,3930177,Scotland,2,6.518750000000001,32.6825,73.54375,67.9575,2,243.615,247.66
80,3930177,Scotland,1,73.54375,67.9575,93.40625,58.2675,2,271.762,271.762
81,3930177,Hungary,5,93.40625,58.2675,74.50625,48.2375,2,273.667,275.506
82,3930177,Scotland,6,74.50625,48.2375,85.00625000000001,25.542499999999997,2,276.688,287.754
83,3930177,Hungary,2,84.56875000000001,25.2875,27.606250000000003,52.4875,2,315.004,317.88
84,3930177,Scotland,13,24.80625,56.5675,36.96875,56.3125,2,332.663,350.905
85,3930177,Scotland,13,38.63125000000001,52.7425,68.64375,61.2425,2,370.985,393.221
86,3930177,Scotland,37,67.76875,67.9575,104.95625000000001,32.427499999999995,2,417.176,474.416
87,3930177,Hungary,9,99.79375,26.052499999999995,30.581249999999997,1.2325000000000017,2,501.147,523.336
88,3930177,Scotland,3,30.84375,0.7224999999999966,93.93125,31.40749999999999,2,538.099,543.625
89,3930177,Hungary,10,93.93125,31.4075,74.94375,64.7275,2,548.277,565.187
90,3930177,Hungary,22,74.50625,67.9575,79.23125,57.8425,2,580.367,608.258
91,3930177,Hungary,4,79.23125,57.8425,65.93125,47.557500000000005,2,610.7455,616.163
92,3930177,Scotland,6,65.93125000000002,47.5575,70.04375,55.8875,2,617.811,621.316
93,3930177,Hungary,4,73.36874999999999,52.7425,12.556249999999991,24.947499999999998,2,622.247,632.951
94,3930177,Hungary,3,0.04374999999998863,0.04250000000000398,0.04374999999998863,44.9225,2,679.408,683.104
95,3930177,Scotland,38,5.29375,40.1625,97.43125,0.04250000000000398,2,717.681,772.141
96,3930177,Scotland,13,97.43125,0.04250000000000398,71.88125,16.7875,2,796.024,813.031
97,3930177,Hungary,5,71.88125,16.7875,23.84375,24.6075,2,817.33,820.649
98,3930177,Scotland,6,23.84375,24.607499999999995,36.96875,23.927499999999995,2,824.804,830.654
99,3930177,Scotland,32,35.91875,24.09749999999999,43.268750000000004,0.04250000000000398,2,850.317,921.154
100,3930177,Scotland,48,43.44375000000001,0.04250000000000398,78.00625,1.2325000000000017,2,962.981,1032.513
101,3930177,Scotland,7,62.081250000000004,0.04250000000000398,94.19375,45.1775,2,1036.531,1044.982
102,3930177,Hungary,8,92.35625,46.6225,21.30624999999999,15.002499999999998,2,1077.808,1088.125
103,3930177,Hungary,4,0.04374999999998863,0.04250000000000398,0.04374999999998863,35.40250000000001,2,1120.253,1126.021
104,3930177,Scotland,9,6.08125,31.832499999999996,34.86875,12.3675,2,1150.981,1161.637
105,3930177,Hungary,7,34.86874999999999,12.3675,22.881249999999994,32.0875,2,1164.061,1170.164
106,3930177,Scotland,29,17.71875,32.8525,86.40625,22.057499999999997,2,1171.033,1206.803
107,3930177,Hungary,15,86.40625,22.057499999999997,11.15625,56.39750000000001,2,1211.286,1238.464
108,3930177,Hungary,5,20.78125,67.9575,13.693749999999994,67.02250000000001,2,1263.535,1269.963
109,3930177,Scotland,1,22.006249999999998,67.9575,41.25625,64.3875,2,1292.911,1292.911
110,3930177,Hungary,5,41.256249999999994,64.3875,8.35625,42.9675,2,1294.56,1300.455
111,3930177,Hungary,7,14.65625,67.9575,25.76875,18.1475,2,1309.37,1325.814
112,3930177,Hungary,2,25.94374999999998,18.147499999999994,7.918749999999999,32.8525,2,1356.927,1358.642
115,3930177,Scotland,5,12.818749999999998,62.7725,68.90625,49.0875,2,1769.671,1780.434
116,3930177,Hungary,22,64.35625,67.9575,4.418750000000003,34.807500000000005,2,1790.231,1818.799
117,3930177,Scotland,24,10.63125,38.63249999999999,92.79375,28.6875,2,1867.236,1895.863
118,3930177,Scotland,31,104.95625000000001,0.04250000000000398,94.36875,28.432499999999997,2,1926.906,1986.38
119,3930177,Hungary,36,98.21875,34.042500000000004,34.693749999999994,53.337500000000006,2,1995.578,2049.84
120,3930177,Hungary,10,37.40625,67.9575,56.13125000000001,0.04250000000000398,2,2077.898,2091.159
121,3930177,Hungary,8,58.05624999999999,0.04250000000000398,31.28125,0.04250000000000398,2,2100.832,2111.29
122,3930177,Hungary,19,31.28125,0.04250000000000398,4.856250000000003,30.8975,2,2115.615,2141.944
123,3930177,Scotland,5,4.85625,30.8975,79.66874999999999,67.5325,2,2143.467,2150.745
124,3930177,Hungary,23,80.10625,67.9575,58.49374999999999,53.252500000000005,2,2157.08,2193.423
125,3930177,Scotland,15,58.493750000000006,53.2525,99.96875,23.332499999999996,2,2194.626,2225.703
126,3930177,Hungary,3,92.96875,28.517500000000005,45.98125,0.04250000000000398,2,2287.535,2293.152
127,3930177,Scotland,6,45.98125,0.04250000000000398,90.86875,31.4925,2,2298.034,2311.092
128,3930177,Hungary,20,90.86875,31.492500000000007,14.918750000000001,27.072499999999998,2,2313.873,2340.204
129,3930177,Scotland,11,14.918750000000001,27.072499999999998,73.28125,42.542500000000004,2,2345.242,2364.492
130,3930177,Hungary,11,73.28125,42.542500000000004,10.018749999999997,33.2775,2,2364.492,2391.157
131,3930177,Scotland,13,15.53125,35.4025,62.25625000000001,28.857499999999995,2,2528.926,2549.367
132,3930177,Hungary,7,62.25625,28.8575,0.13124999999999432,65.8325,2,2552.555,2557.064
133,3930177,Scotland,4,6.08125,39.2275,95.50625000000001,57.417500000000004,2,2602.641,2608.641
134,3930177,Hungary,5,95.50625,57.4175,69.86875,44.9225,2,2612.112,2616.562
135,3930177,Hungary,5,66.36874999999999,44.752500000000005,2.9312499999999915,38.8025,2,2627.289,2635.397
136,3930177,Scotland,8,2.93125,38.802499999999995,63.30625000000001,39.397499999999994,2,2638.645,2654.527
137,3930177,Hungary,8,61.46875,42.712500000000006,2.3187500000000005,36.3375,2,2660.222,2673.22
138,3930177,Hungary,3,0.04374999999998863,67.9575,0.04374999999998863,43.9875,2,2695.455,2698.596
139,3930177,Scotland,2,6.08125,31.40749999999999,91.04375,46.6225,2,2720.198,2722.962
140,3930177,Hungary,22,91.04375,46.6225,36.35625,49.9375,2,2725.318,2750.254
141,3930177,Hungary,3,40.46875,48.7475,10.806250000000006,27.667500000000004,2,2757.629,2760.386
142,3930177,Scotland,2,2.05625,40.9275,70.91875,0.04250000000000398,2,2769.474,2779.878
143,3930177,Hungary,7,71.26875,0.04250000000000398,0.04374999999998863,30.727500000000006,2,2787.477,2800.076
144,3930177,Scotland,15,16.756249999999998,0.04250000000000398,56.83125,36.8475,2,2822.553,2846.925
145,3930177,Scotland,11,56.21875,40.417500000000004,103.99375,45.1775,2,2894.964,2913.589
146,3930177,Hungary,1,100.14375,34.892500000000005,41.16875,40.9275,2,2931.309,2931.309
147,3930177,Scotland,6,41.16875000000001,40.9275,54.90625,39.2275,2,2934.75,2942.365
148,3930177,Hungary,4,55.95625,44.9225,41.86875,53.6775,2,2944.058,2946.304
149,3930177,Hungary,6,42.918749999999996,67.9575,42.831250000000004,64.2175,2,2952.344,2957.038
150,3930177,Hungary,5,46.24374999999999,67.9575,25.94374999999998,67.9575,2,2965.772,2974.203
151,3930177,Hungary,3,25.94374999999998,67.9575,13.868750000000006,48.917500000000004,2,2981.15,2984.713
152,3930177,Scotland,6,14.043750000000001,49.0875,70.91875,46.707499999999996,2,3006.565,3022.593
153,3930177,Hungary,5,70.91875,46.7075,5.731250000000003,44.9225,2,3025.885,3032.073
154,3930177,Scotland,7,5.73125,44.9225,99.88125000000001,11.432500000000005,2,3035.832,3055.945
155,3930177,Hungary,9,97.25625,34.807500000000005,0.04374999999998863,28.517500000000005,2,3085.43,3101.282
156,3930177,Scotland,12,4.33125,29.197499999999998,97.43125,43.7325,2,3106.643,3130.114
157,3930177,Scotland,14,96.46875,67.9575,93.58125,29.28249999999999,2,3141.493,3157.568
158,3930177,Hungary,1,92.35625,27.497500000000002,37.66875,26.222499999999997,2,3182.235,3182.235
159,3930177,Scotland,3,37.66875,26.22249999999999,50.09375,7.6924999999999955,2,3185.853,3188.936
160,3930177,Hungary,1,57.443749999999994,0.04250000000000398,34.08125,30.302500000000002,2,3201.828,3201.828
161,3930177,Scotland,6,34.08125,30.302499999999995,101.71875,36.42249999999999,2,3203.788,3220.276
162,3930177,Scotland,5,104.95625000000001,67.9575,97.16875,34.29749999999999,2,3251.318,3257.14
163,3930177,Hungary,8,94.54375,30.302500000000002,0.04374999999998863,31.4075,2,3258.252,3273.209
164,3930177,Scotland,7,53.331250000000004,33.957499999999996,78.70625,13.982500000000002,2,3379.14,3390.065
2,3930173,Netherlands,36,53.331250000000004,33.957499999999996,101.54375,29.622500000000002,1,0.758,57.046
3,3930173,Netherlands,3,104.95625000000001,67.9575,86.40625,20.78249999999999,1,126.242,129.562
4,3930173,France,27,87.10625,19.5075,39.59375,21.377499999999998,1,135.898,173.142
5,3930173,Netherlands,21,39.59375,21.377499999999998,59.106249999999996,24.4375,1,173.71949999999998,211.792
6,3930173,France,13,57.79375,22.3125,1.44375,31.917499999999997,1,212.869,229.073
7,3930173,France,12,0.04374999999998863,67.9575,10.456249999999997,41.0975,1,259.67,278.546
8,3930173,Netherlands,9,10.456249999999999,41.0975,93.75625,67.9575,1,279.545,294.906
9,3930173,France,46,93.75625,67.9575,36.96875,67.9575,1,302.436,362.389
10,3930173,France,41,36.96875,67.9575,51.84375,0.8924999999999983,1,376.964,438.742
11,3930173,Netherlands,15,55.956250000000004,0.04250000000000398,95.85624999999999,28.857499999999995,1,447.935,466.906
12,3930173,France,8,95.85625,28.8575,72.05625,17.72249999999999,1,469.009,482.116
13,3930173,France,32,72.75625,17.722499999999997,16.931250000000006,7.352499999999999,1,500.117,548.297
14,3930173,Netherlands,8,16.93125,7.352499999999992,38.631249999999994,56.9925,1,549.851,562.959
15,3930173,Netherlands,33,36.268750000000004,58.6925,82.38125000000001,67.9575,1,564.655,616.792
16,3930173,Netherlands,28,82.38125000000001,67.9575,75.03125,11.177499999999995,1,629.799,673.032
17,3930173,France,53,77.21875,11.6025,12.206250000000011,0.04250000000000398,1,683.182,755.904
18,3930173,France,25,12.206250000000011,0.04250000000000398,10.543749999999989,37.7825,1,772.962,803.902
19,3930173,Netherlands,8,10.54375,37.7825,38.98125,28.942499999999995,1,805.156,809.736
20,3930173,France,9,38.98125,28.942500000000003,0.04374999999998863,29.877500000000005,1,812.094,827.135
21,3930173,Netherlands,2,5.46875,36.9325,51.668749999999996,63.7075,1,855.427,860.408
22,3930173,Netherlands,45,58.14375000000001,67.9575,103.38125,35.0625,1,872.111,956.979
23,3930173,Netherlands,16,104.95625000000001,0.04250000000000398,70.04375,6.0774999999999935,1,990.544,1014.6
24,3930173,France,28,69.78125,4.207499999999996,13.34375,8.7975,1,1021.508,1060.365
25,3930173,France,3,0.04374999999998863,0.04250000000000398,22.61874999999999,67.9575,1,1098.084,1101.715
26,3930173,Netherlands,7,23.05625,67.9575,54.556250000000006,52.4025,1,1126.79,1134.022
27,3930173,France,75,54.55624999999999,52.40250000000001,0.04374999999998863,39.7375,1,1134.87,1240.403
28,3930173,Netherlands,6,4.76875,30.8125,79.93125,58.4375,1,1257.741,1287.061
29,3930173,France,15,79.93125,58.4375,80.80625,49.9375,1,1289.874,1319.793
30,3930173,France,6,80.54375,67.9575,59.018750000000004,51.807500000000005,1,1333.146,1340.797
31,3930173,Netherlands,3,59.018750000000004,51.807500000000005,67.59375,63.7075,1,1341.794,1344.771
32,3930173,Netherlands,2,68.11875,63.2825,104.95625000000001,26.052499999999995,1,1386.647,1389.337
33,3930173,France,2,100.93125,27.667500000000004,41.86874999999999,0.04250000000000398,1,1405.324,1415.999
34,3930173,Netherlands,7,39.85625,0.04250000000000398,57.79375,4.972500000000004,1,1431.886,1441.075
35,3930173,Netherlands,4,59.28125,2.9325000000000045,71.61875,19.082499999999996,1,1459.368,1462.683
36,3930173,France,7,71.61874999999999,19.082499999999996,73.19375000000001,23.587500000000006,1,1466.285,1469.697
37,3930173,France,8,74.59375,24.4375,63.13125000000001,67.8725,1,1479.068,1495.588
38,3930173,France,20,58.49374999999999,67.9575,38.10625,62.6025,1,1502.878,1530.786
39,3930173,Netherlands,7,38.10625,62.6025,104.95625000000001,16.0225,1,1531.445,1541.28
40,3930173,France,11,99.79375,25.7125,29.26875000000001,9.222499999999997,1,1600.163,1615.662
41,3930173,Netherlands,17,29.26875,9.22249999999999,82.03125,41.5225,1,1616.718,1637.16
42,3930173,France,6,98.56875,16.872500000000002,0.04374999999998863,37.7825,1,1639.884,1659.23
43,3930173,Netherlands,11,5.11875,36.677499999999995,43.61875,67.8725,1,1674.16,1696.744
44,3930173,France,43,44.66875,67.9575,55.25625,25.1175,1,1700.498,1761.494
45,3930173,France,10,53.24374999999999,20.1025,47.90625000000001,39.7375,1,1772.822,1783.975
46,3930173,Netherlands,38,47.90625,39.7375,89.81875,42.712500000000006,1,1786.335,1850.444
47,3930173,France,5,89.81875,42.712500000000006,57.00625000000001,30.6425,1,1850.5884999999998,1856.156
48,3930173,France,58,51.49374999999999,31.152500000000003,40.206250000000004,42.7975,1,1879.198,1969.618
49,3930173,Netherlands,35,40.206250000000004,42.7975,93.58125,26.6475,1,1971.568,2026.077
50,3930173,France,36,93.58125,26.647499999999994,100.58125,35.572500000000005,1,2030.154,2106.683
51,3930173,France,17,100.58125,35.572500000000005,24.543750000000003,6.587500000000006,1,2108.891,2135.311
52,3930173,France,4,14.743749999999991,0.04250000000000398,17.893749999999997,2.082499999999996,1,2167.271,2169.105
53,3930173,Netherlands,33,17.89375,2.082499999999996,28.83125,18.8275,1,2171.361,2228.264
54,3930173,France,3,27.518749999999997,20.1025,17.193749999999994,67.87250000000002,1,2296.462,2300.823
55,3930173,Netherlands,3,18.33125,67.9575,29.26875,52.0625,1,2331.004,2336.006
56,3930173,France,8,29.26875000000001,52.0625,17.89375,45.7725,1,2337.218,2348.157
57,3930173,France,1,18.15625,46.877500000000005,11.943749999999994,42.96750000000001,1,2434.741,2434.741
58,3930173,France,2,0.04374999999998863,67.9575,15.181249999999991,67.9575,1,2476.202,2477.186
59,3930173,France,28,15.181249999999991,67.9575,2.3187499999999943,32.0875,1,2489.337,2540.692
60,3930173,Netherlands,1,1.96875,33.107499999999995,1.96875,33.107499999999995,1,2541.536,2541.536
61,3930173,Netherlands,30,10.368749999999999,30.6425,58.84375,6.417499999999997,1,2558.383,2628.374
62,3930173,Netherlands,8,60.41875,0.04250000000000398,45.10625,53.167500000000004,1,2641.196,2649.901
63,3930173,France,3,41.956250000000004,53.337500000000006,41.43125,48.2375,1,2650.501,2650.906
64,3930173,France,18,42.13124999999999,49.9375,43.443749999999994,37.6125,1,2663.851,2697.473
65,3930173,Netherlands,4,43.44375000000001,37.6125,94.89375000000001,41.6925,1,2700.434,2703.861
66,3930173,France,22,94.89375,41.6925,30.143749999999997,67.9575,1,2706.527,2734.31
67,3930173,France,15,30.143749999999997,67.9575,43.61875,11.432499999999997,1,2738.402,2758.611
68,3930173,France,32,51.668749999999996,34.042500000000004,23.84375,65.3225,2,0.44,49.707
69,3930173,France,21,26.20625000000001,67.9575,21.393749999999997,63.962500000000006,2,58.627,92.337
70,3930173,Netherlands,10,4.59375,42.3725,43.18125,12.452499999999993,2,112.457,126.07
71,3930173,France,44,38.631249999999994,12.622500000000002,7.043749999999989,0.29749999999999943,2,127.516,204.145
72,3930173,Netherlands,2,14.39375,0.04250000000000398,29.356250000000003,0.04250000000000398,2,236.783,237.927
73,3930173,Netherlands,1,29.356250000000003,0.04250000000000398,54.11875,8.62749999999999,2,260.924,260.924
74,3930173,France,6,54.11875,8.627499999999998,68.46875,4.292499999999997,2,262.912,267.009
75,3930173,France,23,68.03125,9.732500000000002,15.356250000000003,37.017500000000005,2,279.126,321.301
76,3930173,Netherlands,16,26.99375,49.1725,97.69375,20.612499999999997,2,323.38,353.343
77,3930173,France,4,96.29375,20.0175,38.98125,67.9575,2,386.543,394.618
78,3930173,France,14,38.98125,67.9575,0.04374999999998863,38.462500000000006,2,399.146,417.868
79,3930173,Netherlands,52,4.59375,34.4675,79.14375,45.517500000000005,2,431.417,516.684
80,3930173,Netherlands,6,80.71875,39.567499999999995,95.50625000000001,7.4375,2,579.803,598.491
81,3930173,France,12,99.00625,26.817500000000003,83.78125,47.4725,2,616.557,630.986
82,3930173,France,22,88.76875,51.807500000000005,0.04374999999998863,42.96750000000001,2,655.183,696.569
83,3930173,Netherlands,19,4.76875,42.0325,61.90625,55.5475,2,714.498,764.951
84,3930173,France,29,61.90625,55.54750000000001,24.28125,28.262500000000003,2,767.088,812.595
85,3930173,France,3,7.481249999999989,67.9575,16.756249999999994,67.02250000000001,2,822.686,824.337
86,3930173,France,38,18.856250000000003,67.9575,0.04374999999998863,28.602500000000006,2,832.187,887.186
87,3930173,Netherlands,8,5.20625,31.152500000000003,73.89375,39.3125,2,910.749,925.088
88,3930173,France,12,76.60624999999999,41.6925,10.893749999999999,61.667500000000004,2,981.956,1001.356
89,3930173,France,7,0.04374999999998863,67.9575,0.04374999999998863,36.6775,2,1025.251,1033.088
90,3930173,Netherlands,4,5.03125,41.8625,68.46875,5.652499999999989,2,1058.051,1067.802
91,3930173,France,87,68.99375,19.932499999999997,1.8812500000000005,36.167500000000004,2,1071.26,1184.243
92,3930173,France,34,0.04374999999998863,67.9575,2.84375,35.2325,2,1222.895,1267.63
93,3930173,Netherlands,2,4.33125,35.7425,24.018749999999997,60.22250000000001,2,1287.944,1294.965
94,3930173,Netherlands,6,19.64375,53.167500000000004,55.60625000000001,34.38249999999999,2,1312.477,1324.938
95,3930173,France,6,55.606249999999996,34.3825,0.04374999999998863,33.9575,2,1326.108,1339.189
96,3930173,Netherlands,24,5.20625,41.0125,100.84375,33.6175,2,1365.538,1413.456
97,3930173,France,9,98.65625,32.767500000000005,72.58125,48.5775,2,1671.262,1683.125
98,3930173,France,23,71.53125,49.2575,0.04374999999998863,11.6025,2,1709.118,1755.699
99,3930173,Netherlands,68,4.68125,29.197499999999998,75.03125,36.167500000000004,2,1787.268,1914.315
100,3930173,Netherlands,2,77.74375,36.50749999999999,104.95625000000001,0.04250000000000398,2,1968.093,1969.794
101,3930173,Netherlands,2,104.95625000000001,0.04250000000000398,94.36875,35.232499999999995,2,2016.955,2018.653
102,3930173,France,31,99.61875,33.0225,33.11874999999999,23.927499999999995,2,2044.482,2091.17
103,3930173,Netherlands,3,31.106250000000003,44.4125,75.20625000000001,20.1025,2,2094.467,2097.448
104,3930173,France,6,75.20625,20.1025,37.14375,20.442500000000003,2,2100.93,2111.091
105,3930173,Netherlands,22,37.40625,22.567499999999995,58.668749999999996,33.7025,2,2112.229,2143.048
106,3930173,France,13,58.668749999999996,33.70250000000001,4.506249999999994,23.0775,2,2144.369,2164.336
107,3930173,Netherlands,47,5.11875,31.5775,71.26875000000001,24.862499999999997,2,2187.189,2264.488
108,3930173,France,72,71.26875,24.862499999999997,49.83124999999999,67.9575,2,2266.084,2374.229
109,3930173,France,50,49.83124999999999,67.9575,19.64375000000001,0.04250000000000398,2,2382.579,2456.305
110,3930173,France,16,19.64375000000001,0.04250000000000398,30.318749999999994,39.142500000000005,2,2466.177,2482.671
111,3930173,Netherlands,15,33.643750000000004,37.1875,66.19375000000001,17.552499999999995,2,2569.1,2593.147
112,3930173,France,11,66.19375,17.552499999999995,8.70625,61.9225,2,2594.678,2612.511
113,3930173,Netherlands,3,21.56875,67.9575,54.11875,58.2675,2,2644.968,2648.405
114,3930173,France,3,54.11875,58.2675,31.80624999999999,67.9575,2,2650.485,2654.856
115,3930173,France,47,31.80624999999999,67.9575,10.893749999999997,42.542500000000004,2,2664.709,2729.973
116,3930173,France,17,0.04374999999998863,67.9575,13.081249999999999,67.5325,2,2756.581,2781.886
117,3930173,France,8,13.431249999999991,67.9575,35.21875,67.9575,2,2789.467,2804.0
118,3930173,Netherlands,3,35.21875,67.9575,46.68125,64.2175,2,2828.738,2832.905
119,3930173,Netherlands,34,47.556250000000006,65.6625,97.43125,67.9575,2,2843.853,2901.019
120,3930173,Netherlands,8,97.43125,67.9575,104.69375000000001,57.1625,2,2921.732,2930.856
121,3930173,France,31,98.91875,32.9375,1.96875,7.862499999999997,2,2941.63,2988.873
2,3930172,Italy,6,51.668749999999996,34.042500000000004,17.01875,67.2775,1,0.977,9.279
3,3930172,Italy,1,16.49374999999999,67.9575,0.04374999999998863,47.642500000000005,1,29.252,29.252
4,3930172,Spain,23,5.03125,39.3125,104.08125,35.912499999999994,1,54.941,86.03
5,3930172,Spain,5,104.95625000000001,67.9575,98.56875000000001,37.6975,1,110.232,118.709
6,3930172,Italy,5,98.56875,37.697500000000005,72.05625,62.9425,1,120.024,124.47
7,3930172,Italy,14,98.04375,49.9375,56.481249999999996,5.822499999999998,1,128.389,148.658
8,3930172,Spain,61,56.043749999999996,5.482500000000002,98.04375,28.0075,1,155.773,227.54
9,3930172,Italy,6,98.04375,28.007500000000007,62.34375,32.5125,1,228.64,235.324
10,3930172,Italy,28,61.99375,33.0225,48.956250000000004,66.59750000000001,1,256.632,296.811
11,3930172,Spain,15,48.95625,66.5975,91.04375,19.082499999999996,1,298.294,316.583
12,3930172,Italy,7,96.38125,21.5475,64.18125,32.34250000000001,1,321.033,335.158
13,3930172,Spain,9,64.18125,32.3425,79.93125,27.582499999999996,1,336.115,346.315
14,3930172,Italy,11,84.74375,32.1725,44.056250000000006,61.582499999999996,1,461.721,474.488
15,3930172,Italy,13,44.05625,61.5825,54.81875,61.9225,1,494.835,510.875
16,3930172,Italy,8,54.81875,61.92250000000001,19.90625,47.8125,1,531.668,542.883
17,3930172,Spain,2,19.90625,47.8125,22.61874999999999,66.0875,1,544.311,548.294
18,3930172,Spain,13,31.89375,65.2375,104.95625000000001,29.28249999999999,1,561.459,584.784
19,3930172,Italy,15,98.91875,33.1925,21.30624999999999,57.7575,1,604.529,625.639
20,3930172,Spain,35,21.30625,57.7575,27.606250000000003,55.2925,1,628.562,678.425
21,3930172,Spain,27,27.606250000000003,55.292500000000004,91.56875000000001,14.747499999999995,1,707.95,750.073
22,3930172,Italy,25,91.56875,14.747500000000002,17.018749999999997,47.3875,1,754.256,797.855
23,3930172,Spain,24,17.01875,47.3875,90.95625000000001,41.0975,1,798.294,843.736
25,3930172,Spain,16,70.91875,51.4675,73.98125,3.4424999999999955,1,899.027,915.215
26,3930172,Italy,27,69.16875,9.6475,35.30624999999999,33.3625,1,916.929,947.847
27,3930172,Spain,4,35.30625,33.3625,55.34375,34.38249999999999,1,949.127,951.291
28,3930172,Italy,15,55.34375,34.3825,24.71875,56.822500000000005,1,953.463,974.908
29,3930172,Spain,52,24.71875,56.8225,61.81875,57.9275,1,976.63,1060.902
30,3930172,Spain,60,60.24375000000001,57.2475,93.66875,43.8175,1,1069.658,1159.195
31,3930172,Italy,5,93.66875,43.8175,61.118750000000006,66.0875,1,1160.1664999999998,1165.113
32,3930172,Italy,11,56.481249999999996,67.9575,11.856250000000003,38.5475,1,1203.244,1219.997
33,3930172,Spain,22,11.856249999999998,38.54749999999999,62.34375,21.037499999999994,1,1221.595,1260.762
34,3930172,Italy,11,62.34375,21.0375,42.13124999999999,47.1325,1,1261.595,1276.388
35,3930172,Spain,14,42.13125000000001,47.1325,51.75625000000001,26.732499999999995,1,1278.178,1311.398
36,3930172,Italy,8,50.006249999999994,32.852500000000006,54.20625,0.3824999999999932,1,1313.043,1332.578
37,3930172,Spain,10,55.081250000000004,0.04250000000000398,76.08125,0.12749999999999773,1,1338.717,1362.388
38,3930172,Spain,62,75.46875,0.04250000000000398,78.61875,19.5075,1,1368.748,1452.14
39,3930172,Italy,9,78.61875,19.5075,63.13125,14.407499999999999,1,1452.958,1462.207
40,3930172,Spain,5,60.24375000000001,15.512500000000003,103.99375,34.892500000000005,1,1462.836,1468.536
41,3930172,Spain,7,104.95625000000001,0.04250000000000398,91.83125000000001,12.962500000000006,1,1497.079,1503.039
42,3930172,Italy,13,93.49375,14.237499999999997,0.04374999999998863,42.1175,1,1505.13,1525.855
43,3930172,Spain,18,5.20625,40.67249999999999,104.95625000000001,40.1625,1,1546.262,1581.174
44,3930172,Italy,2,98.91875,40.417500000000004,23.493750000000006,45.6025,1,1605.134,1608.646
45,3930172,Spain,15,23.49375,45.602500000000006,87.71875,34.127500000000005,1,1611.617,1635.542
46,3930172,Italy,6,87.71875,34.127500000000005,83.60625,53.7625,1,1636.886,1644.838
47,3930172,Spain,17,81.94375000000001,53.082499999999996,87.98125,26.307499999999997,1,1645.631,1668.54
48,3930172,Italy,5,86.49375,25.372500000000002,67.50625000000001,2.4224999999999994,1,1669.713,1676.987
49,3930172,Italy,5,62.08125,3.612499999999997,38.71875,51.7225,1,1698.237,1705.828
50,3930172,Spain,18,38.71875,51.7225,86.49375,67.1075,1,1707.65,1740.757
51,3930172,Italy,5,86.49375,67.1075,95.41874999999999,62.5175,1,1741.503,1744.747
52,3930172,Italy,5,97.08125,59.627500000000005,24.456249999999997,46.45250000000001,1,1769.341,1778.425
53,3930172,Spain,11,24.45625,46.4525,91.83125000000001,65.0675,1,1781.116,1801.31
54,3930172,Italy,3,91.83125,65.0675,95.24375,64.5575,1,1801.641,1803.76
55,3930172,Italy,12,96.20625,64.5575,75.46875,33.61750000000001,1,1816.271,1836.727
56,3930172,Italy,22,74.68124999999999,36.4225,20.86874999999999,46.02750000000001,1,1893.165,1927.33
57,3930172,Spain,18,12.38125,40.9275,38.19375000000001,67.9575,1,1939.618,1964.455
58,3930172,Italy,7,46.24374999999999,67.9575,55.60625000000001,60.307500000000005,1,1983.338,1995.813
59,3930172,Italy,13,55.606249999999996,59.627500000000005,24.456249999999997,60.5625,1,2025.134,2038.522
60,3930172,Spain,63,24.45625,60.5625,94.19375,58.52250000000001,1,2041.753,2131.074
61,3930172,Spain,3,94.19375,58.7775,104.95625000000001,34.8925,1,2188.479,2191.588
62,3930172,Italy,22,98.91875,40.9275,36.09375,26.5625,1,2210.458,2248.348
63,3930172,Spain,19,36.09375,26.5625,92.09375,38.63249999999999,1,2249.693,2276.776
64,3930172,Italy,6,92.09375,38.6325,73.98125,33.872499999999995,1,2277.395,2282.265
65,3930172,Italy,3,74.15625,33.5325,48.34375,65.74750000000002,1,2289.355,2297.517
66,3930172,Spain,10,48.081250000000004,67.9575,60.24375000000001,4.6325,1,2315.832,2336.895
67,3930172,Italy,23,60.68125,8.712499999999999,39.24374999999999,65.0675,1,2337.982,2380.163
68,3930172,Spain,10,39.243750000000006,65.0675,93.66875,9.732500000000002,1,2383.542,2405.222
69,3930172,Spain,28,93.66875,9.732500000000002,103.29375,34.9775,1,2408.093,2456.303
70,3930172,Italy,1,103.64375,35.40250000000001,103.64375,35.40250000000001,1,2457.263,2457.263
71,3930172,Italy,6,99.35625,30.387500000000003,75.46875,2.9325000000000045,1,2477.047,2494.044
72,3930172,Spain,16,74.94375,0.04250000000000398,43.356249999999996,9.307499999999997,1,2512.724,2535.149
73,3930172,Spain,5,50.88125,6.162499999999994,90.86875,67.9575,1,2569.647,2578.369
74,3930172,Italy,10,86.23125,67.9575,45.19374999999999,44.9225,1,2601.727,2610.341
75,3930172,Spain,3,39.50625,53.2525,95.68125,18.572499999999998,1,2639.849,2645.527
76,3930172,Italy,6,95.68125,18.572499999999998,80.45625,0.6375000000000028,1,2650.21,2662.716
77,3930172,Spain,6,74.41875,0.04250000000000398,95.24375,35.9125,1,2670.202,2684.39
78,3930172,Italy,14,95.24375,35.912499999999994,0.04374999999998863,36.6775,1,2685.172,2700.578
79,3930172,Spain,2,5.20625,30.1325,34.08125,46.02750000000001,1,2740.074,2745.867
80,3930172,Spain,2,31.981250000000003,47.727500000000006,68.20625000000001,42.7125,1,2791.112,2793.249
81,3930172,Italy,4,68.20625,42.712500000000006,41.34375000000001,35.0625,1,2793.376,2796.282
82,3930172,Spain,6,41.34375,35.0625,70.56875,51.9775,1,2797.635,2808.255
83,3930172,Italy,10,70.56875,51.9775,91.04375,48.15250000000001,1,2809.1185,2817.669
84,3930172,Spain,17,53.331250000000004,33.957499999999996,64.88125,8.967500000000001,2,0.299,15.453
85,3930172,Spain,16,67.85625,11.0075,64.79375,34.8925,2,154.196,179.938
86,3930172,Italy,5,64.79374999999999,34.892500000000005,44.58125,24.4375,2,183.118,191.831
87,3930172,Spain,14,44.581250000000004,24.4375,97.51875000000001,17.9775,2,193.437,210.42
88,3930172,Spain,35,104.95625000000001,0.04250000000000398,94.01875,64.04750000000001,2,248.847,302.283
89,3930172,Spain,16,90.51875,67.9575,87.71875,22.90749999999999,2,308.162,331.106
90,3930172,Italy,7,87.71875,22.9075,13.256249999999994,22.9075,2,331.106,339.575
91,3930172,Spain,23,13.25625,22.90749999999999,104.95625000000001,37.9525,2,341.379,385.761
92,3930172,Italy,5,100.05625,38.2075,91.48125,52.4875,2,412.488,418.013
93,3930172,Spain,16,91.48125,52.4875,81.41875,54.7825,2,419.016,443.067
94,3930172,Italy,8,81.41875,54.7825,75.46875,60.22250000000001,2,443.465,450.753
95,3930172,Spain,8,75.46875,60.222500000000004,102.76875,34.2125,2,452.784,464.835
96,3930172,Italy,1,102.76875,34.2975,102.76875,34.2975,2,465.74,465.74
97,3930172,Italy,5,97.78125,33.61750000000001,3.9812499999999886,15.512500000000003,2,476.528,484.325
98,3930172,Spain,42,3.98125,15.512500000000003,101.36875,32.682500000000005,2,490.41,544.885
99,3930172,Italy,4,52.543749999999996,33.9575,42.043749999999996,50.787499999999994,2,611.407,616.754
100,3930172,Spain,7,42.04375,50.7875,65.93125000000002,12.962500000000006,2,617.954,623.382
101,3930172,Italy,9,65.93125,12.962499999999999,89.29374999999999,28.7725,2,626.383,637.501
102,3930172,Italy,7,98.30625,30.8975,53.76875,60.4775,2,639.124,658.019
103,3930172,Spain,24,53.76875,60.4775,64.88125,65.0675,2,659.109,694.38
104,3930172,Spain,18,53.76875,67.9575,101.71875,35.6575,2,713.122,737.175
105,3930172,Spain,9,104.95625000000001,67.9575,42.74374999999999,57.9275,2,775.394,792.025
106,3930172,Spain,43,42.74375,57.9275,104.95625000000001,38.63249999999999,2,806.456,881.256
107,3930172,Italy,4,100.05625,33.1075,66.45625,7.522500000000001,2,903.801,908.973
108,3930172,Spain,5,66.45625,7.522500000000001,104.16875,19.252499999999998,2,911.045,916.931
109,3930172,Italy,25,98.04375,29.027500000000003,18.506249999999994,42.8825,2,937.854,973.74
110,3930172,Spain,30,18.506249999999998,42.8825,57.79375,67.3625,2,973.74,1022.983
111,3930172,Italy,12,56.56875,67.9575,55.34375,22.652500000000003,2,1032.797,1054.815
112,3930172,Spain,75,54.29375,22.3125,43.96875,64.3875,2,1113.376,1216.413
113,3930172,Italy,56,43.96874999999999,64.3875,9.493749999999991,43.9875,2,1217.501,1302.672
114,3930172,Spain,17,9.493749999999999,43.9875,73.63125000000001,67.9575,2,1306.869,1342.721
115,3930172,Spain,7,73.63125000000001,67.9575,61.81875,2.677499999999995,2,1363.705,1375.109
116,3930172,Italy,7,61.81875,2.677499999999995,38.28125,4.717500000000001,2,1375.646,1382.039
117,3930172,Italy,35,36.618750000000006,3.697500000000005,17.631249999999994,21.4625,2,1427.893,1476.043
118,3930172,Spain,18,17.80625,22.90749999999999,104.95625000000001,31.322499999999998,2,1476.263,1498.703
119,3930172,Italy,41,99.79375,39.2275,21.21875,17.042499999999997,2,1569.658,1627.89
120,3930172,Italy,1,22.356250000000003,21.802499999999995,0.04374999999998863,31.6625,2,1707.509,1707.509
121,3930172,Spain,27,5.556250000000001,26.902500000000003,60.85625,57.3325,2,1745.073,1785.721
122,3930172,Italy,12,70.13125,67.9575,53.331250000000004,1.9124999999999943,2,1791.005,1804.376
123,3930172,Italy,9,49.74375,0.04250000000000398,64.09375,59.1175,2,1813.712,1826.629
124,3930172,Italy,16,64.09375,59.1175,84.39375,47.8975,2,1831.5605,1854.628
125,3930172,Spain,25,94.89375000000001,53.5075,100.23125,32.427499999999995,2,1857.727,1895.122
126,3930172,Italy,13,99.88125,32.4275,35.21875,12.452499999999993,2,1964.379,1982.557
127,3930172,Italy,27,31.80624999999999,10.9225,70.65625,62.942499999999995,2,2018.936,2065.894
128,3930172,Italy,10,60.33125,67.9575,40.993750000000006,1.9124999999999943,2,2085.7,2103.258
129,3930172,Spain,8,40.993750000000006,1.9124999999999943,96.73125,42.7125,2,2103.6719999999996,2113.519
130,3930172,Spain,4,104.95625000000001,67.9575,104.95625000000001,29.197499999999998,2,2137.554,2141.852
131,3930172,Italy,8,99.79375,37.8675,75.64375,59.9675,2,2174.446,2181.723
132,3930172,Italy,5,80.28125,45.1775,12.731250000000003,20.1875,2,2195.072,2200.517
133,3930172,Spain,18,12.73125,20.1875,32.33125000000001,62.0925,2,2204.452,2238.451
134,3930172,Italy,45,32.33125000000001,62.0925,36.96875,35.65749999999999,2,2241.3665,2316.489
135,3930172,Italy,14,41.86874999999999,39.822500000000005,11.15625,6.332499999999996,2,2336.424,2355.727
136,3930172,Italy,6,5.03125,0.04250000000000398,4.15625,19.252499999999998,2,2365.742,2372.022
137,3930172,Italy,2,0.04374999999998863,0.04250000000000398,1.53125,31.832499999999996,2,2449.47,2450.569
138,3930172,Spain,1,1.26875,32.2575,1.26875,32.2575,2,2451.299,2451.299
139,3930172,Spain,16,1.26875,32.2575,43.53125,6.842500000000001,2,2455.949,2479.052
140,3930172,Italy,59,43.53125,6.842500000000001,30.756249999999994,20.697499999999998,2,2480.636,2562.461
141,3930172,Spain,4,36.96875,26.3925,80.28125,17.807499999999997,2,2608.745,2615.167
142,3930172,Italy,4,80.28125,17.807499999999997,50.79375,6.7575,2,2616.719,2622.925
143,3930172,Italy,5,50.79375,3.1025000000000063,25.856250000000003,15.342500000000001,2,2660.053,2666.751
144,3930172,Spain,5,25.85625,15.342500000000001,47.46875,5.227499999999992,2,2669.558,2672.687
145,3930172,Italy,13,47.46874999999999,5.227499999999999,0.04374999999998863,28.0925,2,2675.007,2690.609
146,3930172,Spain,27,5.99375,27.752499999999998,68.81875,64.2175,2,2727.039,2762.866
147,3930172,Spain,11,68.64375000000001,64.0475,100.49375,37.697500000000005,2,2787.106,2801.425
148,3930172,Italy,8,100.49375,37.697500000000005,35.74374999999999,9.4775,2,2802.1165,2812.202
149,3930172,Spain,16,35.743750000000006,9.477499999999992,48.69375000000001,7.352499999999992,2,2813.053,2837.076
150,3930172,Italy,3,48.69374999999999,7.352499999999999,21.568749999999994,38.5475,2,2838.929,2842.77
151,3930172,Spain,18,21.56875,38.54749999999999,54.556250000000006,24.777500000000003,2,2843.898,2862.926
153,3930172,Spain,6,34.34375,14.322499999999998,70.91875,27.922499999999992,2,2937.456,2944.572
154,3930172,Italy,14,70.91875,27.9225,18.856250000000003,54.6125,2,2948.198,2974.711
155,3930172,Spain,6,18.856250000000003,54.6125,49.56875,32.2575,2,2975.979,2981.098
156,3930172,Italy,6,49.568749999999994,32.2575,0.04374999999998863,67.9575,2,2981.656,2994.069
157,3930172,Italy,7,0.04374999999998863,67.9575,0.04374999999998863,28.0925,2,3058.593,3069.069
2,3930167,Albania,34,51.668749999999996,34.042500000000004,6.25624999999998,30.9825,1,0.551,42.751
3,3930167,Croatia,5,6.2562500000000005,30.982499999999995,30.58125,0.46750000000000114,1,43.833,46.832
4,3930167,Albania,15,28.481250000000003,0.04250000000000398,33.818749999999994,64.8125,1,58.886,81.844
5,3930167,Croatia,22,33.81875000000001,64.8125,100.14375,51.977500000000006,1,83.07,111.477
6,3930167,Albania,39,100.14375,51.9775,21.65625,34.2975,1,115.966,178.286
7,3930167,Croatia,23,17.28125,34.8075,42.831250000000004,55.0375,1,179.967,224.833
8,3930167,Albania,2,40.64375,55.037499999999994,15.88125,28.942499999999995,1,252.42,253.691
9,3930167,Croatia,16,15.88125,28.942499999999995,86.84375,6.502499999999991,1,255.0,284.109
10,3930167,Croatia,47,104.95625000000001,0.04250000000000398,53.41875,0.04250000000000398,1,311.263,383.717
11,3930167,Croatia,22,53.41875,0.04250000000000398,89.90625,52.9975,1,393.148,430.463
12,3930167,Albania,7,85.61875,50.5325,80.19375,65.4075,1,431.647,436.943
13,3930167,Croatia,19,80.89375,62.8575,77.13125000000001,44.9225,1,437.755,461.421
14,3930167,Croatia,20,75.90625,45.9425,95.94375000000001,48.6625,1,508.511,551.124
15,3930167,Albania,40,85.09375,40.9275,0.04374999999998863,35.4875,1,553.579,615.672
16,3930167,Croatia,11,52.456250000000004,34.0425,67.59375,48.4075,1,695.895,716.086
17,3930167,Croatia,51,67.76875,41.1825,91.91874999999999,51.7225,1,721.051,803.419
18,3930167,Albania,6,93.05625,51.127500000000005,53.76875,47.0475,1,804.223,811.707
19,3930167,Albania,18,53.418749999999996,47.21750000000001,11.068749999999994,21.802499999999995,1,836.267,866.049
20,3930167,Albania,5,0.04374999999998863,0.04250000000000398,0.04374999999998863,52.2325,1,904.792,911.189
21,3930167,Croatia,12,5.20625,34.1275,46.24375,35.9125,1,931.235,946.163
22,3930167,Albania,11,49.13125,35.9975,70.30625,8.7975,1,956.817,967.257
23,3930167,Croatia,4,70.30625,8.797499999999992,81.85625,15.8525,1,969.792,971.374
24,3930167,Croatia,29,89.99375,0.04250000000000398,73.89375,56.3125,1,1002.023,1057.814
25,3930167,Croatia,4,72.23124999999999,57.2475,93.75625000000001,67.9575,1,1085.901,1090.434
26,3930167,Croatia,16,93.75625000000001,67.9575,83.60625,67.9575,1,1110.458,1134.84
27,3930167,Croatia,7,83.60625,67.9575,94.28125,34.7225,1,1141.356,1149.666
28,3930167,Albania,9,94.28125,34.7225,44.05625,18.9125,1,1151.344,1158.961
29,3930167,Croatia,14,24.018749999999997,29.28249999999999,104.95625000000001,39.99249999999999,1,1161.088,1185.242
30,3930167,Albania,2,100.05625,37.4425,55.16875000000001,21.7175,1,1230.226,1234.64
31,3930167,Croatia,12,55.16875000000001,21.7175,101.80625,38.122499999999995,1,1235.7620000000002,1251.451
32,3930167,Albania,7,101.80625,38.1225,49.65625,10.157499999999999,1,1252.575,1274.535
33,3930167,Croatia,32,48.69375000000001,9.817499999999995,74.94375,25.627499999999998,1,1281.802,1328.463
34,3930167,Albania,29,74.94375,25.627499999999998,34.34375,5.057499999999997,1,1329.58,1375.178
35,3930167,Croatia,55,29.96875,10.922499999999992,92.61875,47.8125,1,1376.611,1460.71
36,3930167,Albania,3,87.28125,46.7075,28.918750000000003,26.222499999999997,1,1503.594,1508.64
37,3930167,Croatia,13,28.918750000000003,26.22249999999999,50.006249999999994,31.747500000000002,1,1510.272,1525.869
38,3930167,Croatia,12,50.35625,32.427499999999995,104.95625000000001,28.7725,1,1534.398,1556.433
39,3930167,Albania,3,98.91875,34.6375,32.59375,40.417500000000004,1,1593.297,1598.409
40,3930167,Albania,5,33.29374999999999,39.5675,6.8687499999999915,0.04250000000000398,1,1645.483,1652.991
41,3930167,Albania,8,6.8687499999999915,0.04250000000000398,12.29375,30.557499999999997,1,1684.144,1692.783
42,3930167,Croatia,7,12.29375,30.557499999999997,31.63125000000001,64.1325,1,1695.53,1704.472
43,3930167,Albania,14,40.381249999999994,61.49750000000001,0.04374999999998863,28.177500000000002,1,1706.161,1726.774
44,3930167,Croatia,3,5.20625,34.0425,25.59375,5.482500000000002,1,1746.539,1751.191
45,3930167,Croatia,3,25.15625,0.04250000000000398,41.43124999999999,4.377499999999998,1,1773.995,1776.36
46,3930167,Croatia,16,44.23125,8.797499999999992,69.78125,36.4225,1,1793.984,1817.94
47,3930167,Albania,15,69.78125,36.4225,29.706250000000004,22.2275,1,1818.7005,1847.279
48,3930167,Albania,1,29.706249999999997,22.3125,0.04374999999998863,42.712500000000006,1,1892.045,1892.045
49,3930167,Croatia,24,5.20625,35.0625,93.75625,52.3175,1,1913.894,1962.991
50,3930167,Croatia,58,81.68125,67.9575,84.83125000000001,20.2725,1,1970.959,2062.896
51,3930167,Albania,5,85.44375,17.9775,74.85624999999999,12.707499999999996,1,2064.159,2072.127
52,3930167,Croatia,7,74.85625,12.707500000000003,82.90625,44.7525,1,2072.858,2081.656
53,3930167,Albania,6,82.90625,44.752500000000005,29.26875000000001,37.7825,1,2084.089,2093.98
54,3930167,Croatia,5,29.26875,37.7825,91.48125,56.2275,1,2095.412,2107.231
55,3930167,Croatia,15,90.16875,56.8225,79.49375,37.6975,1,2157.389,2180.483
56,3930167,Albania,9,77.13125000000001,40.2475,67.41875,8.372499999999995,1,2180.795,2195.571
57,3930167,Albania,3,65.84375,8.627499999999998,58.31875,32.59749999999999,1,2209.629,2213.958
58,3930167,Albania,2,55.34375,34.3825,12.81874999999998,41.267500000000005,1,2226.504,2229.315
59,3930167,Croatia,26,12.29375,39.1425,103.03125,35.4875,1,2232.762,2275.026
60,3930167,Albania,2,93.40625,37.1875,36.79375,34.38249999999999,1,2293.916,2297.672
61,3930167,Croatia,24,36.79375,34.38249999999999,75.29375,49.0025,1,2298.19,2340.255
62,3930167,Albania,27,75.29374999999999,49.002500000000005,59.80625000000001,60.0525,1,2341.436,2383.886
63,3930167,Albania,2,61.731249999999996,58.947500000000005,29.706249999999997,38.6325,1,2427.006,2429.655
64,3930167,Croatia,13,33.55625,35.8275,79.23125,25.9675,1,2431.136,2448.368
65,3930167,Albania,3,79.23125,25.9675,66.98125,28.34749999999999,1,2449.49,2451.803
66,3930167,Albania,9,62.86874999999999,26.3925,55.69375,5.057499999999997,1,2475.846,2486.322
67,3930167,Croatia,31,54.20625,0.04250000000000398,95.85624999999999,31.4925,1,2490.701,2537.477
68,3930167,Albania,3,98.91875,35.6575,41.60625,8.202499999999993,1,2571.661,2577.862
69,3930167,Croatia,54,47.118750000000006,0.04250000000000398,96.73125,59.3725,1,2591.256,2699.276
70,3930167,Albania,13,102.94375,40.587500000000006,1.53125,33.1925,1,2700.946,2734.262
71,3930167,Croatia,1,1.70625,34.4675,1.70625,34.4675,1,2734.804,2734.804
72,3930167,Croatia,31,1.70625,34.4675,98.04375,34.0425,1,2737.402,2777.688
73,3930167,Croatia,14,53.331250000000004,33.957499999999996,67.85625,67.9575,2,0.584,16.103
74,3930167,Croatia,49,67.85625,67.9575,83.16875,55.6325,2,24.393,107.877
75,3930167,Albania,3,83.86875,51.46750000000001,48.606249999999996,17.722499999999997,2,136.115,140.538
76,3930167,Croatia,22,48.60625,17.72249999999999,96.64375,56.3125,2,141.345,174.316
77,3930167,Croatia,2,98.30625,67.9575,100.31875,32.852500000000006,2,194.683,196.702
78,3930167,Albania,5,100.31875,32.852500000000006,49.481249999999996,31.4075,2,233.23,237.746
79,3930167,Croatia,31,48.868750000000006,31.4925,104.95625000000001,30.8125,2,256.401,304.889
80,3930167,Albania,2,100.05625,33.61750000000001,41.08125,0.04250000000000398,2,340.078,345.069
81,3930167,Albania,1,41.08125,0.04250000000000398,22.881249999999994,7.777499999999996,2,366.834,366.834
82,3930167,Croatia,20,22.881249999999998,7.777499999999989,104.95625000000001,59.4575,2,368.518,410.04
83,3930167,Albania,2,99.79375,34.2975,33.90625,22.3125,2,444.018,447.857
84,3930167,Croatia,16,33.90625,22.3125,102.85625,35.2325,2,448.215,475.567
85,3930167,Albania,2,90.08125,33.61750000000001,22.70625000000001,43.7325,2,496.858,500.506
86,3930167,Croatia,11,22.70625,43.7325,104.95625000000001,26.6475,2,503.298,526.438
87,3930167,Albania,3,99.79375,32.682500000000005,44.93124999999999,42.1175,2,553.016,556.506
88,3930167,Croatia,7,45.10625,41.947500000000005,104.25625,19.5075,2,574.892,587.609
89,3930167,Albania,6,104.25625,19.5075,63.13125,49.1725,2,592.646,611.855
90,3930167,Croatia,8,63.13125000000001,49.1725,78.61875,40.332499999999996,2,613.324,618.826
91,3930167,Albania,25,85.96875,42.20250000000001,41.08125,0.04250000000000398,2,619.856,661.339
92,3930167,Croatia,24,41.60625,0.04250000000000398,98.91874999999999,34.4675,2,667.499,705.761
93,3930167,Croatia,2,104.95625000000001,67.9575,104.95625000000001,38.292500000000004,2,732.836,734.132
94,3930167,Albania,2,99.79375,31.747500000000002,34.86874999999999,21.7175,2,766.305,769.817
95,3930167,Croatia,9,34.86875,21.7175,101.80625,46.5375,2,770.699,786.053
96,3930167,Albania,11,101.80625,46.537499999999994,31.456249999999997,41.77750000000001,2,786.053,796.665
97,3930167,Croatia,20,31.456250000000004,41.7775,89.99375,28.6025,2,801.125,834.451
100,3930167,Croatia,6,76.86875,20.357499999999995,101.80625,32.59749999999999,2,913.932,918.527
101,3930167,Albania,1,102.59375,35.4875,102.59375,35.4875,2,919.859,919.859
102,3930167,Albania,8,94.54375,34.6375,45.893750000000004,46.3675,2,939.707,949.327
103,3930167,Croatia,3,45.893750000000004,46.3675,49.481249999999996,44.5825,2,953.128,955.059
104,3930167,Croatia,47,46.15625,43.7325,87.01875,21.122499999999995,2,962.497,1027.545
105,3930167,Albania,15,87.01875,21.122500000000002,56.56875000000001,33.192499999999995,2,1028.529,1047.767
106,3930167,Albania,9,54.99374999999999,29.112499999999997,1.3562500000000028,35.7425,2,1052.253,1067.665
107,3930167,Croatia,1,1.44375,34.29749999999999,1.44375,34.29749999999999,2,1068.488,1068.488
108,3930167,Croatia,7,1.44375,34.29749999999999,61.46875,55.037499999999994,2,1070.5125,1079.785
109,3930167,Croatia,10,56.74375000000001,67.9575,40.381249999999994,18.572499999999998,2,1118.022,1132.571
110,3930167,Albania,3,40.381249999999994,18.572499999999998,55.168749999999996,17.722499999999997,2,1140.583,1143.569
112,3930167,Albania,13,68.03125,8.967500000000001,28.393750000000004,26.902500000000003,2,1204.857,1224.761
113,3930167,Albania,7,28.393749999999997,26.902500000000003,22.70625000000001,42.96750000000001,2,1224.761,1235.755
114,3930167,Croatia,6,22.70625,42.9675,82.90625,41.0125,2,1235.98,1252.531
115,3930167,Albania,5,82.90625,41.0125,0.04374999999998863,39.9925,2,1253.772,1267.979
116,3930167,Croatia,39,6.08125,34.8075,101.80625,32.427499999999995,2,1280.357,1337.983
117,3930167,Albania,3,101.80625,32.4275,22.26875000000001,29.2825,2,1339.866,1357.264
118,3930167,Croatia,19,22.268749999999997,29.28249999999999,104.95625000000001,29.707499999999996,2,1362.556,1389.292
119,3930167,Albania,2,99.79375,33.5325,36.09375,19.5075,2,1425.019,1428.629
120,3930167,Croatia,37,40.38125000000001,15.002499999999998,102.24375,47.6425,2,1430.183,1484.206
121,3930167,Croatia,7,104.95625000000001,67.9575,80.89375,64.3875,2,1507.813,1517.534
122,3930167,Albania,3,78.79375,67.9575,50.79375,59.712500000000006,2,1540.38,1541.687
123,3930167,Croatia,28,50.79375,59.7125,102.06875,17.4675,2,1542.649,1580.178
124,3930167,Albania,1,100.31875,28.942500000000003,41.69374999999999,25.7125,2,1633.179,1633.179
125,3930167,Croatia,26,41.69375000000001,25.712500000000006,2.5812500000000003,33.107499999999995,2,1635.118,1675.948
126,3930167,Croatia,14,2.5812500000000003,33.107499999999995,104.95625000000001,35.997499999999995,2,1677.776,1699.738
127,3930167,Albania,2,52.543749999999996,33.9575,72.40625,10.837499999999999,2,1760.534,1761.253
128,3930167,Croatia,7,68.73125,17.807499999999997,88.33125000000001,20.697499999999998,2,1763.833,1768.897
129,3930167,Albania,5,91.91875,21.0375,78.00625,17.9775,2,1770.112,1778.285
130,3930167,Croatia,10,73.36875,19.422499999999992,99.96875,28.6875,2,1778.893,1789.523
131,3930167,Albania,7,99.96875,28.6875,86.58125,3.4424999999999955,2,1789.738,1804.143
132,3930167,Albania,1,83.78125,0.04250000000000398,42.56875,3.1025000000000063,2,1824.321,1824.321
133,3930167,Croatia,13,58.668749999999996,21.207499999999996,98.04375,36.0825,2,1832.013,1844.807
134,3930167,Albania,11,52.543749999999996,33.9575,47.818749999999994,5.822499999999998,2,1951.103,1959.527
135,3930167,Croatia,36,47.81875,5.822499999999998,68.73124999999999,41.6925,2,1961.169,2010.433
136,3930167,Croatia,9,69.16874999999999,42.8825,101.71875,35.9125,2,2042.982,2052.535
137,3930167,Albania,1,101.45625,34.807500000000005,101.45625,34.807500000000005,2,2053.52,2053.52
138,3930167,Albania,8,91.39375,31.6625,69.69375,15.342500000000001,2,2064.19,2074.839
139,3930167,Croatia,28,69.69375000000001,15.342500000000001,93.23125,15.9375,2,2076.318,2116.797
140,3930167,Albania,17,93.23125,15.9375,17.80624999999999,16.277500000000003,2,2120.272,2144.367
141,3930167,Croatia,31,17.80625,16.277500000000003,56.56875000000001,13.302499999999995,2,2147.402,2196.136
142,3930167,Albania,10,56.56875,13.302500000000002,8.443749999999994,36.59250000000001,2,2197.911,2211.499
143,3930167,Croatia,11,8.443749999999998,36.5925,74.06875000000001,47.3875,2,2213.315,2243.46
144,3930167,Albania,18,74.06875,47.3875,55.34375,10.837500000000006,2,2246.324,2276.932
145,3930167,Albania,5,55.08125,9.987499999999997,26.643749999999997,67.4475,2,2367.621,2373.47
146,3930167,Albania,12,28.83125000000001,67.9575,42.21875,18.997499999999995,2,2389.015,2407.896
147,3930167,Albania,7,44.40625000000001,18.8275,35.91875,3.2724999999999937,2,2419.338,2425.212
148,3930167,Croatia,3,32.59375,0.04250000000000398,56.30624999999999,18.997500000000002,2,2440.178,2444.898
149,3930167,Albania,9,56.30624999999999,18.997500000000002,4.06875,3.782499999999999,2,2445.464,2457.773
150,3930167,Albania,3,4.506249999999994,0.04250000000000398,14.481250000000003,11.177500000000002,2,2461.299,2467.853
151,3930167,Croatia,4,14.48125,11.177499999999995,22.881249999999998,23.587500000000006,2,2469.642,2474.914
152,3930167,Albania,6,34.51875,33.1925,26.73125,17.042499999999997,2,2477.071,2484.339
153,3930167,Croatia,15,26.73125,17.042499999999997,104.95625000000001,40.0775,2,2541.645,2559.7
154,3930167,Albania,21,99.79375,38.1225,103.38125,37.1875,2,2574.105,2601.325
155,3930167,Albania,18,93.66875,30.302500000000002,3.71875,34.9775,2,2613.928,2645.742
156,3930167,Croatia,2,5.11875,36.42249999999999,79.84375,39.2275,2,2803.832,2807.808
157,3930167,Albania,25,79.84375,39.2275,7.918750000000003,30.472499999999997,2,2809.746,2851.239
158,3930167,Croatia,2,11.50625,29.622499999999995,80.45625,33.6175,2,2927.408,2932.998
159,3930167,Albania,4,80.45625,33.61750000000001,33.993750000000006,4.037499999999994,2,2934.23,2939.78
160,3930167,Albania,13,25.856250000000003,0.04250000000000398,0.04374999999998863,31.917500000000004,2,2943.463,2963.63
161,3930167,Croatia,11,53.331250000000004,33.957499999999996,57.18125,32.5125,2,3047.446,3063.158
162,3930167,Albania,24,57.18125,32.5125,42.918749999999996,30.472499999999997,2,3065.093,3102.695
163,3930167,Croatia,2,40.38125000000001,26.6475,53.33125,30.302500000000002,2,3102.995,3105.643
164,3930167,Croatia,4,55.69375000000001,32.5125,91.04375,29.4525,2,3141.186,3146.551
165,3930167,Albania,5,91.04375,29.452500000000008,20.081249999999997,39.9075,2,3148.811,3157.339
166,3930167,Croatia,14,20.08125,39.9075,87.98125,33.1925,2,3158.075,3182.2
2,3930168,Germany,3,52.456250000000004,34.0425,61.20625,45.7725,1,0.5,3.645
3,3930168,Hungary,11,61.20625,45.7725,12.99375,25.2025,1,4.062,18.615
4,3930168,Germany,74,12.99375,25.2025,89.38125000000001,39.9075,1,19.554499999999997,139.691
5,3930168,Hungary,7,89.38125,39.9075,89.38125,64.9825,1,139.691,146.078
6,3930168,Hungary,15,89.99375,67.9575,9.056249999999991,21.207499999999996,1,166.761,190.949
7,3930168,Germany,22,9.056249999999999,21.207499999999996,62.606249999999996,46.792500000000004,1,191.785,220.777
8,3930168,Hungary,8,62.60625,46.792500000000004,40.29374999999999,27.072499999999998,1,220.803,226.502
9,3930168,Germany,9,40.29375,27.072499999999998,103.20625,31.917499999999997,1,228.6,244.278
10,3930168,Hungary,1,103.11875,32.682500000000005,103.11875,32.682500000000005,1,245.044,245.044
11,3930168,Hungary,2,85.79375,38.462500000000006,25.59375,0.04250000000000398,1,283.175,286.3
12,3930168,Hungary,2,25.59375,0.04250000000000398,0.04374999999998863,0.04250000000000398,1,307.935,310.618
13,3930168,Hungary,5,0.04374999999998863,0.04250000000000398,5.90625,42.96750000000001,1,348.77,357.499
14,3930168,Hungary,8,0.04374999999998863,67.9575,20.693749999999994,26.052499999999995,1,393.227,416.577
15,3930168,Germany,27,20.69375,26.052499999999995,74.59375,42.9675,1,419.383,460.869
16,3930168,Hungary,6,74.59375,42.96750000000001,48.08125,50.27750000000001,1,461.751,467.847
17,3930168,Germany,54,48.081250000000004,50.2775,104.95625000000001,65.4925,1,469.137,531.017
18,3930168,Hungary,32,98.91875,29.622500000000002,24.981250000000003,53.932500000000005,1,566.402,617.55
19,3930168,Germany,3,21.04375,47.727500000000006,33.03125,63.4525,1,618.75,623.348
20,3930168,Germany,14,33.03125,63.4525,104.95625000000001,67.9575,1,626.758,651.834
21,3930168,Germany,2,104.95625000000001,67.9575,101.19375,31.4925,1,693.2,695.317
22,3930168,Germany,26,104.95625000000001,0.04250000000000398,86.31875000000001,15.767499999999998,1,729.293,776.513
23,3930168,Hungary,3,86.31875,15.767499999999998,82.55625,17.8925,1,776.513,777.16
24,3930168,Hungary,2,81.24375,17.3825,24.71875,15.002499999999998,1,821.524,824.894
25,3930168,Germany,16,24.71875,15.002499999999998,70.30625,54.9525,1,825.556,849.717
26,3930168,Hungary,8,70.30625,54.95250000000001,10.018749999999997,32.767500000000005,1,851.675,864.841
27,3930168,Germany,17,11.06875,30.47249999999999,96.38125000000001,67.9575,1,865.656,900.651
28,3930168,Germany,5,96.38125000000001,67.9575,90.60625,49.5125,1,907.067,911.945
29,3930168,Hungary,33,90.60625,49.5125,57.26874999999999,23.417500000000004,1,912.516,962.964
30,3930168,Germany,7,57.26875,23.417499999999997,98.04375,48.4925,1,964.861,974.345
31,3930168,Germany,2,104.95625000000001,67.9575,93.84375,38.71750000000001,1,1010.53,1011.907
32,3930168,Hungary,25,93.84375,38.71750000000001,13.606249999999989,35.3175,1,1014.582,1056.025
33,3930168,Germany,36,13.60625,35.317499999999995,104.95625000000001,19.167499999999997,1,1060.494,1106.247
34,3930168,Hungary,1,43.96874999999999,9.307499999999997,43.96874999999999,9.307499999999997,1,1150.744,1150.744
35,3930168,Germany,63,43.35625,3.2724999999999937,104.95625000000001,27.2425,1,1160.191,1227.869
36,3930168,Hungary,4,99.09375,30.8975,37.40625,4.377499999999998,1,1262.661,1268.297
37,3930168,Germany,35,37.40625,4.377499999999991,104.95625000000001,36.7625,1,1268.698,1304.456
39,3930168,Hungary,11,51.668749999999996,34.042500000000004,23.23125,21.97249999999999,1,1391.289,1409.715
40,3930168,Hungary,13,21.30624999999999,18.2325,23.581249999999997,20.442500000000003,1,1517.588,1541.238
41,3930168,Germany,7,33.90625,34.0425,58.05624999999999,41.3525,1,1543.449,1548.604
42,3930168,Germany,5,57.88125,41.5225,91.83125000000001,31.917499999999997,1,1593.556,1602.537
43,3930168,Hungary,6,85.35625,17.3825,72.75625,3.1025000000000063,1,1603.927,1609.843
44,3930168,Hungary,15,75.29374999999999,0.04250000000000398,46.24374999999999,63.62250000000001,1,1626.405,1642.788
45,3930168,Germany,4,46.24375,63.6225,52.106249999999996,63.45250000000001,1,1643.415,1645.469
46,3930168,Germany,24,51.93125,64.0475,85.44375000000001,27.412499999999994,1,1662.273,1688.636
47,3930168,Hungary,16,89.99375,22.567500000000003,9.84375,27.9225,1,1689.915,1708.855
48,3930168,Hungary,8,0.04374999999998863,0.04250000000000398,24.543750000000003,67.2775,1,1739.845,1752.863
49,3930168,Hungary,2,24.36874999999999,67.9575,11.068749999999994,60.9875,1,1772.419,1773.948
50,3930168,Hungary,38,11.068749999999994,60.9875,38.10625,64.6425,1,1777.2535,1831.284
51,3930168,Germany,46,38.10625,64.6425,94.54375,24.4375,1,1832.2245,1895.03
52,3930168,Germany,24,78.96875,0.04250000000000398,104.95625000000001,49.3425,1,1905.224,1933.585
53,3930168,Hungary,3,100.84375,33.8725,42.56875,16.6175,1,1965.191,1968.85
54,3930168,Germany,43,42.56875,16.6175,79.84375,26.4775,1,1971.874,2019.64
55,3930168,Hungary,6,79.84375,26.4775,79.49375,18.8275,1,2020.272,2023.737
56,3930168,Hungary,17,78.88125,17.637500000000003,47.29375,35.82750000000001,1,2043.355,2077.708
57,3930168,Germany,40,47.29375,35.8275,104.95625000000001,67.9575,1,2078.805,2132.0
58,3930168,Germany,20,104.95625000000001,67.9575,104.95625000000001,67.9575,1,2184.772,2212.382
59,3930168,Germany,15,104.95625000000001,67.9575,98.39375000000001,47.8975,1,2244.729,2267.035
60,3930168,Hungary,17,97.60625,46.792500000000004,57.26874999999999,35.3175,1,2298.874,2321.337
61,3930168,Germany,11,57.26875,35.317499999999995,91.65625,63.62250000000001,1,2322.96,2331.665
62,3930168,Germany,21,85.79374999999999,67.9575,99.70625,60.6475,1,2346.099,2372.23
63,3930168,Germany,2,104.95625000000001,67.9575,104.95625000000001,0.04250000000000398,1,2411.042,2412.541
64,3930168,Germany,11,104.95625000000001,0.04250000000000398,104.95625000000001,32.59749999999999,1,2453.612,2464.109
65,3930168,Hungary,2,99.88125,31.832499999999996,66.63125,20.9525,1,2477.925,2479.795
66,3930168,Germany,118,66.63125000000001,20.9525,104.95625000000001,29.877499999999998,1,2480.936,2629.715
67,3930168,Germany,29,104.95625000000001,0.04250000000000398,91.83125000000001,0.46750000000000114,1,2667.422,2704.448
68,3930168,Hungary,7,88.76875,0.04250000000000398,28.481250000000006,3.9524999999999864,1,2733.054,2745.289
69,3930168,Hungary,1,27.081249999999997,8.1175,10.71875,27.497500000000002,1,2782.969,2782.969
70,3930168,Germany,19,9.66875,30.8125,61.643750000000004,39.3125,1,2826.204,2862.345
71,3930168,Hungary,7,52.543749999999996,33.9575,32.15625,8.627499999999998,2,0.447,11.139
72,3930168,Germany,31,32.15625,8.62749999999999,98.65625,32.2575,2,12.159,55.603
73,3930168,Germany,3,104.95625000000001,67.9575,96.55625,42.1175,2,87.334,91.533
74,3930168,Hungary,1,91.30625,42.4575,20.956249999999997,50.1075,2,125.268,125.268
75,3930168,Germany,8,20.95625,50.1075,62.518750000000004,43.5625,2,129.73,138.924
76,3930168,Hungary,14,62.51875,43.5625,5.206249999999997,11.942499999999995,2,155.76,171.673
77,3930168,Hungary,2,0.04374999999998863,0.04250000000000398,4.068749999999994,33.0225,2,193.344,194.674
78,3930168,Germany,1,13.86875,67.9575,31.456250000000004,64.9825,2,233.256,233.256
79,3930168,Hungary,15,31.456249999999997,64.9825,12.818749999999998,17.4675,2,235.232,255.465
80,3930168,Germany,2,12.99375,18.317499999999995,12.381249999999994,19.762500000000003,2,256.718,257.05
81,3930168,Germany,27,13.86875,18.572499999999998,104.51875,13.387500000000003,2,274.8,320.421
82,3930168,Hungary,9,99.79375,25.457499999999996,43.006249999999994,11.517499999999998,2,342.19,356.181
83,3930168,Germany,34,42.65625,9.392499999999998,81.94375,23.1625,2,357.297,407.785
84,3930168,Hungary,17,81.94375,23.1625,18.331249999999997,17.722499999999997,2,408.574,427.895
85,3930168,Germany,47,18.33125,17.72249999999999,96.55625,18.8275,2,429.291,491.032
86,3930168,Hungary,6,100.31875,16.6175,60.24374999999999,43.5625,2,492.549,500.044
87,3930168,Germany,42,60.24375000000001,43.5625,76.69375,54.7825,2,503.108,566.547
88,3930168,Germany,7,86.05625,50.7875,93.75625000000001,37.0175,2,571.433,575.222
89,3930168,Hungary,2,98.83125,42.4575,98.83125,42.7975,2,576.753,577.477
90,3930168,Hungary,5,97.34375,40.2475,12.38125,1.7425000000000068,2,596.888,629.048
91,3930168,Hungary,3,7.831249999999997,0.04250000000000398,26.90625,0.04250000000000398,2,631.404,635.457
92,3930168,Germany,23,23.93125,0.04250000000000398,86.84375,43.1375,2,644.179,684.688
93,3930168,Hungary,6,86.84375,43.1375,34.08125,64.6425,2,685.996,694.137
94,3930168,Hungary,7,28.043750000000003,67.9575,0.04374999999998863,21.7175,2,763.051,771.776
95,3930168,Germany,20,4.41875,33.2775,102.76875,30.0475,2,786.59,824.046
96,3930168,Hungary,7,102.76875,30.0475,0.04374999999998863,31.917500000000004,2,825.337,847.027
97,3930168,Germany,27,6.08125,28.6025,99.53125,35.147499999999994,2,854.544,891.728
98,3930168,Hungary,11,94.71875,39.9075,80.80625,66.4275,2,897.337,911.414
99,3930168,Hungary,1,77.48125,67.9575,63.21875,58.77750000000001,2,938.167,938.167
100,3930168,Germany,14,59.543749999999996,56.9925,104.95625000000001,29.622499999999995,2,945.106,974.394
101,3930168,Hungary,25,99.79375,34.807500000000005,57.26875,52.6575,2,996.32,1035.739
102,3930168,Hungary,12,56.481249999999996,52.6575,0.04374999999998863,67.9575,2,1055.387,1070.379
103,3930168,Hungary,5,0.04374999999998863,67.9575,0.7437500000000057,6.417500000000004,2,1128.589,1135.491
104,3930168,Germany,9,6.08125,34.8075,93.93125,30.8125,2,1150.392,1163.228
105,3930168,Hungary,11,93.93125,30.8125,24.28125,0.04250000000000398,2,1165.912,1185.458
106,3930168,Germany,22,23.58125,0.04250000000000398,58.40625,56.2275,2,1200.36,1232.629
107,3930168,Germany,26,58.056250000000006,55.5475,104.95625000000001,32.5125,2,1244.279,1280.495
108,3930168,Hungary,7,52.543749999999996,33.9575,23.58125,55.2075,2,1352.668,1363.067
109,3930168,Germany,6,23.58125,55.2075,47.556250000000006,50.1075,2,1365.212,1369.765
110,3930168,Hungary,12,49.39374999999999,50.447500000000005,13.081250000000011,48.2375,2,1371.269,1395.316
111,3930168,Germany,25,13.081249999999999,48.2375,104.95625000000001,41.6075,2,1395.316,1429.202
112,3930168,Hungary,5,99.79375,38.462500000000006,34.08125,0.04250000000000398,2,1442.162,1449.439
113,3930168,Germany,28,36.268750000000004,0.04250000000000398,76.69375,39.9075,2,1469.156,1518.035
114,3930168,Germany,5,77.83125000000001,43.5625,98.48124999999999,35.9125,2,1592.543,1596.999
115,3930168,Hungary,13,98.48125,35.912499999999994,28.481250000000003,58.77750000000001,2,1598.943,1620.698
116,3930168,Germany,38,28.481250000000006,58.7775,79.31875000000001,50.1075,2,1620.698,1668.23
117,3930168,Hungary,5,85.00625,47.7275,72.40625,53.4225,2,1668.684,1670.811
118,3930168,Germany,61,72.40625,53.4225,102.50625,32.5125,2,1670.811,1756.202
119,3930168,Germany,10,104.95625000000001,67.9575,79.31875,25.0325,2,1823.895,1844.615
120,3930168,Germany,1,77.56875000000001,32.2575,104.95625000000001,35.9125,2,1903.319,1903.319
121,3930168,Hungary,20,103.29375,37.95250000000001,57.26874999999999,62.432500000000005,2,1913.172,1940.31
122,3930168,Germany,5,57.26875,62.4325,53.50625,54.442499999999995,2,1940.984,1943.911
123,3930168,Germany,70,49.04375,49.6825,92.09375,37.0175,2,1952.517,2038.498
124,3930168,Hungary,1,92.09375,37.3575,28.83125000000001,67.87250000000002,2,2058.568,2058.568
125,3930168,Germany,3,30.668750000000003,67.9575,32.59375,56.6525,2,2091.312,2092.321
126,3930168,Hungary,7,13.431249999999991,67.9575,17.981250000000003,57.7575,2,2101.919,2105.071
127,3930168,Germany,6,17.981250000000003,57.7575,104.95625000000001,22.9925,2,2105.933,2121.008
128,3930168,Hungary,33,99.79375,25.457499999999996,23.931250000000006,56.2275,2,2134.701,2186.535
129,3930168,Germany,12,23.93125,56.2275,37.75625,9.392499999999998,2,2189.791,2204.545
130,3930168,Hungary,6,37.756249999999994,9.392499999999998,5.731250000000003,10.667499999999997,2,2206.586,2215.104
131,3930168,Hungary,2,0.04374999999998863,0.04250000000000398,0.04374999999998863,67.9575,2,2247.688,2249.029
132,3930168,Hungary,3,0.04374999999998863,67.9575,17.981250000000003,46.1125,2,2269.503,2274.7
133,3930168,Germany,2,17.981250000000003,46.1125,18.331249999999997,45.0075,2,2277.775,2278.88
134,3930168,Germany,40,18.68125,39.1425,88.68125,66.4275,2,2332.214,2393.939
135,3930168,Hungary,3,95.85625,67.9575,60.59375,66.7675,2,2401.33,2404.759
136,3930168,Germany,36,43.00625,67.9575,104.95625000000001,41.1825,2,2413.691,2466.513
137,3930168,Hungary,3,99.79375,42.4575,65.49375,60.9875,2,2509.705,2515.519
138,3930168,Hungary,10,56.918749999999996,63.877500000000005,80.45625,64.3025,2,2528.885,2541.998
139,3930168,Hungary,10,74.50625,67.9575,43.443749999999994,15.512500000000003,2,2550.677,2562.723
140,3930168,Germany,9,43.44375000000001,15.512500000000003,94.71875,26.22249999999999,2,2565.041,2573.841
141,3930168,Germany,6,104.95625000000001,67.9575,100.66875,51.5525,2,2602.231,2608.262
142,3930168,Hungary,7,100.66875,51.5525,52.80625,61.3275,2,2610.675,2618.783
143,3930168,Hungary,17,43.79375,56.65250000000001,24.28125,44.2425,2,2645.701,2680.766
144,3930168,Germany,29,24.28125,44.2425,86.49375,31.152500000000003,2,2683.915,2741.62
145,3930168,Hungary,18,86.49375,31.152500000000003,56.131249999999994,67.1925,2,2742.889,2769.584
146,3930168,Germany,23,54.29375,67.9575,94.71875,33.7025,2,2787.666,2829.202
147,3930168,Hungary,9,93.93125,31.152500000000003,35.568749999999994,42.7975,2,2837.12,2850.375
148,3930168,Germany,1,32.94375,38.802499999999995,35.21875,44.2425,2,2887.484,2887.484
2,3930165,Austria,7,53.331250000000004,33.957499999999996,78.88125000000001,0.04250000000000398,1,0.527,8.015
3,3930165,Austria,15,78.88125000000001,0.04250000000000398,99.44375000000001,32.2575,1,17.64,45.067
4,3930165,France,15,99.44375,32.2575,16.14375,49.9375,1,47.379,74.54
5,3930165,Austria,6,16.14375,49.9375,25.68125,54.1875,1,75.39750000000001,78.518
6,3930165,France,14,31.018749999999997,55.8025,22.70625,7.522500000000001,1,78.913,99.883
7,3930165,France,2,24.981250000000003,11.0075,1.7062499999999972,67.9575,1,141.642,142.911
8,3930165,France,11,1.7062499999999972,67.9575,42.918749999999996,64.89750000000001,1,152.986,164.528
9,3930165,France,20,42.918749999999996,64.89750000000001,45.80624999999999,59.287499999999994,1,167.553,197.353
10,3930165,Austria,7,45.806250000000006,59.2875,51.75625000000001,52.8275,1,197.353,205.427
11,3930165,France,24,54.11875,50.70250000000001,26.81875,21.292499999999997,1,221.333,269.188
12,3930165,France,9,25.15625,21.6325,28.306250000000002,66.0025,1,321.229,331.207
13,3930165,France,18,30.581249999999997,67.9575,38.54375,1.1474999999999937,1,338.699,371.668
14,3930165,France,9,42.74374999999999,0.04250000000000398,68.03125,62.77250000000001,1,375.872,387.263
15,3930165,France,6,61.11874999999999,67.9575,33.11874999999999,53.6775,1,404.695,411.499
16,3930165,Austria,9,36.61875,55.2075,75.11875,67.5325,1,431.072,443.77
17,3930165,France,20,77.56875,67.9575,1.96875,30.7275,1,454.333,479.038
18,3930165,France,4,0.04374999999998863,0.04250000000000398,3.106250000000003,35.40250000000001,1,507.933,513.733
19,3930165,Austria,21,4.5062500000000005,35.4025,83.78125,15.8525,1,546.456,574.684
20,3930165,France,5,83.78125,15.8525,86.66875,7.862499999999997,1,578.647,586.131
21,3930165,France,6,88.06875,8.457499999999996,48.25624999999999,62.77250000000001,1,590.74,602.456
22,3930165,Austria,4,48.25625000000001,62.7725,53.50625,56.1425,1,603.988,605.594
23,3930165,Austria,50,53.50625000000001,56.1425,103.55625,26.137500000000003,1,613.66,694.491
24,3930165,France,17,103.55625,26.137500000000003,38.19375000000001,27.3275,1,696.646,731.626
25,3930165,France,8,38.193749999999994,27.327500000000008,3.106250000000003,67.9575,1,742.234,749.702
26,3930165,Austria,1,13.25625,67.9575,39.243750000000006,61.9225,1,784.374,784.374
27,3930165,France,13,39.24374999999999,61.92250000000001,49.74375,17.9775,1,786.67,807.613
28,3930165,Austria,5,49.74375,17.9775,73.98125,2.4224999999999994,1,809.091,815.026
29,3930165,Austria,6,79.23124999999999,0.04250000000000398,93.84375,40.67249999999999,1,831.753,837.969
30,3930165,France,3,93.84375,40.6725,33.64375,64.5575,1,839.431,842.883
31,3930165,Austria,13,33.643750000000004,64.5575,78.09375,67.7025,1,847.164,868.762
32,3930165,France,3,80.28125,67.9575,61.46875,43.2225,1,883.729,889.347
33,3930165,France,26,63.30624999999999,45.09250000000001,21.74375,55.4625,1,903.126,943.176
34,3930165,France,1,21.74374999999999,55.462500000000006,3.5437499999999886,32.0875,1,990.094,990.094
35,3930165,Austria,24,3.5437499999999993,32.087500000000006,67.76875,13.8125,1,991.731,1036.094
36,3930165,Austria,9,64.79375,13.302499999999995,65.14375000000001,41.8625,1,1076.124,1086.953
37,3930165,France,7,65.14375,41.8625,13.693749999999994,44.412499999999994,1,1088.053,1096.299
38,3930165,France,23,0.04374999999998863,67.9575,17.368750000000006,21.0375,1,1133.215,1167.951
39,3930165,Austria,9,20.08125,24.3525,72.40625,25.372499999999995,1,1169.43,1179.876
40,3930165,France,15,72.40625,25.372500000000002,102.33125,1.8274999999999864,1,1180.535,1198.141
41,3930165,France,14,100.66875,35.2325,66.54374999999999,0.8075000000000045,1,1290.62,1307.578
42,3930165,Austria,22,66.54374999999999,0.8075000000000045,101.80625,62.0925,1,1310.757,1351.364
43,3930165,Austria,1,104.95625000000001,67.9575,99.96875,30.8975,1,1381.923,1381.923
44,3930165,France,19,99.96875,30.8975,25.33125000000001,23.8425,1,1383.988,1412.648
45,3930165,Austria,17,20.431249999999995,24.692499999999995,94.19375,41.947500000000005,1,1413.433,1443.323
46,3930165,France,17,94.19375,41.947500000000005,41.43124999999999,67.3625,1,1446.572,1466.224
47,3930165,Austria,9,43.09375,67.9575,91.48125,12.87749999999999,1,1478.882,1490.569
48,3930165,Austria,3,96.20625,0.04250000000000398,88.06875,33.2775,1,1524.904,1529.9
49,3930165,France,7,83.78125,45.432500000000005,92.44375,0.04250000000000398,1,1550.622,1560.384
50,3930165,France,21,92.44375,0.04250000000000398,39.243750000000006,64.7275,1,1575.708,1603.449
51,3930165,France,4,35.65625,67.9575,24.456249999999997,66.0025,1,1617.329,1619.874
52,3930165,Austria,17,21.393749999999997,60.8175,67.15625,29.3675,1,1621.149,1660.885
53,3930165,France,6,67.15625,29.367500000000007,76.34375,19.082499999999996,1,1664.435,1669.192
54,3930165,Austria,13,76.34375,19.082499999999996,84.74375,34.5525,1,1670.105,1684.548
55,3930165,France,6,82.64375,36.0825,72.40625,56.3975,1,1686.041,1690.913
56,3930165,France,6,68.38125,54.017500000000005,30.23124999999999,65.5775,1,1720.232,1734.406
57,3930165,Austria,3,25.76875,67.9575,40.73125,58.7775,1,1752.846,1755.813
58,3930165,France,17,40.73125,58.77750000000001,23.40625,58.3525,1,1756.633,1780.816
59,3930165,Austria,6,23.40625,58.3525,10.54375,56.057500000000005,1,1783.561,1790.218
61,3930165,Austria,6,4.59375,52.7425,28.21875,61.7525,1,1821.284,1834.225
62,3930165,Austria,7,36.96875,67.9575,57.26875,60.307500000000005,1,1849.856,1854.145
63,3930165,France,19,56.65625,56.057500000000005,36.53125,0.29749999999999943,1,1854.952,1886.518
64,3930165,Austria,14,39.331250000000004,0.04250000000000398,96.90625,22.482499999999995,1,1901.339,1919.091
65,3930165,France,22,91.30625,31.322500000000005,2.93125,54.5275,1,1930.156,1976.022
66,3930165,France,4,2.9312499999999915,54.52750000000001,18.506249999999994,49.2575,1,2019.261,2023.413
67,3930165,Austria,9,18.506249999999998,49.2575,98.04375,38.7175,1,2023.413,2036.639
68,3930165,France,11,98.04375,38.71750000000001,66.54374999999999,2.592500000000001,1,2038.357,2054.047
69,3930165,France,19,66.54374999999999,2.592500000000001,36.26875,47.3025,1,2058.4545,2088.552
70,3930165,Austria,12,36.268750000000004,47.3025,99.26875,35.1475,1,2089.963,2107.633
71,3930165,France,11,99.79375,36.4225,38.018750000000004,2.9325000000000045,1,2144.652,2161.732
72,3930165,France,8,34.78125,5.907499999999999,7.65625,2.4224999999999994,1,2176.846,2184.56
73,3930165,Austria,3,7.656250000000001,2.4224999999999994,2.5812500000000114,0.6375000000000028,1,2189.023,2195.396
74,3930165,Austria,6,5.11875,0.04250000000000398,50.53125,39.567499999999995,1,2215.155,2222.439
75,3930165,France,23,50.53124999999999,39.5675,4.24375,36.5925,1,2224.391,2251.373
76,3930165,Austria,11,53.331250000000004,33.957499999999996,65.14375000000001,67.5325,1,2319.761,2337.58
77,3930165,France,6,65.31875,67.9575,66.01875,63.1125,1,2355.253,2358.315
78,3930165,Austria,13,67.85625,60.8175,76.08125,63.1125,1,2358.726,2364.203
79,3930165,France,2,75.38125,67.9575,68.03125,61.2425,1,2393.373,2394.028
80,3930165,Austria,12,17.80625,6.247499999999995,104.95625000000001,54.3575,1,2404.029,2425.746
81,3930165,France,5,100.31875,26.987499999999997,55.34375,25.372500000000002,1,2441.28,2448.431
82,3930165,Austria,10,61.81875,33.2775,100.93125,17.72249999999999,1,2449.645,2464.424
83,3930165,Austria,6,104.95625000000001,0.04250000000000398,66.80625,5.737499999999997,1,2490.357,2499.928
84,3930165,Austria,7,67.15625,0.04250000000000398,78.18125,48.7475,1,2516.418,2525.732
85,3930165,France,23,78.18125,48.7475,39.68124999999999,65.9175,1,2527.671,2563.954
86,3930165,Austria,7,39.68125,65.9175,58.84375,53.167500000000004,1,2563.954,2567.364
87,3930165,France,51,58.84375,53.167500000000004,49.043749999999996,67.5325,1,2567.364,2635.733
88,3930165,Austria,28,43.79375,67.9575,73.10624999999999,47.3875,1,2643.034,2696.938
89,3930165,France,8,73.10625,47.3875,4.59375,47.0475,1,2698.826,2709.679
90,3930165,Austria,26,7.3062499999999995,46.1125,51.668749999999996,34.042500000000004,1,2711.062,2758.84
91,3930165,France,17,51.668749999999996,34.042500000000004,71.26875,60.64750000000001,2,0.879,21.617
92,3930165,Austria,36,63.48125,67.9575,104.95625000000001,32.59749999999999,2,111.342,161.498
93,3930165,France,19,98.91875,30.302500000000002,9.40625,0.04250000000000398,2,186.497,216.266
94,3930165,France,3,9.40625,0.04250000000000398,9.318749999999994,10.072499999999998,2,234.101,237.327
95,3930165,Austria,8,9.581249999999999,9.392499999999998,26.11875,67.2775,2,248.101,266.382
96,3930165,France,11,32.943749999999994,67.9575,64.26875,3.782499999999999,2,285.767,306.168
97,3930165,France,6,64.26875,4.207499999999996,28.21875,54.1875,2,321.586,332.427
98,3930165,Austria,4,28.21875,54.1875,10.456249999999999,52.8275,2,334.982,336.968
99,3930165,Austria,8,5.20625,39.0575,41.43125,2.677499999999995,2,357.177,380.536
100,3930165,France,15,42.831250000000004,0.04250000000000398,55.95625,39.65250000000001,2,391.484,413.822
101,3930165,Austria,20,62.78125,38.292500000000004,84.91875,42.7125,2,414.782,451.243
102,3930165,France,25,84.91875,42.712500000000006,0.04374999999998863,50.5325,2,452.832,489.816
103,3930165,Austria,32,5.20625,39.6525,74.15625,8.287500000000001,2,509.345,562.661
104,3930165,France,5,74.15625,8.287500000000001,0.04374999999998863,38.037499999999994,2,564.535,573.584
105,3930165,France,1,88.33125,58.09750000000001,88.33125,58.09750000000001,2,609.636,609.636
106,3930165,Austria,1,89.73125,58.3525,102.15625,41.6075,2,649.989,649.989
107,3930165,Austria,2,104.95625000000001,67.9575,104.95625000000001,67.9575,2,672.886,674.47
108,3930165,Austria,1,104.95625000000001,67.9575,104.95625000000001,7.777499999999989,2,693.791,693.791
109,3930165,France,2,98.91875,39.2275,19.73124999999999,52.82750000000001,2,731.105,734.699
110,3930165,Austria,26,19.73125,52.8275,102.94375000000001,22.737499999999997,2,739.275,772.53
111,3930165,France,4,102.94375,22.737499999999997,39.15625,0.04250000000000398,2,777.663,797.323
112,3930165,France,9,39.15625,0.04250000000000398,8.706249999999997,52.572500000000005,2,861.294,873.28
113,3930165,Austria,49,8.70625,52.5725,76.60625,62.4325,2,876.928,945.379
114,3930165,France,7,76.60624999999999,62.432500000000005,0.04374999999998863,43.4775,2,946.842,958.202
115,3930165,Austria,10,5.20625,38.54749999999999,100.05625,50.3625,2,967.25,986.79
116,3930165,France,1,98.91875,30.8975,42.831250000000004,9.987499999999997,2,1044.98,1044.98
117,3930165,Austria,24,42.831250000000004,9.987499999999997,73.36875,0.12749999999998352,2,1047.886,1087.919
118,3930165,France,10,70.39374999999998,0.04250000000000398,0.04374999999998863,25.7125,2,1109.144,1124.204
119,3930165,Austria,17,3.98125,36.082499999999996,103.03125,49.2575,2,1142.713,1168.564
120,3930165,Austria,3,104.95625000000001,67.9575,57.79375,37.6125,2,1201.833,1206.888
121,3930165,France,54,57.79375,37.6125,29.618750000000002,52.8275,2,1208.624,1315.537
122,3930165,France,43,29.61874999999999,52.82750000000001,48.78125,12.962499999999999,2,1316.268,1388.058
123,3930165,Austria,15,48.78125,12.962500000000006,95.94375,67.9575,2,1391.024,1409.996
124,3930165,Austria,13,91.04375,67.9575,85.79374999999999,48.7475,2,1419.581,1440.948
125,3930165,France,36,85.79375,48.7475,74.59375,64.8125,2,1442.194,1492.912
126,3930165,France,2,65.66874999999999,67.9575,56.39375,60.64750000000001,2,1554.807,1555.597
127,3930165,Austria,16,56.393750000000004,60.6475,60.06875000000001,10.072499999999998,2,1557.58,1584.592
128,3930165,Austria,5,73.19375000000001,0.04250000000000398,71.35625,2.8474999999999966,2,1595.201,1598.269
129,3930165,France,15,72.49375,0.04250000000000398,0.04374999999998863,43.9875,2,1617.048,1636.257
130,3930165,Austria,25,5.20625,39.8225,71.35625,67.9575,2,1650.156,1694.148
131,3930165,France,1,49.568749999999994,64.47250000000001,49.568749999999994,64.47250000000001,2,1716.451,1716.451
132,3930165,Austria,13,44.75625000000001,64.8975,79.58125,1.1474999999999937,2,1722.338,1745.134
133,3930165,Austria,25,77.83125000000001,3.527499999999989,96.99375,10.497500000000002,2,1800.789,1844.912
134,3930165,Austria,3,101.80625,0.04250000000000398,104.43125,50.7875,2,1852.933,1857.501
135,3930165,France,17,98.91875,29.197500000000005,5.731250000000003,51.46750000000001,2,1877.513,1896.492
136,3930165,Austria,3,5.73125,51.4675,2.668750000000003,57.3325,2,1899.336,1902.346
137,3930165,Austria,30,4.15625,55.292500000000004,100.14375,25.797499999999992,2,1930.321,1972.677
138,3930165,France,2,100.23125,26.222499999999997,100.23125,27.3275,2,1972.778,1973.417
139,3930165,France,16,97.08125,27.327500000000008,31.80624999999999,67.9575,2,2086.68,2110.73
140,3930165,France,10,31.80624999999999,67.9575,22.443749999999998,58.8625,2,2131.345,2139.356
141,3930165,France,10,29.61874999999999,67.9575,28.65625,42.3725,2,2147.985,2155.926
143,3930165,France,16,34.86874999999999,38.037499999999994,13.693749999999994,33.8725,2,2181.827,2205.209
144,3930165,Austria,5,13.693749999999998,33.872499999999995,56.831250000000004,22.90749999999999,2,2206.088,2214.917
145,3930165,France,10,56.83125,22.9075,1.96875,31.322500000000005,2,2216.107,2228.65
146,3930165,Austria,1,1.35625,31.747499999999995,1.35625,31.747499999999995,2,2229.264,2229.264
147,3930165,Austria,8,1.35625,31.747499999999995,72.75625,26.5625,2,2230.3765000000003,2243.936
148,3930165,Austria,4,72.31875000000001,25.627499999999998,71.35624999999999,64.1325,2,2289.097,2291.481
149,3930165,France,4,71.35624999999999,64.1325,5.73125,10.922499999999992,2,2295.576,2308.443
150,3930165,France,2,5.9937499999999915,14.4925,6.25624999999998,33.8725,2,2370.931,2372.035
151,3930165,Austria,11,6.8687499999999995,34.8075,43.356249999999996,5.3125,2,2373.086,2385.764
152,3930165,Austria,21,41.956250000000004,10.497499999999995,51.66875,67.9575,2,2578.416,2608.274
153,3930165,Austria,5,51.66875,67.9575,64.61875,21.6325,2,2614.269,2621.637
156,3930165,Austria,18,57.26875,35.9125,98.21875,6.417500000000004,2,2717.912,2741.426
157,3930165,Austria,3,96.81875000000001,0.04250000000000398,103.03125,30.9825,2,2770.03,2772.313
160,3930165,France,1,91.48125,26.222499999999997,19.03125,32.2575,2,2821.263,2821.263
161,3930165,Austria,5,19.03125,32.2575,57.09374999999999,15.342500000000001,2,2825.611,2829.84
162,3930165,France,20,57.09375,15.342500000000001,43.53125,12.452499999999993,2,2831.489,2859.097
163,3930165,France,9,43.09375,12.622500000000002,23.318749999999994,52.3175,2,2898.697,2908.878
164,3930165,Austria,8,23.318749999999998,52.3175,41.69375000000001,46.5375,2,2910.515,2914.472
165,3930165,France,18,47.64375,45.9425,32.15625,62.3475,2,2916.225,2942.942
166,3930165,France,13,34.34375,62.8575,15.881249999999994,22.737499999999997,2,2959.126,2975.708
167,3930165,Austria,35,42.831250000000004,22.90749999999999,71.96875,31.917499999999997,2,2978.456,3060.166
168,3930165,France,3,76.43124999999999,41.4375,67.15625,46.5375,2,3061.861,3064.988
169,3930165,France,9,63.83124999999999,45.6875,7.831249999999997,33.4475,2,3085.359,3094.96
170,3930165,Austria,33,13.51875,31.917499999999997,98.48124999999999,32.7675,2,3096.438,3143.015
171,3930165,Austria,6,104.95625000000001,0.04250000000000398,83.43125,30.7275,2,3173.553,3182.065
172,3930165,France,11,83.43125,30.727500000000006,9.756249999999994,4.6325,2,3183.536,3209.95
173,3930165,Austria,17,9.75625,4.6325,96.29375,8.287499999999994,2,3209.95,3230.728
2,3930164,Slovakia,16,52.543749999999996,33.9575,82.55625,0.04250000000000398,1,0.505,25.479
3,3930164,Belgium,19,73.71875,0.04250000000000398,60.94375,5.652499999999989,1,33.043,62.459
4,3930164,Slovakia,19,60.943749999999994,5.652500000000003,22.356250000000003,39.9925,1,65.396,91.398
5,3930164,Belgium,38,22.35625,39.99249999999999,66.28125,67.7025,1,97.589,176.701
6,3930164,Slovakia,10,68.64375,67.9575,58.05624999999999,1.5725000000000051,1,190.641,201.408
7,3930164,Slovakia,16,58.05624999999999,1.5725000000000051,37.756249999999994,49.9375,1,203.1985,230.113
8,3930164,Slovakia,10,29.79374999999999,67.9575,32.59375,48.0675,1,245.439,261.677
9,3930164,Belgium,20,32.59375,48.0675,98.83125,34.8075,1,263.548,298.59
10,3930164,Slovakia,14,98.83125,34.807500000000005,1.2687499999999972,2.2524999999999977,1,300.199,335.431
11,3930164,Belgium,3,8.53125,0.04250000000000398,8.70625,27.2425,1,356.4,360.613
12,3930164,Slovakia,4,8.706249999999997,27.242500000000007,0.04374999999998863,36.167500000000004,1,362.89,365.208
13,3930164,Belgium,1,53.331250000000004,33.957499999999996,50.53125,33.787499999999994,1,441.107,441.107
14,3930164,Slovakia,12,55.168749999999996,32.1725,52.63125000000001,1.4024999999999892,1,442.592,458.666
15,3930164,Slovakia,9,52.89375,0.04250000000000398,95.68125,57.07750000000001,1,463.445,477.776
16,3930164,Slovakia,12,82.90625,67.9575,0.04374999999998863,16.7025,1,492.61,508.189
17,3930164,Belgium,7,5.8187500000000005,32.2575,97.95625000000001,16.872499999999995,1,538.885,556.802
18,3930164,Slovakia,7,97.78125,17.9775,34.16875,62.8575,1,580.293,595.435
19,3930164,Slovakia,2,31.89375000000001,63.3675,6.606249999999989,26.987499999999997,1,639.678,640.658
20,3930164,Belgium,5,7.3062499999999995,29.027500000000003,86.14375,0.04250000000000398,1,670.66,676.453
21,3930164,Slovakia,5,86.93125,0.04250000000000398,60.59375,5.567500000000003,1,702.124,703.687
22,3930164,Belgium,18,60.59374999999999,5.5674999999999955,78.44375000000001,47.21750000000001,1,706.767,730.762
23,3930164,Belgium,1,78.79374999999999,47.5575,104.95625000000001,24.012500000000003,1,760.611,760.611
24,3930164,Slovakia,5,100.23125,41.0125,55.60625000000001,28.262500000000003,1,798.284,803.832
25,3930164,Slovakia,6,58.58125,30.132500000000007,39.15625,57.5875,1,818.478,824.13
26,3930164,Slovakia,7,41.86874999999999,67.9575,14.393749999999997,16.7025,1,843.025,853.533
27,3930164,Belgium,29,14.39375,16.7025,99.79375,27.412499999999994,1,857.839,901.813
28,3930164,Belgium,24,90.43125,0.04250000000000398,97.78125,44.32750000000001,1,915.077,947.749
29,3930164,Slovakia,16,99.79375,30.132500000000007,59.981249999999996,19.5925,1,971.767,1002.403
30,3930164,Belgium,1,59.98124999999999,19.5925,37.581250000000004,20.78249999999999,1,1004.142,1004.142
33,3930164,Belgium,13,37.75625,21.122499999999995,48.69375000000001,2.082499999999996,1,1028.732,1043.204
34,3930164,Slovakia,2,52.631249999999994,1.4025000000000034,54.11875,0.29749999999999943,1,1044.342,1045.207
35,3930164,Slovakia,4,55.34375,3.2724999999999937,5.03125,10.837499999999999,1,1058.478,1063.558
36,3930164,Belgium,6,7.568749999999999,18.997499999999995,46.331250000000004,63.707499999999996,1,1073.885,1082.666
37,3930164,Slovakia,10,46.331250000000004,63.7075,0.04374999999998863,67.9575,1,1083.552,1089.999
38,3930164,Slovakia,8,0.04374999999998863,67.9575,6.08125,17.3825,1,1130.861,1143.655
39,3930164,Slovakia,5,11.768749999999997,0.04250000000000398,8.618749999999991,1.4025000000000034,1,1162.724,1167.145
40,3930164,Belgium,4,11.15625,0.04250000000000398,62.95625,18.402500000000003,1,1182.999,1188.008
41,3930164,Slovakia,10,62.95625,18.402500000000003,104.95625000000001,36.3375,1,1191.486,1206.182
42,3930164,Slovakia,7,99.79375,31.492500000000007,59.01875,14.917500000000004,1,1234.3,1245.622
44,3930164,Slovakia,16,63.30624999999999,13.897499999999994,101.45625000000001,64.7275,1,1283.867,1303.324
45,3930164,Slovakia,7,101.45625,64.7275,31.018749999999997,17.722499999999997,1,1311.898,1320.948
46,3930164,Belgium,10,31.018750000000004,17.72249999999999,40.81875,4.717500000000001,1,1322.665,1334.922
47,3930164,Slovakia,43,44.75624999999999,5.567500000000003,48.956250000000004,39.142500000000005,1,1335.8,1405.773
48,3930164,Belgium,47,48.95625,39.1425,66.01875,24.862499999999997,1,1408.241,1479.73
49,3930164,Slovakia,15,66.01875,24.862499999999997,57.26874999999999,37.017500000000005,1,1481.4175,1498.641
50,3930164,Belgium,5,46.85625,22.822499999999998,88.24375,0.04250000000000398,1,1499.823,1509.715
51,3930164,Belgium,13,88.24375,0.04250000000000398,54.29375,43.9875,1,1517.157,1532.752
52,3930164,Slovakia,5,92.09375,32.852500000000006,78.96875,60.1375,1,1537.385,1546.719
53,3930164,Belgium,17,78.96875,60.1375,97.34375,54.0175,1,1548.5,1565.479
54,3930164,Slovakia,3,96.46875,67.9575,79.93125,67.5325,1,1584.403,1585.641
55,3930164,Belgium,15,81.85625,67.9575,54.293749999999996,60.9875,1,1594.051,1618.164
56,3930164,Belgium,29,55.431250000000006,60.9875,73.36874999999999,59.8825,1,1649.007,1696.819
57,3930164,Belgium,21,67.41875,67.9575,75.64375,26.732499999999995,1,1705.813,1731.021
58,3930164,Slovakia,3,75.64375,26.7325,76.34375,26.5625,1,1732.382,1732.738
59,3930164,Slovakia,32,75.11875,22.4825,18.331249999999997,0.04250000000000398,1,1768.024,1801.683
60,3930164,Slovakia,23,18.331249999999997,0.04250000000000398,1.6187499999999915,34.5525,1,1806.939,1837.409
61,3930164,Belgium,1,1.7937500000000002,33.2775,1.7937500000000002,33.2775,1,1838.349,1838.349
62,3930164,Belgium,51,3.4562500000000003,33.107499999999995,90.43125,40.67249999999999,1,1849.611,1917.62
63,3930164,Slovakia,48,78.26875,11.857500000000002,46.331250000000004,56.822500000000005,1,1919.359,1997.579
64,3930164,Belgium,5,46.331250000000004,56.8225,103.55625,21.97249999999999,1,1998.709,2010.817
65,3930164,Belgium,3,104.95625000000001,0.04250000000000398,104.25625,33.4475,1,2113.949,2116.328
66,3930164,Belgium,1,47.38125,54.6975,47.38125,54.6975,1,2144.353,2144.353
67,3930164,Slovakia,1,47.381249999999994,52.3175,20.693749999999994,0.04250000000000398,1,2164.115,2164.115
68,3930164,Belgium,2,17.106250000000003,0.04250000000000398,33.46875,19.337500000000006,1,2177.796,2180.026
69,3930164,Slovakia,10,33.46875,19.3375,0.04374999999998863,0.04250000000000398,1,2182.23,2192.363
70,3930164,Slovakia,1,0.04374999999998863,0.04250000000000398,6.78125,26.052499999999995,1,2248.553,2248.553
71,3930164,Belgium,5,6.781250000000001,26.052499999999995,50.35625,14.4925,1,2249.537,2255.27
72,3930164,Slovakia,4,50.35625,14.4925,36.26875,2.8474999999999966,1,2257.561,2264.412
73,3930164,Slovakia,9,34.43124999999999,0.04250000000000398,43.96874999999999,10.412500000000001,1,2275.092,2284.96
74,3930164,Belgium,34,50.706250000000004,5.142499999999998,50.00625000000001,60.9875,1,2286.32,2333.902
75,3930164,Slovakia,15,63.65625,49.767500000000005,1.7937500000000002,33.192499999999995,1,2336.262,2359.657
76,3930164,Slovakia,3,0.04374999999998863,67.9575,19.03125,10.667499999999997,1,2402.461,2404.801
77,3930164,Belgium,2,19.03125,10.667499999999997,26.46875,8.7975,1,2407.524,2408.962
78,3930164,Belgium,22,33.643750000000004,2.167500000000004,96.73125,33.7025,1,2440.524,2475.462
79,3930164,Slovakia,9,99.88125,37.2725,29.79374999999999,52.1475,1,2518.123,2529.629
80,3930164,Belgium,50,29.793750000000006,52.1475,94.80625,22.3125,1,2533.991,2614.581
81,3930164,Slovakia,11,94.80625,22.3125,75.55625,1.8274999999999864,1,2615.172,2632.414
82,3930164,Slovakia,2,74.85624999999999,4.462499999999999,22.793750000000003,48.4075,1,2672.922,2676.417
83,3930164,Belgium,8,22.793750000000003,48.4075,26.643749999999997,67.2775,1,2679.323,2715.175
84,3930164,Belgium,5,30.143750000000004,67.9575,75.81875000000001,13.302499999999995,1,2732.492,2740.409
85,3930164,Slovakia,5,81.24375,18.402500000000003,7.831249999999997,20.272499999999994,1,2786.978,2796.849
86,3930164,Slovakia,1,0.04374999999998863,0.04250000000000398,3.28125,24.012500000000003,1,2826.081,2826.081
87,3930164,Slovakia,6,0.04374999999998863,0.04250000000000398,0.04374999999998863,40.6725,1,2837.873,2843.32
88,3930164,Belgium,50,52.456250000000004,34.0425,83.16875,40.75749999999999,2,0.804,77.861
89,3930164,Slovakia,11,83.16875,40.7575,0.04374999999998863,40.6725,2,79.814,102.532
90,3930164,Belgium,29,4.9437500000000005,28.7725,54.11875,67.9575,2,125.793,168.503
91,3930164,Belgium,34,54.11875,67.9575,74.06875000000001,55.7175,2,180.081,233.196
92,3930164,Slovakia,9,74.06875,55.7175,57.26874999999999,0.12749999999999773,2,245.647,272.036
93,3930164,Belgium,7,52.368750000000006,0.04250000000000398,97.08125,67.9575,2,286.581,296.648
94,3930164,Slovakia,3,85.53125,67.9575,49.30624999999999,19.932499999999997,2,308.58,311.193
95,3930164,Belgium,17,49.30625,19.932499999999997,13.518749999999997,20.1025,2,314.604,332.394
96,3930164,Slovakia,6,8.618749999999991,0.04250000000000398,2.231250000000003,5.227499999999999,2,361.502,367.169
97,3930164,Slovakia,5,11.506249999999994,0.04250000000000398,0.04374999999998863,28.942500000000003,2,378.76,385.209
98,3930164,Belgium,2,5.20625,29.622499999999995,36.618750000000006,6.332499999999996,2,404.78,406.941
99,3930164,Belgium,13,33.46875,3.527499999999989,62.168749999999996,67.2775,2,416.24,434.37
100,3930164,Belgium,7,64.79375,67.9575,87.45625,4.122500000000002,2,445.524,458.345
101,3930164,Slovakia,28,88.24375,0.04250000000000398,0.04374999999998863,46.45250000000001,2,482.428,516.266
102,3930164,Belgium,14,5.20625,33.7025,97.43125,19.167500000000004,2,537.312,561.048
103,3930164,Belgium,20,95.94375000000001,0.04250000000000398,103.73125,30.727500000000006,2,573.779,596.847
104,3930164,Belgium,4,104.95625000000001,0.04250000000000398,103.20625,34.2125,2,610.377,615.466
105,3930164,Slovakia,14,101.01875,34.2975,24.71875,36.252500000000005,2,716.92,735.268
106,3930164,Belgium,37,24.71875,36.2525,102.06875,33.4475,2,739.705,801.977
107,3930164,Slovakia,3,102.06875,33.4475,97.16875,20.357499999999995,2,802.7825,803.956
108,3930164,Slovakia,3,96.99375,22.1425,38.98125,13.387500000000003,2,851.328,855.034
109,3930164,Belgium,36,29.356250000000003,22.3125,104.95625000000001,67.9575,2,857.545,921.233
110,3930164,Belgium,6,104.95625000000001,67.9575,98.83125,34.4675,2,931.075,935.466
111,3930164,Slovakia,6,74.41875,32.002500000000005,53.50625,47.642500000000005,2,938.822,944.754
112,3930164,Belgium,10,49.13125,48.4925,104.95625000000001,29.792499999999997,2,945.82,959.316
113,3930164,Slovakia,4,98.91875,33.5325,67.59375,53.252500000000005,2,996.266,999.972
114,3930164,Belgium,11,67.59375,53.2525,80.36875,59.7975,2,1001.67,1015.897
117,3930164,Belgium,5,73.89375,51.7225,104.95625000000001,61.1575,2,1113.672,1119.048
118,3930164,Slovakia,1,98.91875,39.9075,25.94374999999998,4.122500000000002,2,1141.959,1141.959
122,3930164,Belgium,3,41.25625,6.842500000000001,49.65625,13.557499999999997,2,1198.777,1201.837
123,3930164,Belgium,14,49.30625,20.8675,66.80625,9.817499999999995,2,1208.124,1228.169
124,3930164,Slovakia,19,66.80624999999999,9.817499999999995,35.21875,41.3525,2,1231.028,1252.64
125,3930164,Belgium,41,35.21875,41.352500000000006,72.05625,24.097499999999997,2,1254.227,1317.512
126,3930164,Belgium,14,71.70625000000001,23.247499999999995,79.75625000000001,41.5225,2,1368.499,1387.481
127,3930164,Slovakia,10,79.75625,41.5225,84.39375000000001,67.9575,2,1390.504,1402.833
128,3930164,Slovakia,15,83.78125,67.9575,20.256249999999994,38.462500000000006,2,1469.874,1490.514
129,3930164,Belgium,6,20.256249999999998,38.4625,37.581250000000004,54.6125,2,1492.136,1497.669
130,3930164,Slovakia,17,37.58125,54.6125,8.793750000000003,13.982500000000002,2,1497.669,1519.496
131,3930164,Belgium,11,8.79375,13.982499999999995,3.8062500000000004,8.032499999999999,2,1521.22,1532.096
132,3930164,Belgium,20,5.20625,29.112499999999997,62.34375,54.1875,2,1542.304,1580.659
133,3930164,Slovakia,9,68.90625,52.7425,72.31875,37.6125,2,1580.967,1591.027
134,3930164,Belgium,35,72.31875000000001,37.6125,32.068749999999994,45.9425,2,1592.457,1656.891
135,3930164,Belgium,8,31.456250000000004,52.9975,65.40625,55.7175,2,1660.198,1671.129
136,3930164,Slovakia,30,65.40625,55.7175,59.80625000000001,48.6625,2,1672.361,1718.321
137,3930164,Slovakia,1,59.981249999999996,47.3025,19.90625,0.12749999999999773,2,1748.934,1748.934
138,3930164,Belgium,5,19.20625,0.04250000000000398,48.86874999999999,13.387500000000003,2,1756.253,1761.529
139,3930164,Belgium,27,48.25625000000001,19.932499999999997,71.61875,25.627499999999998,2,1772.393,1812.351
140,3930164,Slovakia,2,69.69375,12.4525,57.88125,11.34749999999999,2,1814.04,1815.723
141,3930164,Slovakia,5,57.53125,10.582499999999996,6.606249999999989,37.8675,2,1852.679,1859.248
142,3930164,Slovakia,14,0.04374999999998863,67.9575,19.20625000000001,0.04250000000000398,2,1899.919,1922.656
143,3930164,Slovakia,13,19.20625000000001,0.04250000000000398,0.04374999999998863,18.6575,2,1953.414,1972.978
144,3930164,Belgium,26,2.75625,30.387500000000003,97.69375,0.04250000000000398,2,1983.575,2016.762
145,3930164,Belgium,26,97.69375,0.04250000000000398,88.59375,37.5275,2,2025.155,2059.591
146,3930164,Belgium,2,104.95625000000001,0.04250000000000398,104.95625000000001,26.4775,2,2093.777,2095.591
147,3930164,Slovakia,3,98.91875,29.9625,35.21875,0.12749999999998352,2,2141.493,2147.143
148,3930164,Slovakia,15,33.381249999999994,0.04250000000000398,49.65625,13.982500000000002,2,2154.06,2170.737
149,3930164,Belgium,11,49.65625,13.982499999999995,77.65625,62.1775,2,2173.283,2188.771
150,3930164,Belgium,9,85.96875,67.9575,74.59375,17.4675,2,2194.945,2205.323
151,3930164,Slovakia,10,74.59375,17.4675,2.5812500000000003,14.5775,2,2206.91,2220.41
152,3930164,Slovakia,8,0.04374999999998863,0.04250000000000398,6.34375,20.8675,2,2252.342,2264.522
153,3930164,Belgium,3,6.34375,20.8675,27.43124999999999,21.0375,2,2264.997,2269.897
154,3930164,Belgium,16,33.29375,18.487499999999997,99.35624999999999,20.1025,2,2311.931,2337.664
155,3930164,Slovakia,4,99.35625,20.1025,94.36875,19.167499999999997,2,2338.591,2339.869
156,3930164,Slovakia,2,92.53125,16.6175,49.56875,0.46750000000000114,2,2405.986,2409.561
157,3930164,Slovakia,6,50.61875,0.04250000000000398,30.143750000000004,10.2425,2,2428.018,2432.317
158,3930164,Belgium,8,30.143750000000004,10.2425,79.84375,60.9025,2,2433.085,2448.54
159,3930164,Slovakia,11,79.84375,56.65250000000001,43.706250000000004,67.9575,2,2653.616,2673.641
160,3930164,Belgium,14,35.393750000000004,67.9575,104.95625000000001,0.04250000000000398,2,2679.846,2705.035
161,3930164,Belgium,7,104.95625000000001,0.04250000000000398,104.95625000000001,49.6825,2,2731.336,2743.877
162,3930164,Slovakia,11,98.91875,39.4825,25.68124999999999,40.07750000000001,2,2780.881,2795.521
163,3930164,Belgium,5,25.68125,40.0775,94.98125,40.247499999999995,2,2797.704,2804.218
164,3930164,Slovakia,4,94.98125,40.2475,16.49374999999999,62.6025,2,2806.719,2832.342
165,3930164,Belgium,15,16.49375,62.6025,103.46875,31.832499999999996,2,2835.04,2867.76
166,3930164,Slovakia,1,37.49374999999999,41.77750000000001,37.49374999999999,41.77750000000001,2,2977.329,2977.329
167,3930164,Belgium,16,35.743750000000006,40.5875,104.95625000000001,18.487499999999997,2,2988.663,3006.587
168,3930164,Slovakia,3,98.91875,29.2825,44.84375000000001,8.542499999999997,2,3041.436,3044.908
169,3930164,Belgium,8,50.35625,0.04250000000000398,102.41874999999999,20.2725,2,3054.347,3067.924
170,3930164,Slovakia,12,101.01875,10.752499999999998,18.331249999999997,20.1025,2,3069.781,3080.547
171,3930164,Belgium,10,18.33125,20.1025,104.95625000000001,19.932499999999997,2,3086.443,3109.185
172,3930164,Slovakia,2,98.91875,27.8375,15.181249999999991,6.417500000000004,2,3146.125,3150.061
173,3930164,Belgium,5,15.181249999999999,6.417499999999997,73.45625,26.817499999999995,2,3153.344,3159.88
174,3930164,Slovakia,13,73.45625,26.817500000000003,57.70625,15.427500000000002,2,3161.988,3178.15
2,3930161,Albania,5,52.543749999999996,33.9575,9.84375,67.6175,1,0.863,4.984
3,3930161,Italy,4,14.218749999999998,67.9575,0.04374999999998863,36.7625,1,20.848,23.817
4,3930161,Italy,19,53.331250000000004,33.957499999999996,104.95625000000001,29.622499999999995,1,91.63,115.241
5,3930161,Albania,2,100.66875,33.4475,30.93124999999999,7.182499999999997,1,165.61,170.8
6,3930161,Italy,37,30.931250000000002,6.927499999999995,83.51875,45.2625,1,182.576,239.757
7,3930161,Albania,6,85.35625,35.572500000000005,29.18124999999999,6.332499999999996,1,240.804,244.354
8,3930161,Italy,3,29.181250000000002,6.332500000000003,28.83125000000001,5.567500000000003,1,250.028,251.832
9,3930161,Italy,15,23.668750000000003,6.672499999999992,85.35624999999999,60.9875,1,264.006,296.524
10,3930161,Italy,55,80.45625,67.9575,97.08125,21.462500000000006,1,317.463,388.48
11,3930161,Albania,15,99.79375,33.5325,0.04374999999998863,0.04250000000000398,1,421.093,440.822
12,3930161,Albania,3,0.04374999999998863,0.04250000000000398,0.04374999999998863,0.04250000000000398,1,488.174,489.188
13,3930161,Albania,6,0.04374999999998863,0.04250000000000398,4.506249999999994,16.5325,1,512.552,525.55
14,3930161,Italy,25,9.931249999999999,28.0075,92.70625,47.3025,1,543.243,578.8
15,3930161,Italy,6,104.95625000000001,67.9575,104.95625000000001,33.957499999999996,1,611.15,615.557
16,3930161,Albania,17,52.543749999999996,33.9575,92.79375,63.962500000000006,1,662.977,692.723
17,3930161,Albania,2,84.21875,67.9575,77.21875,67.9575,1,708.05,709.594
18,3930161,Albania,11,77.21875,67.9575,62.78125,4.122500000000002,1,720.876,735.088
19,3930161,Italy,15,62.78125,4.122499999999995,93.75625000000001,0.04250000000000398,1,737.845,765.456
20,3930161,Albania,3,91.56875,0.04250000000000398,97.86875,4.547499999999992,1,783.615,786.798
21,3930161,Albania,2,96.81875,0.04250000000000398,68.29375,0.04250000000000398,1,804.946,806.197
22,3930161,Italy,13,68.29375,0.04250000000000398,104.95625000000001,55.4625,1,811.164,834.943
23,3930161,Albania,9,99.96875,31.492500000000007,55.86875,10.667499999999997,1,854.915,865.835
24,3930161,Italy,26,55.86875,10.667499999999997,90.34375,67.9575,1,869.115,910.508
25,3930161,Italy,25,90.34375,67.9575,104.95625000000001,36.677499999999995,1,929.844,952.392
26,3930161,Albania,11,52.543749999999996,33.9575,55.606249999999996,3.5275000000000034,1,1051.26,1065.794
27,3930161,Italy,6,55.60625000000001,3.527499999999989,104.95625000000001,21.462500000000006,1,1067.568,1074.102
28,3930161,Albania,1,37.23125,28.7725,37.23125,28.7725,1,1101.843,1101.843
29,3930161,Italy,59,30.58125,28.262500000000003,101.28125,13.47249999999999,1,1114.601,1188.527
30,3930161,Italy,4,104.95625000000001,0.04250000000000398,86.40625,37.86749999999999,1,1231.139,1235.447
31,3930161,Albania,4,71.26875,27.1575,46.59375,4.887500000000003,1,1237.71,1242.418
32,3930161,Albania,64,41.956250000000004,5.397500000000001,40.64375,55.97250000000001,1,1279.124,1380.051
33,3930161,Italy,30,32.15625,67.9575,104.95625000000001,61.2425,1,1386.49,1430.753
34,3930161,Albania,5,99.79375,33.7875,8.618749999999991,43.392500000000005,1,1449.532,1458.114
35,3930161,Italy,51,8.618749999999999,43.3925,75.20625000000001,25.542499999999997,1,1462.641,1536.733
36,3930161,Albania,27,75.20625,25.542500000000004,5.46875,62.77250000000001,1,1537.912,1577.341
37,3930161,Italy,110,5.46875,62.7725,86.75625000000001,23.587500000000006,1,1580.545,1709.827
38,3930161,Albania,5,86.75625,23.5875,81.33125,2.592500000000001,1,1710.42,1715.054
39,3930161,Albania,5,83.25625,0.04250000000000398,72.49375,2.507499999999993,1,1729.482,1733.47
40,3930161,Italy,59,72.49375000000002,2.507499999999993,98.74375000000002,58.9475,1,1734.334,1823.272
41,3930161,Italy,5,94.36875,67.9575,99.96875,60.0525,1,1846.226,1847.836
42,3930161,Albania,3,96.03125,61.2425,36.618750000000006,41.6925,1,1875.02,1880.643
43,3930161,Italy,6,16.318749999999998,33.4475,47.99374999999999,0.04250000000000398,1,1883.084,1889.761
44,3930161,Italy,58,40.46875,0.04250000000000398,84.65625,67.3625,1,1898.415,1982.398
45,3930161,Albania,13,75.64375,67.9575,67.24375,64.1325,1,2106.163,2123.229
46,3930161,Albania,17,67.24375,64.1325,59.193749999999994,51.6375,1,2127.0455,2155.439
47,3930161,Italy,10,59.19375000000001,51.6375,51.05625,0.04250000000000398,1,2158.433,2172.885
48,3930161,Italy,114,51.05625,0.04250000000000398,94.63125,67.9575,1,2184.074,2314.938
49,3930161,Italy,19,94.63125,67.9575,102.68125,28.8575,1,2337.503,2359.039
50,3930161,Italy,3,104.95625000000001,0.04250000000000398,87.19375,19.932499999999997,1,2399.597,2403.422
51,3930161,Albania,4,87.19375,19.932499999999997,84.91875,0.04250000000000398,1,2404.666,2407.95
52,3930161,Albania,3,84.91875,0.04250000000000398,56.56875,3.3575000000000017,1,2416.376,2422.198
53,3930161,Albania,43,55.168749999999996,0.04250000000000398,24.71875,49.2575,1,2436.807,2507.158
54,3930161,Italy,24,24.71875,49.2575,62.43125,0.04250000000000398,1,2507.57,2546.949
55,3930161,Albania,12,75.03125,0.04250000000000398,71.70625,4.037500000000001,1,2555.633,2574.17
56,3930161,Albania,4,59.981249999999996,0.04250000000000398,39.41875,6.417499999999997,1,2586.622,2590.125
57,3930161,Albania,4,38.193749999999994,8.7975,0.04374999999998863,28.7725,1,2622.446,2629.787
58,3930161,Italy,16,5.8187500000000005,25.8825,47.99374999999999,1.7425000000000068,1,2659.934,2678.326
59,3930161,Italy,40,49.56875,0.04250000000000398,104.95625000000001,39.9075,1,2695.134,2775.297
60,3930161,Albania,1,99.79375,33.4475,41.08125,25.2875,1,2807.864,2807.864
61,3930161,Italy,5,41.081250000000004,25.287499999999994,61.90625,55.1225,1,2811.85,2816.577
62,3930161,Albania,4,67.06875,54.1875,54.731249999999996,52.7425,1,2818.57,2822.731
63,3930161,Italy,4,54.731249999999996,52.7425,51.14375,57.4175,1,2823.016,2824.153
64,3930161,Italy,26,50.53125,67.9575,76.95625,0.04250000000000398,1,2835.016,2882.644
65,3930161,Italy,23,52.456250000000004,34.0425,43.706250000000004,17.042499999999997,2,0.839,35.386
66,3930161,Albania,39,43.706250000000004,17.042500000000004,60.76875,19.5925,2,35.386,95.554
67,3930161,Italy,40,60.76875,19.5925,92.44375000000001,32.087500000000006,2,98.94,158.718
68,3930161,Albania,6,89.11875,31.917500000000004,68.29374999999999,4.802500000000002,2,160.196,165.671
69,3930161,Italy,56,61.38125,0.04250000000000398,97.95625000000001,29.792499999999997,2,178.276,265.225
70,3930161,Albania,17,97.95625,29.792500000000004,24.45625,23.927499999999995,2,267.338,300.872
71,3930161,Albania,1,24.018749999999997,19.252499999999998,15.268749999999997,25.542500000000004,2,403.438,403.438
74,3930161,Albania,49,41.78125,50.70250000000001,6.25624999999998,38.462500000000006,2,491.634,568.219
75,3930161,Italy,50,6.2562500000000005,38.4625,93.14375,30.2175,2,571.544,635.834
76,3930161,Albania,1,85.88125,32.0875,49.568749999999994,10.667499999999997,2,663.521,663.521
77,3930161,Italy,5,49.56875,10.667499999999997,79.93125,15.002499999999998,2,665.949,670.946
78,3930161,Albania,22,79.93125,15.002499999999998,57.61875,9.817499999999995,2,672.04,707.159
79,3930161,Albania,2,50.53124999999999,0.04250000000000398,29.706249999999997,8.287500000000001,2,729.706,730.782
80,3930161,Italy,58,29.706250000000004,8.287499999999994,73.45625,49.5975,2,733.075,805.848
81,3930161,Italy,19,84.91875,67.9575,104.95625000000001,38.4625,2,818.332,843.111
82,3930161,Albania,3,99.00625,35.0625,36.70625,51.892500000000005,2,875.719,880.365
83,3930161,Italy,4,36.706250000000004,51.8925,24.456249999999997,64.8125,2,881.025,884.235
84,3930161,Italy,18,29.09375,67.9575,74.68125,20.527500000000003,2,904.744,926.942
85,3930161,Albania,3,74.68124999999999,20.527500000000003,68.99375,7.267499999999998,2,927.494,932.501
86,3930161,Albania,61,68.99375,7.267499999999998,62.168749999999996,52.7425,2,936.4045,1030.507
87,3930161,Italy,62,62.168749999999996,52.7425,104.78125,33.6175,2,1031.535,1111.71
88,3930161,Albania,10,99.96875,42.542500000000004,36.79374999999999,29.452500000000008,2,1128.967,1142.073
89,3930161,Italy,37,35.83125,33.192499999999995,71.61874999999999,37.1025,2,1142.774,1190.701
90,3930161,Albania,6,71.61874999999999,37.1025,48.606249999999996,35.9975,2,1191.4835,1196.913
91,3930161,Italy,22,48.60625,35.997499999999995,101.54375,21.037499999999994,2,1199.362,1223.352
92,3930161,Italy,6,104.95625000000001,0.04250000000000398,102.24375,40.332499999999996,2,1261.632,1267.397
93,3930161,Italy,3,104.95625000000001,67.9575,73.98125,67.9575,2,1317.712,1321.692
94,3930161,Albania,5,73.98124999999999,67.9575,31.106250000000003,63.8775,2,1332.939,1343.025
95,3930161,Albania,4,30.84375,60.22250000000001,7.131249999999994,13.217500000000001,2,1397.453,1408.083
96,3930161,Albania,3,0.04374999999998863,0.04250000000000398,0.04374999999998863,46.792500000000004,2,1431.295,1434.714
97,3930161,Italy,49,4.5062500000000005,26.307499999999997,67.76875,26.732499999999995,2,1459.045,1531.529
98,3930161,Albania,5,67.76875,26.7325,60.24374999999999,14.067500000000003,2,1532.962,1536.078
99,3930161,Italy,42,60.24375000000001,14.067499999999995,60.50625,13.387500000000003,2,1537.037,1601.07
100,3930161,Albania,6,80.63125,6.672499999999999,12.81874999999998,22.397499999999994,2,1604.814,1610.331
101,3930161,Italy,32,12.818749999999998,22.3975,83.78125,12.282499999999999,2,1613.364,1665.238
102,3930161,Albania,4,83.78125,12.282499999999999,78.53125,20.1875,2,1668.119,1671.782
103,3930161,Albania,11,75.38125,19.847499999999997,23.40625,42.4575,2,1685.678,1704.015
104,3930161,Italy,11,23.40625,42.457499999999996,66.89375,12.962499999999999,2,1710.161,1730.712
105,3930161,Italy,3,65.84375,12.792499999999997,92.00625000000001,12.792499999999997,2,1774.515,1778.276
106,3930161,Albania,7,102.59375,22.9075,54.11875,41.0975,2,1781.021,1804.626
107,3930161,Albania,9,60.24374999999999,41.947500000000005,50.00625000000001,16.0225,2,1907.185,1917.591
108,3930161,Albania,25,56.21875,18.487499999999997,6.956249999999997,62.0925,2,1928.124,1969.155
109,3930161,Italy,58,3.0187500000000003,51.7225,101.10625,36.42249999999999,2,1969.921,2050.737
110,3930161,Albania,1,101.63125,36.337500000000006,101.63125,36.337500000000006,2,2051.474,2051.474
111,3930161,Albania,17,101.63125,36.337500000000006,9.231250000000003,41.0975,2,2053.0225,2081.109
112,3930161,Italy,52,9.23125,41.0975,86.75625000000001,14.5775,2,2084.963,2160.453
113,3930161,Albania,6,86.75625,14.5775,68.03125,7.862499999999997,2,2161.463,2169.085
114,3930161,Italy,24,68.03125,7.862499999999997,35.56875000000001,18.997499999999995,2,2171.313,2199.477
115,3930161,Italy,72,35.83125,0.04250000000000398,56.21875,45.8575,2,2251.515,2351.512
116,3930161,Italy,17,55.25625,48.5775,35.56875000000001,26.22249999999999,2,2372.499,2397.638
117,3930161,Albania,29,35.568749999999994,26.222499999999997,1.61875,4.9724999999999895,2,2399.218,2441.281
118,3930161,Italy,1,3.5437499999999993,0.04250000000000398,24.45625,5.822499999999998,2,2496.812,2496.812
119,3930161,Albania,24,24.456249999999997,5.822499999999998,29.18124999999999,64.9825,2,2498.194,2526.135
120,3930161,Italy,45,29.181250000000002,64.9825,37.23125,3.0174999999999983,2,2527.739,2579.203
121,3930161,Italy,7,47.46875,0.04250000000000398,56.91875,39.6525,2,2594.541,2604.462
122,3930161,Albania,38,56.918749999999996,39.65250000000001,3.28125,41.4375,2,2604.462,2675.772
123,3930161,Italy,1,4.76875,39.99249999999999,55.518750000000004,44.4975,2,2717.449,2717.449
124,3930161,Albania,4,55.51875,44.4975,8.53125,41.0125,2,2720.709,2725.503
128,3930161,Italy,15,16.66875,25.8825,62.78125,41.0975,2,2828.556,2853.041
129,3930161,Italy,11,62.34375,41.6925,65.14375000000001,5.142499999999998,2,2878.341,2894.503
130,3930161,Albania,10,76.16875,0.04250000000000398,39.06874999999998,56.2275,2,2902.846,2914.992
131,3930161,Italy,5,39.06875,56.2275,54.46875,34.127500000000005,2,2917.557,2921.538
132,3930161,Italy,8,53.76875,31.832499999999996,78.53125,22.2275,2,2940.098,2948.43
133,3930161,Albania,6,82.38125,19.167500000000004,18.068749999999994,12.537500000000001,2,2949.176,2955.01
134,3930161,Italy,7,18.068749999999998,12.537499999999994,55.518750000000004,12.02749999999999,2,2960.613,2966.707
135,3930161,Albania,19,55.51875,12.027499999999996,0.04374999999998863,38.377500000000005,2,2968.518,2999.044
2,3938637,Poland,4,52.456250000000004,34.0425,93.84375,48.6625,1,1.289,7.984
3,3938637,Netherlands,31,93.84375,48.662499999999994,31.106250000000003,61.1575,1,11.143,57.921
4,3938637,Netherlands,4,33.11874999999999,67.9575,9.23125,65.6625,1,79.596,84.243
5,3938637,Netherlands,8,10.456249999999997,67.9575,0.65625,31.662499999999994,1,94.206,106.063
6,3938637,Netherlands,30,0.04374999999998863,0.04250000000000398,35.74374999999999,9.987499999999997,1,134.645,199.573
7,3938637,Poland,2,33.38125000000001,3.102499999999992,34.34375,2.8474999999999966,1,201.692,202.236
8,3938637,Poland,5,39.68125,0.04250000000000398,37.66875,3.1025000000000063,1,229.476,231.836
9,3938637,Poland,5,32.85625,0.04250000000000398,43.706250000000004,67.9575,1,234.734,245.174
10,3938637,Poland,2,44.23125,67.9575,82.99375,53.6775,1,256.806,258.309
11,3938637,Netherlands,35,82.99375,53.6775,6.781250000000001,33.2775,1,261.077,332.259
12,3938637,Poland,20,6.781250000000001,33.2775,82.99375,20.7825,1,344.474,383.492
13,3938637,Netherlands,25,82.99375,20.7825,47.556250000000006,2.762500000000003,1,385.509,425.475
14,3938637,Netherlands,24,49.13125,2.4224999999999994,6.78125,19.677499999999995,1,432.508,474.916
15,3938637,Netherlands,2,0.04374999999998863,0.04250000000000398,11.243749999999991,67.9575,1,506.191,507.68
16,3938637,Netherlands,7,11.243749999999991,67.9575,0.04374999999998863,37.95250000000001,1,527.981,534.853
17,3938637,Poland,16,5.20625,25.627499999999998,95.15625,21.887500000000003,1,557.356,589.109
18,3938637,Poland,9,87.36875,0.04250000000000398,53.24374999999999,67.9575,1,609.63,625.574
19,3938637,Netherlands,7,53.24374999999999,67.9575,32.24375,5.397500000000001,1,631.582,663.59
20,3938637,Netherlands,30,30.84375,0.04250000000000398,30.143749999999997,44.412499999999994,1,669.753,707.619
21,3938637,Poland,28,30.406250000000004,49.0875,93.05625,47.8125,1,708.752,745.206
22,3938637,Netherlands,16,91.13125,51.807500000000005,0.04374999999998863,29.5375,1,773.292,814.771
23,3938637,Poland,18,5.20625,42.2875,56.04375,14.152499999999996,1,843.885,867.805
24,3938637,Poland,5,59.893750000000004,14.832499999999996,104.95625000000001,67.9575,1,918.617,924.831
25,3938637,Poland,2,104.95625000000001,67.9575,104.95625000000001,31.832499999999996,1,949.15,950.43
26,3938637,Netherlands,11,51.668749999999996,34.042500000000004,34.60625,2.762500000000003,1,1025.327,1050.3
27,3938637,Netherlands,54,34.60625,2.762500000000003,2.5812500000000114,61.072500000000005,1,1053.0785,1136.26
28,3938637,Netherlands,5,0.04374999999998863,67.9575,17.28125,67.9575,1,1166.17,1171.474
29,3938637,Netherlands,11,17.28125,67.9575,16.318749999999994,59.20250000000001,1,1204.182,1219.439
30,3938637,Poland,10,16.318749999999998,59.2025,54.46875000000001,65.0675,1,1220.889,1230.206
31,3938637,Netherlands,16,54.293749999999996,63.45250000000001,30.143749999999997,26.5625,1,1230.91,1252.236
32,3938637,Poland,12,30.143750000000004,26.5625,49.393750000000004,29.4525,1,1253.839,1268.782
33,3938637,Netherlands,6,49.39374999999999,29.452500000000008,0.04374999999998863,36.167500000000004,1,1271.172,1276.016
34,3938637,Poland,5,5.20625,39.1425,49.481249999999996,29.2825,1,1303.429,1311.713
35,3938637,Poland,7,48.60625,25.627499999999998,66.89375,30.982499999999995,1,1351.484,1357.456
36,3938637,Netherlands,7,68.99375,35.3175,1.3562500000000028,0.21250000000000568,1,1358.81,1366.684
37,3938637,Poland,1,16.756249999999998,0.04250000000000398,60.85625,5.907499999999999,1,1399.239,1399.239
38,3938637,Netherlands,40,60.856249999999996,5.907499999999999,9.056249999999991,25.2025,1,1404.322,1466.298
39,3938637,Netherlands,42,0.04374999999998863,0.04250000000000398,82.73125,26.647499999999994,1,1494.755,1559.281
40,3938637,Netherlands,16,82.73125,26.647499999999994,1.0062499999999943,29.622500000000002,1,1575.276,1603.69
41,3938637,Netherlands,33,0.04374999999998863,0.04250000000000398,0.04374999999998863,27.752500000000005,1,1618.248,1671.67
42,3938637,Poland,2,5.20625,41.352500000000006,50.79375,38.8875,1,1695.579,1697.035
43,3938637,Netherlands,20,50.79375,38.8875,0.04374999999998863,33.9575,1,1699.182,1729.902
45,3938637,Poland,12,52.456250000000004,34.0425,85.35624999999999,67.9575,1,1781.321,1804.647
46,3938637,Netherlands,13,82.46875,67.9575,25.76875000000001,51.9775,1,1818.837,1833.895
47,3938637,Poland,3,24.36875,51.977500000000006,33.03125,53.59250000000001,1,1834.934,1838.277
48,3938637,Poland,53,33.03125,53.5925,100.66875,20.78249999999999,1,1849.617,1964.582
49,3938637,Netherlands,3,100.66875,20.7825,83.95625,5.482500000000002,1,1966.566,1972.205
50,3938637,Netherlands,16,84.21875,5.907499999999999,38.193749999999994,67.9575,1,1984.661,2018.988
51,3938637,Poland,43,37.84375,67.9575,93.49375,44.9225,1,2038.935,2090.123
52,3938637,Netherlands,4,93.49375,44.9225,95.50625,66.2575,1,2091.129,2096.408
53,3938637,Netherlands,11,87.45625,67.9575,68.20625000000001,59.6275,1,2117.754,2124.411
54,3938637,Netherlands,8,68.03125,59.0325,55.16875000000001,7.522500000000001,1,2129.568,2141.384
55,3938637,Netherlands,36,57.53125,7.182499999999997,13.431249999999991,67.9575,1,2151.494,2205.523
56,3938637,Netherlands,7,13.431249999999991,67.9575,19.38124999999998,66.42750000000001,1,2221.597,2230.351
57,3938637,Poland,3,12.99375,67.9575,36.35624999999999,65.8325,1,2261.524,2266.38
58,3938637,Poland,43,39.41875,65.8325,52.893750000000004,67.9575,1,2283.474,2360.216
59,3938637,Netherlands,8,53.76875,67.9575,24.543750000000003,67.9575,1,2368.592,2378.859
60,3938637,Netherlands,33,24.543750000000003,67.9575,42.39375,17.3825,1,2387.033,2445.655
61,3938637,Netherlands,40,49.65625,12.197499999999998,0.04374999999998863,32.1725,1,2457.245,2505.423
62,3938637,Poland,2,5.20625,40.67249999999999,91.04375,30.8125,1,2544.152,2547.932
63,3938637,Netherlands,25,91.04375,30.8125,25.76875,64.4725,1,2551.885,2602.792
64,3938637,Poland,20,31.80625,57.2475,101.98124999999999,30.8975,1,2604.651,2639.367
65,3938637,Netherlands,9,100.93125,34.2975,18.76875,21.377499999999998,1,2652.278,2668.107
66,3938637,Netherlands,7,10.893749999999997,0.04250000000000398,0.04374999999998863,40.3325,1,2690.431,2696.581
67,3938637,Poland,4,4.68125,30.2175,65.49375,39.9075,1,2733.333,2737.46
68,3938637,Netherlands,15,65.49375,39.9075,0.04374999999998863,29.792500000000004,1,2737.8865,2758.416
69,3938637,Netherlands,10,52.543749999999996,33.9575,25.85625,67.9575,2,0.745,15.447
70,3938637,Netherlands,53,20.081249999999997,67.9575,65.14375,0.04250000000000398,2,34.69,96.804
71,3938637,Netherlands,55,65.14375,0.04250000000000398,0.04374999999998863,28.8575,2,120.575,187.577
72,3938637,Poland,3,6.08125,41.8625,39.243750000000006,67.9575,2,215.179,218.712
73,3938637,Netherlands,3,37.318749999999994,67.9575,5.3812500000000005,63.792500000000004,2,225.56,232.767
74,3938637,Netherlands,13,1.4437499999999943,67.9575,25.15625,42.20250000000001,2,239.596,252.498
75,3938637,Poland,6,23.84375,42.457499999999996,43.79375,57.417500000000004,2,253.553,258.46
76,3938637,Netherlands,3,43.79375,57.4175,45.893750000000004,60.22250000000001,2,258.46,260.726
77,3938637,Netherlands,3,35.74374999999999,67.9575,9.581249999999999,60.3925,2,281.417,286.237
78,3938637,Netherlands,3,7.043749999999989,67.9575,6.2562500000000005,58.5225,2,296.74,300.037
79,3938637,Poland,5,6.08125,40.417500000000004,57.70625,50.7025,2,319.122,325.436
80,3938637,Netherlands,11,57.70625,50.70250000000001,0.04374999999998863,50.0225,2,327.776,347.337
81,3938637,Poland,2,6.08125,26.902500000000003,24.36875,3.782499999999999,2,369.58,371.929
82,3938637,Netherlands,7,24.36874999999999,3.782499999999999,24.71875,30.2175,2,372.981,380.717
83,3938637,Poland,5,13.86875,46.9625,30.23124999999999,61.49750000000001,2,382.621,390.608
84,3938637,Poland,13,32.94375,62.6875,56.56875,15.087499999999999,2,462.194,482.991
85,3938637,Poland,11,51.49375,15.59749999999999,86.75625000000001,22.9925,2,499.809,514.684
86,3938637,Netherlands,8,86.75625,22.9925,0.04374999999998863,38.9725,2,515.623,525.284
87,3938637,Poland,9,6.08125,40.417500000000004,21.30625,63.792500000000004,2,589.945,599.408
88,3938637,Poland,7,21.30625,63.792500000000004,29.09375,67.9575,2,604.2855,618.158
89,3938637,Netherlands,46,23.318749999999994,67.9575,13.518749999999997,30.302500000000002,2,637.45,693.851
90,3938637,Poland,7,13.51875,30.302499999999995,83.08125,63.62250000000001,2,694.986,710.567
91,3938637,Poland,19,83.69375000000001,63.1125,103.46875,33.6175,2,751.215,784.823
92,3938637,Netherlands,1,103.64375,33.2775,103.64375,33.2775,2,785.662,785.662
93,3938637,Netherlands,27,94.36875,35.6575,21.30624999999999,18.317500000000003,2,798.347,835.849
94,3938637,Poland,11,21.30625,18.317499999999995,103.20625,47.6425,2,839.621,857.622
95,3938637,Poland,11,104.95625000000001,67.9575,93.31875000000001,37.272499999999994,2,888.832,915.395
96,3938637,Netherlands,7,93.31875,37.2725,68.03125,39.4825,2,916.12,923.629
97,3938637,Poland,13,68.03125,39.482499999999995,97.08125,17.042499999999997,2,925.194,943.03
98,3938637,Netherlands,3,98.04375,18.317500000000003,63.13125,47.3875,2,1017.992,1022.661
99,3938637,Poland,35,63.13125000000001,47.3875,78.61875,62.5175,2,1023.869,1069.571
100,3938637,Netherlands,3,67.41874999999999,67.9575,40.206250000000004,49.9375,2,1091.947,1096.163
101,3938637,Netherlands,25,38.45625000000001,49.9375,0.04374999999998863,27.242500000000007,2,1110.803,1145.43
102,3938637,Poland,3,6.08125,35.9125,65.93125000000002,45.1775,2,1172.442,1174.501
103,3938637,Netherlands,24,65.93125,45.1775,8.793750000000003,0.04250000000000398,2,1178.845,1214.111
104,3938637,Netherlands,3,8.793750000000003,0.04250000000000398,7.393749999999997,21.207499999999996,2,1228.914,1233.167
105,3938637,Poland,10,7.393749999999999,21.207499999999996,36.35625,3.697499999999991,2,1233.962,1248.15
106,3938637,Netherlands,2,36.35624999999999,3.697500000000005,28.74374999999999,2.082499999999996,2,1250.095,1253.265
107,3938637,Netherlands,26,33.29374999999999,0.04250000000000398,11.856249999999998,5.737499999999997,2,1280.77,1311.824
108,3938637,Poland,9,11.856249999999998,5.737499999999997,83.95625,20.527500000000003,2,1312.866,1325.776
109,3938637,Netherlands,20,83.95625,20.527500000000003,10.981250000000003,52.912499999999994,2,1327.4845,1367.954
110,3938637,Netherlands,15,10.981250000000003,52.912499999999994,6.08125,38.9725,2,1372.8065000000001,1388.482
111,3938637,Poland,3,6.08125,38.9725,49.21875,25.8825,2,1414.8,1419.045
112,3938637,Netherlands,4,49.21875,25.8825,28.74375,17.212500000000006,2,1421.411,1424.944
113,3938637,Netherlands,18,49.21875,0.04250000000000398,7.568749999999994,61.49750000000001,2,1433.035,1467.558
114,3938637,Poland,1,14.39375,60.8175,73.71875,67.1925,2,1504.175,1504.175
115,3938637,Netherlands,68,68.46875,67.9575,7.7437499999999915,48.0675,2,1521.85,1647.522
116,3938637,Netherlands,2,0.04374999999998863,67.9575,0.04374999999998863,34.2975,2,1669.23,1670.66
117,3938637,Poland,2,6.08125,27.3275,8.181249999999991,0.04250000000000398,2,1708.665,1712.461
118,3938637,Poland,15,21.56875,0.04250000000000398,100.31875000000001,32.59749999999999,2,1739.361,1762.801
119,3938637,Netherlands,61,100.31875,32.5975,0.21875,57.07750000000001,2,1764.31,1889.992
120,3938637,Poland,5,6.08125,39.9075,66.89375,48.7475,2,1956.46,1970.365
121,3938637,Poland,4,68.29375,67.9575,103.29375,59.4575,2,1996.608,2004.027
122,3938637,Poland,6,104.95625000000001,67.9575,103.55625,32.59749999999999,2,2054.332,2063.738
123,3938637,Netherlands,11,103.55625,32.5975,7.131249999999994,59.287499999999994,2,2066.025,2094.104
124,3938637,Netherlands,15,12.381249999999994,67.9575,7.831249999999997,63.02750000000001,2,2138.076,2160.466
125,3938637,Poland,3,6.08125,39.0575,60.33125,18.572499999999998,2,2185.17,2192.828
126,3938637,Netherlands,4,61.20625,9.5625,24.36875,41.4375,2,2196.785,2201.222
127,3938637,Poland,8,24.36875,41.4375,51.05625,4.547499999999992,2,2202.172,2223.844
128,3938637,Netherlands,4,51.05625,4.547499999999999,36.61875,7.522500000000001,2,2227.486,2234.356
129,3938637,Netherlands,15,37.84375,7.182499999999997,0.04374999999998863,32.5125,2,2238.531,2262.254
130,3938637,Poland,5,53.331250000000004,33.957499999999996,99.53125,58.097500000000004,2,2415.484,2424.391
131,3938637,Netherlands,2,99.53125,58.09750000000001,92.44375,67.6175,2,2428.438,2429.829
132,3938637,Poland,1,91.56875000000001,67.9575,103.11875,38.207499999999996,2,2503.192,2503.192
133,3938637,Netherlands,19,96.81875,41.3525,30.406250000000004,66.0025,2,2516.584,2552.99
134,3938637,Netherlands,5,32.41875,63.2825,37.49374999999999,56.2275,2,2603.182,2611.916
135,3938637,Poland,14,37.493750000000006,56.2275,104.95625000000001,38.292500000000004,2,2615.139,2628.424
136,3938637,Netherlands,2,99.79375,37.8675,53.856249999999996,67.9575,2,2662.027,2669.856
137,3938637,Netherlands,1,53.856249999999996,67.9575,28.30624999999999,57.4175,2,2693.234,2693.234
138,3938637,Poland,5,28.306250000000002,57.417500000000004,53.15625,67.9575,2,2696.23,2701.6
139,3938637,Netherlands,8,53.15625,67.9575,38.45625000000001,57.7575,2,2721.342,2729.532
140,3938637,Poland,15,38.456250000000004,57.7575,101.89375,5.5674999999999955,2,2731.25,2748.961
141,3938637,Netherlands,1,101.54375,4.037500000000001,38.193749999999994,8.372500000000002,2,2782.333,2782.333
142,3938637,Poland,11,38.19375000000001,8.372499999999995,100.05625,22.90749999999999,2,2785.532,2800.395
143,3938637,Netherlands,9,100.05625,22.9075,103.99375,33.70250000000001,2,2801.705,2808.11
144,3938637,Netherlands,6,90.69375,40.84250000000001,8.006249999999994,19.252499999999998,2,2830.912,2839.982
145,3938637,Poland,12,8.006249999999998,19.252499999999998,91.91875,16.6175,2,2844.294,2872.536
146,3938637,Poland,10,85.53125,0.04250000000000398,68.81875000000001,51.977500000000006,2,2877.233,2896.973
147,3938637,Netherlands,5,67.33125,46.3675,99.79375,38.9725,2,2898.422,2906.082
148,3938637,Netherlands,16,99.79375,38.9725,41.956250000000004,57.502500000000005,2,2935.953,2961.917
149,3938637,Poland,4,41.956250000000004,57.5025,43.35625,63.027499999999996,2,2962.91,2965.768
150,3938637,Poland,10,43.35625,63.027499999999996,103.99375,34.892500000000005,2,2969.5789999999997,2988.261
2,3938640,Slovakia,23,52.456250000000004,34.0425,104.95625000000001,45.8575,1,0.45,33.064
3,3938640,Ukraine,7,98.91875,28.7725,28.568749999999994,62.0075,1,51.608,70.507
4,3938640,Slovakia,4,28.56875000000001,62.0075,31.456250000000004,65.6625,1,74.079,76.673
5,3938640,Slovakia,36,33.03125,67.9575,61.90625,66.17250000000001,1,86.712,136.328
6,3938640,Slovakia,32,59.28125,67.1925,92.00625,2.762500000000003,1,156.483,201.43
7,3938640,Slovakia,3,92.00625000000001,0.04250000000000398,95.50625000000001,3.612499999999997,1,217.403,220.37
8,3938640,Ukraine,17,95.50625,3.4424999999999955,23.931250000000006,50.6175,1,233.158,263.959
9,3938640,Slovakia,4,26.381249999999998,50.2775,58.056250000000006,37.357499999999995,1,292.404,301.581
10,3938640,Ukraine,23,68.03125,29.792500000000004,9.231250000000003,25.627499999999998,1,302.723,338.411
11,3938640,Slovakia,3,9.23125,25.627499999999998,6.8687499999999915,18.7425,1,340.06,342.042
12,3938640,Slovakia,33,6.168749999999999,15.767499999999998,102.76875,36.50749999999999,1,372.489,427.686
13,3938640,Ukraine,23,102.76875,36.5075,66.71875,37.1875,1,429.041,471.44
14,3938640,Slovakia,36,66.71875,37.1875,93.66875,65.1525,1,472.41949999999997,526.835
15,3938640,Ukraine,9,93.66875,65.1525,6.518750000000011,45.1775,1,528.78,538.999
16,3938640,Slovakia,36,6.518750000000001,45.1775,66.89375,49.682500000000005,1,541.133,603.263
17,3938640,Ukraine,24,66.89375,49.682500000000005,11.15625,24.947499999999998,1,606.633,641.382
18,3938640,Slovakia,19,11.15625,24.947499999999998,104.95625000000001,39.1425,1,644.802,683.174
19,3938640,Ukraine,34,98.91875,39.3975,2.4937499999999915,33.7875,1,717.07,770.532
20,3938640,Slovakia,1,1.96875,33.957499999999996,1.96875,33.957499999999996,1,771.69,771.69
21,3938640,Slovakia,23,7.831249999999999,33.2775,77.91875,49.2575,1,785.787,823.201
22,3938640,Ukraine,11,77.91875,49.2575,19.55624999999999,48.0675,1,825.388,840.634
23,3938640,Slovakia,14,19.55625,48.0675,25.856250000000003,65.4925,1,841.115,851.095
24,3938640,Slovakia,6,19.381249999999998,67.9575,41.606249999999996,67.9575,1,868.504,874.463
25,3938640,Slovakia,22,35.743750000000006,67.9575,87.19375,24.777500000000003,1,882.337,914.939
26,3938640,Slovakia,2,87.19375000000001,24.862499999999997,103.90625,34.6375,1,987.958,988.607
27,3938640,Slovakia,4,92.70625,67.9575,104.95625000000001,36.082499999999996,1,1012.264,1016.222
28,3938640,Ukraine,3,51.668749999999996,34.042500000000004,28.21875,0.04250000000000398,1,1085.918,1088.974
29,3938640,Slovakia,3,36.79375,0.04250000000000398,62.081250000000004,4.547499999999992,1,1104.907,1105.797
30,3938640,Ukraine,18,62.08125,4.547499999999999,12.993749999999991,45.3475,1,1108.856,1139.325
31,3938640,Slovakia,3,12.99375,45.3475,26.81875,48.4075,1,1140.563,1142.624
32,3938640,Ukraine,8,26.818749999999994,46.3675,19.90625,67.9575,1,1143.043,1152.518
33,3938640,Slovakia,9,12.643749999999999,67.9575,32.85625,62.1775,1,1173.511,1179.532
34,3938640,Slovakia,28,35.48125,67.9575,74.76875000000001,3.4424999999999955,1,1195.619,1237.426
35,3938640,Ukraine,6,74.76875,3.4424999999999955,57.00625,16.872500000000002,1,1237.426,1240.497
36,3938640,Slovakia,16,57.00625000000001,16.872499999999995,70.65625,67.5325,1,1244.028,1265.373
37,3938640,Ukraine,27,73.36874999999999,67.9575,0.04374999999998863,38.9725,1,1274.056,1321.012
38,3938640,Slovakia,15,5.20625,31.662499999999994,87.71875,20.9525,1,1347.933,1377.17
39,3938640,Ukraine,21,87.19375,20.9525,41.256249999999994,15.767499999999998,1,1389.043,1417.147
40,3938640,Slovakia,34,41.25625,15.767499999999998,100.66875,24.777500000000003,1,1418.346,1469.136
41,3938640,Ukraine,27,100.66875,24.777500000000003,57.00625,2.507499999999993,1,1471.51,1529.007
42,3938640,Slovakia,27,57.00625000000001,2.507499999999993,88.06875,34.1275,1,1533.468,1570.524
43,3938640,Ukraine,13,88.06875,34.127500000000005,61.46875,65.4925,1,1571.48,1583.566
44,3938640,Slovakia,31,61.46875,65.4925,75.46875,28.007500000000007,1,1586.043,1634.895
45,3938640,Ukraine,14,75.46875,28.007500000000007,5.643750000000011,25.627499999999998,1,1636.917,1659.433
46,3938640,Ukraine,2,0.04374999999998863,0.04250000000000398,0.04374999999998863,0.04250000000000398,1,1692.807,1693.882
47,3938640,Ukraine,7,0.04374999999998863,0.04250000000000398,0.04374999999998863,38.6325,1,1701.906,1710.778
48,3938640,Slovakia,37,5.20625,28.942499999999995,96.29375,19.5925,1,1731.544,1794.541
49,3938640,Slovakia,5,95.50625000000001,0.04250000000000398,103.73125,19.932499999999997,1,1814.635,1818.36
50,3938640,Slovakia,1,96.03125,38.122499999999995,96.03125,38.122499999999995,1,1872.987,1872.987
51,3938640,Ukraine,59,94.63125,38.292500000000004,6.34375,39.5675,1,1887.726,1990.739
52,3938640,Slovakia,24,5.99375,38.4625,102.59375,36.50749999999999,1,2049.778,2084.091
53,3938640,Ukraine,21,102.59375,36.5075,5.20625,25.457499999999996,1,2086.112,2125.67
54,3938640,Slovakia,28,5.20625,25.457499999999996,61.11874999999999,23.332499999999996,1,2127.3185000000003,2171.306
55,3938640,Slovakia,5,64.09375,22.2275,77.48125,26.3925,1,2191.356,2194.609
56,3938640,Ukraine,7,77.48125,26.3925,24.89375,59.4575,1,2194.609,2203.421
57,3938640,Ukraine,3,5.90625,67.9575,12.46875,28.347499999999997,1,2208.841,2212.575
58,3938640,Slovakia,6,12.46875,28.34749999999999,21.74375,53.5925,1,2214.697,2219.407
59,3938640,Ukraine,5,25.418750000000003,54.6125,0.04374999999998863,26.3925,1,2219.665,2227.394
60,3938640,Slovakia,25,5.20625,31.832499999999996,104.78125,46.9625,1,2259.731,2299.599
61,3938640,Ukraine,13,98.91875,38.462500000000006,47.20625,49.6825,1,2309.725,2343.645
62,3938640,Ukraine,25,44.40625000000001,50.0225,7.831249999999997,43.392500000000005,1,2353.596,2391.871
63,3938640,Slovakia,8,7.831249999999999,43.2225,72.84375,4.377499999999991,1,2423.008,2434.772
64,3938640,Ukraine,13,72.84375,4.377499999999998,12.818749999999998,58.0125,1,2445.003,2469.412
65,3938640,Ukraine,4,11.856250000000003,55.377500000000005,5.20625,31.322499999999998,1,2529.973,2533.797
66,3938640,Slovakia,15,5.20625,31.322499999999998,103.20625,36.252500000000005,1,2574.914,2592.766
67,3938640,Slovakia,45,104.95625000000001,0.04250000000000398,97.16875,58.4375,1,2634.859,2711.417
68,3938640,Ukraine,7,96.99375,55.6325,23.23124999999999,20.442500000000003,1,2727.104,2737.114
69,3938640,Slovakia,10,23.23125,20.442499999999995,51.143750000000004,5.482500000000002,1,2739.088,2747.16
70,3938640,Ukraine,8,51.14375,5.482500000000002,61.64375,4.037500000000001,1,2749.789,2759.493
71,3938640,Ukraine,4,52.543749999999996,33.9575,25.506249999999994,13.8125,2,0.613,5.788
73,3938640,Ukraine,12,88.94375,35.4875,104.34375,0.3824999999999932,2,80.795,108.271
74,3938640,Slovakia,12,101.28125,0.04250000000000398,97.16875,0.04250000000000398,2,145.55,152.916
75,3938640,Slovakia,8,97.16875,0.04250000000000398,91.91874999999999,30.8125,2,169.521,177.683
76,3938640,Ukraine,8,86.93125,28.6875,43.96874999999999,13.7275,2,185.995,196.492
77,3938640,Slovakia,14,43.96875,13.7275,72.75625,0.04250000000000398,2,197.459,219.623
78,3938640,Slovakia,4,75.29375,0.04250000000000398,80.19375000000001,2.082499999999996,2,240.406,242.707
79,3938640,Ukraine,10,78.96875,1.9124999999999943,35.74374999999999,18.8275,2,243.72,259.198
80,3938640,Slovakia,30,35.743750000000006,18.8275,98.91874999999999,67.6175,2,260.183,299.218
81,3938640,Ukraine,3,92.88125,67.9575,63.56875000000001,65.4075,2,312.066,316.012
82,3938640,Ukraine,13,66.63125,64.2175,6.168750000000003,67.9575,2,323.006,341.757
83,3938640,Ukraine,12,6.168750000000003,67.9575,12.90625,43.307500000000005,2,357.675,373.842
84,3938640,Slovakia,3,12.90625,43.3075,32.50624999999998,42.96750000000001,2,374.468,378.833
85,3938640,Slovakia,8,34.518750000000004,45.8575,75.46875,12.02749999999999,2,406.4,416.43
86,3938640,Ukraine,7,75.46875,12.027499999999996,69.34375,7.182499999999997,2,419.465,425.61
87,3938640,Slovakia,22,63.83125,14.237499999999997,79.23124999999999,28.6875,2,427.272,466.239
88,3938640,Ukraine,11,79.23125,28.6875,0.04374999999998863,31.067500000000003,2,469.004,487.806
89,3938640,Slovakia,3,53.331250000000004,33.957499999999996,26.556249999999995,57.6725,2,547.426,550.314
90,3938640,Slovakia,2,26.556249999999995,67.9575,26.29374999999999,61.752500000000005,2,571.802,572.688
91,3938640,Slovakia,3,27.343750000000004,62.2625,63.13125000000001,12.02749999999999,2,579.545,584.41
92,3938640,Ukraine,28,50.443749999999994,6.247500000000002,4.243750000000006,46.537499999999994,2,587.668,622.658
93,3938640,Slovakia,24,4.24375,46.5375,75.03125,48.0675,2,626.577,675.11
94,3938640,Ukraine,12,75.03125,48.0675,87.36875,39.7375,2,676.329,697.336
96,3938640,Ukraine,18,88.06875,36.167500000000004,87.54375,19.762500000000003,2,738.986,762.818
97,3938640,Ukraine,34,87.36875,32.5125,20.081249999999997,49.002500000000005,2,764.604,822.419
98,3938640,Slovakia,9,2.66875,32.3425,48.16875,65.9175,2,824.639,853.728
99,3938640,Ukraine,12,51.93124999999999,67.9575,13.081250000000011,67.9575,2,886.987,905.818
100,3938640,Ukraine,7,13.081250000000011,67.9575,1.8812499999999943,56.65250000000001,2,911.707,917.129
101,3938640,Ukraine,14,0.04374999999998863,67.9575,35.48125,30.642500000000005,2,935.719,956.884
102,3938640,Slovakia,8,35.21875,31.5775,62.518750000000004,2.8474999999999966,2,977.556,988.668
103,3938640,Ukraine,10,62.51875,2.8474999999999966,35.48125,45.3475,2,988.668,997.078
104,3938640,Slovakia,1,35.48125,45.3475,43.18125,48.2375,2,998.546,998.546
105,3938640,Slovakia,2,15.793750000000001,62.6875,48.69375000000001,67.7875,2,1087.128,1091.648
106,3938640,Ukraine,13,49.65625,67.9575,0.21875,27.497500000000002,2,1102.915,1121.458
107,3938640,Slovakia,8,5.8187500000000005,38.802499999999995,41.69375000000001,5.737499999999997,2,1182.482,1192.699
108,3938640,Ukraine,10,41.69374999999999,5.737499999999997,14.65625,67.2775,2,1194.668,1205.508
109,3938640,Slovakia,10,17.106250000000003,67.9575,66.80625,10.837500000000006,2,1239.702,1247.444
110,3938640,Ukraine,9,66.28125,15.002499999999998,59.80624999999999,1.6574999999999989,2,1317.961,1327.024
111,3938640,Slovakia,4,67.76875,0.04250000000000398,68.03125,3.1025000000000063,2,1341.66,1343.61
112,3938640,Ukraine,30,67.06875,4.972500000000004,1.7062499999999972,18.8275,2,1344.708,1393.405
113,3938640,Ukraine,13,0.04374999999998863,0.04250000000000398,20.518749999999997,48.2375,2,1419.163,1443.735
114,3938640,Slovakia,1,20.518749999999997,41.4375,78.70625000000001,26.052499999999995,2,1482.815,1482.815
115,3938640,Ukraine,11,78.70625,26.052499999999995,51.93124999999999,11.6025,2,1485.834,1495.328
116,3938640,Slovakia,3,49.831250000000004,15.172499999999992,43.96874999999999,23.1625,2,1496.744,1498.281
117,3938640,Slovakia,8,43.96875,23.927499999999995,56.831250000000004,58.182500000000005,2,1520.873,1531.133
118,3938640,Ukraine,4,56.83125,58.182500000000005,35.743750000000006,64.3875,2,1531.992,1536.572
119,3938640,Ukraine,10,36.96875,67.9575,7.918750000000003,29.877500000000005,2,1542.957,1556.871
120,3938640,Slovakia,14,7.918749999999999,29.877499999999998,47.90625000000001,64.2175,2,1558.718,1581.597
121,3938640,Slovakia,11,50.00625000000001,64.8125,50.618750000000006,0.04250000000000398,2,1589.552,1613.401
122,3938640,Slovakia,12,50.618750000000006,0.04250000000000398,86.58125,65.7475,2,1617.732,1631.298
123,3938640,Ukraine,3,86.58125,65.74750000000002,88.15625,65.4075,2,1635.386,1636.742
124,3938640,Ukraine,21,88.41875,65.1525,8.181249999999991,45.8575,2,1644.628,1682.098
125,3938640,Slovakia,18,8.18125,45.8575,95.59375,17.127499999999998,2,1682.885,1709.181
126,3938640,Ukraine,10,95.59375,17.127499999999998,1.09375,30.982499999999995,2,1709.181,1725.12
127,3938640,Slovakia,13,1.09375,30.982499999999995,23.58125,37.442499999999995,2,1725.5169999999998,1742.794
129,3938640,Slovakia,7,17.106250000000003,58.3525,41.956250000000004,64.8975,2,1811.824,1819.774
130,3938640,Ukraine,47,42.918749999999996,67.9575,38.89375,59.2875,2,1825.18,1890.517
132,3938640,Ukraine,20,60.59375,42.96750000000001,90.69375,67.6175,2,1946.727,1972.291
133,3938640,Slovakia,4,86.40625,67.9575,86.23125,65.4075,2,1979.414,1982.932
134,3938640,Ukraine,35,86.23125,67.9575,0.04374999999998863,34.2975,2,1989.228,2045.078
135,3938640,Slovakia,4,53.331250000000004,33.957499999999996,86.23125,61.5825,2,2121.431,2128.429
136,3938640,Slovakia,29,87.71875,67.9575,104.95625000000001,49.0875,2,2132.017,2177.666
137,3938640,Ukraine,1,100.05625,33.5325,43.706250000000004,49.9375,2,2225.212,2225.212
138,3938640,Slovakia,3,43.706250000000004,49.9375,38.89375,67.9575,2,2227.431,2230.327
139,3938640,Slovakia,42,38.89375,67.9575,80.19375,48.2375,2,2236.96,2301.767
140,3938640,Slovakia,1,80.54375,49.5975,104.95625000000001,30.8975,2,2349.548,2349.548
141,3938640,Ukraine,2,99.88125,33.5325,43.706250000000004,60.817499999999995,2,2409.992,2413.532
142,3938640,Slovakia,8,41.69375000000001,53.082499999999996,19.29375,63.4525,2,2415.383,2423.797
143,3938640,Slovakia,18,14.39375,47.727500000000006,85.96875,58.3525,2,2444.579,2471.196
144,3938640,Slovakia,2,85.96875,59.1175,101.28125,32.0875,2,2498.705,2500.145
145,3938640,Slovakia,15,93.14375,0.04250000000000398,104.95625000000001,39.1425,2,2508.228,2528.503
146,3938640,Ukraine,1,42.74374999999999,47.0475,42.74374999999999,47.0475,2,2563.44,2563.44
147,3938640,Slovakia,16,45.19375000000001,46.0275,88.94375,60.9875,2,2570.556,2594.635
148,3938640,Ukraine,2,86.93125,67.9575,38.71875,44.1575,2,2608.494,2609.723
149,3938640,Slovakia,6,38.71875,44.1575,97.16875,56.4825,2,2614.852,2632.617
150,3938640,Slovakia,2,104.95625000000001,67.9575,104.95625000000001,23.587500000000006,2,2661.145,2662.333
151,3938640,Ukraine,3,100.05625,33.7875,87.36875,40.502500000000005,2,2698.61,2706.154
152,3938640,Slovakia,15,68.03125,67.9575,78.53125,10.072499999999998,2,2714.33,2733.241
153,3938640,Slovakia,31,104.95625000000001,0.04250000000000398,74.06875,2.082499999999996,2,2787.445,2821.949
154,3938640,Ukraine,16,69.51875,0.04250000000000398,17.368750000000006,50.1925,2,2848.439,2880.884
155,3938640,Slovakia,11,17.36875,50.1925,29.26875000000001,65.4075,2,2883.433,2899.953
156,3938640,Slovakia,48,30.056250000000002,67.9575,104.08125000000001,6.502499999999991,2,2908.023,2985.784
2,3938642,Georgia,27,53.331250000000004,33.957499999999996,64.61874999999999,31.152500000000003,1,0.82,34.494
3,3938642,Georgia,6,64.61875,31.832499999999996,89.38125000000001,54.5275,1,48.106,53.653
4,3938642,Czech Republic,33,100.31875,44.752500000000005,20.16874999999999,67.9575,1,55.778,109.548
5,3938642,Czech Republic,14,20.16874999999999,67.9575,2.23125,37.1875,1,128.008,146.752
6,3938642,Czech Republic,6,0.04374999999998863,67.9575,2.23125,33.787499999999994,1,174.586,182.876
7,3938642,Georgia,5,2.23125,33.787499999999994,62.60625,10.667499999999997,1,184.199,193.648
8,3938642,Georgia,4,61.993750000000006,13.387500000000003,104.95625000000001,67.9575,1,223.204,226.318
9,3938642,Georgia,6,104.95625000000001,67.9575,85.09375,34.0425,1,255.394,264.454
10,3938642,Czech Republic,30,85.09375,34.042500000000004,25.94374999999998,2.3375000000000057,1,266.18,317.302
11,3938642,Georgia,7,29.793750000000006,2.592500000000001,13.86875,1.9124999999999943,1,318.099,324.926
12,3938642,Czech Republic,2,13.081250000000011,0.04250000000000398,20.956249999999997,31.322500000000005,1,341.835,343.595
13,3938642,Georgia,7,20.95625,31.322499999999998,97.16875,59.8825,1,344.446,359.702
14,3938642,Czech Republic,62,97.16875,59.8825,13.956249999999997,67.9575,1,359.702,483.562
15,3938642,Czech Republic,7,13.956249999999997,67.9575,25.068749999999998,50.447500000000005,1,510.07,518.677
16,3938642,Georgia,35,25.068749999999998,50.447500000000005,96.73125,17.4675,1,522.563,567.897
17,3938642,Czech Republic,15,102.15625,24.862499999999997,20.60624999999999,4.122500000000002,1,569.381,601.069
18,3938642,Georgia,3,20.60625,4.122499999999995,43.09375,4.122500000000002,1,603.095,609.878
19,3938642,Georgia,12,48.34375,4.6325,86.58125,41.4375,1,647.284,666.581
20,3938642,Czech Republic,23,86.05625,43.7325,45.98125,11.857500000000002,1,688.632,717.592
21,3938642,Czech Republic,22,47.29375,13.1325,29.793750000000006,67.8725,1,727.774,772.193
22,3938642,Czech Republic,8,30.23124999999999,67.9575,8.793750000000003,56.7375,1,788.408,794.984
23,3938642,Czech Republic,7,8.793750000000003,56.7375,17.80624999999999,15.512500000000003,1,798.719,812.635
24,3938642,Czech Republic,8,0.04374999999998863,0.04250000000000398,2.93125,28.942499999999995,1,848.046,858.431
25,3938642,Czech Republic,8,0.04374999999998863,0.04250000000000398,3.3687499999999915,29.367500000000007,1,882.985,889.906
26,3938642,Georgia,17,6.08125,28.942499999999995,59.106249999999996,2.9325000000000045,1,920.778,941.605
27,3938642,Georgia,6,59.106249999999996,2.9325000000000045,93.14375,29.622499999999995,1,945.2695,952.141
28,3938642,Czech Republic,8,93.14375,29.622500000000002,47.11875,2.507499999999993,1,953.93,973.871
29,3938642,Czech Republic,14,50.35625,0.04250000000000398,19.46875,14.322499999999998,1,986.912,1013.148
30,3938642,Georgia,5,19.46875,14.322499999999998,42.30624999999999,45.2625,1,1015.353,1020.406
31,3938642,Georgia,16,42.13125000000001,47.6425,73.98124999999999,2.8474999999999966,1,1055.458,1071.187
32,3938642,Georgia,21,84.91875,0.04250000000000398,71.70625000000001,14.322499999999998,1,1085.902,1111.051
33,3938642,Czech Republic,34,73.54374999999999,14.662500000000001,36.881249999999994,0.04250000000000398,1,1141.163,1209.151
34,3938642,Georgia,5,41.43125,0.04250000000000398,44.143750000000004,1.3174999999999955,1,1231.327,1233.758
35,3938642,Czech Republic,13,46.68125,0.04250000000000398,9.668750000000003,27.667500000000004,1,1241.364,1263.161
36,3938642,Georgia,5,9.66875,27.667499999999997,85.70625,1.6574999999999989,1,1264.971,1283.56
37,3938642,Czech Republic,10,85.70625,1.6574999999999989,20.69375,61.4975,1,1289.819,1306.643
38,3938642,Czech Republic,5,9.056249999999991,67.9575,3.0187500000000114,29.112499999999997,1,1319.313,1323.894
39,3938642,Georgia,2,11.15625,26.902500000000003,76.08125,9.392499999999998,1,1482.535,1485.42
40,3938642,Czech Republic,7,76.08125,9.392499999999998,55.25625,12.537500000000001,1,1487.62,1493.832
41,3938642,Georgia,5,55.25625,12.537499999999994,66.28125,4.6325,1,1495.627,1500.118
42,3938642,Georgia,4,66.28125,4.6325,91.83125000000001,3.697499999999991,1,1503.0659999999998,1510.365
43,3938642,Czech Republic,6,89.20625,5.3125,4.243750000000006,28.602500000000006,1,1511.316,1520.614
44,3938642,Georgia,13,6.2562500000000005,32.8525,45.80624999999999,10.157499999999999,1,1526.086,1548.209
45,3938642,Georgia,13,48.25625000000001,9.90249999999999,85.00625000000001,25.712500000000006,1,1551.879,1564.827
46,3938642,Czech Republic,25,85.00625,25.7125,3.36875,35.4025,1,1567.543,1600.75
47,3938642,Georgia,3,12.29375,28.6025,45.19375000000001,46.197500000000005,1,1619.842,1622.563
48,3938642,Czech Republic,10,45.19374999999999,46.197500000000005,24.543750000000003,40.84250000000001,1,1624.757,1641.384
49,3938642,Georgia,7,25.068749999999998,46.197500000000005,2.75625,32.5125,1,1676.157,1689.222
50,3938642,Georgia,2,2.75625,32.5125,31.718749999999996,0.04250000000000398,1,1691.7055,1694.189
51,3938642,Czech Republic,23,28.043750000000003,0.04250000000000398,25.59375,19.762500000000003,1,1710.337,1743.466
52,3938642,Georgia,6,25.59375,19.762500000000003,78.09375,67.9575,1,1745.287,1754.274
53,3938642,Georgia,38,78.09375,67.9575,42.13124999999999,62.2625,1,1758.36,1808.593
54,3938642,Georgia,7,41.43125,67.9575,63.30625000000001,10.75249999999999,1,1816.906,1830.866
55,3938642,Czech Republic,10,63.30624999999999,10.752499999999998,37.66875,3.9525000000000006,1,1833.805,1852.782
56,3938642,Georgia,16,37.66875,3.9524999999999864,64.96875,52.9125,1,1853.358,1879.287
57,3938642,Czech Republic,13,85.88125,55.462500000000006,38.193749999999994,35.1475,1,1880.368,1895.408
58,3938642,Georgia,64,38.19375000000001,35.147499999999994,50.88125,9.052500000000002,1,1895.408,1999.802
59,3938642,Georgia,22,51.581250000000004,6.927499999999995,104.95625000000001,0.04250000000000398,1,2033.634,2065.562
60,3938642,Georgia,12,104.95625000000001,0.04250000000000398,79.84375,35.997499999999995,1,2133.645,2148.984
61,3938642,Czech Republic,13,80.45625,32.34250000000001,21.043750000000003,33.0225,1,2180.825,2205.446
62,3938642,Georgia,5,21.04375,33.0225,37.58125,31.067500000000003,1,2205.446,2208.959
63,3938642,Georgia,7,36.18125,28.942499999999995,89.20625,7.777499999999989,1,2256.593,2267.49
64,3938642,Czech Republic,10,101.45625,20.527500000000003,42.30624999999999,0.5524999999999949,1,2269.874,2285.592
65,3938642,Georgia,2,48.34375,2.9325000000000045,60.50625,9.392499999999998,1,2311.89,2312.993
66,3938642,Czech Republic,5,60.50625,9.392499999999998,50.706250000000004,2.762500000000003,1,2313.084,2316.19
67,3938642,Czech Republic,7,49.043749999999996,1.4874999999999972,22.356250000000003,38.9725,1,2321.122,2334.818
68,3938642,Georgia,3,22.35625,38.9725,32.068749999999994,39.3975,1,2335.603,2336.965
69,3938642,Georgia,11,27.16875,36.5925,87.45625,59.20250000000001,1,2383.778,2401.807
70,3938642,Georgia,2,104.95625000000001,67.9575,104.95625000000001,67.9575,1,2422.529,2423.488
71,3938642,Georgia,1,104.95625000000001,67.9575,102.50625000000001,33.2775,1,2457.35,2457.35
72,3938642,Czech Republic,3,102.50625,33.2775,35.48125,46.3675,1,2458.929,2463.493
73,3938642,Georgia,8,35.48125,46.3675,96.46875,52.4875,1,2466.742,2480.486
74,3938642,Czech Republic,15,100.49375,35.572500000000005,11.15625,30.472499999999997,1,2494.964,2519.957
75,3938642,Georgia,5,11.15625,30.47249999999999,73.01875,1.1474999999999937,1,2522.391,2550.814
76,3938642,Georgia,8,73.71875,4.717500000000001,66.45625,2.507499999999993,1,2622.59,2632.957
77,3938642,Georgia,3,73.36875,0.04250000000000398,74.94375,3.1025000000000063,1,2655.56,2658.85
78,3938642,Georgia,3,73.80625,5.142499999999998,94.98125,30.8975,1,2715.008,2716.75
79,3938642,Georgia,1,94.54375,33.957499999999996,104.95625000000001,31.40749999999999,1,2900.672,2900.672
80,3938642,Czech Republic,12,52.543749999999996,33.9575,3.8062500000000004,34.1275,1,2971.048,2986.2
81,3938642,Czech Republic,10,0.04374999999998863,0.04250000000000398,43.96875,15.512500000000003,1,3010.675,3027.943
82,3938642,Czech Republic,21,51.668749999999996,34.042500000000004,12.99375,66.6825,2,0.585,22.775
83,3938642,Czech Republic,1,7.306250000000006,67.9575,17.543750000000003,25.9675,2,38.593,38.593
84,3938642,Georgia,2,17.54375,25.9675,30.93124999999999,3.4424999999999955,2,42.552,46.718
85,3938642,Georgia,26,31.018750000000004,3.4424999999999955,102.85625,34.8925,2,125.341,168.819
86,3938642,Czech Republic,6,102.85625,34.892500000000005,38.36874999999999,3.0174999999999983,2,169.743,186.086
87,3938642,Georgia,17,30.143750000000004,6.162499999999994,63.65624999999999,61.667500000000004,2,187.134,219.094
88,3938642,Czech Republic,25,63.65625,61.6675,12.81874999999998,0.04250000000000398,2,222.966,265.717
89,3938642,Georgia,2,18.506249999999998,0.04250000000000398,32.24374999999999,3.2724999999999937,2,287.635,289.204
90,3938642,Czech Republic,37,32.24374999999999,3.2724999999999937,6.518750000000011,37.4425,2,289.92150000000004,352.73
91,3938642,Georgia,15,6.781250000000001,34.8075,79.23124999999999,0.04250000000000398,2,355.014,397.901
92,3938642,Czech Republic,2,75.03125,0.04250000000000398,62.25625,12.112499999999997,2,401.417,402.741
93,3938642,Georgia,15,55.956250000000004,12.02749999999999,44.23125,19.932499999999997,2,403.923,417.817
94,3938642,Czech Republic,9,44.23125,19.932499999999997,13.518749999999997,7.012500000000003,2,419.942,433.387
95,3938642,Georgia,8,13.51875,7.012500000000003,45.36874999999999,32.0875,2,433.387,444.689
96,3938642,Georgia,5,47.643750000000004,34.38249999999999,57.00625000000001,32.2575,2,489.049,496.278
97,3938642,Czech Republic,8,57.00625,32.2575,66.63125000000001,60.9875,2,499.497,508.628
98,3938642,Czech Republic,19,62.25625,59.627500000000005,17.543750000000003,51.5525,2,512.759,544.018
99,3938642,Georgia,4,22.09375,49.6825,60.76875,59.4575,2,604.482,610.021
100,3938642,Czech Republic,14,60.76875,59.4575,37.23125,8.457499999999996,2,612.542,633.104
101,3938642,Georgia,5,37.581250000000004,8.287499999999994,75.73124999999999,23.162499999999994,2,633.616,641.245
102,3938642,Czech Republic,15,75.73125,23.1625,3.6312499999999943,43.4775,2,641.991,664.567
103,3938642,Czech Republic,3,0.04374999999998863,67.9575,7.306250000000006,35.82750000000001,2,691.104,694.45
104,3938642,Georgia,4,20.86875,38.9725,104.95625000000001,28.5175,2,696.956,706.221
105,3938642,Czech Republic,28,98.91875,28.0925,2.4937499999999915,54.442499999999995,2,724.456,764.847
106,3938642,Czech Republic,4,0.04374999999998863,67.9575,0.04374999999998863,31.237499999999997,2,784.728,787.211
107,3938642,Georgia,3,52.456250000000004,34.0425,45.36875,60.1375,2,851.939,852.937
108,3938642,Czech Republic,6,43.268750000000004,56.9075,16.756249999999998,58.4375,2,853.844,859.093
109,3938642,Czech Republic,5,12.293750000000003,67.9575,1.53125,54.697500000000005,2,901.178,911.926
110,3938642,Czech Republic,2,0.04374999999998863,67.9575,0.04374999999998863,29.027500000000003,2,959.38,960.727
111,3938642,Georgia,1,5.20625,28.6025,68.46875,16.7025,2,1018.042,1018.042
112,3938642,Czech Republic,5,68.46875,16.7025,55.25625,3.1875,2,1021.555,1025.575
113,3938642,Georgia,2,61.20625,0.04250000000000398,69.86875,13.642499999999998,2,1033.655,1034.936
114,3938642,Czech Republic,8,69.86874999999999,13.642499999999998,39.06874999999998,0.04250000000000398,2,1035.936,1043.38
115,3938642,Czech Republic,27,39.06874999999998,0.04250000000000398,0.04374999999998863,56.39750000000001,2,1052.196,1087.615
116,3938642,Georgia,14,5.20625,28.6025,39.15625,6.7575,2,1118.84,1137.15
117,3938642,Czech Republic,14,39.15625,6.7575,19.818749999999994,43.1375,2,1137.813,1148.581
118,3938642,Georgia,6,10.71875,40.9275,18.76875,12.87749999999999,2,1159.092,1167.268
119,3938642,Georgia,12,5.20625,29.027500000000003,45.36875,53.5925,2,1193.277,1208.933
120,3938642,Czech Republic,9,45.36874999999999,53.59250000000001,32.06875000000001,67.9575,2,1208.933,1224.411
121,3938642,Georgia,6,32.06875000000001,67.9575,96.38125000000001,46.0275,2,1238.704,1252.771
122,3938642,Czech Republic,4,96.55625,46.197500000000005,55.95625,57.9275,2,1263.072,1278.577
125,3938642,Czech Republic,18,61.90625,49.34250000000001,26.643749999999997,2.9325000000000045,2,1381.136,1414.294
126,3938642,Czech Republic,22,26.643749999999997,2.9325000000000045,2.668750000000003,34.3825,2,1417.47,1446.073
127,3938642,Georgia,5,2.66875,34.38249999999999,36.96875,13.387500000000003,2,1447.641,1462.193
128,3938642,Czech Republic,5,36.96875,13.387500000000003,30.40625,2.762500000000003,2,1463.182,1466.803
129,3938642,Georgia,11,13.78125,4.9724999999999895,95.33125,57.417500000000004,2,1470.341,1491.45
130,3938642,Georgia,16,95.33125,57.417500000000004,104.95625000000001,27.752499999999998,2,1493.789,1516.861
131,3938642,Czech Republic,31,98.91875,31.747500000000002,28.30624999999999,25.7125,2,1531.32,1581.402
132,3938642,Czech Republic,6,0.04374999999998863,67.9575,0.04374999999998863,42.96750000000001,2,1603.538,1608.986
133,3938642,Georgia,2,5.20625,29.112499999999997,55.69375000000001,22.2275,2,1637.916,1642.39
134,3938642,Czech Republic,31,57.53125,23.247500000000002,0.04374999999998863,58.09750000000001,2,1660.658,1708.421
135,3938642,Georgia,1,5.20625,30.1325,58.056250000000006,0.04250000000000398,2,1738.873,1738.873
136,3938642,Czech Republic,7,62.25625,0.04250000000000398,42.65625,66.0025,2,1747.457,1759.401
137,3938642,Czech Republic,23,43.18125,67.9575,9.581250000000011,67.9575,2,1769.649,1804.605
138,3938642,Czech Republic,4,9.581250000000011,67.9575,2.1437500000000003,25.457499999999996,2,1809.853,1813.559
139,3938642,Georgia,9,2.1437500000000003,25.457499999999996,104.95625000000001,28.34749999999999,2,1816.705,1844.684
140,3938642,Czech Republic,18,98.91875,28.8575,0.04374999999998863,39.822500000000005,2,1852.783,1880.505
141,3938642,Georgia,7,5.20625,28.0925,52.01875,46.792500000000004,2,1919.968,1926.548
142,3938642,Czech Republic,9,52.01875,46.792500000000004,0.04374999999998863,0.04250000000000398,2,1930.774,1943.784
143,3938642,Czech Republic,13,0.04374999999998863,0.04250000000000398,8.96875,30.8125,2,1954.414,1981.955
144,3938642,Georgia,5,7.3062499999999995,27.837500000000006,73.89375,61.2425,2,1985.172,1992.616
145,3938642,Czech Republic,9,78.44375000000001,67.9575,0.04374999999998863,31.322500000000005,2,2002.022,2022.786
146,3938642,Georgia,2,5.20625,33.53249999999999,57.26875,0.04250000000000398,2,2052.527,2056.298
147,3938642,Georgia,26,57.26875,0.04250000000000398,50.35625,55.377500000000005,2,2074.624,2107.289
148,3938642,Georgia,9,54.64375,55.292500000000004,72.66874999999999,10.667499999999997,2,2233.722,2248.72
149,3938642,Czech Republic,3,72.66875,10.667499999999997,68.29375,9.137500000000003,2,2249.742,2251.178
150,3938642,Czech Republic,5,66.10625,14.152499999999996,52.368750000000006,58.0125,2,2283.168,2297.635
151,3938642,Czech Republic,69,60.24374999999999,60.4775,14.831249999999997,56.3125,2,2302.341,2398.706
152,3938642,Georgia,5,24.98125,46.5375,45.28125,41.4375,2,2400.688,2402.553
153,3938642,Czech Republic,9,45.28125,41.4375,0.04374999999998863,67.9575,2,2404.755,2416.411
154,3938642,Czech Republic,4,0.04374999999998863,67.9575,0.04374999999998863,0.04250000000000398,2,2424.016,2429.702
155,3938642,Czech Republic,11,0.04374999999998863,0.04250000000000398,0.04374999999998863,50.8725,2,2445.009,2461.718
156,3938642,Georgia,1,5.20625,41.6925,66.89375,50.0225,2,2503.685,2503.685
157,3938642,Czech Republic,16,66.89375,50.0225,96.90625,20.78249999999999,2,2507.131,2527.75
158,3938642,Georgia,1,100.84375,29.3675,100.84375,29.3675,2,2579.048,2579.048
159,3938642,Czech Republic,15,100.84375,29.5375,19.03125,60.7325,2,2596.704,2621.545
160,3938642,Georgia,8,19.03125,60.7325,64.00625000000001,41.2675,2,2624.121,2634.066
161,3938642,Czech Republic,24,64.00625,41.267500000000005,20.60625,44.9225,2,2636.464,2667.147
162,3938642,Georgia,1,5.20625,41.4375,64.00625000000001,47.2175,2,2694.892,2694.892
163,3938642,Czech Republic,23,64.00625,47.21750000000001,3.3687499999999915,20.9525,2,2697.908,2727.621
164,3938642,Georgia,2,4.5062500000000005,41.0125,54.731249999999996,67.9575,2,2753.381,2756.277
165,3938642,Czech Republic,24,55.86875,67.9575,9.143750000000011,58.09750000000001,2,2772.815,2818.736
166,3938642,Georgia,4,9.14375,58.097500000000004,37.75625,66.1725,2,2821.939,2825.484
167,3938642,Czech Republic,13,37.756249999999994,66.17250000000001,12.206250000000011,20.0175,2,2827.958,2849.03
168,3938642,Georgia,9,12.206249999999999,20.0175,52.631249999999994,0.04250000000000398,2,2850.673,2860.164
169,3938642,Georgia,7,51.23125,0.04250000000000398,91.48125,37.6125,2,2879.327,2888.14
170,3938642,Czech Republic,14,91.48125,37.6125,2.23125,32.6825,2,2894.478,2919.247
171,3938642,Georgia,1,14.306249999999999,46.707499999999996,69.08125,52.7425,2,2933.043,2933.043
172,3938642,Czech Republic,5,69.08125,52.7425,54.993750000000006,30.302499999999995,2,2937.114,2942.04
173,3938642,Czech Republic,16,51.31875,28.347499999999997,14.131249999999994,33.1925,2,2962.065,2984.344
174,3938642,Georgia,5,20.60625,37.9525,104.95625000000001,34.5525,2,2985.929,2995.43
2,3938639,Georgia,15,52.543749999999996,33.9575,64.44375,30.727500000000006,1,0.838,24.939
3,3938639,Turkey,57,64.44375000000001,30.7275,101.10625,37.6125,1,27.468,107.354
4,3938639,Georgia,12,101.10625,37.6125,78.70625,64.89750000000001,1,110.604,135.986
5,3938639,Turkey,33,69.86875,67.9575,104.95625000000001,48.2375,1,148.206,198.65
6,3938639,Georgia,1,99.79375,33.8725,44.05625,20.442500000000003,1,230.301,230.301
7,3938639,Turkey,9,44.056250000000006,20.442499999999995,47.29375,33.192499999999995,1,233.961,237.661
8,3938639,Georgia,14,48.08125,45.0075,17.80624999999999,25.0325,1,240.85,262.374
9,3938639,Turkey,8,17.80625,25.03249999999999,82.11875,67.02250000000001,1,263.006,280.593
10,3938639,Turkey,6,80.45625,67.9575,104.95625000000001,67.9575,1,285.238,294.457
11,3938639,Turkey,2,104.95625000000001,67.9575,104.95625000000001,31.747499999999995,1,327.513,328.811
12,3938639,Georgia,2,99.79375,33.1925,68.11874999999999,27.667500000000004,1,355.192,358.101
13,3938639,Turkey,42,68.11875,27.667499999999997,89.38125,8.542499999999997,1,359.632,413.467
14,3938639,Georgia,2,89.38125,8.542499999999997,88.15625,3.612499999999997,1,415.397,416.827
15,3938639,Georgia,6,88.76875,8.542499999999997,41.69374999999999,59.5425,1,451.378,459.792
16,3938639,Turkey,32,38.19375000000001,67.9575,104.95625000000001,67.9575,1,475.218,522.088
17,3938639,Turkey,2,104.95625000000001,67.9575,104.95625000000001,37.9525,1,542.445,543.779
18,3938639,Georgia,6,99.79375,35.82750000000001,74.50625,47.8975,1,569.035,576.128
19,3938639,Turkey,9,74.50625,47.8975,104.95625000000001,37.357499999999995,1,577.415,583.913
20,3938639,Georgia,7,99.79375,41.267500000000005,37.66875,67.3625,1,615.413,624.91
21,3938639,Georgia,13,33.99374999999999,67.9575,3.71875,34.29749999999999,1,642.454,655.485
22,3938639,Georgia,7,0.04374999999998863,0.04250000000000398,0.04374999999998863,43.1375,1,685.685,696.888
23,3938639,Turkey,41,6.08125,29.28249999999999,98.91875,63.1125,1,714.688,772.809
24,3938639,Turkey,5,92.35624999999999,67.9575,96.73125,67.9575,1,785.178,795.236
25,3938639,Turkey,6,96.73125,67.9575,103.64375,35.7425,1,801.529,806.534
26,3938639,Georgia,4,103.64375,35.7425,32.41875,16.022499999999994,1,809.3585,818.828
27,3938639,Turkey,38,32.41875,16.0225,63.56875000000001,63.4525,1,819.719,866.076
28,3938639,Georgia,4,58.84375,67.9575,35.83125000000001,50.70250000000001,1,887.902,889.849
29,3938639,Turkey,76,35.83125,50.7025,102.50625000000001,38.802499999999995,1,891.765,1009.459
30,3938639,Georgia,8,102.50625,38.8025,2.84375,55.12250000000001,1,1012.115,1030.435
31,3938639,Turkey,6,2.84375,55.1225,50.09375,57.0775,1,1034.967,1044.079
32,3938639,Georgia,22,50.09375,57.07750000000001,62.08125,35.3175,1,1047.082,1082.633
33,3938639,Turkey,3,62.081250000000004,35.317499999999995,72.75625000000001,0.04250000000000398,1,1084.079,1087.888
34,3938639,Turkey,17,72.75625000000001,0.04250000000000398,98.48124999999999,30.1325,1,1095.352,1111.891
35,3938639,Georgia,3,96.38125,33.3625,19.99375,65.0675,1,1147.51,1148.934
36,3938639,Georgia,5,12.118749999999991,67.9575,14.743749999999991,64.6425,1,1153.437,1156.186
37,3938639,Georgia,7,14.743749999999991,64.6425,7.918750000000003,19.932499999999997,1,1160.474,1173.402
38,3938639,Turkey,48,2.84375,21.6325,104.95625000000001,39.482499999999995,1,1176.088,1233.19
39,3938639,Georgia,2,99.79375,32.0875,41.69374999999999,54.442499999999995,1,1258.107,1261.456
40,3938639,Turkey,6,41.69375000000001,54.4425,71.35625,65.5775,1,1263.053,1278.001
41,3938639,Georgia,8,72.14375,55.12250000000001,55.86875,4.802500000000002,1,1280.41,1292.275
42,3938639,Turkey,32,57.53125000000001,2.762500000000003,80.10625,45.0075,1,1306.122,1361.329
43,3938639,Georgia,10,80.10625,45.0075,16.49374999999999,11.177500000000002,1,1361.329,1375.112
44,3938639,Turkey,9,16.49375,11.177499999999995,43.18125,59.2025,1,1380.817,1392.858
45,3938639,Georgia,26,54.11875,64.5575,25.506249999999994,40.502500000000005,1,1398.409,1435.121
46,3938639,Turkey,42,10.018749999999999,33.3625,104.95625000000001,30.8975,1,1441.052,1497.955
47,3938639,Georgia,6,52.543749999999996,33.9575,29.96875,19.167500000000004,1,1566.034,1578.893
48,3938639,Turkey,8,29.96875,19.167499999999997,99.18125,35.7425,1,1582.195,1593.637
49,3938639,Georgia,12,95.06875,28.8575,78.26875000000001,6.502499999999991,1,1672.978,1690.752
50,3938639,Georgia,16,80.10625,3.1025000000000063,1.18125,30.982499999999995,1,1729.094,1753.441
51,3938639,Georgia,2,0.04374999999998863,0.04250000000000398,38.45625000000001,0.04250000000000398,1,1786.122,1787.15
52,3938639,Georgia,69,38.45625000000001,0.04250000000000398,0.04374999999998863,37.017500000000005,1,1795.41,1904.551
53,3938639,Turkey,34,53.331250000000004,33.957499999999996,86.75625000000001,42.1175,1,1975.635,2018.823
54,3938639,Georgia,32,86.75625,42.1175,49.65625,32.3425,1,2020.096,2056.416
55,3938639,Georgia,10,48.518750000000004,28.602500000000006,0.04374999999998863,29.622500000000002,1,2080.214,2090.89
56,3938639,Turkey,31,6.08125,39.3125,75.81875000000001,28.34749999999999,1,2115.13,2155.846
57,3938639,Georgia,25,75.81875,28.347499999999997,17.193749999999994,32.0875,1,2156.783,2192.032
58,3938639,Georgia,21,17.193749999999994,32.0875,0.04374999999998863,18.6575,1,2194.572,2223.683
59,3938639,Turkey,16,6.08125,28.432499999999997,92.09375,26.987499999999997,1,2247.627,2270.841
60,3938639,Georgia,8,92.09375,26.987499999999997,24.36874999999999,13.472499999999997,1,2272.9,2283.432
61,3938639,Turkey,13,24.36875,13.47249999999999,79.75625,21.4625,1,2289.276,2307.387
62,3938639,Turkey,22,80.63125000000001,18.487499999999997,84.56875000000001,64.6425,1,2367.9,2394.855
63,3938639,Turkey,3,78.44375000000001,63.027499999999996,95.76875,31.237499999999997,1,2433.093,2436.974
64,3938639,Georgia,7,95.76875,31.237499999999997,104.95625000000001,19.5075,1,2439.188,2443.904
65,3938639,Georgia,13,99.79375,38.8875,19.64375000000001,25.0325,1,2474.973,2494.22
66,3938639,Turkey,10,17.193749999999998,28.432499999999997,36.96875,25.2025,1,2495.039,2503.218
67,3938639,Turkey,53,28.74375,21.122499999999995,98.48125,11.517499999999998,1,2505.831,2594.099
68,3938639,Turkey,9,104.95625000000001,0.04250000000000398,102.76875,32.8525,1,2601.869,2616.276
69,3938639,Georgia,32,102.76875,32.852500000000006,26.46875,15.342500000000001,1,2617.691,2685.933
70,3938639,Turkey,7,26.46875,15.342500000000001,67.76875,3.2724999999999937,1,2688.695,2696.376
71,3938639,Turkey,1,73.54375,4.122499999999995,102.15625,34.4675,1,2738.923,2738.923
72,3938639,Georgia,3,102.15625,34.46750000000001,17.193749999999994,48.8325,1,2741.023,2743.764
74,3938639,Turkey,17,52.456250000000004,34.0425,103.20625,31.662499999999994,2,0.186,27.126
75,3938639,Georgia,1,103.11875,31.747500000000002,103.11875,31.747500000000002,2,27.977,27.977
76,3938639,Georgia,39,96.38125,35.0625,45.456250000000004,40.3325,2,39.854,95.351
77,3938639,Turkey,40,45.45625,40.332499999999996,94.71875,26.137500000000003,2,96.44,154.716
78,3938639,Georgia,2,81.68125,15.9375,80.01875,12.112499999999997,2,156.94,158.362
79,3938639,Georgia,16,79.05625,11.0075,1.0062499999999943,30.9825,2,173.454,208.609
80,3938639,Turkey,1,0.7437499999999999,31.152500000000003,0.7437499999999999,31.152500000000003,2,209.246,209.246
81,3938639,Turkey,6,9.84375,30.47249999999999,80.28125,45.0925,2,220.131,233.555
82,3938639,Georgia,8,80.28125,45.09250000000001,54.20625,14.747499999999995,2,236.13,245.994
83,3938639,Georgia,7,56.21875,16.022499999999994,54.81875,1.4874999999999972,2,275.194,287.652
84,3938639,Turkey,23,60.15624999999999,0.04250000000000398,97.60625,54.6125,2,296.573,332.426
85,3938639,Georgia,15,97.60625,54.6125,7.306250000000006,31.322500000000005,2,332.426,360.26
88,3938639,Turkey,13,10.10625,35.9125,74.59375,67.9575,2,409.521,428.281
89,3938639,Georgia,2,74.41875,67.9575,60.943749999999994,62.77250000000001,2,443.977,445.142
90,3938639,Turkey,36,60.94375,62.7725,96.38125,67.9575,2,445.695,484.85
91,3938639,Turkey,3,95.15625,67.9575,91.04375,63.45250000000001,2,488.248,489.646
92,3938639,Georgia,1,91.04375,67.9575,76.08125,66.0875,2,510.776,510.776
93,3938639,Turkey,6,76.08125,66.0875,90.95625000000001,37.5275,2,511.873,517.035
94,3938639,Georgia,9,90.95625,37.52750000000001,67.41874999999999,12.3675,2,517.935,525.868
95,3938639,Turkey,48,67.41875,12.3675,81.24375,40.3325,2,526.964,584.328
96,3938639,Turkey,4,81.50625,41.2675,79.23125,0.04250000000000398,2,681.917,686.301
97,3938639,Georgia,2,79.23125,0.04250000000000398,57.26874999999999,21.972499999999997,2,695.523,696.825
98,3938639,Turkey,8,57.26875,21.97249999999999,69.43125,6.332500000000003,2,699.307,714.247
99,3938639,Georgia,6,69.43124999999999,6.332499999999996,5.73125,20.442499999999995,2,714.811,724.181
100,3938639,Georgia,6,0.04374999999998863,0.04250000000000398,29.356250000000003,13.217500000000001,2,766.336,774.252
101,3938639,Georgia,19,21.831249999999997,0.04250000000000398,5.5562499999999915,31.067500000000003,2,789.914,817.685
102,3938639,Turkey,69,5.556250000000001,31.067499999999995,104.95625000000001,39.7375,2,818.288,908.822
103,3938639,Turkey,4,104.95625000000001,67.9575,103.03125,35.4875,2,932.223,938.812
104,3938639,Georgia,33,103.03125,35.4875,0.04374999999998863,45.2625,2,940.245,1009.016
105,3938639,Turkey,27,5.20625,35.4875,104.95625000000001,18.997499999999995,2,1033.159,1071.426
106,3938639,Georgia,11,99.70625,35.6575,49.043749999999996,64.9825,2,1108.129,1123.104
107,3938639,Turkey,42,49.04375,64.9825,95.59375,30.8125,2,1123.789,1182.176
108,3938639,Georgia,7,96.11875,29.197500000000005,80.63125,3.3575000000000017,2,1182.582,1190.101
109,3938639,Turkey,3,74.85625,7.1825000000000045,104.95625000000001,37.0175,2,1191.302,1194.753
110,3938639,Georgia,4,51.668749999999996,34.042500000000004,47.99374999999999,23.5875,2,1268.984,1273.505
111,3938639,Turkey,9,47.99375,23.587500000000006,27.51875,0.04250000000000398,2,1274.14,1278.364
112,3938639,Turkey,5,27.51875,0.04250000000000398,42.56875,4.547499999999999,2,1298.677,1303.465
113,3938639,Turkey,16,32.06875000000001,0.04250000000000398,93.66875,15.002499999999998,2,1311.022,1337.388
114,3938639,Georgia,3,96.11875,13.217500000000001,45.71875,23.417500000000004,2,1369.601,1373.997
115,3938639,Turkey,8,45.71875,23.417499999999997,100.23125,34.7225,2,1375.463,1385.403
116,3938639,Georgia,6,101.54375,35.3175,57.53125000000001,64.2175,2,1386.527,1400.376
117,3938639,Georgia,30,57.53125,63.45250000000001,0.04374999999998863,35.572500000000005,2,1410.776,1456.418
118,3938639,Turkey,54,2.84375,34.1275,73.45625,4.292499999999997,2,1459.704,1545.201
119,3938639,Georgia,15,75.46875,0.04250000000000398,20.16874999999999,54.52750000000001,2,1550.872,1576.927
120,3938639,Turkey,10,20.16875,54.5275,100.49375,30.2175,2,1576.927,1587.474
121,3938639,Georgia,39,91.04375,30.472499999999997,31.193750000000005,64.2175,2,1593.064,1656.472
122,3938639,Georgia,11,31.018749999999997,67.9575,12.55625,65.4925,2,1716.334,1734.515
123,3938639,Turkey,8,12.55625,65.4925,17.981250000000003,64.0475,2,1737.872,1745.478
124,3938639,Georgia,4,17.981250000000003,64.04750000000001,12.55625,61.8375,2,1746.105,1747.484
125,3938639,Georgia,22,19.20625000000001,67.9575,17.28125,4.122500000000002,2,1762.823,1792.037
126,3938639,Turkey,3,16.49375,12.197499999999998,67.59375,13.982499999999995,2,1896.657,1902.006
127,3938639,Georgia,42,67.59375,13.982500000000002,34.34375,67.9575,2,1902.996,1975.796
128,3938639,Georgia,3,34.34375,67.9575,18.59375,44.32750000000001,2,2038.624,2042.407
129,3938639,Turkey,9,18.76875,48.4925,74.41875,11.602499999999992,2,2065.32,2080.518
130,3938639,Georgia,8,62.693749999999994,7.097499999999997,49.831250000000004,7.1825000000000045,2,2082.72,2086.301
131,3938639,Turkey,10,49.65625,9.90249999999999,60.76875,0.46750000000000114,2,2087.291,2096.993
132,3938639,Georgia,17,56.65625,0.04250000000000398,36.53125,0.46750000000000114,2,2108.794,2138.717
133,3938639,Turkey,2,36.96875,0.04250000000000398,55.431250000000006,0.04250000000000398,2,2159.933,2161.418
134,3938639,Turkey,5,55.431250000000006,0.04250000000000398,61.993750000000006,4.292499999999997,2,2177.178,2179.342
135,3938639,Georgia,15,56.39375,0.04250000000000398,30.93124999999999,65.8325,2,2196.694,2220.419
136,3938639,Turkey,5,32.06875000000001,67.9575,61.81875,63.4525,2,2411.932,2414.074
137,3938639,Georgia,28,61.81875,63.45250000000001,13.431249999999991,56.1425,2,2417.052,2459.796
138,3938639,Turkey,11,13.431249999999999,56.1425,103.55625,34.5525,2,2461.087,2484.325
139,3938639,Turkey,12,104.95625000000001,67.9575,97.43125,19.5925,2,2525.929,2547.499
140,3938639,Georgia,23,101.36875,30.2175,36.96875,55.6325,2,2554.727,2584.397
141,3938639,Georgia,2,31.456249999999997,52.9975,12.731250000000003,0.04250000000000398,2,2630.321,2632.429
142,3938639,Georgia,10,12.731250000000003,0.04250000000000398,8.006249999999998,66.0875,2,2644.996,2658.525
143,3938639,Georgia,3,12.993749999999991,67.9575,16.49374999999999,57.4175,2,2668.036,2675.272
144,3938639,Turkey,12,16.49375,57.417500000000004,78.96875,6.162499999999994,2,2676.002,2689.655
145,3938639,Georgia,15,87.28125,7.182499999999997,13.606249999999989,67.9575,2,2691.042,2720.602
146,3938639,Georgia,13,13.606249999999989,67.9575,21.043750000000003,42.3725,2,2774.487,2796.003
147,3938639,Turkey,10,17.106250000000003,43.477500000000006,49.39374999999999,67.9575,2,2797.356,2808.374
148,3938639,Turkey,6,47.99375,67.9575,70.13125000000001,36.677499999999995,2,2821.479,2833.03
149,3938639,Georgia,17,73.80624999999999,22.057499999999997,0.04374999999998863,28.177500000000002,2,2834.869,2867.624
150,3938639,Turkey,1,4.85625,34.1275,69.69375000000001,32.8525,2,2916.272,2916.272
151,3938639,Georgia,5,69.69375,32.852500000000006,62.43125,25.2025,2,2919.961,2922.303
152,3938639,Georgia,5,59.71875,26.987499999999997,12.118749999999991,43.4775,2,2929.455,2935.319
153,3938639,Turkey,2,5.20625,39.7375,80.19375000000001,30.8975,2,2967.339,2971.141
154,3938639,Georgia,17,80.19375,30.8975,31.63125000000001,9.90249999999999,2,2972.379,2999.984
155,3938639,Georgia,1,9.756249999999994,38.71750000000001,4.15625,35.6575,2,3029.654,3029.654
156,3938639,Georgia,2,0.04374999999998863,0.04250000000000398,0.04374999999998863,0.04250000000000398,2,3062.66,3063.961
157,3938639,Georgia,8,0.04374999999998863,0.04250000000000398,104.95625000000001,35.7425,2,3077.59,3089.542
2,3938641,Austria,22,51.668749999999996,34.042500000000004,8.09375,0.04250000000000398,1,1.266,26.153
3,3938641,Austria,11,8.09375,0.04250000000000398,2.5812500000000114,34.127500000000005,1,45.036,60.028
4,3938641,Poland,1,2.23125,34.2125,2.23125,34.2125,1,61.812,61.812
5,3938641,Poland,8,8.09375,36.3375,36.35624999999999,67.9575,1,72.646,79.977
6,3938641,Poland,2,39.50625,67.9575,71.88125000000001,35.65749999999999,1,94.51,96.149
7,3938641,Austria,24,71.88125,35.6575,18.59375,46.792500000000004,1,99.076,139.226
8,3938641,Poland,2,18.59375,46.792500000000004,39.943749999999994,64.30250000000001,1,140.343,146.112
9,3938641,Poland,13,39.68125,63.792500000000004,44.93125,65.4075,1,166.485,187.347
10,3938641,Austria,5,49.568749999999994,47.7275,18.856250000000003,49.8525,1,189.509,192.769
11,3938641,Poland,3,5.20625,29.962500000000006,27.956249999999997,33.9575,1,226.471,232.705
12,3938641,Austria,8,27.956249999999997,33.9575,0.04374999999998863,0.04250000000000398,1,234.517,247.618
13,3938641,Austria,13,0.04374999999998863,0.04250000000000398,43.79375,5.057499999999997,1,278.541,298.086
14,3938641,Poland,6,43.79375,5.0575000000000045,59.193749999999994,9.052500000000002,1,299.127,301.359
15,3938641,Poland,1,63.393750000000004,15.2575,103.29375,29.28249999999999,1,324.989,324.989
16,3938641,Austria,8,102.24375,27.497500000000002,38.01875,5.142499999999998,1,329.612,338.208
17,3938641,Poland,2,42.39375,0.04250000000000398,55.69375,1.6574999999999989,1,364.544,365.692
18,3938641,Austria,4,55.69375,1.6574999999999989,37.581250000000004,10.2425,1,366.221,368.559
19,3938641,Austria,1,33.29374999999999,15.597499999999997,0.04374999999998863,50.1075,1,399.346,399.346
20,3938641,Poland,1,5.20625,29.962500000000006,66.80625,18.912499999999994,1,430.573,430.573
21,3938641,Austria,6,66.80624999999999,18.9125,35.13125000000001,61.4125,1,434.184,445.812
22,3938641,Austria,12,35.91875,56.9075,9.581249999999999,9.732500000000002,1,477.934,492.772
23,3938641,Austria,7,8.793750000000003,0.04250000000000398,0.04374999999998863,31.4075,1,517.629,525.148
24,3938641,Poland,5,52.456250000000004,34.0425,3.5437499999999993,65.8325,1,580.571,593.09
25,3938641,Austria,3,5.206249999999997,65.8325,8.618749999999991,37.2725,1,594.934,597.297
26,3938641,Poland,4,13.34375,37.5275,54.46875,5.3125,1,598.522,604.546
27,3938641,Poland,7,57.96875000000001,0.04250000000000398,68.64375,12.622500000000002,1,622.058,628.696
28,3938641,Austria,45,68.64375,12.622500000000002,51.66875,28.432499999999997,1,629.1179999999999,714.244
29,3938641,Austria,6,51.84375,31.6625,48.518750000000004,61.2425,1,719.479,724.422
30,3938641,Poland,19,48.518750000000004,61.2425,50.268750000000004,67.9575,1,724.706,760.495
31,3938641,Austria,50,44.23125,67.9575,0.04374999999998863,45.0075,1,783.64,857.552
32,3938641,Poland,3,5.20625,41.1825,58.31875,34.6375,1,873.653,877.812
33,3938641,Austria,51,58.31875,34.6375,2.231250000000003,32.767500000000005,1,880.692,961.473
34,3938641,Poland,1,1.8812500000000005,34.4675,1.8812500000000005,34.4675,1,962.869,962.869
35,3938641,Poland,21,1.8812500000000005,34.4675,93.84375,31.152500000000003,1,964.537,993.373
36,3938641,Austria,6,96.20625,34.9775,55.78125,24.3525,1,1004.208,1011.094
37,3938641,Poland,12,55.78125,24.3525,92.18125000000002,66.0875,1,1013.599,1032.857
38,3938641,Poland,22,96.46875,67.9575,104.95625000000001,31.40749999999999,1,1051.59,1077.755
39,3938641,Austria,59,98.91875,29.2825,10.193749999999994,39.7375,1,1105.741,1215.037
40,3938641,Poland,12,5.20625,36.082499999999996,59.36875,12.282499999999999,1,1237.837,1257.841
41,3938641,Austria,11,59.36875,12.282499999999999,1.8812500000000005,7.012500000000003,1,1258.333,1269.735
42,3938641,Poland,1,1.8812500000000005,7.012500000000003,5.20625,7.6924999999999955,1,1274.845,1274.845
43,3938641,Poland,1,18.15625,0.04250000000000398,57.618750000000006,4.377499999999991,1,1296.887,1296.887
44,3938641,Austria,17,57.61875,4.377499999999998,49.21875,5.3125,1,1300.894,1328.768
45,3938641,Poland,1,49.393750000000004,0.04250000000000398,54.29375,8.1175,1,1347.325,1347.325
46,3938641,Austria,8,54.293749999999996,8.1175,9.756249999999994,33.9575,1,1348.23,1358.608
47,3938641,Poland,19,4.06875,34.29749999999999,94.19375,29.707499999999996,1,1380.972,1409.869
48,3938641,Austria,5,85.53125,33.1075,61.46875,67.9575,1,1411.166,1419.562
49,3938641,Austria,11,61.46875,67.9575,31.28125,67.9575,1,1443.521,1468.16
50,3938641,Poland,9,43.09375,67.9575,63.21875,25.372499999999995,1,1477.377,1491.22
51,3938641,Austria,8,91.65625,24.4375,17.28125,35.1475,1,1494.276,1506.393
52,3938641,Poland,31,17.28125,35.147499999999994,71.09375,20.78249999999999,1,1512.261,1566.823
53,3938641,Austria,7,71.09375,20.7825,48.34375,21.122500000000002,1,1568.296,1574.331
54,3938641,Poland,4,48.34375,21.122499999999995,87.63125,54.2725,1,1575.605,1581.632
55,3938641,Poland,29,92.44375000000001,67.9575,90.51875,38.3775,1,1594.552,1626.577
56,3938641,Austria,3,89.55625,43.4775,35.65625,24.692500000000003,1,1652.988,1657.874
57,3938641,Poland,10,35.65625,24.692499999999995,81.41875,38.8875,1,1662.052,1686.4
58,3938641,Austria,5,81.41875,38.8875,49.568749999999994,3.697500000000005,1,1689.056,1696.235
59,3938641,Poland,7,40.46875,12.112499999999997,39.06874999999998,9.987499999999997,1,1701.336,1709.994
60,3938641,Poland,6,49.04375,22.9925,104.95625000000001,0.04250000000000398,1,1720.554,1730.116
61,3938641,Poland,14,104.95625000000001,0.04250000000000398,104.95625000000001,31.322499999999998,1,1758.072,1776.442
62,3938641,Austria,26,51.668749999999996,34.042500000000004,0.04374999999998863,57.7575,1,1872.821,1929.264
63,3938641,Poland,5,5.20625,33.957499999999996,32.50625,67.9575,1,1945.888,1951.298
64,3938641,Austria,13,31.981250000000003,67.9575,35.65625,47.9825,1,1957.122,1979.129
65,3938641,Austria,3,35.65625,47.9825,11.681249999999991,64.9825,1,2002.314,2004.293
66,3938641,Poland,3,11.68125,64.9825,17.193749999999994,65.6625,1,2009.451,2010.372
67,3938641,Poland,8,26.906249999999996,67.9575,26.90625,66.7675,1,2027.35,2034.194
68,3938641,Poland,7,28.83125,66.7675,83.78125,26.052499999999995,1,2043.185,2049.798
69,3938641,Austria,21,83.78125,26.052499999999995,61.46875,66.8525,1,2052.777,2093.853
70,3938641,Austria,17,58.93125,61.92250000000001,34.431250000000006,5.652499999999989,1,2102.917,2129.449
71,3938641,Austria,5,31.80624999999999,0.04250000000000398,25.15625,12.112499999999997,1,2141.183,2144.434
72,3938641,Poland,9,25.15625,12.112499999999997,43.79375,0.6375000000000028,1,2145.589,2161.131
73,3938641,Austria,9,33.20625,0.04250000000000398,22.18124999999999,29.5375,1,2180.849,2187.78
74,3938641,Poland,7,22.18125,29.537499999999994,61.293749999999996,20.2725,1,2188.512,2200.835
75,3938641,Austria,15,61.293749999999996,20.272499999999994,56.39375,65.8325,1,2252.709,2283.93
76,3938641,Poland,8,56.393750000000004,65.8325,73.98125,46.3675,1,2285.815,2292.644
77,3938641,Austria,34,73.98124999999999,46.3675,16.231250000000003,41.6075,1,2292.689,2343.412
78,3938641,Poland,6,16.231250000000003,41.6075,44.49375,20.1025,1,2344.66,2347.604
79,3938641,Austria,10,44.49375,20.1025,31.631249999999994,2.082499999999996,1,2350.512,2368.0
80,3938641,Poland,5,31.368750000000002,2.082499999999996,37.05625,6.332500000000003,1,2368.356,2371.982
81,3938641,Poland,3,37.75625,0.04250000000000398,65.84375,1.4024999999999892,1,2388.143,2392.283
82,3938641,Austria,10,65.84375,0.04250000000000398,46.15625,54.9525,1,2398.3,2416.917
83,3938641,Austria,3,47.64375,58.4375,9.056249999999999,67.9575,1,2419.16,2424.299
84,3938641,Austria,6,10.456249999999997,67.9575,29.706249999999997,67.9575,1,2446.348,2453.82
85,3938641,Poland,11,31.28125,67.9575,29.881249999999994,57.24750000000001,1,2458.926,2466.53
86,3938641,Austria,13,29.881249999999994,57.24750000000001,0.04374999999998863,29.707499999999996,1,2467.8775,2488.983
87,3938641,Poland,4,5.11875,35.147499999999994,42.393750000000004,0.46750000000000114,1,2511.456,2519.146
88,3938641,Poland,14,41.69375000000001,0.04250000000000398,42.306250000000006,3.1875,1,2529.104,2545.585
89,3938641,Poland,14,46.85625,0.04250000000000398,86.58125,49.8525,1,2561.798,2581.743
90,3938641,Poland,47,73.98125,67.9575,82.38125,27.497500000000002,1,2593.148,2664.097
91,3938641,Poland,2,80.10625,27.667499999999997,103.81875,34.7225,1,2740.438,2741.394
92,3938641,Poland,2,104.95625000000001,0.04250000000000398,96.99375,34.7225,1,2766.347,2767.984
93,3938641,Poland,13,53.331250000000004,33.957499999999996,91.39375000000001,49.4275,2,0.738,21.504
94,3938641,Austria,5,91.39375,49.4275,72.40625,60.4775,2,22.206,27.963
95,3938641,Poland,12,72.40625,60.4775,101.71875,61.4125,2,28.656,41.126
96,3938641,Austria,12,101.71875,61.412499999999994,7.831249999999997,67.9575,2,41.126,64.123
97,3938641,Poland,7,7.7437499999999995,67.9575,50.18125,62.6875,2,85.98,92.743
98,3938641,Poland,2,51.23125,67.9575,72.14375,64.47250000000001,2,109.284,110.847
99,3938641,Poland,11,78.96875,67.9575,55.34375,51.4675,2,120.564,136.007
100,3938641,Austria,27,55.34375,51.46750000000001,35.743750000000006,64.0475,2,137.506,181.569
101,3938641,Austria,18,30.143749999999997,67.9575,33.46875,3.0174999999999983,2,193.819,220.47
102,3938641,Austria,9,31.631249999999994,0.04250000000000398,18.76875000000001,38.8875,2,224.602,237.752
103,3938641,Austria,6,12.381249999999994,67.9575,33.90625,60.0525,2,261.524,269.342
104,3938641,Poland,2,46.50625000000001,67.9575,51.05625,63.6225,2,288.517,289.399
105,3938641,Austria,23,51.05625,63.62250000000001,5.90625,57.4175,2,290.302,320.583
106,3938641,Austria,2,0.04374999999998863,67.9575,1.09375,32.852500000000006,2,346.841,348.519
107,3938641,Poland,1,1.09375,33.192499999999995,1.09375,33.192499999999995,2,349.254,349.254
108,3938641,Poland,20,12.29375,27.497499999999995,104.95625000000001,31.067499999999995,2,359.541,385.903
109,3938641,Austria,6,102.15625,30.302500000000002,83.78125,3.0174999999999983,2,391.948,400.335
110,3938641,Poland,6,78.35625,8.372499999999995,104.95625000000001,16.277500000000003,2,401.77,408.551
111,3938641,Austria,3,99.79375,39.2275,39.24374999999999,20.612499999999997,2,429.463,434.555
112,3938641,Poland,7,39.243750000000006,20.612499999999997,90.60625,22.2275,2,438.447,454.247
113,3938641,Austria,7,90.60625,22.2275,37.75625,19.677499999999995,2,455.695,465.031
114,3938641,Austria,1,34.256249999999994,21.0375,0.13124999999999432,42.542500000000004,2,513.667,513.667
115,3938641,Poland,4,5.64375,39.567499999999995,54.81875,29.877499999999998,2,532.067,538.03
116,3938641,Austria,4,47.99374999999999,31.152500000000003,12.381249999999994,24.182499999999997,2,538.819,543.536
117,3938641,Austria,29,12.381249999999994,24.182499999999997,12.90625,34.892500000000005,2,547.159,601.588
118,3938641,Poland,5,30.143750000000004,27.667499999999997,71.09375,57.502500000000005,2,603.547,612.314
119,3938641,Poland,29,74.24375,57.417500000000004,83.51875,45.0075,2,666.976,701.965
120,3938641,Poland,9,84.65625,47.5575,104.95625000000001,0.04250000000000398,2,876.683,890.064
121,3938641,Poland,2,104.95625000000001,0.04250000000000398,104.95625000000001,29.28249999999999,2,917.671,918.808
122,3938641,Austria,5,102.41875,39.5675,84.30625,2.507499999999993,2,945.811,953.513
123,3938641,Austria,16,75.29374999999999,0.04250000000000398,34.08125,20.697499999999998,2,965.975,983.711
124,3938641,Austria,1,31.28125,20.612499999999997,2.40625,41.3525,2,1073.484,1073.484
125,3938641,Poland,1,74.85625,18.65749999999999,74.85625,18.65749999999999,2,1117.456,1117.456
126,3938641,Austria,4,74.85624999999999,18.6575,28.30624999999999,17.637500000000003,2,1173.621,1178.667
127,3938641,Poland,4,28.306250000000002,17.637500000000003,48.518750000000004,20.1025,2,1179.974,1184.739
128,3938641,Poland,17,50.44375000000001,20.612499999999997,54.993750000000006,0.8075000000000045,2,1210.26,1225.199
129,3938641,Austria,14,54.731249999999996,0.04250000000000398,0.04374999999998863,35.572500000000005,2,1236.835,1258.781
130,3938641,Poland,15,53.331250000000004,33.957499999999996,50.443749999999994,59.0325,2,1339.765,1363.751
131,3938641,Poland,14,50.44375000000001,59.0325,93.05625,54.7825,2,1367.097,1384.133
132,3938641,Poland,22,88.50625000000001,67.9575,89.29375,41.6075,2,1389.131,1416.866
133,3938641,Austria,5,89.29375,41.6075,39.41874999999999,20.612499999999997,2,1418.063,1423.173
134,3938641,Poland,7,39.41875,20.612499999999997,48.956250000000004,12.4525,2,1425.931,1436.884
135,3938641,Poland,1,72.66874999999999,47.6425,72.66874999999999,47.6425,2,1457.876,1457.876
136,3938641,Austria,9,80.89375,54.6125,26.46875,63.45250000000001,2,1485.113,1491.19
137,3938641,Poland,6,26.46875,63.4525,53.15625,56.4825,2,1495.059,1504.371
138,3938641,Poland,28,58.931250000000006,56.9925,96.11875,0.04250000000000398,2,1528.524,1569.363
139,3938641,Poland,17,96.11875,0.04250000000000398,95.15625,55.2075,2,1580.121,1599.216
140,3938641,Poland,14,95.15625,55.2075,99.00625000000001,31.662499999999994,2,1602.09,1617.46
141,3938641,Austria,2,99.00625,31.6625,58.75625000000001,45.7725,2,1619.142,1637.393
142,3938641,Austria,4,63.043749999999996,44.412499999999994,26.20625000000001,60.22250000000001,2,1668.0,1676.98
143,3938641,Poland,4,26.20625,60.222500000000004,17.106250000000003,64.7275,2,1680.227,1685.215
144,3938641,Poland,8,15.093749999999998,67.9575,36.09375,17.8925,2,1696.177,1704.603
145,3938641,Austria,27,51.05625,0.7224999999999966,15.268749999999997,0.04250000000000398,2,1708.596,1757.856
146,3938641,Austria,8,15.268749999999997,0.04250000000000398,1.8812499999999943,33.61750000000001,2,1826.689,1835.581
147,3938641,Poland,1,1.7937500000000002,33.4475,1.7937500000000002,33.4475,2,1836.638,1836.638
148,3938641,Poland,2,4.33125,32.17249999999999,31.193749999999994,61.072500000000005,2,1838.447,1840.864
149,3938641,Poland,9,33.29375,67.9575,92.44375000000001,39.1425,2,1848.451,1860.763
150,3938641,Austria,11,92.44375,39.142500000000005,8.35625,28.5175,2,1864.521,1881.127
151,3938641,Austria,1,10.543749999999989,33.9575,0.04374999999998863,36.167500000000004,2,1970.055,1970.055
152,3938641,Poland,12,53.331250000000004,33.957499999999996,104.95625000000001,20.612499999999997,2,2051.49,2072.174
153,3938641,Austria,1,44.05625,29.5375,44.05625,29.5375,2,2144.549,2144.549
154,3938641,Poland,15,44.056250000000006,29.537499999999994,71.09375,67.7025,2,2168.567,2197.58
155,3938641,Austria,1,67.15625,67.9575,33.29374999999999,65.3225,2,2228.772,2228.772
156,3938641,Poland,15,33.29375,65.3225,89.73125,60.9025,2,2233.319,2259.035
157,3938641,Austria,16,89.73125,60.90250000000001,1.8812500000000005,34.4675,2,2259.86,2280.067
158,3938641,Austria,3,0.04374999999998863,0.04250000000000398,1.53125,45.3475,2,2323.976,2326.886
159,3938641,Poland,15,3.28125,38.292500000000004,89.90625,42.2025,2,2336.39,2360.883
160,3938641,Austria,19,89.90625,42.20250000000001,0.04374999999998863,38.9725,2,2363.5,2386.918
161,3938641,Poland,16,5.73125,30.1325,96.73125,2.9325000000000045,2,2414.345,2436.616
162,3938641,Poland,3,104.95625000000001,0.04250000000000398,104.95625000000001,28.6025,2,2457.375,2460.32
163,3938641,Austria,1,45.63124999999999,30.727500000000006,45.63124999999999,30.727500000000006,2,2501.438,2501.438
164,3938641,Poland,14,41.34375,25.457499999999996,57.00625000000001,48.1525,2,2512.184,2529.051
165,3938641,Austria,9,57.00625,48.15250000000001,2.40625,19.677499999999995,2,2530.763,2542.787
166,3938641,Poland,5,4.33125,22.822499999999998,71.35625,17.212500000000006,2,2547.608,2558.644
167,3938641,Austria,59,72.93124999999999,21.4625,13.168749999999998,43.5625,2,2559.135,2637.734
168,3938641,Poland,3,13.168749999999998,43.5625,24.71875,59.4575,2,2638.434,2642.044
169,3938641,Poland,15,26.20625,67.9575,60.76875,56.057500000000005,2,2656.06,2678.285
170,3938641,Austria,4,60.76875,56.057500000000005,46.68125,57.1625,2,2678.9094999999998,2682.574
171,3938641,Austria,9,45.01875000000001,57.67250000000001,29.881249999999994,25.627499999999998,2,2714.25,2727.967
172,3938641,Poland,12,29.88125,25.627499999999998,59.36875000000001,7.1825000000000045,2,2740.098,2753.443
173,3938641,Austria,8,59.36875,7.182499999999997,0.04374999999998863,12.3675,2,2755.176,2764.278
174,3938641,Poland,8,4.59375,35.7425,72.14375000000001,60.4775,2,2771.867,2784.61
175,3938641,Austria,8,96.20625,54.017500000000005,65.05624999999999,67.1075,2,2787.247,2793.023
176,3938641,Poland,26,74.24375,67.9575,104.95625000000001,38.63249999999999,2,2808.283,2840.573
177,3938641,Austria,1,100.05625,39.057500000000005,38.80624999999999,53.337500000000006,2,2868.423,2868.423
178,3938641,Poland,8,38.80625,53.3375,57.70625,64.6425,2,2872.243,2879.611
179,3938641,Poland,3,61.643750000000004,67.9575,85.61875,51.212500000000006,2,2889.544,2892.139
180,3938641,Austria,11,85.61875,51.212500000000006,0.3062499999999915,53.8475,2,2897.068,2917.143
181,3938641,Poland,4,5.03125,38.122499999999995,26.03125,21.037499999999994,2,2929.948,2936.218
2,3938644,Portugal,3,51.668749999999996,34.042500000000004,27.78125,47.0475,1,0.905,3.722
3,3938644,Georgia,7,27.78125,47.0475,47.29375,37.6125,1,6.714,10.503
4,3938644,Portugal,52,36.96875,32.2575,49.30624999999999,41.182500000000005,1,12.648,84.783
5,3938644,Georgia,4,49.30625,41.1825,104.95625000000001,31.747499999999995,1,86.552,92.87
6,3938644,Portugal,39,51.668749999999996,34.042500000000004,8.881249999999994,67.9575,1,163.283,220.404
7,3938644,Georgia,34,12.03125,67.9575,42.831250000000004,56.3975,1,231.395,265.145
8,3938644,Portugal,52,42.831250000000004,56.39750000000001,18.068749999999998,59.542500000000004,1,267.237,349.678
9,3938644,Portugal,61,23.931250000000006,67.9575,19.55624999999999,8.627499999999998,1,356.899,441.453
10,3938644,Georgia,17,19.55625,8.62749999999999,73.89375,11.602499999999992,1,444.159,457.28
11,3938644,Portugal,16,73.89375,11.6025,18.068749999999994,23.1625,1,461.096,490.358
12,3938644,Georgia,26,13.081249999999999,33.107499999999995,61.03125000000001,8.62749999999999,1,492.104,530.107
13,3938644,Portugal,35,61.03125,8.627499999999998,6.34375,60.307500000000005,1,530.107,597.228
14,3938644,Georgia,1,5.20625,38.122499999999995,35.48125,67.9575,1,654.892,654.892
15,3938644,Portugal,1,37.49374999999999,67.9575,24.193749999999994,54.017500000000005,1,661.448,661.448
16,3938644,Georgia,12,24.193749999999998,54.0175,92.00625000000001,49.5125,1,662.85,678.39
17,3938644,Portugal,3,94.80625,28.177500000000002,73.98125,21.6325,1,679.936,682.931
18,3938644,Portugal,9,74.50625,21.6325,23.756249999999994,19.252499999999998,1,700.3,714.122
19,3938644,Georgia,20,23.756249999999998,19.252499999999998,68.20625000000001,43.6475,1,715.455,738.736
20,3938644,Portugal,35,68.20625,43.6475,10.106249999999989,29.707499999999996,1,742.151,780.76
21,3938644,Georgia,10,10.10625,29.707499999999996,24.193749999999998,17.127499999999998,1,781.933,792.301
22,3938644,Georgia,7,36.706250000000004,0.04250000000000398,83.08125,52.5725,1,818.264,827.779
23,3938644,Portugal,21,92.88125,35.4875,29.26875000000001,0.21250000000000568,1,833.087,869.173
24,3938644,Georgia,7,29.96875,0.04250000000000398,38.10625,48.4075,1,885.619,889.789
25,3938644,Portugal,6,38.10625,48.4075,26.11875,34.29749999999999,1,892.152,898.399
26,3938644,Portugal,2,28.83125000000001,35.40250000000001,1.26875,34.0425,1,961.174,962.035
27,3938644,Portugal,2,0.04374999999998863,67.9575,8.618749999999999,67.9575,1,991.671,992.938
28,3938644,Portugal,30,9.84375,67.9575,0.04374999999998863,39.65250000000001,1,995.976,1058.861
29,3938644,Georgia,3,5.20625,35.147499999999994,40.64375,26.052499999999995,1,1084.031,1087.454
30,3938644,Portugal,49,40.64375,26.052499999999995,20.256249999999998,56.4825,1,1089.715,1161.655
31,3938644,Portugal,2,20.256249999999994,55.97250000000001,0.04374999999998863,29.367500000000007,1,1214.407,1216.231
32,3938644,Georgia,32,5.20625,31.152500000000003,53.06875000000001,45.602500000000006,1,1231.965,1261.4
33,3938644,Portugal,48,53.06875,45.6025,2.49375,32.427499999999995,1,1263.379,1335.497
34,3938644,Georgia,1,9.40625,34.5525,55.081250000000004,14.662499999999994,1,1357.965,1357.965
35,3938644,Portugal,46,55.08125,14.662500000000001,23.931250000000006,67.02250000000001,1,1360.216,1425.748
36,3938644,Georgia,4,23.318749999999998,67.9575,68.90625,24.2675,1,1437.015,1442.15
39,3938644,Portugal,44,57.53125,12.197499999999998,0.04374999999998863,0.04250000000000398,1,1520.251,1594.518
40,3938644,Portugal,5,0.04374999999998863,0.04250000000000398,0.04374999999998863,37.95250000000001,1,1619.714,1627.064
41,3938644,Georgia,3,5.20625,33.107499999999995,72.75625000000001,6.417499999999997,1,1693.702,1697.391
42,3938644,Portugal,21,72.75625,6.417500000000004,20.081249999999997,15.8525,1,1697.391,1726.567
43,3938644,Georgia,13,20.08125,15.8525,48.78125,11.34749999999999,1,1728.21,1741.307
44,3938644,Portugal,34,48.78125,11.347499999999997,0.04374999999998863,38.292500000000004,1,1741.488,1792.944
45,3938644,Georgia,3,5.20625,38.122499999999995,78.96875,17.2975,1,1816.949,1820.828
46,3938644,Portugal,10,78.96875,17.2975,12.993749999999991,47.0475,1,1823.749,1836.019
47,3938644,Georgia,16,12.99375,47.0475,54.90625,11.517499999999998,1,1836.909,1861.888
48,3938644,Georgia,43,55.34375,13.7275,104.95625000000001,29.622499999999995,1,1880.045,1948.835
49,3938644,Portugal,49,98.91875,34.9775,5.5562499999999915,25.627499999999998,1,1967.402,2050.273
50,3938644,Portugal,5,0.04374999999998863,0.04250000000000398,21.918750000000003,31.577500000000008,1,2074.208,2078.049
51,3938644,Georgia,9,21.918750000000003,31.5775,77.48125,53.5075,1,2078.049,2090.401
52,3938644,Georgia,1,79.40625,51.5525,104.95625000000001,28.5175,1,2127.215,2127.215
53,3938644,Portugal,20,98.91875,30.132500000000007,3.8062500000000057,13.642499999999998,1,2141.985,2172.69
54,3938644,Portugal,7,0.04374999999998863,0.04250000000000398,18.068749999999994,58.4375,1,2198.095,2211.655
55,3938644,Georgia,25,6.8687499999999995,56.9925,40.55624999999999,4.207499999999996,1,2214.018,2245.946
56,3938644,Georgia,2,39.68125,7.6924999999999955,34.16875,67.9575,1,2268.259,2271.646
57,3938644,Georgia,3,34.16875,67.9575,49.30625,67.9575,1,2295.93,2298.71
58,3938644,Portugal,33,55.34375,67.9575,13.081250000000011,42.0325,1,2303.444,2349.196
59,3938644,Georgia,9,13.081249999999999,42.0325,2.668750000000003,31.152500000000003,1,2351.405,2365.0
62,3938644,Georgia,5,10.63125,27.667499999999997,59.71875,15.59749999999999,1,2463.534,2469.467
63,3938644,Portugal,44,64.79374999999999,15.8525,12.381249999999994,14.747500000000002,1,2470.03,2529.82
64,3938644,Georgia,9,12.38125,14.747499999999995,61.03125000000001,63.4525,1,2530.944,2544.0
65,3938644,Portugal,14,60.76875,62.942499999999995,0.04374999999998863,38.5475,1,2553.232,2572.374
66,3938644,Georgia,3,5.20625,41.4375,66.19375000000001,57.5875,1,2602.763,2607.126
67,3938644,Portugal,12,66.19375,57.587500000000006,19.55624999999999,27.667500000000004,1,2608.861,2622.068
68,3938644,Georgia,13,19.81875,27.667499999999997,82.64375,34.2125,1,2668.328,2682.801
69,3938644,Portugal,8,82.64375,34.212500000000006,67.68125,35.4875,1,2683.548,2693.243
70,3938644,Portugal,12,74.41875,35.6575,2.0562499999999915,36.0825,1,2695.591,2717.306
71,3938644,Georgia,1,2.40625,34.7225,2.40625,34.7225,1,2718.127,2718.127
72,3938644,Georgia,8,10.10625,36.677499999999995,55.081250000000004,0.04250000000000398,1,2729.202,2738.938
73,3938644,Georgia,5,55.081250000000004,0.04250000000000398,64.79375,13.7275,1,2755.677,2759.732
74,3938644,Portugal,6,64.79374999999999,13.7275,5.556250000000001,57.9275,1,2759.732,2775.571
75,3938644,Portugal,7,0.04374999999998863,67.9575,6.8687499999999915,59.5425,1,2799.343,2811.943
76,3938644,Georgia,8,6.8687499999999995,59.542500000000004,37.493750000000006,65.4075,1,2811.943,2820.541
77,3938644,Portugal,2,32.41875,63.2825,38.193749999999994,61.49750000000001,1,2821.31,2823.502
78,3938644,Georgia,5,53.331250000000004,33.957499999999996,55.956250000000004,31.747499999999995,2,0.62,2.868
79,3938644,Portugal,18,58.75625,31.747500000000002,17.193749999999994,17.552499999999995,2,3.915,23.135
80,3938644,Georgia,7,17.193749999999998,17.552499999999995,37.23125,13.1325,2,23.135,28.259
81,3938644,Portugal,8,37.23125,13.1325,11.856250000000003,42.0325,2,29.883,37.916
82,3938644,Portugal,3,0.04374999999998863,0.04250000000000398,4.768749999999997,35.6575,2,68.622,71.313
83,3938644,Portugal,4,0.04374999999998863,0.04250000000000398,0.04374999999998863,30.132500000000007,2,99.497,101.523
84,3938644,Georgia,3,5.29375,28.432499999999997,38.89375,28.6025,2,127.709,130.465
85,3938644,Portugal,16,38.89375000000001,28.602500000000006,15.881249999999994,17.2125,2,132.443,157.56
86,3938644,Georgia,14,15.88125,17.212500000000006,86.49375,16.787499999999994,2,157.56,175.83
87,3938644,Portugal,25,86.49375,16.7875,11.768749999999997,12.962499999999999,2,181.067,211.933
88,3938644,Georgia,4,12.90625,19.677499999999995,102.06875000000001,33.53249999999999,2,240.043,248.432
89,3938644,Portugal,1,102.68125,32.002500000000005,102.68125,32.002500000000005,2,249.242,249.242
90,3938644,Portugal,8,102.68125,32.002500000000005,6.518750000000011,67.1925,2,252.02249999999998,268.808
91,3938644,Portugal,1,29.79374999999999,54.442499999999995,29.79374999999999,54.442499999999995,2,290.822,290.822
92,3938644,Georgia,5,30.668750000000003,55.5475,87.80625,11.517499999999998,2,306.041,315.342
93,3938644,Portugal,42,87.80625,11.517499999999998,16.49374999999999,22.2275,2,318.391,386.995
94,3938644,Georgia,3,16.49375,22.2275,21.918750000000003,18.65749999999999,2,388.306,389.364
96,3938644,Georgia,10,23.756249999999998,19.5075,58.668749999999996,25.9675,2,412.291,421.676
97,3938644,Georgia,12,63.043749999999996,24.4375,96.55625,49.8525,2,444.847,466.572
98,3938644,Georgia,1,94.54375,33.957499999999996,104.95625000000001,30.8975,2,673.416,673.416
99,3938644,Portugal,18,52.543749999999996,33.9575,59.893750000000004,6.0774999999999935,2,752.692,780.109
100,3938644,Georgia,28,59.893750000000004,6.0774999999999935,55.78125,10.2425,2,788.332,826.965
101,3938644,Portugal,23,55.78125,10.2425,2.231250000000003,31.152500000000003,2,828.323,869.133
102,3938644,Georgia,7,2.23125,31.152500000000003,68.90625,15.172499999999992,2,870.844,891.726
103,3938644,Portugal,7,68.90625,15.1725,27.51875,27.3275,2,895.415,905.2
104,3938644,Georgia,19,27.51875,27.3275,68.11875,67.1925,2,907.202,934.671
105,3938644,Portugal,12,66.63125,67.9575,10.106249999999989,0.04250000000000398,2,970.472,994.499
106,3938644,Georgia,12,12.55625,0.04250000000000398,42.30624999999999,67.7025,2,1029.433,1052.502
107,3938644,Georgia,4,54.993750000000006,67.9575,60.41875,63.027499999999996,2,1082.292,1084.939
108,3938644,Portugal,3,60.418749999999996,63.02750000000001,72.40625,67.9575,2,1084.939,1086.334
109,3938644,Portugal,49,72.40625,67.9575,19.81875,41.0125,2,1090.747,1158.478
110,3938644,Georgia,10,19.81875,41.0125,45.456250000000004,26.052499999999995,2,1159.0825,1169.619
111,3938644,Georgia,3,44.75625000000001,24.2675,62.518750000000004,11.34749999999999,2,1213.849,1215.746
112,3938644,Portugal,2,48.25624999999999,11.0075,44.66875,11.177499999999995,2,1217.917,1218.508
113,3938644,Portugal,14,43.79375,9.392499999999998,0.04374999999998863,30.8975,2,1226.022,1248.866
114,3938644,Georgia,1,5.99375,28.262500000000003,70.91875,0.04250000000000398,2,1276.94,1276.94
115,3938644,Portugal,26,62.693749999999994,0.04250000000000398,0.04374999999998863,67.9575,2,1285.788,1321.921
116,3938644,Portugal,5,0.04374999999998863,67.9575,8.793750000000003,44.072500000000005,2,1335.495,1342.111
117,3938644,Georgia,1,13.431249999999999,45.5175,101.63125000000001,58.6075,2,1424.186,1424.186
118,3938644,Portugal,70,101.63125,58.6075,22.443749999999994,54.2725,2,1430.923,1551.18
119,3938644,Georgia,9,27.868749999999995,44.2425,104.95625000000001,32.5125,2,1553.322,1562.912
120,3938644,Portugal,19,100.66875,27.497500000000002,15.181249999999991,61.752500000000005,2,1580.57,1609.954
121,3938644,Georgia,1,17.981250000000003,60.6475,73.54375,42.457499999999996,2,1653.11,1653.11
122,3938644,Portugal,30,73.54374999999999,42.4575,6.518750000000011,27.327500000000008,2,1655.961,1708.848
123,3938644,Georgia,1,6.518750000000001,27.3275,6.518750000000001,27.3275,2,1710.469,1710.469
124,3938644,Georgia,54,21.30625,7.6924999999999955,18.15625,18.8275,2,1853.889,1932.197
125,3938644,Georgia,9,18.15625,18.8275,104.95625000000001,67.9575,2,1932.715,1949.621
126,3938644,Georgia,5,104.95625000000001,67.9575,97.86875,47.1325,2,1987.636,1998.37
127,3938644,Portugal,9,97.34375,47.8975,0.04374999999998863,48.0675,2,2006.27,2023.188
128,3938644,Georgia,4,5.46875,25.8825,69.43124999999999,11.942499999999995,2,2056.546,2063.972
129,3938644,Portugal,18,69.43124999999999,11.942499999999995,8.26875,46.9625,2,2064.4025,2088.765
130,3938644,Portugal,4,0.04374999999998863,67.9575,19.99374999999999,34.5525,2,2114.452,2118.446
131,3938644,Portugal,44,34.60625,67.9575,35.91875,3.867500000000007,2,2179.08,2250.322
132,3938644,Georgia,3,44.31875,0.04250000000000398,60.41875,5.907499999999999,2,2267.136,2269.973
133,3938644,Portugal,6,75.20625,3.5275000000000034,52.543749999999996,8.7975,2,2272.838,2279.125
134,3938644,Georgia,6,52.54375000000001,8.797499999999992,19.99375,2.4224999999999994,2,2279.783,2287.353
135,3938644,Portugal,7,19.11874999999999,0.04250000000000398,0.04374999999998863,35.3175,2,2290.183,2298.913
136,3938644,Georgia,15,5.64375,26.4775,68.11875,9.732500000000002,2,2330.181,2342.408
137,3938644,Portugal,7,60.24374999999999,21.207499999999996,36.70625,62.432500000000005,2,2343.719,2353.898
138,3938644,Georgia,12,30.49375,67.9575,104.95625000000001,37.7825,2,2376.221,2393.487
139,3938644,Portugal,31,99.96875,36.8475,20.431250000000006,8.967500000000001,2,2408.756,2445.261
140,3938644,Georgia,29,20.431249999999995,8.967500000000001,44.75624999999999,3.5275000000000034,2,2445.812,2493.955
141,3938644,Georgia,2,47.556250000000006,3.697499999999991,85.70625,0.04250000000000398,2,2528.741,2531.25
142,3938644,Georgia,8,85.70625,0.04250000000000398,84.56875,35.317499999999995,2,2538.589,2545.852
143,3938644,Portugal,9,87.54375,34.9775,75.64375,0.04250000000000398,2,2546.799,2558.916
144,3938644,Georgia,3,75.64375,0.04250000000000398,97.86875,7.1825000000000045,2,2576.246,2580.968
145,3938644,Georgia,3,93.93125,0.04250000000000398,103.11875,4.6325,2,2595.02,2596.715
146,3938644,Portugal,20,103.11875,4.6325,0.21875,48.8325,2,2596.715,2636.08
147,3938644,Georgia,8,5.8187500000000005,28.432499999999997,67.33125,4.802499999999995,2,2674.657,2702.558
148,3938644,Portugal,35,76.34375,20.612499999999997,26.03125,0.04250000000000398,2,2707.342,2786.524
149,3938644,Portugal,25,26.03125,0.04250000000000398,0.04374999999998863,38.462500000000006,2,2791.986,2828.963
150,3938644,Georgia,2,5.64375,39.9075,73.89375,19.5075,2,2869.199,2872.623
151,3938644,Portugal,19,73.89375,19.5075,3.0187500000000003,34.8075,2,2874.684,2904.334
152,3938644,Portugal,2,0.04374999999998863,67.9575,2.3187499999999943,38.8875,2,2925.066,2926.247
153,3938644,Portugal,4,0.04374999999998863,67.9575,18.506249999999994,60.9875,2,2946.321,2953.385
2,3938643,Poland,38,51.668749999999996,34.042500000000004,66.71875,56.4825,1,0.42,83.745
3,3938643,France,19,66.71875,56.4825,93.23125,52.3175,1,85.94,107.676
4,3938643,Poland,10,93.23125,52.3175,63.21875,65.6625,1,108.305,120.299
5,3938643,France,30,63.21875,65.6625,59.01875,2.762500000000003,1,120.299,158.003
6,3938643,France,7,54.993750000000006,0.04250000000000398,56.481249999999996,2.9325000000000045,1,162.342,166.413
7,3938643,France,19,57.35625,2.592500000000001,94.01875,67.9575,1,175.194,193.787
8,3938643,France,18,94.01875,67.9575,104.95625000000001,67.9575,1,213.733,241.939
9,3938643,France,1,104.95625000000001,67.9575,104.95625000000001,19.677499999999995,1,283.062,283.062
10,3938643,Poland,37,99.00625,30.642500000000005,3.0187500000000003,33.872499999999995,1,308.739,345.954
11,3938643,France,4,3.0187500000000003,33.872499999999995,92.18125000000002,48.5775,1,347.544,354.572
12,3938643,Poland,19,92.18125,48.57750000000001,43.79375,58.4375,1,357.596,385.257
13,3938643,France,40,43.79375,58.4375,100.49375,23.587500000000006,1,389.788,455.747
14,3938643,Poland,3,100.49375,23.5875,73.89375,4.207500000000003,1,456.215,461.944
15,3938643,Poland,13,75.38125,0.04250000000000398,21.30624999999999,32.682500000000005,1,477.502,503.321
16,3938643,France,10,21.30625,32.6825,9.318749999999994,66.3425,1,505.568,515.955
17,3938643,France,27,12.38125,64.8975,100.31875000000001,30.6425,1,526.36,573.32
18,3938643,Poland,19,100.31875,30.642500000000005,23.23124999999999,19.677499999999995,1,574.555,599.637
19,3938643,France,29,23.23125,19.677499999999995,104.08125,36.4225,1,602.682,640.047
20,3938643,France,18,104.95625000000001,67.9575,83.16875,45.4325,1,662.575,684.521
21,3938643,Poland,6,83.16875,45.432500000000005,91.30625,65.2375,1,685.799,691.546
22,3938643,France,4,87.89375000000001,67.9575,94.36875,58.097500000000004,1,705.406,710.445
23,3938643,Poland,9,94.36875,58.09750000000001,84.91875,64.6425,1,711.704,719.489
24,3938643,Poland,17,82.03125,67.9575,18.24374999999999,41.5225,1,742.236,764.323
25,3938643,France,9,18.24375,41.5225,104.95625000000001,59.542500000000004,1,766.282,775.294
26,3938643,Poland,15,98.91875,31.577500000000008,13.431249999999991,21.7175,1,788.011,812.283
27,3938643,Poland,3,0.04374999999998863,0.04250000000000398,1.0062499999999943,32.4275,1,846.287,848.552
28,3938643,France,2,1.26875,33.3625,8.793750000000003,36.932500000000005,1,849.198,851.352
29,3938643,France,38,7.393749999999999,36.5925,84.30625,49.5125,1,889.78,948.995
30,3938643,Poland,36,84.30625,49.5125,9.931249999999991,9.052500000000002,1,952.958,996.527
31,3938643,Poland,6,9.931249999999991,9.052500000000002,0.04374999999998863,40.417500000000004,1,999.7284999999999,1010.084
32,3938643,France,12,4.76875,26.052499999999995,46.68125,0.12749999999998352,1,1025.768,1046.758
33,3938643,Poland,11,53.59375,0.04250000000000398,53.33125,63.877500000000005,1,1059.762,1078.209
34,3938643,France,13,53.331250000000004,63.8775,52.71875,56.5675,1,1080.99,1093.215
35,3938643,Poland,10,52.71875,56.567499999999995,34.51875,41.8625,1,1093.587,1111.133
36,3938643,France,6,40.90625,29.707499999999996,104.51875000000001,17.72249999999999,1,1113.973,1125.915
37,3938643,Poland,3,99.00625,26.5625,50.443749999999994,13.302500000000002,1,1148.077,1151.628
38,3938643,France,8,50.44375000000001,13.302499999999995,62.34375,65.4075,1,1154.935,1167.389
39,3938643,France,45,68.64375000000001,62.8575,94.98125,18.8275,1,1196.252,1265.915
40,3938643,Poland,2,95.50625,11.942499999999995,97.08125,13.1325,1,1267.859,1268.625
41,3938643,Poland,6,93.93125,13.7275,49.48125,17.042499999999997,1,1308.608,1320.932
42,3938643,Poland,27,49.481249999999996,17.042500000000004,0.04374999999998863,0.04250000000000398,1,1330.571,1368.444
43,3938643,Poland,2,0.04374999999998863,0.04250000000000398,20.431249999999995,48.0675,1,1399.869,1401.563
44,3938643,France,2,20.431249999999995,48.0675,37.14375,54.1875,1,1403.475,1405.128
45,3938643,France,19,48.69375000000001,60.9875,82.99375,47.4725,1,1429.423,1458.299
46,3938643,Poland,25,82.99375,47.4725,104.95625000000001,67.9575,1,1462.142,1495.847
47,3938643,France,1,104.95625000000001,67.9575,101.28125,32.3425,1,1532.378,1532.378
48,3938643,Poland,11,101.28125,32.34250000000001,43.443749999999994,65.4925,1,1534.06,1566.428
49,3938643,France,10,43.44375000000001,65.4925,104.95625000000001,62.8575,1,1567.23,1579.829
50,3938643,Poland,11,99.18125,36.252500000000005,54.29375,2.082499999999996,1,1617.303,1629.667
51,3938643,Poland,27,62.25625,0.04250000000000398,57.53125,17.2125,1,1762.961,1803.65
52,3938643,France,10,57.53125000000001,17.212500000000006,88.76875,8.797499999999992,1,1806.423,1812.688
53,3938643,Poland,27,83.86875,14.067500000000003,11.331249999999997,23.5875,1,1814.175,1852.969
54,3938643,France,51,11.331249999999999,23.587500000000006,86.49375,28.6875,1,1855.878,1946.135
55,3938643,Poland,26,86.49375,28.6875,0.04374999999998863,29.027500000000003,1,1948.237,1994.469
56,3938643,France,28,5.20625,39.7375,63.39375,59.8825,1,2017.281,2056.609
57,3938643,Poland,19,63.39375,59.8825,48.69375000000001,0.12749999999998352,1,2056.96,2094.583
58,3938643,Poland,2,47.99374999999999,0.04250000000000398,21.65625,3.1025000000000063,1,2119.259,2120.734
59,3938643,France,27,17.28125,2.2524999999999835,87.36875,38.802499999999995,1,2121.636,2159.136
60,3938643,Poland,7,77.83125,37.4425,59.36875,25.8825,1,2160.788,2165.988
61,3938643,France,1,52.71875,35.4875,55.081250000000004,28.262500000000003,1,2167.915,2167.915
64,3938643,France,16,57.88125,17.042499999999997,88.33125000000001,32.6825,1,2206.828,2226.08
65,3938643,France,6,104.95625000000001,67.9575,104.95625000000001,35.8275,1,2252.596,2258.52
66,3938643,Poland,5,99.35625,33.2775,0.04374999999998863,53.167500000000004,1,2292.439,2297.773
67,3938643,France,6,5.20625,39.567499999999995,30.93124999999999,66.3425,1,2315.777,2324.991
68,3938643,France,8,30.231250000000003,64.8125,82.20625,2.592500000000001,1,2328.815,2342.931
69,3938643,Poland,1,98.91875,29.197500000000005,30.668750000000003,25.8825,1,2381.37,2381.37
70,3938643,France,57,30.668750000000003,25.8825,103.03125,39.2275,1,2385.524,2471.496
71,3938643,France,2,104.95625000000001,0.04250000000000398,104.95625000000001,39.0575,1,2494.107,2495.674
72,3938643,Poland,6,99.35625,27.582499999999996,62.956250000000004,32.2575,1,2516.915,2526.331
73,3938643,Poland,3,59.63125,35.1475,2.231250000000003,43.6475,1,2573.298,2578.351
74,3938643,France,16,2.1437500000000003,39.99249999999999,77.83125000000001,67.9575,1,2588.502,2619.32
75,3938643,France,23,77.83125000000001,67.9575,103.90625,38.8875,1,2641.179,2665.515
76,3938643,France,5,104.95625000000001,67.9575,75.38125,67.9575,1,2680.429,2688.821
77,3938643,France,9,67.94375,67.9575,104.95625000000001,60.222500000000004,1,2696.528,2708.964
78,3938643,Poland,9,98.91875,29.5375,33.64375,37.1025,1,2742.863,2753.833
79,3938643,France,11,33.643750000000004,37.1025,88.41875,64.8125,1,2755.029,2766.538
80,3938643,France,2,86.31875000000001,64.5575,99.79375,31.4075,1,2817.212,2818.813
81,3938643,France,11,53.331250000000004,33.957499999999996,61.99375,47.1325,2,0.165,15.173
82,3938643,France,55,61.731249999999996,46.792500000000004,88.50625000000001,11.942499999999995,2,22.133,89.925
83,3938643,Poland,20,85.96875,16.872500000000002,21.74374999999999,49.1725,2,117.085,138.923
84,3938643,France,4,19.46875,47.4725,29.61874999999999,67.87250000000002,2,140.372,143.734
85,3938643,France,12,31.106250000000003,67.9575,94.80625,31.747499999999995,2,152.522,171.109
86,3938643,France,30,104.95625000000001,0.04250000000000398,104.95625000000001,29.4525,2,192.552,236.012
87,3938643,Poland,15,99.79375,29.877500000000005,57.53125000000001,14.917499999999997,2,252.177,274.624
88,3938643,France,14,57.53125000000001,14.917499999999997,38.193749999999994,23.417500000000004,2,274.77,288.725
89,3938643,France,31,38.36875,23.417499999999997,87.45625,41.4375,2,304.225,350.492
90,3938643,Poland,2,86.23125,40.3325,85.44375000000001,39.99249999999999,2,350.956,352.434
91,3938643,Poland,12,84.74375,40.162499999999994,30.84375,16.7875,2,373.93,392.176
92,3938643,France,12,30.84375,16.787499999999994,94.89375000000001,44.667500000000004,2,394.801,414.048
93,3938643,Poland,10,94.19375,41.0125,59.893750000000004,61.1575,2,451.171,461.719
94,3938643,Poland,3,56.30624999999999,63.02750000000001,50.35625,61.072500000000005,2,494.309,496.397
95,3938643,France,7,50.35625,61.072500000000005,68.81875000000001,59.0325,2,496.397,500.547
96,3938643,Poland,2,68.81875,59.0325,74.59375,55.5475,2,501.858,502.798
97,3938643,Poland,14,74.24374999999999,54.95250000000001,30.493750000000006,18.317500000000003,2,520.205,537.885
98,3938643,France,14,29.706250000000004,21.292499999999997,95.41875,16.1075,2,539.543,562.5
99,3938643,France,1,94.54375,33.957499999999996,104.95625000000001,31.4925,2,637.993,637.993
100,3938643,Poland,13,52.543749999999996,33.9575,9.40625,14.917500000000004,2,703.834,719.294
101,3938643,France,4,10.018749999999999,24.182499999999997,13.431249999999999,0.04250000000000398,2,720.855,728.918
102,3938643,France,2,13.431249999999999,0.04250000000000398,32.24375,0.04250000000000398,2,754.627,756.072
103,3938643,Poland,31,29.96875,0.04250000000000398,48.16875,1.3174999999999955,2,760.959,824.744
104,3938643,France,44,48.16875,1.3174999999999955,102.85625,12.792499999999997,2,827.8145,888.592
105,3938643,Poland,21,99.79375,29.5375,50.443749999999994,1.4025000000000034,2,953.112,984.603
106,3938643,France,2,49.21875,0.04250000000000398,55.081250000000004,4.207500000000003,2,1036.71,1037.684
107,3938643,Poland,20,91.13125,28.7725,24.631249999999994,15.682499999999997,2,1042.319,1066.551
108,3938643,France,6,24.631249999999998,15.682499999999997,104.95625000000001,46.792500000000004,2,1067.488,1077.923
109,3938643,Poland,24,99.79375,33.2775,21.831249999999997,16.7875,2,1095.543,1133.555
110,3938643,France,22,30.406250000000004,14.662499999999994,75.73124999999999,39.567499999999995,2,1135.295,1163.457
111,3938643,Poland,27,75.73125,39.5675,61.03125000000001,5.737499999999997,2,1165.511,1203.746
112,3938643,France,5,61.03125000000001,5.737499999999997,88.15625,30.1325,2,1204.4005000000002,1210.478
113,3938643,France,2,104.95625000000001,67.9575,102.59375,33.61750000000001,2,1248.354,1250.504
114,3938643,Poland,22,102.59375,33.61750000000001,22.443749999999994,14.237499999999997,2,1252.167,1287.086
115,3938643,France,7,22.443749999999998,14.237499999999997,61.64375,47.9825,2,1288.027,1306.747
116,3938643,France,16,62.518750000000004,47.8125,43.96874999999999,24.3525,2,1359.972,1379.498
117,3938643,France,20,43.09375,24.012500000000003,57.61875,1.5725000000000051,2,1404.028,1428.508
118,3938643,France,11,58.231249999999996,0.04250000000000398,96.38125000000001,25.287499999999994,2,1437.494,1453.253
119,3938643,Poland,2,96.38125,25.2875,98.74375,21.0375,2,1454.753,1456.533
120,3938643,Poland,28,99.88125,32.5125,60.41875,24.182499999999997,2,1469.909,1519.456
121,3938643,Poland,28,61.55624999999999,29.9625,36.53125,15.002499999999998,2,1535.297,1570.306
122,3938643,France,10,36.53125,15.002499999999998,0.04374999999998863,29.622500000000002,2,1575.486,1585.816
123,3938643,France,4,6.08125,29.537499999999994,63.481249999999996,49.682500000000005,2,1622.481,1632.006
124,3938643,France,32,59.71875,49.5125,84.04375,24.947499999999998,2,1644.22,1687.585
125,3938643,Poland,11,90.34375,20.8675,16.40625,5.482500000000002,2,1688.694,1705.132
126,3938643,Poland,16,16.40625,5.482500000000002,12.206249999999999,29.877499999999998,2,1708.426,1730.111
127,3938643,Poland,1,10.543749999999989,33.9575,0.04374999999998863,30.642500000000005,2,1993.217,1993.217
128,3938643,France,9,53.331250000000004,33.957499999999996,48.43125,62.6025,2,2055.7,2067.881
129,3938643,Poland,45,48.43124999999999,62.6025,4.41875,0.04250000000000398,2,2068.643,2129.283
130,3938643,Poland,16,9.84375,0.04250000000000398,0.04374999999998863,27.4125,2,2159.495,2182.634
131,3938643,France,17,6.08125,30.8975,62.86875000000001,15.682499999999997,2,2197.575,2224.341
132,3938643,Poland,4,62.86874999999999,15.682499999999997,45.19374999999999,5.907499999999999,2,2225.207,2230.161
133,3938643,Poland,3,48.518750000000004,0.04250000000000398,24.456249999999997,2.507499999999993,2,2242.326,2243.449
134,3938643,France,13,24.45625,2.507499999999993,58.668749999999996,38.63249999999999,2,2246.407,2267.221
135,3938643,Poland,15,58.668749999999996,38.6325,0.04374999999998863,67.9575,2,2272.444,2300.747
136,3938643,Poland,3,0.04374999999998863,67.9575,17.193749999999994,28.7725,2,2334.563,2337.663
137,3938643,France,33,2.93125,48.1525,95.59375,32.6825,2,2341.685,2385.612
138,3938643,France,7,104.95625000000001,67.9575,79.84375,60.9875,2,2449.874,2458.228
139,3938643,France,7,79.84375,60.9875,104.95625000000001,0.04250000000000398,2,2460.552,2470.821
140,3938643,France,17,104.95625000000001,0.04250000000000398,92.61875,40.5025,2,2485.695,2512.527
141,3938643,Poland,2,90.69375,49.5125,94.01875,64.30250000000001,2,2514.102,2517.803
142,3938643,Poland,23,94.01875,67.9575,52.28125,20.527500000000003,2,2549.784,2571.385
143,3938643,Poland,5,49.918749999999996,19.4225,16.66874999999999,12.3675,2,2575.109,2581.253
144,3938643,France,2,16.66875,12.3675,18.76875,4.9724999999999895,2,2583.487,2587.336
145,3938643,Poland,1,42.918749999999996,6.587499999999999,42.918749999999996,6.587499999999999,2,2597.081,2597.081
146,3938643,France,27,42.91875,6.587500000000006,93.66875,38.802499999999995,2,2613.226,2662.837
147,3938643,Poland,5,93.66875,38.8025,65.05625,42.2875,2,2664.004,2669.806
148,3938643,Poland,15,61.99375,42.4575,70.74375,65.0675,2,2685.732,2713.786
149,3938643,France,4,70.74375,65.0675,100.58125,47.4725,2,2715.031,2721.415
150,3938643,France,27,104.95625000000001,67.9575,103.03125,36.167500000000004,2,2736.742,2782.387
151,3938643,Poland,1,103.20625,35.40250000000001,103.20625,35.40250000000001,2,2783.747,2783.747
152,3938643,Poland,4,95.33125,36.7625,50.70625,51.5525,2,2799.029,2804.324
153,3938643,France,13,55.34375,56.2275,68.73124999999999,63.7075,2,2805.207,2815.145
154,3938643,France,2,78.79374999999999,62.4325,98.13125000000001,26.307499999999997,2,2854.924,2857.283
155,3938643,Poland,8,99.79375,27.9225,26.20625000000001,67.87250000000002,2,2894.931,2907.538
156,3938643,France,17,22.61875,67.9575,61.20625,6.417500000000004,2,2913.467,2942.407
157,3938643,Poland,2,61.20625,6.417500000000004,61.38125,6.247499999999995,2,2948.764,2949.062
158,3938643,Poland,3,60.418749999999996,0.04250000000000398,37.84375,2.507499999999993,2,2977.415,2979.148
159,3938643,France,13,21.04375,2.762500000000003,61.993750000000006,55.3775,2,2982.094,3012.342
160,3938643,Poland,2,50.35625,55.7175,19.29375,59.2025,2,3044.168,3046.385
2,3938638,Ukraine,84,52.543749999999996,33.9575,25.506249999999994,22.822499999999998,1,0.917,143.048
3,3938638,Romania,3,11.68125,21.6325,73.89375,7.777499999999989,1,144.108,163.52
4,3938638,Ukraine,3,73.89375,7.777499999999996,54.90625,8.1175,1,166.514,170.319
5,3938638,Romania,21,54.90625,8.1175,102.15625,30.047499999999992,1,172.019,206.299
6,3938638,Ukraine,30,95.15625,32.002500000000005,43.61875,67.87250000000002,1,219.718,292.639
7,3938638,Romania,2,50.09375,67.9575,59.018750000000004,46.4525,1,317.36,320.917
8,3938638,Ukraine,22,63.74375,43.9875,29.18124999999999,3.1025000000000063,1,337.814,368.582
9,3938638,Romania,5,27.693749999999998,0.04250000000000398,36.61875,8.1175,1,389.623,394.118
10,3938638,Ukraine,40,36.618750000000006,8.1175,26.643749999999997,8.8825,1,394.118,445.568
11,3938638,Romania,9,26.643749999999997,8.8825,103.73125,33.872499999999995,1,445.827,460.931
12,3938638,Ukraine,1,104.25625,34.3825,104.25625,34.3825,1,461.823,461.823
13,3938638,Ukraine,2,104.25625,34.3825,80.89375,8.287500000000001,1,462.936,464.049
15,3938638,Ukraine,37,76.08125,8.1175,12.731250000000003,3.2724999999999937,1,504.923,561.566
16,3938638,Romania,2,24.98125,0.04250000000000398,39.94375000000001,4.037499999999994,1,582.961,584.109
17,3938638,Ukraine,27,39.943749999999994,4.037500000000001,21.04375,16.53249999999999,1,584.79,628.416
18,3938638,Ukraine,5,24.981250000000003,0.04250000000000398,33.99374999999999,5.057499999999997,1,643.997,646.662
19,3938638,Ukraine,2,26.643749999999997,0.04250000000000398,17.543750000000003,32.002500000000005,1,664.975,666.841
20,3938638,Romania,7,17.54375,32.0025,78.70625000000001,37.7825,1,668.276,670.667
21,3938638,Ukraine,32,78.70625,37.7825,0.04374999999998863,4.037500000000001,1,676.57,732.318
22,3938638,Romania,16,6.08125,35.5725,97.95625000000001,13.47249999999999,1,762.694,792.396
23,3938638,Ukraine,7,97.95625,13.472499999999997,9.056249999999991,51.7225,1,792.396,806.63
24,3938638,Romania,28,3.10625,39.9075,82.38125000000001,11.857500000000002,1,808.618,866.967
25,3938638,Ukraine,34,82.38125,11.857500000000002,24.36874999999999,0.04250000000000398,1,866.967,918.807
26,3938638,Romania,21,27.16875,0.04250000000000398,86.66875,36.167500000000004,1,942.074,967.75
27,3938638,Ukraine,23,86.66875,36.167500000000004,26.03125,18.572499999999998,1,969.65,1010.407
28,3938638,Romania,4,26.03125,18.572499999999998,23.84375,22.9925,1,1015.53,1015.975
29,3938638,Romania,6,29.181250000000002,21.037499999999994,71.88125,16.5325,1,1054.491,1066.324
30,3938638,Ukraine,83,71.88125,16.5325,35.131249999999994,21.207499999999996,1,1067.445,1173.919
31,3938638,Romania,7,35.13125000000001,21.207499999999996,104.95625000000001,17.9775,1,1174.738,1181.791
32,3938638,Ukraine,31,99.79375,31.067500000000003,0.04374999999998863,67.9575,1,1193.949,1243.929
33,3938638,Ukraine,8,0.04374999999998863,67.9575,0.04374999999998863,33.3625,1,1278.572,1289.105
34,3938638,Romania,6,6.08125,35.0625,19.20625000000001,67.87250000000002,1,1306.099,1313.536
35,3938638,Romania,12,6.8687499999999995,67.9575,21.21875,67.87250000000002,1,1338.484,1352.855
36,3938638,Romania,13,19.20625,67.9575,92.18125000000002,15.767499999999998,1,1371.135,1387.799
37,3938638,Ukraine,8,91.65625,33.2775,7.656250000000001,49.2575,1,1399.791,1424.98
38,3938638,Ukraine,3,0.04374999999998863,67.9575,36.70625,67.7025,1,1454.31,1458.084
39,3938638,Romania,3,42.74375,67.9575,61.293749999999996,62.3475,1,1485.78,1487.077
40,3938638,Ukraine,50,62.86874999999999,67.9575,1.8812499999999943,19.167500000000004,1,1492.793,1572.728
41,3938638,Romania,11,1.8812500000000005,19.167499999999997,97.51875000000001,18.8275,1,1574.972,1593.906
42,3938638,Romania,31,104.95625000000001,0.04250000000000398,102.76875,33.6175,1,1636.916,1695.771
43,3938638,Ukraine,15,102.76875,33.61750000000001,81.41875,12.792499999999997,1,1697.341,1722.331
44,3938638,Romania,3,81.41875,12.792499999999997,104.95625000000001,36.3375,1,1723.318,1726.512
45,3938638,Ukraine,13,52.543749999999996,33.9575,36.18124999999999,17.637500000000003,1,1809.622,1829.026
46,3938638,Romania,14,25.85625,17.807499999999997,61.90625,60.4775,1,1830.186,1853.247
47,3938638,Romania,3,59.98124999999999,67.9575,70.48125,61.7525,1,1873.903,1875.708
48,3938638,Ukraine,4,69.95625,56.057500000000005,68.55625,64.04750000000001,1,1876.814,1879.276
49,3938638,Ukraine,2,68.73124999999999,67.9575,72.31875,67.5325,1,1906.152,1908.267
50,3938638,Romania,3,74.68125,67.9575,87.19375,63.62250000000001,1,1945.316,1948.185
51,3938638,Romania,2,87.01875,61.4125,104.95625000000001,67.9575,1,1995.499,1996.716
52,3938638,Romania,10,104.95625000000001,67.9575,67.24375,61.072500000000005,1,2048.148,2062.715
53,3938638,Romania,23,67.24375,61.072500000000005,62.25625000000001,67.5325,1,2065.1710000000003,2108.794
54,3938638,Ukraine,8,61.90625,67.9575,0.04374999999998863,67.9575,1,2121.429,2136.834
55,3938638,Ukraine,9,0.04374999999998863,67.9575,3.8062500000000057,37.95250000000001,1,2167.904,2178.712
56,3938638,Romania,7,14.48125,32.7675,104.95625000000001,17.4675,1,2181.075,2200.079
57,3938638,Ukraine,25,102.76875,33.2775,20.431249999999995,33.2775,1,2214.153,2258.334
58,3938638,Romania,6,20.431249999999995,33.2775,91.48125,20.9525,1,2259.759,2274.242
59,3938638,Romania,4,105.0,67.3625,98.83125,13.8975,1,2323.51,2336.835
60,3938638,Ukraine,2,97.95625,15.8525,85.44375000000001,16.0225,1,2337.502,2340.154
61,3938638,Ukraine,37,84.83125,20.1875,0.13124999999999432,53.7625,1,2363.353,2422.89
62,3938638,Romania,3,5.46875,33.787499999999994,62.43125,42.7975,1,2459.336,2464.763
63,3938638,Ukraine,18,62.43125,42.7975,10.543749999999989,24.012500000000003,1,2466.747,2489.168
64,3938638,Romania,2,6.08125,34.2125,55.69375000000001,45.0925,1,2528.886,2531.783
66,3938638,Ukraine,24,61.90625,46.45250000000001,35.65625,47.3025,1,2619.358,2656.503
67,3938638,Romania,5,35.83125,48.1525,30.668750000000003,42.96750000000001,1,2657.295,2662.384
68,3938638,Romania,11,30.056250000000002,43.477500000000006,80.36875,48.5775,1,2687.633,2701.534
69,3938638,Ukraine,3,73.54374999999999,51.7225,50.79375,38.292500000000004,1,2708.679,2710.996
70,3938638,Romania,11,50.79375,38.292500000000004,49.393750000000004,63.707499999999996,1,2712.724,2726.731
71,3938638,Ukraine,7,49.39374999999999,63.7075,3.9812499999999886,17.807499999999997,1,2727.744,2733.008
72,3938638,Romania,21,3.98125,17.807499999999997,57.88125,30.1325,1,2737.418,2785.56
73,3938638,Ukraine,12,56.56875,30.642500000000005,2.143749999999997,46.537499999999994,1,2786.035,2799.426
74,3938638,Romania,2,2.1437500000000003,46.5375,14.306249999999999,41.8625,1,2803.585,2803.585
75,3938638,Romania,3,52.456250000000004,34.0425,76.08125,8.797499999999992,2,0.76,3.768
76,3938638,Ukraine,10,76.08125,8.7975,59.63125,49.9375,2,6.745,18.865
77,3938638,Romania,7,59.63125000000001,49.9375,104.95625000000001,27.3275,2,20.964,28.665
78,3938638,Ukraine,36,98.91875,35.4875,9.931249999999991,0.21250000000000568,2,43.487,118.744
79,3938638,Romania,3,18.76875,0.04250000000000398,24.89375,10.327499999999993,2,137.358,139.508
80,3938638,Ukraine,61,24.893749999999997,10.3275,0.04374999999998863,38.5475,2,140.187,244.838
81,3938638,Romania,10,5.20625,34.0425,87.45625,0.21250000000000568,2,282.477,294.989
82,3938638,Ukraine,3,90.78125,0.04250000000000398,88.68125,5.397500000000001,2,311.42,312.22
83,3938638,Romania,8,88.68125,5.397500000000001,95.41874999999999,0.04250000000000398,2,313.155,320.332
84,3938638,Romania,16,95.41874999999999,0.04250000000000398,69.34375,41.947500000000005,2,333.53,350.575
85,3938638,Ukraine,7,69.34375,41.947500000000005,10.631249999999994,23.417500000000004,2,351.331,370.269
86,3938638,Ukraine,7,0.04374999999998863,0.04250000000000398,9.668750000000003,24.012500000000003,2,394.855,402.749
87,3938638,Ukraine,4,8.443749999999994,67.9575,8.881249999999994,66.17250000000001,2,424.877,427.205
88,3938638,Romania,12,8.881249999999998,66.1725,104.95625000000001,36.8475,2,427.205,444.878
89,3938638,Ukraine,25,51.668749999999996,34.042500000000004,7.831249999999997,38.5475,2,540.169,579.461
90,3938638,Romania,6,7.831249999999999,38.54749999999999,50.35625,12.792499999999997,2,581.764,608.729
91,3938638,Ukraine,17,50.35625,12.792499999999997,60.856249999999996,9.732500000000002,2,609.743,623.867
92,3938638,Romania,29,60.85625,9.732500000000002,103.99375,30.557500000000005,2,624.838,660.702
93,3938638,Romania,7,104.95625000000001,0.04250000000000398,104.95625000000001,33.6175,2,682.869,687.678
94,3938638,Ukraine,13,51.668749999999996,34.042500000000004,35.21875,67.9575,2,775.554,795.549
95,3938638,Ukraine,5,37.93124999999999,67.9575,18.331249999999997,67.9575,2,812.81,821.684
96,3938638,Romania,2,18.33125,67.9575,29.53125,67.9575,2,888.866,890.008
97,3938638,Ukraine,32,35.21875,67.9575,8.443749999999994,56.567499999999995,2,895.728,959.803
98,3938638,Romania,8,5.20625,35.317499999999995,67.59375,55.7175,2,1051.726,1060.772
99,3938638,Ukraine,27,67.59375,55.7175,34.78125,25.797499999999992,2,1060.772,1099.777
100,3938638,Ukraine,3,34.78125,25.457499999999996,0.04374999999998863,35.1475,2,1147.104,1149.603
101,3938638,Romania,10,5.20625,34.8925,101.10625,0.21250000000000568,2,1180.54,1194.021
102,3938638,Ukraine,9,94.80625,0.04250000000000398,9.581250000000011,47.557500000000005,2,1204.752,1218.667
103,3938638,Romania,6,9.581249999999999,47.5575,64.70625000000001,24.4375,2,1222.421,1239.568
104,3938638,Ukraine,2,62.168749999999996,26.4775,61.118750000000006,27.072499999999998,2,1240.736,1241.637
105,3938638,Ukraine,17,59.80624999999999,26.4775,17.893749999999997,48.15250000000001,2,1248.301,1270.719
106,3938638,Romania,7,19.381249999999998,53.5925,30.93124999999999,34.46750000000001,2,1272.285,1279.011
107,3938638,Romania,2,29.09375,37.5275,96.29375,62.6875,2,1311.149,1316.547
108,3938638,Romania,1,97.25625000000001,63.2825,104.95625000000001,38.54749999999999,2,1363.728,1363.728
109,3938638,Ukraine,15,98.91875,36.0825,35.21875,64.7275,2,1370.877,1396.503
110,3938638,Romania,13,35.21875,64.7275,41.69375000000001,10.75249999999999,2,1396.503,1414.047
111,3938638,Ukraine,22,43.61875,22.397499999999994,21.74375,22.822499999999998,2,1416.785,1440.914
112,3938638,Ukraine,1,22.09375,21.122500000000002,13.78125,25.2025,2,1507.02,1507.02
113,3938638,Ukraine,6,0.04374999999998863,0.04250000000000398,80.01875,60.22250000000001,2,1533.684,1546.64
114,3938638,Romania,1,82.90625,62.4325,98.21875,32.6825,2,1591.25,1591.25
115,3938638,Ukraine,18,98.21875,32.682500000000005,2.93125,40.5875,2,1593.299,1624.185
116,3938638,Ukraine,5,0.04374999999998863,67.9575,6.25624999999998,29.5375,2,1676.845,1689.822
117,3938638,Romania,15,6.2562500000000005,29.537499999999994,2.40625,67.2775,2,1691.744,1735.138
118,3938638,Ukraine,17,2.40625,67.2775,30.756250000000005,6.417499999999997,2,1739.116,1758.759
119,3938638,Romania,2,30.756250000000005,6.417499999999997,33.818749999999994,3.2724999999999937,2,1761.734,1765.262
120,3938638,Romania,11,35.48125,0.04250000000000398,88.33125000000001,62.6875,2,1812.517,1828.827
121,3938638,Ukraine,20,84.39375,52.1475,1.70625,34.29749999999999,2,1839.734,1871.662
122,3938638,Romania,1,74.94375,6.7575,74.94375,6.7575,2,1893.586,1893.586
123,3938638,Ukraine,17,74.68124999999999,16.6175,14.743749999999991,36.0825,2,1897.768,1928.595
124,3938638,Romania,7,17.193749999999998,29.877499999999998,47.818749999999994,29.197500000000005,2,1930.041,1943.722
125,3938638,Romania,7,47.81875,29.197499999999998,30.756250000000005,26.307499999999997,2,1978.216,1990.572
126,3938638,Ukraine,6,31.36874999999999,25.542500000000004,28.131249999999994,17.552499999999995,2,2034.47,2062.023
127,3938638,Romania,4,33.73125,17.552499999999995,92.96875,26.052499999999995,2,2097.494,2105.955
128,3938638,Ukraine,10,92.96875,26.052499999999995,29.356250000000003,67.9575,2,2107.208,2119.024
129,3938638,Romania,2,26.556249999999995,67.9575,47.818749999999994,64.89750000000001,2,2143.116,2144.905
130,3938638,Romania,5,53.94375,67.9575,76.08125,65.6625,2,2165.534,2169.368
131,3938638,Ukraine,13,79.58125,67.9575,14.131249999999994,61.2425,2,2173.383,2201.646
132,3938638,Romania,12,14.831249999999999,58.6925,48.78125,60.7325,2,2203.057,2218.343
133,3938638,Romania,2,48.518750000000004,60.4775,85.53125,13.302499999999995,2,2260.263,2263.691
134,3938638,Ukraine,17,85.53125,13.302500000000002,47.64375,45.1775,2,2265.097,2293.184
135,3938638,Romania,6,54.81875,56.5675,54.11875,51.1275,2,2295.338,2299.47
136,3938638,Ukraine,6,54.11875,51.127500000000005,0.04374999999998863,30.132500000000007,2,2299.47,2307.497
137,3938638,Romania,3,5.20625,34.2125,68.03125,23.502499999999998,2,2393.456,2398.261
138,3938638,Ukraine,13,68.03125,23.502499999999998,0.04374999999998863,46.537499999999994,2,2401.85,2424.025
139,3938638,Romania,2,3.8062500000000004,35.5725,69.86875,28.432499999999997,2,2490.067,2493.162
140,3938638,Ukraine,14,69.86874999999999,28.432500000000005,16.66874999999999,20.9525,2,2496.071,2514.839
141,3938638,Romania,1,59.63125000000001,19.082499999999996,59.63125000000001,19.082499999999996,2,2546.05,2546.05
142,3938638,Ukraine,14,55.08125,17.042500000000004,0.04374999999998863,67.9575,2,2557.537,2582.881
143,3938638,Ukraine,2,0.04374999999998863,67.9575,0.04374999999998863,0.04250000000000398,2,2610.494,2611.537
144,3938638,Ukraine,9,0.04374999999998863,0.04250000000000398,4.243750000000006,55.97250000000001,2,2632.295,2651.015
145,3938638,Romania,3,11.06875,67.9575,37.31875000000001,53.6775,2,2683.067,2687.09
146,3938638,Ukraine,10,37.318749999999994,53.6775,2.5812500000000114,32.5975,2,2687.772,2702.342
147,3938638,Romania,7,2.5812500000000003,32.59749999999999,55.69375000000001,55.1225,2,2703.756,2721.041
148,3938638,Ukraine,4,55.69375,55.12250000000001,14.568749999999994,65.1525,2,2723.709,2729.866
149,3938638,Ukraine,6,14.568749999999994,65.1525,9.40625,67.9575,2,2731.9184999999998,2738.976
150,3938638,Ukraine,12,12.993749999999991,67.9575,0.04374999999998863,33.1075,2,2755.483,2773.446
151,3938638,Romania,4,5.11875,31.152500000000003,73.01875,60.307500000000005,2,2808.975,2816.548
152,3938638,Ukraine,9,73.01875,60.307500000000005,40.118750000000006,67.9575,2,2819.013,2824.344
153,3938638,Romania,1,39.68125,67.9575,57.181250000000006,63.707499999999996,2,2843.131,2843.131
154,3938638,Ukraine,35,57.18125,63.7075,2.143749999999997,32.682500000000005,2,2844.895,2903.055
155,3938638,Romania,1,5.11875,33.6175,5.11875,33.6175,2,2904.187,2904.187
156,3938638,Romania,6,5.11875,33.6175,42.56875,4.377499999999998,2,2906.09,2913.779
157,3938638,Romania,2,42.65625,0.04250000000000398,56.74375000000001,8.967500000000001,2,2932.702,2934.652
158,3938638,Ukraine,3,56.74374999999999,8.967500000000001,78.00625,45.2625,2,2936.141,2940.479
2,3930183,Slovakia,14,52.456250000000004,34.0425,94.71875,9.732500000000002,1,0.434,19.236
3,3930183,Romania,8,94.71875,9.732500000000002,82.90625,1.3174999999999955,1,20.052,24.588
4,3930183,Slovakia,47,78.96875,0.04250000000000398,85.35624999999999,50.3625,1,42.625,102.214
5,3930183,Romania,12,85.35625,50.3625,64.53125,67.9575,1,105.206,120.545
6,3930183,Romania,17,66.63125,67.9575,4.243750000000006,38.5475,1,138.901,178.207
7,3930183,Slovakia,4,4.24375,38.54749999999999,45.10625,65.0675,1,179.333,188.178
8,3930183,Romania,18,45.106249999999996,65.0675,22.96875,47.3875,1,189.356,206.462
9,3930183,Slovakia,5,22.96875,46.9625,35.30624999999999,64.3875,1,207.02,210.567
10,3930183,Slovakia,2,23.93125,67.9575,29.706250000000004,65.8325,1,230.262,231.363
11,3930183,Romania,6,28.043750000000003,65.0675,26.381249999999998,42.2875,1,233.026,237.132
12,3930183,Slovakia,12,26.381249999999998,42.2875,101.98124999999999,10.157499999999999,1,237.9665,256.073
13,3930183,Romania,7,98.91875,33.1075,48.34375,38.71750000000001,1,279.158,291.092
14,3930183,Slovakia,20,48.34375,38.7175,70.91875,45.5175,1,293.925,316.779
15,3930183,Romania,4,70.91875,45.517500000000005,57.26875,55.2075,1,318.26,321.553
16,3930183,Romania,6,52.89375,54.52750000000001,17.368750000000006,53.167500000000004,1,359.303,369.004
17,3930183,Slovakia,4,17.36875,53.167500000000004,39.68125,50.7875,1,372.596,376.283
18,3930183,Romania,2,39.68124999999999,50.787499999999994,2.66875,39.3125,1,407.606,409.283
19,3930183,Slovakia,18,2.66875,39.3125,53.94375,62.6025,1,411.068,443.688
20,3930183,Slovakia,5,53.94375,62.6025,104.95625000000001,0.04250000000000398,1,445.4135,451.513
21,3930183,Slovakia,2,104.95625000000001,0.04250000000000398,103.99375,31.747499999999995,1,492.47,493.826
22,3930183,Romania,1,103.90625,31.747500000000002,103.90625,31.747500000000002,1,495.172,495.172
23,3930183,Romania,10,103.90625,31.747500000000002,53.94375,9.732500000000002,1,499.6505,520.743
24,3930183,Slovakia,5,53.94375,9.732500000000002,88.94375000000001,8.372499999999995,1,523.165,527.905
25,3930183,Slovakia,2,104.95625000000001,0.04250000000000398,104.95625000000001,31.662499999999994,1,563.529,565.19
26,3930183,Romania,3,98.91875,35.3175,49.39374999999999,66.6825,1,588.854,592.108
27,3930183,Slovakia,1,38.28125,67.9575,47.118750000000006,63.3675,1,607.521,607.521
28,3930183,Romania,16,47.11875,63.3675,0.04374999999998863,39.057500000000005,1,608.737,624.824
29,3930183,Slovakia,3,5.20625,39.482499999999995,37.143750000000004,67.9575,1,650.317,657.52
30,3930183,Romania,5,33.90625,67.9575,11.068749999999994,55.2075,1,671.332,677.857
31,3930183,Slovakia,10,11.06875,55.2075,45.71875,25.372499999999995,1,682.211,695.21
32,3930183,Romania,2,45.71875,25.372500000000002,35.743750000000006,28.0075,1,697.082,698.399
33,3930183,Romania,1,30.318749999999994,22.652500000000003,0.04374999999998863,28.7725,1,745.995,745.995
34,3930183,Slovakia,7,5.20625,31.917499999999997,33.29375,26.052499999999995,1,768.72,775.488
35,3930183,Romania,13,33.29374999999999,26.052499999999995,41.956250000000004,67.9575,1,777.006,792.302
36,3930183,Slovakia,16,40.29375,67.9575,73.45625,0.46750000000000114,1,801.024,837.157
37,3930183,Slovakia,28,73.45625,0.04250000000000398,95.15625,18.997500000000002,1,845.868,891.831
38,3930183,Slovakia,26,104.95625000000001,0.04250000000000398,86.40625,0.12749999999998352,1,926.535,960.196
39,3930183,Romania,6,86.49375,0.04250000000000398,76.08125,4.122500000000002,1,979.494,984.116
40,3930183,Slovakia,15,75.29375,6.7575,93.31875000000001,49.9375,1,985.476,1001.358
41,3930183,Romania,10,91.04375,47.3025,56.65625,3.102499999999992,1,1024.047,1043.076
42,3930183,Romania,8,63.481249999999996,0.04250000000000398,19.818749999999994,40.162499999999994,1,1054.131,1067.694
43,3930183,Slovakia,8,19.81875,40.1625,33.73125,53.4225,1,1070.28,1088.896
44,3930183,Romania,25,33.73124999999999,53.4225,9.84375,0.04250000000000398,1,1090.395,1140.068
45,3930183,Romania,17,9.84375,0.04250000000000398,21.918750000000003,0.04250000000000398,1,1156.555,1177.68
46,3930183,Slovakia,11,30.58125,0.04250000000000398,89.99375,66.2575,1,1195.511,1218.74
47,3930183,Slovakia,2,89.99375,66.2575,104.95625000000001,29.112499999999997,1,1289.733,1290.999
48,3930183,Romania,10,98.91875,35.912499999999994,2.84375,19.252499999999998,1,1343.012,1356.088
49,3930183,Romania,7,5.381249999999994,0.04250000000000398,2.0562499999999915,32.1725,1,1365.557,1375.01
50,3930183,Slovakia,1,1.35625,32.3425,1.35625,32.3425,1,1375.936,1375.936
51,3930183,Slovakia,18,1.35625,32.3425,104.95625000000001,31.322499999999998,1,1379.9685,1423.32
52,3930183,Romania,8,51.668749999999996,34.042500000000004,62.693749999999994,66.0025,1,1564.677,1577.139
53,3930183,Slovakia,24,62.69375000000001,66.0025,80.28125,53.167500000000004,1,1577.139,1612.738
54,3930183,Romania,3,80.28125,53.167500000000004,74.59375,53.7625,1,1613.912,1616.734
55,3930183,Romania,14,75.29374999999999,59.9675,45.28125,49.1725,1,1630.794,1654.014
56,3930183,Slovakia,7,45.28125,49.1725,46.068749999999994,37.4425,1,1654.872,1658.301
57,3930183,Slovakia,22,46.06875,37.442499999999995,104.95625000000001,14.322499999999998,1,1683.285,1728.211
58,3930183,Romania,1,98.91875,33.8725,56.65625,0.29749999999999943,1,1757.16,1757.16
59,3930183,Slovakia,49,54.993750000000006,0.04250000000000398,104.95625000000001,31.662499999999994,1,1771.394,1841.926
60,3930183,Romania,2,99.44375,33.7875,52.71875,67.9575,1,1866.479,1869.848
61,3930183,Romania,15,52.71875,67.9575,31.543750000000003,17.722499999999997,1,1877.438,1906.481
62,3930183,Slovakia,7,31.543750000000006,17.72249999999999,32.06875000000001,51.7225,1,1909.329,1917.04
63,3930183,Romania,33,32.068749999999994,65.8325,2.7562499999999943,34.212500000000006,1,1919.971,1968.798
64,3930183,Slovakia,1,2.3187500000000005,33.872499999999995,2.3187500000000005,33.872499999999995,1,1969.678,1969.678
65,3930183,Slovakia,11,4.24375,33.787499999999994,30.668750000000003,47.2175,1,1987.789,2007.427
66,3930183,Romania,7,30.668750000000003,47.21750000000001,5.29375,52.1475,1,2007.837,2017.723
67,3930183,Romania,1,10.456249999999997,34.042500000000004,0.04374999999998863,31.4075,1,2178.937,2178.937
68,3930183,Slovakia,18,52.456250000000004,34.0425,79.14375,50.5325,1,2250.066,2282.762
69,3930183,Romania,9,79.14375,50.5325,35.30624999999999,67.9575,1,2283.604,2297.127
70,3930183,Slovakia,7,38.89375,67.9575,20.518749999999997,67.9575,1,2304.221,2317.575
71,3930183,Romania,51,23.05624999999999,67.9575,0.04374999999998863,29.2825,1,2336.372,2421.288
72,3930183,Slovakia,1,4.76875,31.237499999999997,69.43125,23.502499999999998,1,2460.276,2460.276
73,3930183,Romania,28,69.43124999999999,23.502499999999998,54.46875,53.4225,1,2463.688,2514.742
74,3930183,Slovakia,11,54.46875000000001,53.4225,67.06875000000001,22.3125,1,2515.281,2532.309
75,3930183,Romania,4,62.95625,19.677499999999995,0.04374999999998863,40.6725,1,2533.544,2541.199
76,3930183,Slovakia,6,4.9437500000000005,26.817499999999995,104.95625000000001,41.0975,1,2588.228,2599.65
77,3930183,Romania,2,99.00625,34.2975,48.168749999999996,0.04250000000000398,1,2639.02,2642.49
78,3930183,Romania,9,48.168749999999996,0.04250000000000398,56.481249999999996,66.5975,1,2656.584,2669.086
79,3930183,Romania,5,53.24374999999999,66.8525,25.24374999999999,0.12749999999999773,1,2685.407,2692.14
80,3930183,Slovakia,6,27.08125,0.04250000000000398,75.55624999999999,10.9225,1,2699.635,2714.236
81,3930183,Slovakia,6,75.81875000000001,10.667499999999997,96.90625,66.7675,1,2782.924,2792.726
82,3930183,Romania,27,95.68125,67.9575,25.418750000000003,25.2875,1,2812.466,2864.779
83,3930183,Slovakia,7,25.418750000000003,25.287499999999994,42.831250000000004,19.4225,1,2867.834,2874.783
84,3930183,Romania,3,52.543749999999996,33.9575,23.756249999999994,53.7625,2,0.706,7.596
85,3930183,Slovakia,36,24.45625,50.0225,96.64375,7.267499999999998,2,30.491,79.056
86,3930183,Slovakia,4,96.64375,7.267499999999998,102.41874999999999,4.717500000000001,2,82.0275,88.4
87,3930183,Slovakia,4,104.95625000000001,0.04250000000000398,95.76875,57.417500000000004,2,122.871,133.093
88,3930183,Romania,11,95.24375,58.2675,29.09375,0.04250000000000398,2,149.541,175.827
89,3930183,Slovakia,3,34.69375,0.04250000000000398,52.456250000000004,3.612499999999997,2,188.929,189.722
90,3930183,Romania,11,52.45624999999999,3.612499999999997,26.381249999999994,47.3025,2,190.617,202.125
91,3930183,Slovakia,3,26.381249999999998,47.3025,38.28125,61.2425,2,205.321,209.526
92,3930183,Slovakia,18,37.66875,59.2875,92.35625,2.8474999999999966,2,236.647,269.361
93,3930183,Romania,10,91.83125,0.04250000000000398,20.693749999999994,0.04250000000000398,2,274.961,291.163
94,3930183,Romania,18,20.693749999999994,0.04250000000000398,6.78125,34.3825,2,299.007,323.435
95,3930183,Slovakia,16,6.781250000000001,34.38249999999999,104.16875,37.6125,2,325.15,382.46
96,3930183,Romania,1,104.16875,37.3575,104.16875,37.3575,2,382.859,382.859
97,3930183,Romania,6,104.16875,37.3575,34.86874999999999,7.012500000000003,2,384.6775,397.58
98,3930183,Slovakia,25,34.86875,7.012500000000003,96.64375,17.9775,2,398.534,436.045
99,3930183,Romania,28,95.24375,19.677499999999995,102.76875,46.6225,2,470.595,525.765
101,3930183,Romania,10,101.28125,46.02750000000001,49.918749999999996,8.8825,2,576.481,589.439
102,3930183,Slovakia,19,48.518750000000004,9.052499999999995,75.99374999999999,63.7075,2,613.139,651.704
103,3930183,Slovakia,33,76.95625,67.9575,94.28125,18.65749999999999,2,656.995,705.849
104,3930183,Romania,1,86.23125,19.762500000000003,35.39375000000001,3.612499999999997,2,795.534,795.534
105,3930183,Slovakia,4,35.393750000000004,3.612499999999997,91.48125,46.197500000000005,2,798.884,804.978
106,3930183,Romania,6,91.48125,46.197500000000005,28.21875,52.6575,2,807.645,815.335
107,3930183,Romania,16,12.293750000000003,67.9575,16.84375,67.9575,2,841.193,862.53
108,3930183,Romania,3,16.84375,67.9575,6.34375,59.1175,2,866.835,872.329
109,3930183,Slovakia,15,6.34375,59.1175,57.09374999999999,5.0575000000000045,2,872.329,889.001
110,3930183,Romania,22,57.09375,5.057499999999997,0.04374999999998863,36.4225,2,892.599,918.976
111,3930183,Slovakia,13,6.08125,33.107499999999995,80.28125,50.9575,2,951.717,980.16
112,3930183,Slovakia,16,79.05625000000002,67.9575,102.06875,61.412499999999994,2,993.026,1014.426
113,3930183,Romania,3,98.83125,67.9575,60.59375,58.4375,2,1031.531,1033.726
114,3930183,Slovakia,2,60.59374999999999,58.4375,60.856249999999996,58.77750000000001,2,1035.771,1036.892
115,3930183,Slovakia,33,61.556250000000006,57.0775,75.64375,28.432499999999997,2,1057.557,1103.163
116,3930183,Romania,4,88.68125,30.557500000000005,26.643749999999997,11.177500000000002,2,1138.511,1142.985
117,3930183,Slovakia,2,9.318749999999998,18.65749999999999,6.34375,17.637500000000003,2,1145.245,1146.261
118,3930183,Slovakia,8,20.34375,0.04250000000000398,104.95625000000001,30.1325,2,1170.722,1185.455
119,3930183,Romania,28,100.05625,29.9625,20.34375,9.392499999999998,2,1283.134,1331.719
120,3930183,Romania,32,25.418750000000003,0.04250000000000398,10.28125,44.4975,2,1342.443,1383.868
121,3930183,Slovakia,27,10.28125,44.4975,98.30625,27.752499999999998,2,1386.569,1442.587
122,3930183,Romania,3,98.30625,27.752500000000005,39.24374999999999,67.9575,2,1447.113,1469.337
123,3930183,Romania,8,39.24374999999999,67.9575,32.15625,35.1475,2,1502.25,1510.384
124,3930183,Slovakia,6,32.15625,35.147499999999994,98.30625,17.637500000000003,2,1512.49,1518.666
125,3930183,Romania,12,98.30625,17.637500000000003,98.74375000000002,31.747499999999995,2,1522.993,1558.208
126,3930183,Romania,3,98.74375,31.747500000000002,38.193749999999994,49.9375,2,1560.118,1578.167
127,3930183,Slovakia,20,38.19375000000001,49.9375,81.68125,67.7025,2,1580.742,1609.144
128,3930183,Romania,15,80.10625,67.9575,7.918749999999999,0.04250000000000398,2,1629.853,1663.887
129,3930183,Romania,7,7.65625,0.04250000000000398,18.418750000000003,51.46750000000001,2,1668.458,1675.02
130,3930183,Slovakia,5,18.41875,51.4675,47.90625,48.2375,2,1677.747,1682.957
131,3930183,Romania,15,47.90625000000001,48.2375,30.493750000000006,0.04250000000000398,2,1685.532,1702.057
132,3930183,Romania,5,30.493750000000006,0.04250000000000398,54.556250000000006,28.262500000000003,2,1719.373,1727.272
133,3930183,Romania,4,55.95625,22.737499999999997,25.94374999999998,45.7725,2,1748.161,1753.486
134,3930183,Slovakia,24,28.306250000000002,43.9875,91.39375,67.4475,2,1754.305,1792.356
135,3930183,Slovakia,7,92.53125,67.9575,104.95625000000001,37.0175,2,1798.242,1807.257
136,3930183,Romania,1,99.96875,31.492500000000007,51.668749999999996,11.517499999999998,2,1837.86,1837.86
137,3930183,Slovakia,10,51.66875,11.517499999999998,66.01875,9.307500000000005,2,1841.13,1853.561
138,3930183,Romania,4,71.79374999999999,6.332499999999996,47.03124999999999,0.04250000000000398,2,1884.05,1890.791
139,3930183,Slovakia,11,59.71875,0.04250000000000398,67.41874999999999,67.4475,2,1941.639,1960.006
140,3930183,Slovakia,20,68.29375,67.9575,102.68125,60.5625,2,1981.582,2015.204
141,3930183,Romania,1,46.68125,53.252500000000005,46.68125,53.252500000000005,2,2064.098,2064.098
142,3930183,Slovakia,3,47.03125,52.6575,84.48125,0.04250000000000398,2,2099.592,2104.19
143,3930183,Slovakia,3,84.48125,0.04250000000000398,87.19375000000001,2.677499999999995,2,2121.617,2123.643
144,3930183,Slovakia,6,104.95625000000001,0.04250000000000398,77.39375,61.1575,2,2182.708,2192.674
145,3930183,Slovakia,5,77.74375,61.7525,71.61875,0.04250000000000398,2,2237.949,2245.594
146,3930183,Slovakia,5,71.61875,0.04250000000000398,70.74375,0.7224999999999966,2,2265.361,2267.927
147,3930183,Slovakia,16,77.30625,0.04250000000000398,104.86875,60.222500000000004,2,2279.893,2314.907
148,3930183,Romania,1,100.66875,39.3125,43.18125,45.2625,2,2349.388,2349.388
149,3930183,Slovakia,4,43.18125,45.2625,48.69375000000001,54.7825,2,2352.986,2355.425
150,3930183,Romania,6,48.69374999999999,54.7825,32.85625,64.2175,2,2355.425,2359.158
151,3930183,Romania,11,14.568749999999994,67.9575,0.04374999999998863,67.9575,2,2379.393,2386.867
152,3930183,Romania,1,0.04374999999998863,67.9575,0.04374999999998863,15.1725,2,2444.296,2444.296
153,3930183,Slovakia,2,5.46875,37.86749999999999,56.918749999999996,60.7325,2,2495.372,2498.889
154,3930183,Romania,6,55.78125,67.9575,36.618750000000006,37.4425,2,2520.896,2531.429
155,3930183,Slovakia,3,30.668750000000003,36.9325,87.45625,67.7025,2,2646.698,2651.332
156,3930183,Romania,5,87.28125,67.9575,104.95625000000001,64.2175,2,2666.937,2672.307
157,3930183,Romania,7,101.10625,37.4425,55.78125,47.4725,2,2711.336,2723.722
158,3930183,Romania,2,49.043749999999996,45.9425,0.13124999999999432,57.67250000000001,2,2807.172,2810.07
159,3930183,Slovakia,11,4.76875,37.442499999999995,87.19375000000001,67.9575,2,2842.875,2861.492
160,3930183,Slovakia,3,87.19375000000001,67.9575,101.71875,61.4975,2,2880.442,2887.561
161,3930183,Slovakia,4,97.95625000000001,67.9575,95.15625,63.9625,2,2902.137,2905.212
2,3930181,England,47,53.331250000000004,33.957499999999996,44.66875,53.082499999999996,1,1.404,77.119
3,3930181,Slovenia,9,44.66875,53.0825,77.56875,56.9075,1,79.106,95.205
4,3930181,England,10,77.56875000000001,56.9075,102.24375,57.7575,1,96.069,105.724
5,3930181,Slovenia,6,99.79375,38.1225,21.48125,29.4525,1,130.134,137.086
6,3930181,England,2,6.08125,28.942499999999995,53.33125,0.04250000000000398,1,173.531,177.641
7,3930181,England,13,57.35625,0.04250000000000398,48.34375,37.442499999999995,1,184.141,202.923
8,3930181,Slovenia,3,48.34375,37.4425,54.29375,43.9025,1,204.04,206.386
9,3930181,Slovenia,22,53.68124999999999,42.20250000000001,0.8312499999999999,33.872499999999995,1,210.667,247.295
10,3930181,England,2,9.75625,42.1175,42.21875,36.42249999999999,1,262.938,270.535
11,3930181,Slovenia,6,42.21875,36.4225,24.193749999999998,2.677499999999995,1,272.861,280.863
12,3930181,England,3,33.46875,0.04250000000000398,47.73125000000001,4.462500000000006,1,314.657,316.196
13,3930181,Slovenia,10,55.168749999999996,7.777499999999996,28.568749999999994,6.672499999999999,1,317.326,331.068
14,3930181,England,7,28.56875000000001,6.672499999999992,82.99375,53.337500000000006,1,334.005,349.344
15,3930181,England,44,89.46875,67.9575,98.83125,8.967500000000001,1,361.463,430.722
16,3930181,Slovenia,6,98.83125,8.967500000000001,100.66875,1.5725000000000051,1,433.883,438.444
17,3930181,Slovenia,1,94.01875,0.04250000000000398,67.85624999999999,3.612499999999997,1,459.978,459.978
18,3930181,England,68,67.85625,3.612499999999997,71.70625000000001,46.4525,1,462.139,561.664
19,3930181,Slovenia,11,72.93124999999999,49.2575,79.58125,51.042500000000004,1,562.41,573.969
20,3930181,Slovenia,33,80.19375,50.1925,46.506249999999994,1.9975000000000023,1,610.242,668.987
21,3930181,England,72,44.84375,0.04250000000000398,66.89375,2.4224999999999994,1,677.774,790.545
22,3930181,England,2,60.24375000000001,0.04250000000000398,71.96875,67.8725,1,802.454,805.063
23,3930181,Slovenia,3,67.59375,67.9575,42.21875,48.917500000000004,1,823.088,824.108
24,3930181,England,30,42.21875,48.917500000000004,41.956250000000004,10.497499999999995,1,826.369,869.101
25,3930181,Slovenia,4,43.706250000000004,0.04250000000000398,22.61874999999999,4.887500000000003,1,892.847,896.168
26,3930181,Slovenia,5,10.543749999999989,0.04250000000000398,0.04374999999998863,48.917500000000004,1,918.08,923.18
27,3930181,England,12,6.08125,38.802499999999995,91.30625,44.582499999999996,1,951.633,971.131
28,3930181,Slovenia,15,91.30625,44.5825,15.53125,58.8625,1,974.237,992.892
29,3930181,Slovenia,1,16.05624999999999,58.8625,0.21875,25.8825,1,1070.181,1070.181
30,3930181,England,5,6.08125,37.9525,58.056250000000006,48.5775,1,1088.616,1093.515
31,3930181,Slovenia,11,58.05624999999999,48.57750000000001,0.9187499999999886,39.2275,1,1096.032,1120.574
32,3930181,England,34,5.90625,35.7425,99.00625000000001,46.1125,1,1126.549,1177.526
33,3930181,Slovenia,21,94.54375,54.52750000000001,52.54375000000001,25.03249999999999,1,1227.161,1249.853
34,3930181,Slovenia,1,53.418749999999996,25.627499999999998,0.04374999999998863,7.607500000000002,1,1259.757,1259.757
35,3930181,England,8,6.08125,27.412499999999994,58.49374999999999,6.077500000000001,1,1293.068,1308.905
36,3930181,England,14,57.26875,5.822499999999998,71.26875000000001,8.542499999999997,1,1345.414,1365.573
37,3930181,Slovenia,4,71.26875,8.542499999999997,60.943749999999994,7.182499999999997,1,1366.58,1368.92
38,3930181,England,3,60.94375,7.1825000000000045,53.85625,3.1875,1,1370.456,1375.098
39,3930181,England,41,52.98125,0.04250000000000398,81.41875,41.2675,1,1391.608,1450.053
40,3930181,Slovenia,21,81.41875,41.267500000000005,36.35625,0.04250000000000398,1,1451.623,1477.428
41,3930181,England,21,36.35625,0.04250000000000398,58.75625000000001,54.4425,1,1495.638,1521.996
42,3930181,England,10,58.75625000000001,54.4425,72.66874999999999,4.802499999999995,1,1525.672,1548.381
43,3930181,Slovenia,8,72.66875,4.802500000000002,57.09375,2.677499999999995,1,1549.538,1555.884
44,3930181,England,6,57.53125000000001,3.1875,104.95625000000001,46.197500000000005,1,1569.797,1581.138
45,3930181,Slovenia,1,100.31875,32.852500000000006,55.95625,18.317500000000003,1,1603.441,1603.441
46,3930181,England,55,55.956250000000004,18.317499999999995,86.84375,60.222500000000004,1,1606.184,1689.233
47,3930181,England,9,84.65625,67.9575,11.856250000000003,16.5325,1,1702.308,1714.327
48,3930181,England,25,11.856249999999998,16.53249999999999,104.95625000000001,0.04250000000000398,1,1718.019,1758.716
49,3930181,England,9,104.95625000000001,0.04250000000000398,103.38125000000001,35.997499999999995,1,1811.372,1824.828
50,3930181,Slovenia,1,104.08125,35.572500000000005,104.08125,35.572500000000005,1,1825.789,1825.789
51,3930181,Slovenia,25,104.08125,35.572500000000005,20.78125,30.472499999999997,1,1828.5935,1879.218
52,3930181,England,84,9.056249999999999,41.0975,80.28125,18.997500000000002,1,1881.778,2003.597
53,3930181,England,1,78.18125,23.247499999999995,103.55625,31.237499999999997,1,2066.5,2066.5
54,3930181,Slovenia,1,103.90625,33.9575,103.90625,33.9575,1,2067.744,2067.744
55,3930181,Slovenia,6,91.91875,39.4825,7.568749999999994,61.837500000000006,1,2086.057,2097.674
56,3930181,Slovenia,20,7.21875,67.9575,30.40625,58.6075,1,2108.277,2132.223
57,3930181,England,5,30.406250000000004,58.6075,37.84375,46.1125,1,2133.008,2136.047
58,3930181,Slovenia,79,37.84375,46.1125,9.756249999999994,27.497500000000002,1,2138.285,2260.386
59,3930181,England,6,9.75625,27.497499999999995,21.74374999999999,8.967500000000001,1,2264.335,2271.594
60,3930181,England,9,22.35625,8.8825,104.95625000000001,50.3625,1,2301.851,2313.922
61,3930181,Slovenia,1,99.79375,34.807500000000005,25.856250000000003,44.32750000000001,1,2347.053,2347.053
62,3930181,England,25,25.85625,44.3275,104.95625000000001,29.4525,1,2352.768,2397.932
63,3930181,Slovenia,19,99.79375,39.057500000000005,20.081249999999997,37.017500000000005,1,2426.966,2453.209
64,3930181,England,3,20.08125,37.0175,34.60625000000001,0.04250000000000398,1,2455.385,2459.8
65,3930181,England,31,34.60625000000001,0.04250000000000398,84.04375,26.6475,1,2477.533,2530.238
66,3930181,England,1,95.68125,42.8825,95.68125,42.8825,1,2567.455,2567.455
67,3930181,Slovenia,2,93.31875,43.5625,21.21875,58.2675,1,2595.614,2598.798
68,3930181,England,63,21.21875,58.2675,70.83125,13.1325,1,2601.854,2700.279
69,3930181,Slovenia,3,51.668749999999996,34.042500000000004,15.181249999999991,59.1175,2,0.666,3.671
70,3930181,England,43,15.181249999999999,59.1175,75.81875000000001,64.8975,2,7.761,72.293
71,3930181,England,78,75.81875000000001,64.8975,99.35625,19.932499999999997,2,76.357,212.057
72,3930181,England,35,104.95625000000001,0.04250000000000398,88.50625000000001,30.557499999999997,2,234.383,271.243
73,3930181,Slovenia,4,88.50625,30.557500000000005,48.08125,12.282499999999999,2,271.826,274.199
74,3930181,England,7,48.081250000000004,12.282499999999999,99.44375000000001,20.442499999999995,2,277.776,288.183
75,3930181,England,5,104.95625000000001,0.04250000000000398,104.95625000000001,28.942499999999995,2,324.134,331.826
76,3930181,Slovenia,2,99.35625,35.82750000000001,43.268750000000004,67.9575,2,352.944,356.168
77,3930181,Slovenia,3,43.268750000000004,67.9575,37.056250000000006,64.2175,2,371.536,372.824
78,3930181,England,34,32.50625,55.3775,89.11875,22.652500000000003,2,374.114,432.469
79,3930181,Slovenia,7,89.11875,22.652500000000003,54.64375,19.252499999999998,2,433.272,440.207
80,3930181,England,9,54.64375,19.252499999999998,104.69375000000001,37.0175,2,443.281,460.915
81,3930181,Slovenia,1,100.05625,34.46750000000001,45.543749999999996,50.787499999999994,2,487.436,487.436
82,3930181,England,14,45.54375,50.7875,93.14375,26.052499999999995,2,490.823,507.921
83,3930181,Slovenia,15,98.91875,37.4425,32.68124999999999,48.4075,2,532.34,568.231
84,3930181,England,45,32.681250000000006,48.4075,76.60624999999999,52.82750000000001,2,570.134,641.188
85,3930181,England,5,76.78125,53.082499999999996,104.95625000000001,67.9575,2,688.084,693.645
86,3930181,England,5,104.95625000000001,67.9575,100.14375,34.6375,2,722.242,728.876
87,3930181,Slovenia,6,100.58125,34.6375,51.49374999999999,44.2425,2,808.207,814.666
88,3930181,England,83,56.56875000000001,40.0775,86.23124999999999,13.47249999999999,2,815.755,920.45
89,3930181,Slovenia,5,99.09375,35.1475,46.85624999999999,56.057500000000005,2,953.679,959.252
90,3930181,England,22,46.85625,56.057500000000005,68.73125,4.887500000000003,2,962.114,1001.818
91,3930181,Slovenia,5,68.73124999999999,4.887500000000003,34.60625,67.9575,2,1043.758,1056.341
92,3930181,Slovenia,11,34.60625,67.9575,0.04374999999998863,19.4225,2,1068.399,1077.316
93,3930181,England,37,5.20625,34.9775,104.95625000000001,9.307500000000005,2,1094.629,1175.566
94,3930181,Slovenia,9,99.00625,35.3175,58.84375,66.17250000000001,2,1222.062,1241.513
95,3930181,Slovenia,12,54.11875,67.9575,29.706249999999997,21.207499999999996,2,1253.874,1270.752
96,3930181,England,61,29.706250000000004,21.207499999999996,30.056250000000002,28.0925,2,1274.11,1362.106
97,3930181,Slovenia,1,12.381249999999994,33.9575,12.381249999999994,33.9575,2,1471.812,1471.812
98,3930181,England,18,3.0187500000000003,37.1875,83.08125,19.082499999999996,2,1514.671,1542.661
99,3930181,Slovenia,7,83.08125,19.082499999999996,56.39375,19.5925,2,1544.601,1549.475
100,3930181,England,36,56.91875,21.7175,83.34375,17.722499999999997,2,1549.807,1607.053
101,3930181,England,4,83.34375,17.72249999999999,92.70625,63.62250000000001,2,1685.133,1690.909
102,3930181,England,37,85.96875,67.9575,92.44375,65.6625,2,1695.257,1749.462
103,3930181,England,7,92.44375000000001,67.9575,104.95625000000001,27.15749999999999,2,1753.328,1761.663
104,3930181,Slovenia,40,101.19375,33.2775,50.18125,49.1725,2,1809.546,1877.501
105,3930181,England,9,50.18125,49.1725,92.96875,39.9075,2,1877.635,1890.555
106,3930181,Slovenia,4,92.96875,39.9075,72.23124999999999,19.252499999999998,2,1892.082,1896.268
107,3930181,Slovenia,7,69.43124999999999,19.3375,24.631249999999994,47.3875,2,1926.544,1936.988
108,3930181,England,11,24.631249999999998,47.3875,95.59375,29.112499999999997,2,1941.898,1964.762
109,3930181,England,1,95.59375,29.112499999999997,95.59375,29.112499999999997,2,1995.381,1995.381
110,3930181,Slovenia,4,92.44375,29.5375,46.85624999999999,61.412499999999994,2,2032.078,2038.461
111,3930181,Slovenia,2,43.61875,67.9575,31.981250000000003,65.4925,2,2048.538,2049.46
112,3930181,England,32,23.40625,64.9825,74.41875,3.1875,2,2053.273,2105.037
114,3930181,England,15,74.41875,3.1875,45.543749999999996,0.04250000000000398,2,2160.883,2180.55
115,3930181,England,15,42.306250000000006,0.04250000000000398,90.25625000000001,32.59749999999999,2,2186.589,2210.613
116,3930181,Slovenia,3,90.25625,32.5975,63.918749999999996,28.602500000000006,2,2211.741,2214.588
117,3930181,England,42,63.91875,28.6025,90.51875,12.282499999999999,2,2215.655,2286.395
118,3930181,Slovenia,8,90.51875,12.282499999999999,54.993750000000006,5.142499999999998,2,2289.69,2306.705
119,3930181,Slovenia,3,54.99374999999999,5.3125,93.40625,39.9075,2,2342.035,2347.368
120,3930181,England,2,32.681250000000006,58.6925,29.443749999999994,58.6075,2,2354.551,2354.721
121,3930181,England,5,23.93125,56.8225,81.68125,39.7375,2,2357.867,2365.972
122,3930181,Slovenia,6,81.68125,39.7375,54.293749999999996,65.4925,2,2367.942,2374.986
123,3930181,Slovenia,4,50.443749999999994,67.9575,44.75625000000001,67.1925,2,2438.844,2440.975
124,3930181,England,7,44.75625000000001,67.1925,41.69375000000001,30.047499999999992,2,2444.315,2457.284
125,3930181,Slovenia,16,41.69374999999999,30.0475,30.581249999999997,20.272499999999994,2,2459.697,2475.058
126,3930181,England,32,27.956249999999997,20.9525,99.09375,2.3375000000000057,2,2476.183,2532.17
127,3930181,England,2,94.36875,3.2724999999999937,90.78125,30.0475,2,2592.666,2594.036
128,3930181,Slovenia,4,90.78125,30.0475,80.28125,21.122499999999995,2,2595.819,2597.665
129,3930181,Slovenia,2,79.93125,20.442500000000003,9.581250000000011,47.21750000000001,2,2655.484,2657.811
130,3930181,England,10,9.581249999999999,47.2175,67.24375,65.4075,2,2661.55,2679.907
131,3930181,Slovenia,3,73.45625,67.9575,14.306249999999991,67.9575,2,2731.756,2733.361
132,3930181,England,25,12.90625,67.9575,103.38125000000001,31.322499999999998,2,2746.288,2797.13
133,3930181,Slovenia,1,103.46875,32.4275,103.46875,32.4275,2,2797.868,2797.868
134,3930181,Slovenia,2,97.51875,33.5325,31.981250000000003,67.9575,2,2824.364,2825.409
135,3930181,Slovenia,2,31.981250000000003,67.9575,35.39375000000001,61.6675,2,2841.853,2842.742
136,3930181,England,5,35.393750000000004,61.667500000000004,42.393750000000004,62.6025,2,2843.796,2845.64
137,3930181,England,24,48.868750000000006,67.9575,104.95625000000001,32.8525,2,2854.993,2896.821
138,3930181,Slovenia,3,98.91875,40.9275,31.28125,20.78249999999999,2,2934.451,2940.006
2,3930178,Croatia,129,53.331250000000004,33.957499999999996,104.95625000000001,20.9525,1,0.287,207.648
3,3930178,Italy,3,99.79375,29.112499999999997,86.31875,62.0925,1,224.288,231.247
4,3930178,Croatia,9,88.33125000000001,60.307500000000005,103.81875,33.0225,1,233.612,245.25
5,3930178,Croatia,2,104.95625000000001,67.9575,90.34375,67.9575,1,281.916,282.895
6,3930178,Croatia,5,90.34375,67.9575,85.53125,60.9875,1,294.775,297.576
7,3930178,Italy,7,79.40625,57.7575,47.118750000000006,12.792499999999997,1,297.954,307.895
8,3930178,Italy,9,45.01875000000001,0.04250000000000398,57.61875,40.162499999999994,1,321.929,334.4
9,3930178,Croatia,36,57.618750000000006,40.1625,61.293749999999996,22.1425,1,335.649,382.119
10,3930178,Italy,27,61.293749999999996,22.1425,13.868750000000006,67.9575,1,383.922,417.037
11,3930178,Italy,31,13.868750000000006,67.9575,17.631249999999994,38.9725,1,428.917,460.553
12,3930178,Croatia,74,17.631249999999998,38.9725,64.35625,36.677499999999995,1,462.028,561.191
13,3930178,Italy,20,60.418749999999996,38.1225,71.44375,63.02750000000001,1,562.416,577.019
14,3930178,Croatia,29,71.44375,63.027499999999996,68.81875000000001,47.8975,1,577.946,617.515
15,3930178,Italy,18,68.81875,47.8975,0.04374999999998863,25.0325,1,618.925,633.951
16,3930178,Croatia,4,6.08125,29.112499999999997,34.51875,2.9325000000000045,1,651.468,660.667
17,3930178,Italy,6,34.51875,2.9325000000000045,73.01875,63.6225,1,662.1415,674.693
18,3930178,Italy,7,72.75625,63.62250000000001,63.65625,29.112499999999997,1,688.808,698.807
19,3930178,Croatia,18,63.65624999999999,29.112499999999997,73.28125,0.04250000000000398,1,699.813,729.41
20,3930178,Croatia,20,73.28125,0.04250000000000398,29.793750000000006,59.7125,1,738.746,773.918
21,3930178,Italy,28,37.14375,52.0625,12.381249999999994,54.1875,1,776.476,812.301
22,3930178,Italy,20,0.04374999999998863,67.9575,13.606249999999989,9.307499999999997,1,866.195,896.108
23,3930178,Croatia,35,13.60625,9.307500000000005,46.85624999999999,50.9575,1,900.597,955.487
24,3930178,Croatia,46,45.28125,49.4275,78.18125,35.4025,1,963.049,1067.143
25,3930178,Italy,24,78.18125,35.40250000000001,37.493750000000006,34.38249999999999,1,1072.046,1103.246
26,3930178,Italy,51,36.79374999999999,34.807500000000005,5.293750000000003,35.0625,1,1168.174,1231.608
27,3930178,Italy,12,0.04374999999998863,67.9575,10.631249999999994,31.152500000000003,1,1297.932,1311.658
28,3930178,Italy,5,0.04374999999998863,0.04250000000000398,0.5687499999999943,47.8975,1,1358.095,1362.477
29,3930178,Croatia,12,6.08125,40.0775,57.44375,36.5925,1,1389.948,1408.382
30,3930178,Italy,4,57.443749999999994,36.59250000000001,48.95625,21.462500000000006,1,1408.382,1411.178
31,3930178,Italy,14,45.01875000000001,15.8525,25.85625,31.832499999999996,1,1438.386,1452.657
32,3930178,Italy,6,35.568749999999994,67.9575,25.33125000000001,55.8875,1,1470.706,1473.879
33,3930178,Croatia,7,25.33125,55.8875,68.73125,29.792499999999997,1,1474.181,1482.945
34,3930178,Italy,42,68.73124999999999,29.792500000000004,7.043749999999989,22.822499999999998,1,1484.263,1544.561
35,3930178,Italy,8,0.04374999999998863,0.04250000000000398,1.61875,33.3625,1,1582.216,1589.8
36,3930178,Italy,4,0.04374999999998863,0.04250000000000398,20.86875,11.857500000000002,1,1623.077,1629.353
37,3930178,Croatia,3,20.86875,11.857500000000002,24.71875,21.207499999999996,1,1631.225,1633.145
38,3930178,Croatia,112,30.49375,18.65749999999999,89.29374999999999,23.247499999999995,1,1651.052,1834.604
39,3930178,Croatia,26,89.29374999999999,23.247499999999995,71.26875,62.77250000000001,1,1837.6395,1877.962
40,3930178,Italy,3,61.81875,67.9575,35.91875,29.877500000000005,1,1898.449,1899.939
41,3930178,Croatia,24,35.91875,29.877499999999998,51.93125,2.082499999999996,1,1903.02,1941.421
42,3930178,Italy,6,77.30625,1.7425000000000068,67.06875,17.807499999999997,1,1944.941,1950.572
43,3930178,Croatia,15,55.518750000000004,28.432499999999997,80.28125,0.3824999999999932,1,1952.858,1980.813
44,3930178,Italy,13,75.81875,0.04250000000000398,74.68125,62.0075,1,2012.438,2025.135
45,3930178,Italy,25,73.63125,62.5175,50.18125,64.1325,1,2034.714,2063.064
46,3930178,Italy,29,49.918749999999996,64.47250000000001,2.5812500000000114,30.8975,1,2088.487,2125.806
47,3930178,Croatia,1,1.7937500000000002,30.982499999999995,1.7937500000000002,30.982499999999995,1,2126.59,2126.59
48,3930178,Croatia,9,1.7937500000000002,30.982499999999995,75.73124999999999,8.797499999999992,1,2130.9210000000003,2156.686
49,3930178,Italy,8,75.73125,8.7975,69.16875,29.792500000000004,1,2161.245,2174.77
50,3930178,Croatia,3,69.16874999999999,29.792499999999997,97.69375,57.3325,1,2177.6,2182.419
51,3930178,Croatia,5,104.95625000000001,67.9575,104.95625000000001,18.65749999999999,1,2209.036,2213.504
52,3930178,Italy,12,100.14375,30.472499999999997,13.693749999999994,56.567499999999995,1,2232.411,2250.864
53,3930178,Croatia,35,13.693749999999998,56.5675,87.01875,16.277500000000003,1,2254.452,2320.802
54,3930178,Italy,17,87.01875,16.277500000000003,60.856249999999996,55.037499999999994,1,2321.799,2334.239
55,3930178,Croatia,18,40.11875,50.2775,42.56875,6.502499999999998,1,2337.643,2360.309
56,3930178,Italy,13,42.56875,6.502499999999998,13.34375,14.067500000000003,1,2360.322,2374.125
57,3930178,Croatia,2,13.34375,14.067499999999995,13.60625,2.3375000000000057,1,2376.947,2379.561
58,3930178,Croatia,25,22.53125,0.04250000000000398,54.20625,36.5925,1,2404.1,2445.229
59,3930178,Italy,5,54.20625,36.59250000000001,54.29375,31.832499999999996,1,2449.217,2464.922
60,3930178,Italy,8,55.43125,32.767500000000005,44.40625000000001,20.442500000000003,1,2496.691,2504.605
61,3930178,Croatia,20,44.40625,20.442499999999995,85.44375000000001,25.8825,1,2506.15,2535.823
62,3930178,Italy,9,85.44375,25.8825,74.24375,3.0174999999999983,1,2535.823,2544.611
63,3930178,Italy,49,70.39374999999998,0.04250000000000398,25.068749999999994,67.5325,1,2572.34,2648.8
64,3930178,Croatia,7,22.35625,67.9575,33.46875,0.04250000000000398,1,2666.282,2675.936
65,3930178,Italy,5,33.20625,0.04250000000000398,38.45625000000001,39.5675,1,2683.449,2692.26
66,3930178,Croatia,18,38.456250000000004,39.567499999999995,104.95625000000001,38.4625,1,2695.608,2723.863
68,3930178,Italy,9,51.668749999999996,34.042500000000004,28.043750000000003,43.392500000000005,2,1.138,14.972
69,3930178,Croatia,9,28.043750000000006,43.3925,44.05625,67.9575,2,19.864,34.77
70,3930178,Croatia,11,42.48125,67.9575,46.94375000000001,15.087500000000006,2,43.889,57.985
71,3930178,Italy,23,46.943749999999994,15.087499999999999,32.41875,63.7925,2,59.916,93.49
72,3930178,Croatia,12,32.41875,63.792500000000004,93.31875000000001,67.9575,2,95.149,113.501
73,3930178,Italy,11,87.45625,67.9575,90.34375,64.6425,2,143.534,152.284
74,3930178,Croatia,2,90.34375,64.6425,89.90625,65.3225,2,153.213,153.804
75,3930178,Croatia,19,90.51875,64.6425,60.418749999999996,1.9975000000000023,2,190.193,222.668
76,3930178,Croatia,78,40.993750000000006,0.04250000000000398,93.05625,47.1325,2,233.3,383.206
77,3930178,Croatia,17,94.45625000000001,34.0425,104.95625000000001,36.50749999999999,2,525.492,557.712
78,3930178,Italy,9,51.668749999999996,34.042500000000004,10.28125,25.8825,2,706.148,719.987
79,3930178,Italy,26,0.04374999999998863,0.04250000000000398,5.643750000000011,51.892500000000005,2,740.724,794.839
80,3930178,Croatia,10,5.64375,51.8925,53.50625000000001,21.377499999999998,2,798.713,822.311
81,3930178,Italy,33,53.50625,21.377499999999998,60.06875000000001,32.427499999999995,2,825.796,869.857
82,3930178,Italy,2,58.84375,32.1725,49.74375,45.6875,2,893.837,897.732
83,3930178,Italy,6,49.568749999999994,51.5525,0.04374999999998863,67.9575,2,915.459,925.227
84,3930178,Italy,2,0.04374999999998863,67.9575,0.04374999999998863,35.9975,2,950.916,952.312
85,3930178,Croatia,18,4.68125,38.802499999999995,65.40625,24.777500000000003,2,982.855,1012.303
86,3930178,Italy,2,65.40625,24.777500000000003,64.35625,25.03249999999999,2,1014.083,1014.381
87,3930178,Italy,8,67.76875,25.0325,32.943749999999994,67.9575,2,1019.771,1028.521
88,3930178,Italy,31,32.943749999999994,67.9575,17.80624999999999,67.5325,2,1038.262,1086.357
89,3930178,Croatia,3,16.14375,67.9575,47.46875,56.5675,2,1108.548,1111.683
90,3930178,Italy,14,52.543749999999996,58.182500000000005,6.78125,54.1025,2,1112.776,1142.684
91,3930178,Italy,7,0.04374999999998863,67.9575,18.943749999999994,0.04250000000000398,2,1167.205,1173.542
92,3930178,Italy,21,18.943749999999994,0.04250000000000398,13.081250000000011,34.7225,2,1181.522,1205.731
93,3930178,Croatia,7,8.53125,32.0025,75.73124999999999,45.6875,2,1221.698,1229.663
94,3930178,Italy,32,75.73125,45.6875,5.643750000000011,25.7975,2,1236.245,1273.489
95,3930178,Italy,28,15.618749999999991,0.04250000000000398,7.393749999999997,44.1575,2,1286.706,1326.933
96,3930178,Italy,51,0.04374999999998863,67.9575,14.21875,0.04250000000000398,2,1366.766,1436.47
97,3930178,Italy,21,14.21875,0.04250000000000398,24.10625,37.6975,2,1507.969,1536.364
98,3930178,Italy,1,22.61874999999999,37.52750000000001,13.693749999999994,37.4425,2,1617.758,1617.758
99,3930178,Italy,11,0.04374999999998863,0.04250000000000398,34.69375,45.2625,2,1640.259,1659.556
100,3930178,Italy,40,37.84375,46.792500000000004,32.768750000000004,5.652499999999989,2,1683.153,1743.057
101,3930178,Italy,17,22.18124999999999,0.04250000000000398,13.256249999999994,10.072499999999998,2,1774.256,1793.334
102,3930178,Croatia,1,17.54375,16.362499999999997,95.41874999999999,67.9575,2,1831.023,1831.023
103,3930178,Italy,40,91.04375,67.9575,9.931249999999991,50.447500000000005,2,1850.922,1899.827
104,3930178,Croatia,2,9.931249999999999,50.2775,84.91875,41.0125,2,1939.776,1942.986
105,3930178,Italy,10,84.91875,41.0125,42.13125000000001,53.5925,2,1944.473,1952.576
106,3930178,Italy,12,43.268750000000004,54.3575,55.25625,0.04250000000000398,2,1974.593,1988.201
107,3930178,Croatia,25,65.23125,0.04250000000000398,89.11875,67.9575,2,2015.051,2047.577
108,3930178,Croatia,7,89.11875,67.9575,79.49375,66.8525,2,2114.176,2116.427
109,3930178,Italy,8,76.08125,67.9575,70.65625,41.352500000000006,2,2129.22,2135.346
110,3930178,Italy,16,67.50625,41.8625,52.71875,10.922499999999992,2,2177.385,2198.942
111,3930178,Italy,17,55.69375,13.982500000000002,87.19375,4.207499999999996,2,2220.614,2249.503
112,3930178,Croatia,14,87.19375000000001,4.207500000000003,64.96875,50.5325,2,2250.576,2272.202
113,3930178,Italy,17,64.96875,50.5325,28.393750000000004,42.6275,2,2275.934,2292.656
114,3930178,Croatia,14,28.393750000000004,42.6275,93.05625,47.8125,2,2293.853,2314.208
115,3930178,Italy,5,93.05625,47.8125,53.68124999999999,67.9575,2,2314.697,2320.904
116,3930178,Croatia,4,55.518750000000004,67.9575,95.41874999999999,63.792500000000004,2,2345.846,2349.972
117,3930178,Italy,12,95.76875,63.1125,99.96875,35.232499999999995,2,2365.475,2385.21
118,3930178,Italy,26,99.96875,35.2325,14.481250000000003,67.9575,2,2386.881,2435.913
119,3930178,Italy,17,14.481250000000003,67.9575,0.04374999999998863,10.072499999999998,2,2456.368,2479.67
120,3930178,Croatia,1,4.5062500000000005,33.53249999999999,67.15625,67.9575,2,2520.616,2520.616
121,3930178,Italy,2,66.98124999999999,67.9575,34.693749999999994,46.1125,2,2570.007,2580.565
122,3930178,Croatia,19,34.69375,46.1125,102.76875,9.477499999999992,2,2583.639,2608.846
123,3930178,Italy,42,100.31875,32.682500000000005,47.90625,10.837500000000006,2,2655.207,2724.964
124,3930178,Italy,6,51.23125,6.672499999999999,21.918750000000003,21.122500000000002,2,2752.373,2757.992
125,3930178,Croatia,5,14.831249999999999,16.53249999999999,38.36875,12.707500000000003,2,2758.805,2760.692
126,3930178,Italy,15,38.36874999999999,12.707499999999996,27.16874999999999,25.2875,2,2763.429,2784.038
127,3930178,Italy,3,0.04374999999998863,0.04250000000000398,6.956249999999997,41.0975,2,2813.05,2816.39
128,3930178,Croatia,4,6.781250000000001,51.5525,37.84375,63.197500000000005,2,2818.821,2823.827
129,3930178,Croatia,3,42.65625,62.6025,83.16875,61.7525,2,2856.032,2861.082
130,3930178,Italy,2,83.16875,61.752500000000005,69.95625,64.2175,2,2864.844,2866.671
131,3930178,Italy,7,84.48125,67.9575,55.168749999999996,58.182500000000005,2,2877.619,2882.797
132,3930178,Croatia,11,55.16875000000001,58.182500000000005,77.21875,52.9125,2,2886.119,2895.961
133,3930178,Croatia,6,62.86875000000001,67.9575,80.28125,51.7225,2,2917.771,2928.075
134,3930178,Croatia,26,79.40625,50.447500000000005,104.51875000000001,22.482499999999995,2,2970.356,3001.542
135,3930178,Italy,6,100.84375,41.0125,40.64375,34.6375,2,3010.203,3018.64
136,3930178,Croatia,10,40.64375,34.6375,77.74375,35.8275,2,3021.104,3035.324
137,3930178,Italy,5,75.38125,34.46750000000001,36.443749999999994,67.9575,2,3058.67,3070.399
138,3930178,Italy,4,36.443749999999994,67.9575,34.60625,0.04250000000000398,2,3078.025,3083.923
139,3930178,Italy,18,34.60625,0.04250000000000398,80.80625,47.8975,2,3091.209,3118.209
140,3930178,Italy,11,79.40625,46.3675,0.04374999999998863,36.5075,2,3128.013,3141.306
2,3930176,Germany,13,51.668749999999996,34.042500000000004,64.79375,4.802499999999995,1,0.393,11.037
3,3930176,Germany,49,63.481249999999996,5.822499999999998,0.04374999999998863,67.9575,1,28.022,95.992
4,3930176,Germany,2,0.04374999999998863,67.9575,0.9187499999999886,35.2325,1,137.564,139.089
5,3930176,Switzerland,1,0.8312499999999999,35.232499999999995,0.8312499999999999,35.232499999999995,1,139.654,139.654
6,3930176,Switzerland,8,0.8312499999999999,35.232499999999995,99.26875,10.072499999999998,1,141.25400000000002,154.377
7,3930176,Switzerland,2,104.95625000000001,0.04250000000000398,84.04375,0.04250000000000398,1,187.496,188.551
8,3930176,Switzerland,8,84.04375,0.04250000000000398,92.79374999999999,17.042499999999997,1,210.081,218.84
9,3930176,Germany,7,92.35625,15.002499999999998,69.51875,18.487499999999997,1,219.641,224.399
10,3930176,Germany,7,64.00625,21.7175,48.78125,19.762500000000003,1,243.853,247.212
11,3930176,Switzerland,4,49.48125,20.1875,54.81875,23.417500000000004,1,247.917,251.968
12,3930176,Switzerland,5,49.56875,22.822499999999998,59.36875000000001,5.142499999999998,1,279.167,286.45
13,3930176,Germany,6,60.24374999999999,0.04250000000000398,56.481249999999996,0.12749999999999773,1,293.597,299.313
14,3930176,Switzerland,7,39.41875,0.04250000000000398,52.63125000000001,7.352499999999992,1,310.389,315.875
15,3930176,Germany,11,52.631249999999994,7.352499999999999,41.78125,30.472499999999997,1,316.311,321.233
16,3930176,Switzerland,11,47.643750000000004,36.5925,73.10624999999999,66.0025,1,322.845,335.859
17,3930176,Germany,24,73.10625,66.0025,17.631249999999994,2.592500000000001,1,335.859,374.106
18,3930176,Switzerland,1,18.59375,0.04250000000000398,42.56875,11.942499999999995,1,389.117,389.117
19,3930176,Germany,22,42.56875,11.942499999999995,21.65625,66.3425,1,392.354,420.44
20,3930176,Germany,50,21.65625,66.3425,39.41874999999999,0.12749999999999773,1,424.35,490.153
21,3930176,Switzerland,8,37.40625,0.04250000000000398,68.55625,23.0775,1,511.2,518.852
22,3930176,Germany,18,68.55625,23.0775,73.71875,42.8825,1,520.35,551.059
23,3930176,Germany,48,73.54374999999999,42.8825,14.043749999999989,33.3625,1,580.504,650.016
24,3930176,Switzerland,4,23.49375,39.7375,15.96875,65.2375,1,652.126,659.536
25,3930176,Germany,6,15.96875,65.2375,25.068749999999994,66.17250000000001,1,661.7165,670.876
26,3930176,Germany,26,23.318749999999994,67.9575,9.318749999999994,51.6375,1,676.296,721.076
27,3930176,Switzerland,3,9.14375,47.0475,32.76875000000001,56.39750000000001,1,721.377,726.928
28,3930176,Switzerland,8,48.60625,67.9575,91.65625,39.1425,1,754.409,762.817
29,3930176,Germany,5,91.65625,39.142500000000005,18.331249999999997,63.537499999999994,1,765.098,771.192
30,3930176,Switzerland,17,17.456249999999997,34.1275,61.38125,17.3825,1,801.688,830.034
31,3930176,Germany,52,61.38125,17.3825,50.18125,28.262500000000003,1,831.073,895.753
32,3930176,Germany,39,49.74375,28.517500000000005,8.181249999999991,36.252500000000005,1,910.203,962.049
33,3930176,Switzerland,1,8.006249999999998,36.2525,93.40625,45.6875,1,1086.034,1086.034
34,3930176,Germany,11,93.40625,45.517500000000005,62.693749999999994,67.9575,1,1091.261,1113.103
35,3930176,Switzerland,2,59.36875000000001,67.9575,79.93125,65.74750000000002,1,1133.247,1135.571
36,3930176,Switzerland,12,81.24375,66.1725,82.73124999999999,52.9125,1,1181.785,1199.663
37,3930176,Germany,16,82.73125,52.912499999999994,17.71875,46.7075,1,1201.405,1220.862
38,3930176,Switzerland,18,17.71875,42.0325,42.30624999999999,4.377499999999998,1,1247.02,1285.187
39,3930176,Switzerland,11,42.74375,0.04250000000000398,44.75624999999999,9.137500000000003,1,1291.975,1310.919
40,3930176,Switzerland,32,45.018750000000004,9.307500000000005,72.75625000000001,56.5675,1,1322.533,1376.173
41,3930176,Germany,68,72.75625,56.567499999999995,46.85625,41.6075,1,1379.368,1474.752
42,3930176,Germany,39,49.13125,45.3475,0.04374999999998863,33.7875,1,1511.879,1572.826
43,3930176,Switzerland,23,4.85625,35.4875,70.21875,32.6825,1,1598.029,1634.233
44,3930176,Germany,16,90.60625,38.9725,58.84375,23.1625,1,1637.363,1661.158
45,3930176,Switzerland,11,58.84375,23.162499999999994,104.95625000000001,36.50749999999999,1,1661.158,1672.39
46,3930176,Germany,9,51.668749999999996,34.042500000000004,29.96875,0.5524999999999949,1,1749.518,1760.18
47,3930176,Switzerland,7,34.956250000000004,0.04250000000000398,104.95625000000001,29.792499999999997,1,1790.37,1800.805
48,3930176,Germany,21,99.35625,37.8675,16.05624999999999,48.7475,1,1824.004,1850.549
49,3930176,Switzerland,18,17.80625,47.2175,74.85625,65.6625,1,1851.181,1877.056
50,3930176,Germany,39,99.44375,66.17250000000001,22.09375,28.517500000000005,1,1881.511,1952.187
51,3930176,Germany,7,0.04374999999998863,67.9575,40.556250000000006,6.502499999999991,1,1993.1,2002.9
52,3930176,Germany,11,41.78125,4.802500000000002,41.86875,22.057499999999997,1,2041.898,2051.234
53,3930176,Switzerland,9,41.86875,22.057499999999997,39.06874999999998,10.667499999999997,1,2052.0045,2058.731
54,3930176,Switzerland,19,37.93125,10.667499999999997,56.13125000000001,2.592500000000001,1,2074.034,2102.536
55,3930176,Germany,5,61.03125,3.1875,42.831250000000004,47.557500000000005,1,2103.919,2109.899
56,3930176,Switzerland,42,42.831250000000004,47.5575,59.01875,18.317500000000003,1,2113.303,2183.911
57,3930176,Germany,14,59.01875,18.317500000000003,2.40625,26.222499999999997,1,2184.669,2203.338
58,3930176,Switzerland,7,5.8187500000000005,28.942499999999995,37.756249999999994,11.177500000000002,1,2217.004,2227.349
59,3930176,Switzerland,4,37.143750000000004,11.942499999999995,33.29375,9.732500000000002,1,2310.933,2323.537
60,3930176,Switzerland,2,38.36875,0.04250000000000398,65.66874999999999,10.667499999999997,1,2337.631,2339.509
61,3930176,Germany,15,60.06875,5.9925,11.943749999999994,67.9575,1,2341.356,2368.967
62,3930176,Germany,39,11.943749999999994,67.9575,2.0562499999999915,23.502499999999998,1,2376.029,2422.044
63,3930176,Germany,9,2.0562499999999915,23.502499999999998,0.04374999999998863,39.9925,1,2425.91,2438.971
64,3930176,Switzerland,4,3.4562500000000003,42.1175,37.23125,40.9275,1,2466.256,2476.865
65,3930176,Germany,3,37.23125,40.9275,0.04374999999998863,34.042500000000004,1,2478.973,2483.901
66,3930176,Switzerland,1,4.85625,32.3425,67.76875,10.412499999999994,1,2518.598,2518.598
67,3930176,Germany,2,67.76875,10.412500000000001,67.50625000000001,7.6924999999999955,1,2524.16,2525.783
68,3930176,Germany,16,68.03125,7.352499999999999,0.04374999999998863,43.1375,1,2535.686,2556.925
69,3930176,Switzerland,10,4.85625,32.17249999999999,99.70625,48.4075,1,2583.042,2612.02
70,3930176,Germany,27,99.70625,48.4075,37.143750000000004,67.9575,1,2615.115,2647.88
71,3930176,Germany,15,35.48125,67.9575,0.04374999999998863,59.37250000000001,1,2654.853,2679.667
72,3930176,Switzerland,3,4.33125,30.047499999999992,76.25625000000001,1.0625,1,2711.341,2715.84
73,3930176,Germany,61,65.93125,0.04250000000000398,17.981250000000003,57.162499999999994,1,2737.104,2812.695
74,3930176,Switzerland,5,16.756249999999998,49.852500000000006,25.59375,66.5975,1,2813.58,2816.65
75,3930176,Switzerland,7,53.331250000000004,33.957499999999996,55.60625000000001,1.4874999999999972,2,1.349,8.809
76,3930176,Switzerland,5,56.74375000000001,0.04250000000000398,55.86875,42.542500000000004,2,22.878,31.573
77,3930176,Germany,25,55.86875,42.542500000000004,80.45625,1.4874999999999972,2,34.132,68.139
78,3930176,Germany,13,80.10625,0.04250000000000398,44.23125,41.4375,2,72.606,85.265
79,3930176,Switzerland,16,44.23125,41.4375,89.81875000000001,21.97249999999999,2,90.733,110.488
80,3930176,Germany,23,102.68125,21.972499999999997,55.86875,10.752499999999998,2,112.523,165.168
81,3930176,Switzerland,5,55.86875,10.75249999999999,97.34375,20.1025,2,166.922,176.067
82,3930176,Germany,14,99.79375,38.037499999999994,37.581250000000004,64.7275,2,191.97,217.493
83,3930176,Germany,4,37.14375,63.2825,56.04375,0.04250000000000398,2,229.364,232.0
84,3930176,Switzerland,2,58.75625000000001,0.04250000000000398,99.88125000000001,11.177499999999995,2,258.81,261.006
85,3930176,Germany,23,99.88125,11.177500000000002,0.04374999999998863,25.7975,2,263.029,295.804
86,3930176,Switzerland,18,3.63125,35.0625,89.29374999999999,30.387500000000003,2,325.317,350.137
87,3930176,Germany,43,89.29375,30.387500000000003,2.40625,35.3175,2,350.137,417.395
88,3930176,Switzerland,9,2.40625,35.317499999999995,68.11874999999999,1.0625,2,419.998,437.42
89,3930176,Switzerland,2,72.84375,0.04250000000000398,76.86875,2.8474999999999966,2,466.488,467.406
90,3930176,Germany,9,76.86875,2.8474999999999966,17.018749999999997,0.04250000000000398,2,468.635,489.125
91,3930176,Switzerland,8,20.34375,0.04250000000000398,50.44375000000001,6.842500000000001,2,517.627,524.336
92,3930176,Germany,15,50.443749999999994,6.842500000000001,0.04374999999998863,28.6875,2,525.044,546.574
93,3930176,Switzerland,3,6.08125,35.7425,44.318749999999994,65.74750000000002,2,582.406,587.48
94,3930176,Switzerland,6,43.268750000000004,65.6625,74.24375,0.04250000000000398,2,603.067,609.078
95,3930176,Germany,8,73.45625,0.04250000000000398,73.45625,46.1125,2,627.609,643.775
96,3930176,Switzerland,26,73.45625,46.1125,63.65625,12.027499999999996,2,644.602,678.847
97,3930176,Switzerland,7,64.00625000000001,12.112499999999997,98.83125,5.907499999999999,2,709.307,716.143
98,3930176,Germany,2,96.03125,9.137500000000003,96.03125,9.137500000000003,2,717.107,717.32
99,3930176,Germany,17,95.59375,9.6475,2.84375,52.9975,2,736.52,759.762
100,3930176,Germany,11,0.04374999999998863,67.9575,7.831249999999997,19.847499999999997,2,787.992,800.773
101,3930176,Germany,13,0.04374999999998863,0.04250000000000398,42.56875,61.2425,2,844.747,865.462
102,3930176,Germany,10,29.09375,67.9575,46.24374999999999,8.542499999999997,2,873.506,893.735
103,3930176,Switzerland,16,46.24375,8.542499999999997,92.26875,49.0025,2,895.014,920.824
104,3930176,Germany,31,87.01875,47.0475,5.90625,47.0475,2,961.484,1012.059
105,3930176,Germany,14,0.04374999999998863,67.9575,0.04374999999998863,36.5075,2,1035.613,1061.451
106,3930176,Switzerland,1,6.08125,25.457499999999996,66.01875,13.642499999999998,2,1084.29,1084.29
107,3930176,Germany,17,66.01875,13.642499999999998,8.268749999999997,34.2975,2,1088.694,1112.283
108,3930176,Germany,4,0.04374999999998863,67.9575,0.04374999999998863,36.0825,2,1122.762,1126.305
109,3930176,Switzerland,3,5.8187500000000005,35.5725,50.44375000000001,36.082499999999996,2,1214.55,1217.578
110,3930176,Germany,20,50.443749999999994,36.0825,39.331250000000004,41.7775,2,1220.311,1255.449
111,3930176,Germany,4,36.26875,42.0325,0.04374999999998863,34.2975,2,1318.0,1323.634
112,3930176,Switzerland,4,5.99375,40.5875,48.518750000000004,23.587500000000006,2,1344.175,1349.944
113,3930176,Germany,12,48.518750000000004,23.5875,40.99374999999999,38.292500000000004,2,1351.737,1372.19
114,3930176,Switzerland,35,40.993750000000006,38.292500000000004,93.93125,44.1575,2,1374.542,1420.484
115,3930176,Germany,33,93.93125,44.1575,4.15625,39.65250000000001,2,1423.938,1487.891
116,3930176,Germany,10,21.481250000000003,0.04250000000000398,89.90625,67.7025,2,1564.213,1595.768
117,3930176,Switzerland,14,88.33125000000001,67.9575,60.76875,2.592500000000001,2,1624.162,1644.48
118,3930176,Switzerland,16,66.54374999999999,0.04250000000000398,88.33125000000001,41.6075,2,1662.953,1678.982
119,3930176,Germany,2,87.36875,43.1375,73.63125,33.70250000000001,2,1686.312,1687.743
120,3930176,Switzerland,4,73.63125000000001,33.7025,102.41874999999999,31.152500000000003,2,1687.982,1691.146
121,3930176,Germany,1,102.50625,32.767500000000005,102.50625,32.767500000000005,2,1692.346,1692.346
122,3930176,Germany,43,102.50625,32.767500000000005,49.83124999999999,49.4275,2,1693.746,1763.897
123,3930176,Switzerland,17,49.831250000000004,49.4275,80.28125,55.6325,2,1765.09,1785.69
124,3930176,Switzerland,3,80.28125,54.1875,89.46875,22.3975,2,1845.39,1848.043
125,3930176,Germany,8,88.94375,22.9925,41.69374999999999,56.65250000000001,2,1863.939,1877.176
126,3930176,Switzerland,7,41.69375000000001,56.6525,60.76875,44.667500000000004,2,1882.108,1891.567
127,3930176,Germany,13,60.76875,44.667500000000004,12.81874999999998,41.0975,2,1893.453,1909.294
128,3930176,Switzerland,5,12.818749999999998,41.0975,21.30624999999999,28.0925,2,1909.294,1912.498
129,3930176,Switzerland,31,12.818749999999998,35.997499999999995,99.09375,28.0925,2,1941.414,1982.383
130,3930176,Germany,19,99.09375,28.0925,20.693749999999994,33.2775,2,1985.207,2011.488
131,3930176,Switzerland,9,9.931249999999999,47.0475,40.81875,50.7875,2,2013.55,2028.385
132,3930176,Germany,45,35.21875,45.7725,9.581249999999999,6.162499999999994,2,2029.293,2103.387
133,3930176,Germany,4,7.481249999999989,7.267499999999998,0.04374999999998863,27.752500000000005,2,2170.08,2173.522
134,3930176,Switzerland,4,6.08125,30.302499999999995,36.268750000000004,0.04250000000000398,2,2198.215,2201.324
135,3930176,Germany,24,32.76875000000001,0.04250000000000398,12.03125,14.407499999999999,2,2208.288,2248.026
136,3930176,Germany,6,12.03125,14.407499999999999,2.40625,33.1925,2,2251.9915,2260.833
137,3930176,Switzerland,12,2.40625,33.192499999999995,89.81875000000001,45.1775,2,2262.366,2292.691
138,3930176,Germany,9,87.01875,44.667500000000004,1.09375,45.2625,2,2331.637,2346.015
139,3930176,Germany,2,0.04374999999998863,67.9575,0.04374999999998863,32.2575,2,2375.367,2376.873
140,3930176,Switzerland,1,5.20625,29.877499999999998,76.78125,19.84749999999999,2,2404.882,2404.882
141,3930176,Germany,12,76.78125,19.847499999999997,17.368750000000006,49.767500000000005,2,2410.512,2433.374
142,3930176,Germany,1,60.33125,13.302500000000002,60.33125,13.302500000000002,2,2467.951,2467.951
143,3930176,Switzerland,1,61.118750000000006,11.177499999999995,104.95625000000001,12.707500000000003,2,2498.079,2498.079
144,3930176,Germany,20,99.79375,26.222499999999997,10.543749999999989,46.197500000000005,2,2510.748,2552.149
145,3930176,Switzerland,9,10.54375,46.197500000000005,103.11875,34.7225,2,2554.005,2572.09
146,3930176,Switzerland,5,104.95625000000001,67.9575,92.26875,64.7275,2,2607.692,2613.538
147,3930176,Switzerland,1,84.30625,67.9575,98.39375000000001,62.3475,2,2636.521,2636.521
148,3930176,Germany,22,98.39375,62.34750000000001,1.7937500000000028,45.0075,2,2637.623,2666.738
149,3930176,Switzerland,1,6.08125,29.877499999999998,70.91875,11.6875,2,2694.088,2694.088
150,3930176,Germany,6,70.91875,11.6875,10.893749999999997,37.6125,2,2700.26,2708.373
151,3930176,Switzerland,3,10.893749999999999,37.6125,61.81875,49.0875,2,2711.019,2727.856
152,3930176,Germany,22,65.14375,45.2625,0.04374999999998863,31.067500000000003,2,2736.614,2766.031
153,3930176,Switzerland,14,53.331250000000004,33.957499999999996,58.40625,2.8474999999999966,2,2853.833,2872.751
154,3930176,Switzerland,5,56.91875,0.04250000000000398,70.04374999999999,4.037500000000001,2,2891.267,2896.689
155,3930176,Switzerland,15,71.26875000000001,4.9724999999999895,60.85625,2.3375000000000057,2,2926.354,2943.629
2,3930175,Belgium,10,52.456250000000004,34.0425,59.01875,6.587499999999999,1,0.792,10.455
3,3930175,Belgium,15,57.79375,3.102499999999992,88.15625,28.7725,1,22.919,41.286
4,3930175,Romania,15,88.15625,28.7725,58.493750000000006,10.582500000000003,1,42.588,60.906
5,3930175,Belgium,8,58.493750000000006,10.582500000000003,104.95625000000001,35.4025,1,62.161500000000004,74.627
6,3930175,Romania,2,51.668749999999996,34.042500000000004,14.043749999999989,18.6575,1,134.392,136.835
7,3930175,Belgium,5,14.043750000000001,18.65749999999999,26.81875,13.8975,1,140.491,143.814
8,3930175,Romania,13,37.14375,18.487499999999997,0.04374999999998863,43.2225,1,145.31,158.176
9,3930175,Belgium,2,5.20625,32.8525,8.006249999999998,45.0925,1,168.966,170.528
10,3930175,Romania,4,8.006249999999994,45.09250000000001,0.04374999999998863,67.9575,1,172.513,180.019
11,3930175,Romania,11,0.04374999999998863,67.9575,0.65625,34.5525,1,228.714,242.347
12,3930175,Romania,7,0.04374999999998863,67.9575,13.78125,0.04250000000000398,1,267.374,278.923
13,3930175,Romania,3,13.78125,0.04250000000000398,2.668750000000003,7.777499999999996,1,286.112,288.777
14,3930175,Belgium,17,5.20625,32.9375,99.35624999999999,18.317499999999995,1,323.728,348.723
15,3930175,Romania,6,99.35625,18.317500000000003,58.84375,16.022499999999994,1,350.329,354.905
16,3930175,Belgium,20,58.84375,16.0225,93.31875000000001,43.6475,1,356.219,386.054
17,3930175,Romania,6,99.44375,40.7575,61.99375,67.9575,1,386.858,403.729
18,3930175,Romania,9,61.99375,67.9575,81.06875,4.462499999999999,1,419.435,433.239
19,3930175,Belgium,18,68.29375,0.04250000000000398,101.89375,3.612499999999997,1,441.866,467.909
20,3930175,Romania,12,101.89375,3.612499999999997,97.60625,37.7825,1,467.909,481.178
21,3930175,Belgium,2,63.30625000000001,0.04250000000000398,62.081250000000004,11.6875,1,514.22,515.049
22,3930175,Romania,5,87.54375,20.8675,31.193749999999994,67.9575,1,519.457,529.582
23,3930175,Belgium,20,42.48125,67.9575,66.71875,7.267499999999998,1,542.816,567.71
24,3930175,Belgium,32,79.66874999999999,0.04250000000000398,87.89375000000001,49.1725,1,580.113,634.18
25,3930175,Romania,6,87.89375,49.1725,70.65625,66.42750000000001,1,635.5,640.782
26,3930175,Belgium,13,70.65625,66.4275,57.79375,0.04250000000000398,1,641.083,660.464
27,3930175,Belgium,19,57.79375,0.04250000000000398,95.68125,4.972500000000004,1,673.345,698.87
28,3930175,Belgium,29,82.64375,0.04250000000000398,44.66875,0.04250000000000398,1,705.072,753.522
29,3930175,Belgium,11,44.66875,0.04250000000000398,96.64375,34.6375,1,762.243,779.47
30,3930175,Belgium,1,104.95625000000001,67.9575,104.95625000000001,12.112499999999997,1,813.289,813.289
31,3930175,Romania,1,99.00625,37.1025,74.76875,0.46750000000000114,1,844.544,844.544
32,3930175,Belgium,15,74.76875000000001,0.04250000000000398,87.71875,21.887500000000003,1,857.279,879.164
33,3930175,Romania,1,85.44375,21.972499999999997,0.04374999999998863,18.6575,1,917.642,917.642
34,3930175,Belgium,7,5.11875,40.9275,45.71875,11.6875,1,950.695,961.488
35,3930175,Belgium,7,45.71875,11.432500000000005,89.64375,0.04250000000000398,1,976.362,988.634
36,3930175,Belgium,27,89.64375,0.04250000000000398,98.04375,31.152500000000003,1,1001.065,1038.359
37,3930175,Romania,6,103.90625,26.817500000000003,35.83125000000001,44.837500000000006,1,1041.743,1063.612
38,3930175,Belgium,9,35.83125,44.8375,102.59375,32.5975,1,1065.118,1078.029
39,3930175,Belgium,4,104.95625000000001,67.9575,104.95625000000001,37.86749999999999,1,1106.117,1109.766
40,3930175,Romania,9,98.91875,34.892500000000005,28.481250000000003,67.9575,1,1138.913,1151.61
41,3930175,Romania,3,28.481250000000003,67.9575,23.84375,54.1875,1,1171.227,1173.364
42,3930175,Romania,2,23.84375,54.1875,0.04374999999998863,0.04250000000000398,1,1218.019,1219.658
43,3930175,Romania,5,0.04374999999998863,0.04250000000000398,0.04374999999998863,43.7325,1,1239.013,1244.267
44,3930175,Belgium,9,4.15625,28.942499999999995,72.58125,21.377499999999998,1,1270.309,1280.362
45,3930175,Romania,5,72.58125,21.377499999999998,38.54375,5.737499999999997,1,1282.867,1288.116
46,3930175,Belgium,4,38.54375,5.737499999999997,52.01875,6.247500000000002,1,1288.723,1290.554
47,3930175,Belgium,25,49.831250000000004,2.762500000000003,68.03125,65.3225,1,1314.973,1356.682
48,3930175,Belgium,9,69.43125,61.9225,101.19375,47.0475,1,1367.514,1377.693
49,3930175,Belgium,1,104.95625000000001,67.9575,102.50625000000001,32.3425,1,1410.842,1410.842
50,3930175,Romania,10,102.50625,32.34250000000001,17.018749999999997,32.4275,1,1412.73,1428.101
51,3930175,Belgium,2,14.218749999999998,36.9325,13.693749999999994,33.61750000000001,1,1429.083,1432.433
52,3930175,Belgium,64,13.693749999999998,33.6175,97.08125,0.12749999999998352,1,1536.401,1626.398
53,3930175,Romania,5,81.06875,0.04250000000000398,72.58125,17.9775,1,1642.107,1652.502
54,3930175,Belgium,1,91.13125,38.7175,91.13125,38.7175,1,1688.984,1688.984
55,3930175,Romania,8,91.13125,35.0625,42.13124999999999,46.537499999999994,1,1714.075,1723.926
56,3930175,Belgium,36,46.59375,40.9275,97.60625,45.517500000000005,1,1725.216,1777.978
57,3930175,Belgium,7,104.95625000000001,67.9575,101.54375,43.9875,1,1809.56,1817.224
58,3930175,Belgium,8,104.95625000000001,67.9575,87.54375,39.9075,1,1841.124,1858.315
59,3930175,Romania,34,87.54375,39.9075,68.03125,7.947499999999998,1,1863.731,1902.72
60,3930175,Belgium,51,68.03125,7.947499999999998,92.00625000000001,23.672499999999992,1,1904.237,1977.142
61,3930175,Belgium,24,104.95625000000001,67.9575,61.993750000000006,6.7575,1,2017.837,2060.99
62,3930175,Romania,3,61.99375,6.7575,61.46875,6.587500000000006,1,2062.211,2062.646
63,3930175,Romania,3,61.46875,6.587499999999999,5.46875,66.2575,1,2090.593,2098.426
64,3930175,Romania,14,6.956249999999997,67.9575,43.18125,67.9575,1,2105.141,2124.686
65,3930175,Romania,20,43.18125,67.9575,1.7062499999999972,37.6125,1,2134.446,2164.153
66,3930175,Belgium,1,2.05625,35.7425,2.05625,35.7425,1,2165.104,2165.104
67,3930175,Belgium,26,7.656250000000001,34.6375,102.24375,22.3125,1,2180.271,2227.748
68,3930175,Belgium,1,104.95625000000001,0.04250000000000398,81.59375,52.1475,1,2275.734,2275.734
69,3930175,Romania,16,81.59375,52.1475,6.78125,41.4375,1,2280.701,2304.198
70,3930175,Belgium,19,6.781250000000001,41.4375,92.18125000000002,0.6375000000000028,1,2307.152,2353.44
71,3930175,Romania,3,91.91875,0.04250000000000398,94.71875,0.46750000000000114,1,2371.304,2374.421
72,3930175,Belgium,15,90.25625000000001,0.04250000000000398,96.90625,6.587500000000006,1,2384.772,2406.575
73,3930175,Romania,3,99.35625,31.4075,55.25625,13.557499999999997,1,2433.355,2439.06
74,3930175,Belgium,51,55.25625,13.557500000000005,68.55625,65.8325,1,2439.953,2502.581
75,3930175,Romania,9,68.55625,65.8325,55.43125,15.767499999999998,1,2502.581,2515.823
76,3930175,Belgium,11,43.18125,17.3825,100.49375,30.982499999999995,1,2517.23,2526.672
77,3930175,Romania,1,100.49375,30.727500000000006,100.49375,30.727500000000006,1,2527.413,2527.413
78,3930175,Romania,12,100.49375,30.727500000000006,10.193749999999994,26.987499999999997,1,2530.0550000000003,2551.808
79,3930175,Belgium,25,10.19375,26.987499999999997,62.25625000000001,45.5175,1,2554.575,2607.555
80,3930175,Romania,4,62.25625,45.517500000000005,61.46875,50.957499999999996,1,2608.474,2611.476
81,3930175,Romania,16,61.46875,50.9575,18.59375,67.9575,1,2626.909,2656.832
82,3930175,Romania,2,18.59375,67.9575,6.956250000000001,59.1175,1,2666.139,2667.477
83,3930175,Romania,3,0.04374999999998863,67.9575,0.04374999999998863,37.52750000000001,1,2691.379,2693.832
84,3930175,Belgium,17,5.11875,32.59749999999999,70.65625,65.4075,1,2732.524,2759.139
85,3930175,Romania,23,52.543749999999996,33.9575,1.8812500000000005,36.167500000000004,2,0.549,45.237
86,3930175,Belgium,2,8.443749999999998,34.29749999999999,52.01875,41.8625,2,59.109,63.516
87,3930175,Romania,7,52.01875,41.8625,0.04374999999998863,13.387500000000003,2,65.795,73.12
88,3930175,Belgium,9,3.98125,25.8825,49.56875,1.7425000000000068,2,97.861,107.985
89,3930175,Romania,21,48.08125,0.04250000000000398,0.04374999999998863,31.917500000000004,2,113.45,140.936
90,3930175,Belgium,2,6.08125,30.8125,95.06875000000001,38.63249999999999,2,179.88,183.52
91,3930175,Romania,16,95.06875,38.6325,23.756249999999994,15.682499999999997,2,186.66,223.931
92,3930175,Belgium,9,23.756249999999998,15.682499999999997,92.79374999999999,58.097500000000004,2,225.927,236.243
93,3930175,Romania,7,92.79375,58.09750000000001,83.25625,56.057500000000005,2,243.392,253.143
94,3930175,Belgium,3,80.28125,61.7525,84.21875,64.47250000000001,2,255.256,258.758
95,3930175,Romania,1,99.79375,32.5975,77.30625,8.967500000000001,2,277.932,277.932
96,3930175,Belgium,39,77.30625,8.967500000000001,91.91875,2.4224999999999994,2,279.804,348.802
97,3930175,Belgium,19,81.94375000000001,0.04250000000000398,104.95625000000001,29.792499999999997,2,363.25,398.205
98,3930175,Romania,11,100.84375,34.6375,30.143750000000004,56.2275,2,459.386,484.998
99,3930175,Belgium,6,30.143750000000004,56.2275,41.956250000000004,52.82750000000001,2,485.597,488.811
100,3930175,Belgium,7,42.13125000000001,52.2325,14.393749999999997,49.34250000000001,2,506.411,516.278
101,3930175,Belgium,3,12.38125,48.6625,97.16875,48.2375,2,552.693,558.672
102,3930175,Romania,8,97.16875,48.2375,79.31875,57.7575,2,562.198,575.831
103,3930175,Belgium,6,79.31875000000001,57.7575,102.33125,32.8525,2,578.431,583.101
104,3930175,Romania,1,102.33125,33.8725,102.33125,33.8725,2,583.731,583.731
105,3930175,Romania,2,97.16875,30.302500000000002,47.118750000000006,7.522500000000001,2,597.697,600.34
106,3930175,Romania,15,68.90625,0.04250000000000398,0.04374999999998863,48.8325,2,650.227,674.168
107,3930175,Belgium,16,6.08125,33.53249999999999,80.28125,2.082499999999996,2,708.838,740.754
108,3930175,Belgium,2,81.06875,1.9124999999999943,102.76875,32.087500000000006,2,781.519,782.798
109,3930175,Romania,1,103.46875,31.832499999999996,103.46875,31.832499999999996,2,783.494,783.494
110,3930175,Romania,13,97.69375,27.497500000000002,18.856250000000003,0.04250000000000398,2,799.148,812.098
111,3930175,Romania,5,18.856250000000003,0.04250000000000398,7.131249999999994,40.84250000000001,2,819.215,823.651
112,3930175,Belgium,7,7.131249999999999,40.8425,34.78125,22.9925,2,827.132,835.992
113,3930175,Belgium,5,34.25625,22.9925,85.70625,67.9575,2,863.714,877.001
114,3930175,Belgium,4,85.70625,67.9575,98.04375,35.3175,2,906.435,910.59
115,3930175,Belgium,9,95.41874999999999,67.9575,95.06875000000001,67.9575,2,934.939,941.915
116,3930175,Belgium,5,95.06875000000001,67.9575,98.83125,64.0475,2,949.612,959.538
117,3930175,Romania,1,98.83125,64.04750000000001,98.83125,64.04750000000001,2,961.381,961.381
118,3930175,Romania,7,94.28125,56.822500000000005,12.731250000000003,4.972500000000004,2,991.586,1001.03
119,3930175,Belgium,13,12.73125,4.9724999999999895,104.95625000000001,38.292500000000004,2,1004.705,1023.08
120,3930175,Romania,14,99.79375,33.3625,37.58125,18.2325,2,1037.552,1068.772
121,3930175,Belgium,7,38.19375000000001,20.1025,85.35624999999999,37.86749999999999,2,1070.665,1075.191
122,3930175,Romania,16,85.35625,39.3125,6.6937500000000005,37.86749999999999,2,1140.822,1159.09
123,3930175,Belgium,4,6.6937500000000005,37.86749999999999,37.40625,55.377500000000005,2,1160.217,1164.205
124,3930175,Belgium,34,36.09375,55.5475,84.39375000000001,0.04250000000000398,2,1189.144,1242.302
125,3930175,Belgium,15,84.39375000000001,0.04250000000000398,104.95625000000001,30.387500000000003,2,1262.716,1291.203
126,3930175,Romania,6,100.14375,32.5975,6.781250000000001,37.1875,2,1351.912,1361.732
127,3930175,Romania,3,8.618749999999991,67.9575,11.418750000000003,62.432500000000005,2,1370.862,1372.649
128,3930175,Belgium,18,11.41875,62.4325,78.61875,60.64750000000001,2,1373.115,1397.429
129,3930175,Romania,2,78.61875,60.64750000000001,78.26875000000001,63.8775,2,1400.666,1401.694
130,3930175,Romania,16,78.26875,67.9575,52.98125,63.02750000000001,2,1427.124,1443.557
131,3930175,Belgium,2,43.44375000000001,67.9575,56.481249999999996,62.6025,2,1465.449,1466.789
132,3930175,Romania,20,56.481249999999996,62.6025,17.018749999999997,67.9575,2,1468.155,1492.903
133,3930175,Romania,31,17.018749999999997,67.9575,7.831249999999999,8.287499999999994,2,1501.935,1547.288
134,3930175,Romania,7,7.831249999999997,0.04250000000000398,25.24375,29.707499999999996,2,1552.957,1559.095
135,3930175,Belgium,1,12.11875,67.9575,49.393750000000004,60.4775,2,1613.914,1613.914
136,3930175,Romania,6,49.39374999999999,60.4775,36.88125000000001,62.7725,2,1617.25,1621.201
137,3930175,Belgium,1,36.706250000000004,67.9575,85.18125,62.7725,2,1638.305,1638.305
138,3930175,Romania,4,85.18125,62.77250000000001,62.168749999999996,16.1075,2,1643.619,1651.388
139,3930175,Belgium,18,62.168749999999996,16.107499999999995,63.043749999999996,67.5325,2,1652.274,1686.0
140,3930175,Romania,31,63.043749999999996,67.9575,0.04374999999998863,42.0325,2,1695.509,1741.885
141,3930175,Belgium,2,4.5062500000000005,31.152500000000003,87.98125,20.612499999999997,2,1774.909,1778.235
142,3930175,Romania,7,87.98125,20.612499999999997,68.29374999999999,67.7025,2,1781.34,1796.724
143,3930175,Belgium,16,76.95625,67.9575,61.55624999999999,2.592500000000001,2,1826.702,1848.347
144,3930175,Belgium,2,60.59374999999999,0.04250000000000398,86.66875,13.1325,2,1906.401,1908.145
145,3930175,Romania,4,85.35625,14.662500000000001,69.08125,5.397500000000001,2,1909.849,1916.069
146,3930175,Romania,12,69.60624999999999,5.907499999999999,43.443749999999994,0.04250000000000398,2,1923.475,1936.098
147,3930175,Romania,27,43.443749999999994,0.04250000000000398,6.956249999999997,40.587500000000006,2,1940.908,1981.039
148,3930175,Belgium,3,10.10625,41.352500000000006,104.95625000000001,32.087500000000006,2,2036.006,2041.321
149,3930175,Romania,20,52.543749999999996,33.9575,0.04374999999998863,0.04250000000000398,2,2122.654,2158.21
150,3930175,Romania,7,0.04374999999998863,0.04250000000000398,24.543750000000003,67.9575,2,2177.143,2186.269
151,3930175,Romania,3,24.543750000000003,67.9575,26.90625,57.3325,2,2202.357,2203.536
152,3930175,Belgium,11,30.668750000000003,58.4375,98.04375,30.9825,2,2204.286,2215.954
153,3930175,Romania,17,98.04375,30.9825,7.481249999999989,48.8325,2,2216.969,2250.039
154,3930175,Belgium,1,76.51875,24.607499999999995,76.51875,24.607499999999995,2,2290.299,2290.299
155,3930175,Romania,7,76.51875,25.0325,104.78125,43.3925,2,2302.549,2322.851
156,3930175,Romania,19,99.79375,33.5325,0.04374999999998863,67.9575,2,2342.316,2382.23
157,3930175,Romania,3,0.04374999999998863,67.9575,3.3687499999999915,31.6625,2,2395.514,2398.14
158,3930175,Belgium,10,7.131249999999999,33.7025,96.38125000000001,22.652500000000003,2,2400.367,2426.93
159,3930175,Belgium,5,86.84375,0.04250000000000398,99.96875,4.292499999999997,2,2461.294,2464.166
160,3930175,Romania,5,99.96875,4.292500000000004,52.80625,45.1775,2,2478.429,2485.765
161,3930175,Belgium,8,54.81875,46.4525,86.23124999999999,0.04250000000000398,2,2486.697,2501.194
162,3930175,Belgium,1,86.23124999999999,0.04250000000000398,104.95625000000001,20.9525,2,2531.266,2531.266
163,3930175,Romania,2,100.14375,31.152500000000003,56.30624999999999,67.9575,2,2549.616,2552.68
164,3930175,Romania,3,56.30624999999999,67.9575,73.89375,52.9975,2,2560.277,2564.712
165,3930175,Romania,12,74.50625,53.932500000000005,103.55625,30.2175,2,2577.139,2611.029
166,3930175,Belgium,2,87.01875,67.9575,98.65625,60.817499999999995,2,2666.271,2667.598
167,3930175,Romania,3,98.65625,60.817499999999995,93.58125,63.707499999999996,2,2668.065,2670.787
168,3930175,Romania,3,80.10625,67.9575,66.28125,64.4725,2,2681.679,2685.144
169,3930175,Romania,11,66.28125,59.5425,92.09375,40.0775,2,2706.526,2734.587
170,3930175,Romania,13,88.15625,43.1375,32.33125,67.7025,2,2766.044,2784.546
171,3930175,Romania,8,23.931250000000006,67.9575,22.356250000000003,38.71750000000001,2,2793.648,2807.899
172,3930175,Romania,7,0.04374999999998863,0.04250000000000398,18.331249999999997,7.6924999999999955,2,2823.772,2829.915
173,3930175,Romania,10,39.506249999999994,0.04250000000000398,36.26875,60.64750000000001,2,2840.094,2853.86
174,3930175,Belgium,1,37.581250000000004,67.9575,78.44375000000001,61.3275,2,2873.599,2873.599
175,3930175,Romania,2,78.44375000000001,61.32750000000001,76.51875,64.30250000000001,2,2877.703,2880.774
176,3930175,Romania,11,76.51875,64.30250000000001,69.95625,0.04250000000000398,2,2884.2084999999997,2901.716
177,3930175,Belgium,17,68.90625,0.04250000000000398,68.64375000000001,57.7575,2,2913.692,2933.409
2,3930174,Portugal,8,52.543749999999996,33.9575,104.95625000000001,14.747499999999995,1,0.442,26.84
3,3930174,Portugal,13,99.79375,26.5625,1.1812499999999915,37.6125,1,49.676,68.866
4,3930174,Turkey,1,1.96875,36.3375,1.96875,36.3375,1,69.888,69.888
5,3930174,Turkey,10,12.55625,27.752499999999998,71.61875,25.2025,1,93.44,114.374
6,3930174,Portugal,33,71.61874999999999,25.2025,57.618750000000006,47.0475,1,118.113,172.971
7,3930174,Portugal,30,59.89375,47.3875,49.13125,9.307499999999997,1,194.506,233.227
8,3930174,Turkey,12,35.30625,7.947499999999998,95.50625000000001,5.482500000000002,1,234.912,248.72
9,3930174,Turkey,8,91.13125,0.04250000000000398,104.95625000000001,20.612499999999997,1,269.324,277.924
10,3930174,Portugal,3,99.79375,28.007500000000007,6.34375,16.872500000000002,1,302.737,308.676
11,3930174,Turkey,20,6.34375,16.872499999999995,102.50625,59.20250000000001,1,315.735,357.645
12,3930174,Turkey,4,104.95625000000001,67.9575,90.25625000000001,0.04250000000000398,1,400.746,405.341
13,3930174,Turkey,11,90.25625000000001,0.04250000000000398,63.83125,44.072500000000005,1,418.632,433.048
14,3930174,Portugal,13,63.83124999999999,44.072500000000005,0.04374999999998863,26.4775,1,433.74,451.766
15,3930174,Turkey,3,5.29375,42.457499999999996,72.93125,67.8725,1,475.36,479.441
16,3930174,Portugal,51,73.80624999999999,67.9575,35.131249999999994,11.262500000000003,1,491.021,570.767
17,3930174,Turkey,2,35.13125000000001,11.262500000000003,44.84375000000001,12.027499999999996,1,572.146,573.105
18,3930174,Turkey,30,43.09375,0.04250000000000398,104.86875,11.602499999999992,1,583.323,624.663
19,3930174,Portugal,15,101.63125,33.2775,78.88125000000001,67.8725,1,639.052,665.354
20,3930174,Portugal,44,78.18125,67.9575,45.893750000000004,51.3825,1,673.01,742.91
21,3930174,Turkey,2,45.893750000000004,51.3825,45.28125,52.9975,1,747.037,749.019
22,3930174,Turkey,13,45.45625,52.4025,82.55625,13.387500000000003,1,771.355,798.345
23,3930174,Portugal,7,82.55625,13.387500000000003,30.756249999999994,15.8525,1,798.345,816.875
24,3930174,Turkey,12,30.756250000000005,15.8525,90.51875,30.7275,1,819.301,832.998
25,3930174,Portugal,17,90.51875,30.727500000000006,2.9312499999999915,30.132500000000007,1,836.873,872.019
26,3930174,Turkey,7,2.3187500000000005,29.027500000000003,38.98125,16.277500000000003,1,873.953,899.02
27,3930174,Portugal,21,38.98125,16.277500000000003,12.206249999999999,3.102499999999992,1,942.857,973.377
28,3930174,Portugal,9,13.081250000000011,0.04250000000000398,22.35625,67.1075,1,984.31,994.635
29,3930174,Portugal,19,23.581249999999997,67.9575,7.306250000000006,12.027499999999996,1,1000.393,1021.409
30,3930174,Turkey,11,5.556250000000001,40.5875,29.006249999999994,61.837500000000006,1,1044.046,1057.128
31,3930174,Portugal,13,29.006249999999994,61.837500000000006,5.293750000000003,50.1075,1,1060.5255,1085.559
32,3930174,Turkey,4,5.29375,50.1075,49.65625,44.3275,1,1089.111,1092.282
33,3930174,Portugal,4,49.65625,44.32750000000001,44.056250000000006,57.6725,1,1094.041,1096.735
34,3930174,Portugal,15,40.55624999999999,56.1425,39.59375,1.4025000000000034,1,1119.19,1139.121
35,3930174,Turkey,26,36.706250000000004,0.04250000000000398,76.69375,46.1125,1,1160.376,1197.51
36,3930174,Portugal,27,76.69375,46.1125,0.04374999999998863,36.8475,1,1200.0715,1258.748
37,3930174,Turkey,23,53.331250000000004,33.957499999999996,4.06875,63.027499999999996,1,1329.106,1377.59
38,3930174,Portugal,27,12.206250000000011,67.9575,0.04374999999998863,39.9925,1,1387.83,1424.654
39,3930174,Turkey,6,6.08125,39.482499999999995,63.21875,52.5725,1,1437.833,1457.275
40,3930174,Portugal,27,63.21875,52.572500000000005,60.06875000000001,7.947499999999998,1,1499.963,1560.629
41,3930174,Portugal,40,57.96875,10.2425,48.16875,67.8725,1,1564.9,1630.351
42,3930174,Portugal,17,45.106249999999996,67.9575,17.631249999999998,45.9425,1,1649.587,1680.176
43,3930174,Turkey,8,53.331250000000004,33.957499999999996,88.33125000000001,34.2125,1,1751.27,1762.402
44,3930174,Portugal,10,88.33125,34.212500000000006,41.69374999999999,15.8525,1,1764.905,1775.915
45,3930174,Turkey,27,41.69375000000001,15.8525,102.94375,37.3575,1,1777.729,1817.213
46,3930174,Turkey,2,104.95625000000001,67.9575,104.95625000000001,0.04250000000000398,1,1841.767,1843.592
47,3930174,Turkey,5,104.95625000000001,0.04250000000000398,90.95625000000001,67.9575,1,1888.334,1896.72
48,3930174,Turkey,12,90.95625000000001,67.9575,78.96875,49.8525,1,1901.807,1919.643
49,3930174,Portugal,5,78.96875,49.8525,78.09375,67.87250000000002,1,1922.209,1931.212
50,3930174,Turkey,37,71.44375,67.9575,104.95625000000001,18.232499999999995,1,1938.426,1996.852
51,3930174,Portugal,7,99.79375,27.072499999999998,75.20625000000001,66.0025,1,2017.828,2028.806
52,3930174,Turkey,11,75.20625000000001,66.0025,89.11875,35.997499999999995,1,2031.295,2046.341
53,3930174,Portugal,23,98.39375,34.042500000000004,0.04374999999998863,40.2475,1,2048.038,2083.285
54,3930174,Turkey,5,4.5062500000000005,37.86749999999999,42.56875,60.4775,1,2096.079,2103.313
55,3930174,Portugal,7,42.56875,60.4775,24.981250000000003,67.9575,1,2104.086,2114.268
56,3930174,Portugal,18,24.981250000000003,67.9575,0.04374999999998863,37.2725,1,2127.187,2160.626
57,3930174,Turkey,23,5.556250000000001,40.417500000000004,93.05625,38.8875,1,2177.268,2210.713
58,3930174,Portugal,4,93.05625,38.8875,80.54375,42.9675,1,2211.67,2214.117
59,3930174,Portugal,5,76.16875,44.667500000000004,56.831250000000004,62.4325,1,2253.078,2258.926
60,3930174,Portugal,18,75.73125,67.9575,11.068749999999994,14.917500000000004,1,2265.924,2290.907
61,3930174,Turkey,5,8.881249999999998,9.817499999999995,29.443749999999994,34.2975,1,2338.079,2346.065
62,3930174,Turkey,4,23.05625,33.872499999999995,59.456250000000004,0.04250000000000398,1,2355.296,2359.671
63,3930174,Portugal,7,65.40625,0.04250000000000398,71.79374999999999,46.197500000000005,1,2375.141,2388.067
64,3930174,Portugal,6,71.79374999999999,46.197500000000005,65.58125,51.6375,1,2392.502,2405.874
65,3930174,Turkey,6,65.58125000000001,51.6375,101.54375,37.5275,1,2407.616,2412.359
66,3930174,Portugal,1,102.94375,34.5525,102.94375,34.5525,1,2413.247,2413.247
67,3930174,Portugal,5,97.60625,35.40250000000001,80.98125,65.4075,1,2427.7,2436.582
68,3930174,Portugal,9,73.98124999999999,67.9575,44.05625,33.70250000000001,1,2463.144,2476.041
69,3930174,Turkey,12,44.056250000000006,33.7025,34.956250000000004,11.857500000000002,1,2477.92,2491.472
70,3930174,Portugal,1,34.95625,11.857500000000002,8.881249999999994,51.212500000000006,1,2573.925,2573.925
71,3930174,Turkey,18,23.40625,47.8125,94.45625000000001,66.5125,1,2597.577,2622.976
72,3930174,Portugal,1,91.13125,61.32750000000001,27.43124999999999,39.057500000000005,1,2657.956,2657.956
73,3930174,Turkey,8,27.43125,39.0575,60.24374999999999,32.9375,1,2661.272,2668.851
74,3930174,Turkey,4,64.61875,33.4475,92.35624999999999,26.137500000000003,1,2700.755,2704.836
75,3930174,Portugal,30,95.41875,26.7325,68.73124999999999,54.52750000000001,1,2705.257,2753.545
76,3930174,Turkey,14,52.456250000000004,34.0425,58.14375,2.3375000000000057,2,0.711,24.258
77,3930174,Turkey,6,57.70625,0.04250000000000398,75.38125,15.1725,2,30.179,40.929
78,3930174,Portugal,17,75.38125,15.1725,39.06874999999998,3.782499999999999,2,41.82,71.645
79,3930174,Turkey,34,39.06875,3.9524999999999864,103.20625,46.3675,2,75.139,122.695
80,3930174,Turkey,18,104.95625000000001,67.9575,57.96875000000001,49.0025,2,147.463,178.47
81,3930174,Portugal,9,57.96875,49.002500000000005,21.65625,48.0675,2,179.269,191.674
82,3930174,Turkey,18,21.65625,48.0675,59.543749999999996,17.9775,2,191.674,209.545
83,3930174,Portugal,124,64.53125,22.4825,12.29375,65.9175,2,210.87,384.562
84,3930174,Portugal,6,0.04374999999998863,67.9575,1.8812499999999943,47.0475,2,418.208,427.853
85,3930174,Turkey,26,1.8812500000000005,47.0475,103.73125,33.53249999999999,2,428.392,463.623
86,3930174,Portugal,1,103.90625,33.61750000000001,103.90625,33.61750000000001,2,464.816,464.816
87,3930174,Portugal,8,100.31875,38.037499999999994,81.59375,11.432499999999997,2,475.568,489.983
88,3930174,Turkey,15,81.59375,11.432500000000005,76.43125,28.942499999999995,2,492.228,514.87
89,3930174,Portugal,40,73.71875,27.497500000000002,67.59375,2.4224999999999994,2,516.493,567.457
90,3930174,Portugal,8,69.60624999999999,2.082499999999996,0.04374999999998863,33.7875,2,591.137,603.807
91,3930174,Turkey,7,52.456250000000004,34.0425,86.84375,42.6275,2,674.872,686.187
92,3930174,Portugal,22,91.21875,48.0675,23.05624999999999,61.49750000000001,2,686.606,722.393
93,3930174,Turkey,8,23.05625,61.4975,33.29374999999999,3.782499999999999,2,726.799,739.801
94,3930174,Turkey,1,33.11875,3.4424999999999955,50.18125,7.777499999999989,2,773.87,773.87
95,3930174,Portugal,4,44.93124999999999,6.7575,62.95625,2.762500000000003,2,780.558,786.477
96,3930174,Turkey,7,62.956250000000004,2.762500000000003,96.90625,13.557500000000005,2,788.4,795.324
97,3930174,Turkey,1,98.65625,31.40749999999999,98.65625,31.40749999999999,2,829.151,829.151
98,3930174,Portugal,6,99.00625,31.152500000000003,61.55624999999999,56.057500000000005,2,852.593,861.352
99,3930174,Turkey,9,54.20625,50.957499999999996,88.59375,44.2425,2,865.338,874.752
100,3930174,Portugal,10,67.85624999999999,62.6025,2.40625,48.322500000000005,2,876.379,896.897
101,3930174,Turkey,15,13.956249999999999,40.0775,13.78125,2.9325000000000045,2,917.746,944.503
102,3930174,Portugal,32,14.21875,0.04250000000000398,39.68125,5.0575000000000045,2,948.094,984.7
103,3930174,Portugal,7,43.881249999999994,4.547499999999999,43.18125,24.862499999999997,2,997.259,1005.409
104,3930174,Portugal,21,43.006249999999994,24.6075,63.65625,51.9775,2,1024.209,1053.682
105,3930174,Turkey,13,63.65624999999999,51.977500000000006,104.95625000000001,29.4525,2,1055.761,1076.85
106,3930174,Portugal,7,99.53125,34.2975,85.18125,62.6025,2,1097.922,1103.842
107,3930174,Portugal,4,98.91875,41.4375,46.768750000000004,20.3575,2,1129.186,1136.023
108,3930174,Turkey,49,46.768750000000004,20.357499999999995,90.43125,7.012500000000003,2,1137.718,1194.299
109,3930174,Portugal,17,90.43125,7.012500000000003,5.1187499999999915,42.712500000000006,2,1196.119,1222.337
110,3930174,Portugal,1,8.53125,50.8725,8.53125,50.8725,2,1226.852,1226.852
111,3930174,Turkey,16,8.53125,50.8725,95.94375000000001,28.0075,2,1249.053,1280.097
112,3930174,Portugal,39,97.78125,31.237499999999997,80.54375,4.9724999999999895,2,1282.647,1345.738
113,3930174,Portugal,9,81.15625,5.057499999999997,11.418750000000003,54.6125,2,1407.178,1418.905
114,3930174,Turkey,6,11.41875,54.6125,20.256249999999994,48.0675,2,1420.812,1424.655
115,3930174,Turkey,9,19.81875,48.0675,57.96875000000001,64.3025,2,1448.543,1458.217
116,3930174,Portugal,17,57.96875,64.30250000000001,36.00625,67.9575,2,1460.177,1495.851
117,3930174,Portugal,8,34.95625,67.9575,14.21875,32.9375,2,1507.616,1520.476
118,3930174,Turkey,24,14.218749999999998,32.9375,40.90625,1.8275000000000006,2,1525.72,1561.316
119,3930174,Turkey,10,41.43125,0.04250000000000398,66.01875,8.032499999999999,2,1571.798,1582.127
120,3930174,Portugal,7,66.01875,8.032499999999999,60.59374999999999,10.667499999999997,2,1582.704,1586.224
121,3930174,Portugal,23,58.84375,21.887500000000003,58.231249999999996,64.1325,2,1615.767,1646.516
124,3930174,Portugal,47,60.418749999999996,53.6775,25.59375,67.9575,2,1837.939,1901.413
125,3930174,Turkey,3,29.618750000000002,67.9575,29.356250000000003,54.6125,2,1937.228,1940.258
126,3930174,Turkey,7,29.356250000000003,54.1875,95.50625,5.567500000000003,2,1945.359,1966.416
127,3930174,Portugal,3,96.46875,0.04250000000000398,65.84375,5.9925,2,1987.212,1989.983
128,3930174,Turkey,12,65.84375,5.9925,102.50625000000001,10.582500000000003,2,1991.531,2003.229
129,3930174,Turkey,2,104.95625000000001,0.04250000000000398,104.95625000000001,0.04250000000000398,2,2026.424,2027.862
130,3930174,Turkey,53,104.95625000000001,0.04250000000000398,85.44375000000001,27.3275,2,2040.972,2124.17
131,3930174,Portugal,4,85.44375,27.327500000000008,75.11875,14.237499999999997,2,2125.993,2127.427
132,3930174,Turkey,5,75.11875,14.237499999999997,81.33125000000001,25.1175,2,2128.739,2134.571
133,3930174,Turkey,3,104.95625000000001,67.9575,81.41875,20.9525,2,2165.508,2169.276
134,3930174,Portugal,8,81.41875,20.9525,82.20625,20.697499999999998,2,2169.276,2179.51
137,3930174,Portugal,4,81.15625,20.442500000000003,58.31875,19.5075,2,2245.763,2251.328
138,3930174,Portugal,13,56.65625,20.0175,5.9937499999999915,34.807500000000005,2,2272.521,2291.013
139,3930174,Turkey,13,5.99375,34.8075,100.49375,45.5175,2,2292.703,2316.373
140,3930174,Portugal,1,98.91875,28.177500000000002,62.51875,19.847499999999997,2,2350.247,2350.247
141,3930174,Turkey,38,62.518750000000004,19.84749999999999,92.26875,54.3575,2,2352.574,2398.726
142,3930174,Portugal,6,92.26875,44.1575,77.30625,64.1325,2,2399.735,2404.175
143,3930174,Portugal,17,73.71875,63.62250000000001,67.24375,15.512500000000003,2,2419.138,2442.3
144,3930174,Turkey,17,51.23125,22.822499999999998,80.19375000000001,35.4025,2,2444.137,2469.954
145,3930174,Portugal,38,80.19375,35.40250000000001,7.306250000000006,26.987499999999997,2,2470.709,2521.57
146,3930174,Turkey,13,7.3062499999999995,26.987499999999997,81.41875,0.12749999999998352,2,2521.644,2548.671
147,3930174,Portugal,1,77.13125000000001,0.04250000000000398,61.293749999999996,2.762500000000003,2,2595.884,2595.884
148,3930174,Turkey,31,61.293749999999996,2.762500000000003,48.16875,37.272499999999994,2,2597.083,2659.647
149,3930174,Portugal,11,48.168749999999996,37.2725,9.318749999999994,30.8975,2,2660.208,2669.186
150,3930174,Portugal,6,6.25624999999998,0.04250000000000398,17.28125,50.9575,2,2711.426,2725.66
151,3930174,Turkey,10,18.59375,50.957499999999996,104.95625000000001,3.782499999999999,2,2737.63,2748.901
152,3930174,Portugal,14,98.91875,28.177500000000002,8.706249999999997,48.7475,2,2761.29,2779.122
153,3930174,Turkey,3,8.70625,48.7475,16.756249999999998,53.4225,2,2784.025,2787.075
156,3930174,Turkey,24,22.70625,54.8675,97.25625000000001,22.482499999999995,2,2835.222,2875.501
157,3930174,Turkey,2,104.95625000000001,0.04250000000000398,101.54375,0.04250000000000398,2,2930.419,2931.512
158,3930174,Turkey,8,101.54375,0.04250000000000398,91.91874999999999,13.387500000000003,2,2938.586,2949.377
159,3930174,Portugal,18,91.91875,13.387500000000003,0.04374999999998863,32.1725,2,2950.37,2972.845
160,3930174,Turkey,18,2.5812500000000003,29.4525,53.94375,65.9175,2,2981.563,2999.128
2,3930170,Slovenia,6,53.331250000000004,33.957499999999996,63.13125000000001,59.8825,1,0.203,10.795
3,3930170,Serbia,38,63.13125,59.8825,8.181249999999991,0.04250000000000398,1,11.76,54.127
4,3930170,Slovenia,6,14.306249999999999,0.04250000000000398,0.3062499999999915,19.932499999999997,1,78.033,84.54
5,3930170,Slovenia,3,6.08125,33.872499999999995,63.393750000000004,56.7375,1,101.699,105.486
6,3930170,Serbia,8,63.39375,56.7375,72.14375,32.2575,1,108.954,114.208
7,3930170,Slovenia,5,70.56875000000001,16.957499999999996,93.58125,1.5725000000000051,1,116.38,120.956
8,3930170,Slovenia,29,91.13125,0.04250000000000398,86.49375,67.7025,1,128.566,166.835
9,3930170,Serbia,9,87.01875,67.9575,102.68125,31.832499999999996,1,191.428,203.941
10,3930170,Serbia,32,100.23125,35.82750000000001,21.568749999999994,17.637500000000003,1,218.025,272.477
11,3930170,Slovenia,9,21.56875,17.637500000000003,45.01875000000001,67.4475,1,277.684,291.864
12,3930170,Slovenia,5,50.618750000000006,67.9575,54.20625,0.04250000000000398,1,319.363,323.236
13,3930170,Serbia,55,49.65625,0.04250000000000398,44.84375000000001,3.5275000000000034,1,332.519,411.083
14,3930170,Slovenia,14,52.456250000000004,12.87749999999999,101.54375,29.367500000000007,1,413.151,425.862
15,3930170,Slovenia,24,104.95625000000001,0.04250000000000398,50.53124999999999,33.70250000000001,1,470.406,506.002
16,3930170,Serbia,2,50.61875,32.4275,50.618750000000006,32.427499999999995,1,507.497,507.817
17,3930170,Serbia,10,54.46875,32.4275,37.31875000000001,52.3175,1,513.808,525.79
18,3930170,Serbia,2,34.78125,57.587500000000006,0.13124999999999432,17.2125,1,547.31,551.168
19,3930170,Slovenia,5,6.08125,33.2775,67.24375,11.262500000000003,1,577.292,585.702
20,3930170,Serbia,4,67.24375,11.262500000000003,72.93124999999999,0.04250000000000398,1,589.003,592.177
21,3930170,Slovenia,9,69.78125,0.04250000000000398,101.10625,0.12749999999998352,1,599.017,614.317
22,3930170,Serbia,1,95.94375,0.04250000000000398,76.60624999999999,3.697500000000005,1,641.577,641.577
23,3930170,Slovenia,3,76.60625,3.697499999999991,85.53125,2.2524999999999977,1,642.995,645.832
24,3930170,Slovenia,11,88.15625,0.04250000000000398,63.91875,7.862499999999997,1,661.334,675.802
25,3930170,Serbia,6,63.918749999999996,7.862499999999997,68.81875000000001,3.2724999999999937,1,678.882,683.998
26,3930170,Serbia,8,73.01875,5.822499999999998,24.981250000000003,16.957499999999996,1,702.814,717.152
27,3930170,Slovenia,5,24.98125,16.957499999999996,93.31875000000001,31.40749999999999,1,719.43,725.211
28,3930170,Serbia,17,93.31875,31.4075,101.01875000000001,2.2524999999999835,1,730.321,753.53
29,3930170,Serbia,11,98.30625,2.8474999999999966,51.49375,64.0475,1,769.656,782.388
30,3930170,Serbia,38,48.168749999999996,67.9575,46.59375,59.0325,1,786.532,835.753
31,3930170,Serbia,6,62.60625,67.9575,11.15625,34.7225,1,842.932,851.861
32,3930170,Slovenia,27,11.15625,34.7225,104.95625000000001,16.362499999999997,1,854.802,912.3
33,3930170,Serbia,4,99.79375,29.9625,49.13125,12.02749999999999,1,939.857,945.518
34,3930170,Serbia,19,43.09375,7.097499999999997,24.018749999999997,41.0975,1,970.793,999.218
35,3930170,Slovenia,13,24.018749999999997,41.0975,72.14375,62.8575,1,999.711,1010.862
36,3930170,Slovenia,4,56.56875000000001,67.9575,56.56875,53.167500000000004,1,1034.398,1041.075
37,3930170,Serbia,25,56.56875,53.167500000000004,36.35624999999999,2.677499999999995,1,1042.1555,1077.577
38,3930170,Slovenia,98,36.35625,2.677499999999995,100.75625,0.04250000000000398,1,1077.955,1218.345
39,3930170,Serbia,2,92.44375,0.04250000000000398,76.34375,5.0575000000000045,1,1247.61,1248.998
40,3930170,Slovenia,16,76.34375,5.0575000000000045,95.06875000000001,8.202499999999993,1,1250.0345,1274.355
41,3930170,Slovenia,17,96.81875000000001,0.04250000000000398,93.66875,48.6625,1,1295.132,1317.253
42,3930170,Serbia,8,98.30625,53.167500000000004,93.05625,56.3125,1,1317.811,1323.421
43,3930170,Slovenia,3,94.19375,55.3775,101.71875,48.2375,1,1323.598,1326.269
44,3930170,Slovenia,7,104.95625000000001,67.9575,102.85625,28.34749999999999,1,1360.181,1366.971
45,3930170,Serbia,33,102.85625,28.347499999999997,29.61874999999999,12.877499999999998,1,1369.625,1431.274
46,3930170,Slovenia,5,29.618750000000002,12.87749999999999,64.09375,0.8924999999999983,1,1434.085,1439.189
47,3930170,Slovenia,28,80.19375000000001,1.3174999999999955,49.13125,8.542499999999997,1,1469.028,1503.998
48,3930170,Serbia,2,49.13125,8.542499999999997,51.581250000000004,3.102499999999992,1,1508.765,1510.415
49,3930170,Serbia,19,54.46875,3.697500000000005,44.49375,47.3025,1,1514.038,1536.904
50,3930170,Serbia,37,44.40625000000001,45.09250000000001,14.831249999999997,0.04250000000000398,1,1541.275,1590.986
51,3930170,Serbia,7,14.831249999999997,0.04250000000000398,1.6187499999999915,31.492500000000007,1,1603.629,1609.032
52,3930170,Slovenia,1,1.18125,31.832499999999996,1.18125,31.832499999999996,1,1609.555,1609.555
53,3930170,Slovenia,5,7.918749999999999,27.15749999999999,7.918749999999999,6.842500000000001,1,1622.603,1631.85
54,3930170,Slovenia,17,5.90625,32.8525,93.58125,40.67249999999999,1,1654.865,1693.84
55,3930170,Serbia,5,93.58125,40.6725,57.53125000000001,60.0525,1,1694.962,1699.872
56,3930170,Serbia,37,54.46875,59.8825,7.043749999999999,62.4325,1,1718.542,1795.082
57,3930170,Serbia,2,0.04374999999998863,67.9575,6.08125,34.38249999999999,1,1838.213,1840.115
58,3930170,Slovenia,3,6.08125,34.38249999999999,73.28125,53.5075,1,1868.121,1871.671
59,3930170,Serbia,6,73.28125,53.5075,65.75625,47.642500000000005,1,1874.416,1880.399
60,3930170,Slovenia,14,65.75625000000001,47.6425,72.14375,1.5725000000000051,1,1881.471,1896.985
61,3930170,Serbia,7,72.14375,1.5725000000000051,44.40625000000001,33.70250000000001,1,1901.862,1914.275
62,3930170,Slovenia,25,44.40625,33.7025,99.79375,29.197499999999998,1,1914.465,1951.756
63,3930170,Serbia,41,96.29375,35.2325,20.256249999999994,6.417500000000004,1,1965.59,2014.64
64,3930170,Slovenia,15,20.256249999999998,6.417499999999997,67.24375,3.102499999999992,1,2015.183,2036.666
65,3930170,Serbia,2,67.24375,3.1025000000000063,69.43124999999999,5.057499999999997,1,2040.138,2041.897
66,3930170,Serbia,13,81.06875,0.04250000000000398,24.018749999999997,2.4224999999999994,1,2067.72,2088.408
67,3930170,Slovenia,12,24.018749999999997,2.4224999999999994,42.831250000000004,4.802500000000002,1,2088.97,2104.104
68,3930170,Slovenia,13,59.36875000000001,0.04250000000000398,97.16875,56.3125,1,2111.332,2130.641
69,3930170,Slovenia,39,92.88125000000001,67.9575,104.95625000000001,30.982499999999995,1,2160.286,2224.522
70,3930170,Serbia,4,99.79375,34.5525,26.906249999999996,24.607499999999995,1,2268.589,2272.941
71,3930170,Serbia,2,24.28125,26.4775,15.706250000000011,27.667500000000004,1,2332.668,2334.564
72,3930170,Slovenia,8,13.956249999999999,1.8274999999999864,56.56875000000001,7.6924999999999955,1,2338.325,2349.26
73,3930170,Serbia,79,56.56875,7.6924999999999955,7.831249999999997,35.9975,1,2350.272,2467.739
74,3930170,Slovenia,4,24.36875,30.6425,74.59375,45.3475,1,2510.704,2514.597
75,3930170,Slovenia,18,74.41875,46.5375,87.28125,25.627499999999998,1,2551.692,2588.317
76,3930170,Slovenia,5,104.95625000000001,67.9575,104.95625000000001,21.887500000000003,1,2638.024,2644.717
77,3930170,Serbia,2,99.79375,30.642500000000005,32.15625,0.04250000000000398,1,2676.139,2679.292
78,3930170,Slovenia,4,41.34375,0.04250000000000398,60.94375,21.377499999999998,1,2693.159,2697.195
79,3930170,Serbia,10,60.943749999999994,21.377499999999998,6.168749999999999,45.0925,1,2698.502,2710.512
80,3930170,Serbia,4,0.04374999999998863,67.9575,0.04374999999998863,25.0325,1,2722.478,2726.879
82,3930170,Serbia,62,51.668749999999996,34.042500000000004,4.768749999999997,41.4375,2,0.374,91.502
83,3930170,Slovenia,1,4.33125,40.9275,4.33125,40.9275,2,91.64,91.64
84,3930170,Slovenia,6,7.043749999999999,45.4325,83.60625,35.317499999999995,2,118.945,127.444
85,3930170,Serbia,35,83.60625,35.3175,46.59375,7.522500000000001,2,128.35,177.238
86,3930170,Serbia,28,46.59375,7.522500000000001,0.04374999999998863,67.9575,2,181.375,231.434
87,3930170,Serbia,11,0.04374999999998863,67.9575,7.918750000000003,32.34250000000001,2,272.097,288.444
88,3930170,Serbia,8,0.04374999999998863,67.9575,17.28125,5.652500000000003,2,369.37,385.378
89,3930170,Slovenia,8,17.631249999999998,0.04250000000000398,63.918749999999996,12.622500000000002,2,411.454,421.707
90,3930170,Slovenia,31,66.63125000000001,14.067499999999995,66.98124999999999,50.70250000000001,2,465.297,506.577
91,3930170,Slovenia,20,68.46875,52.8275,93.23125,30.557499999999997,2,553.062,597.469
92,3930170,Serbia,31,93.23125,30.557500000000005,2.4937499999999915,51.807500000000005,2,601.262,655.548
93,3930170,Serbia,58,0.04374999999998863,67.9575,29.356250000000003,48.4075,2,683.458,760.987
94,3930170,Slovenia,11,29.181250000000002,50.2775,104.08125,35.0625,2,761.126,772.681
95,3930170,Slovenia,20,104.95625000000001,0.04250000000000398,49.481249999999996,0.21250000000000568,2,825.426,857.506
96,3930170,Slovenia,21,45.806250000000006,0.04250000000000398,88.15625,58.097500000000004,2,867.428,898.773
97,3930170,Slovenia,58,88.15625,58.097500000000004,74.41875,39.482499999999995,2,901.8855000000001,1009.973
98,3930170,Serbia,28,74.41875,39.4825,23.84375,67.9575,2,1012.174,1049.58
99,3930170,Serbia,7,23.84375,67.9575,5.206249999999997,50.70250000000001,2,1131.238,1143.696
100,3930170,Slovenia,7,5.20625,50.7025,86.14375,44.072500000000005,2,1144.644,1161.06
101,3930170,Serbia,8,86.14375,44.072500000000005,0.04374999999998863,35.572500000000005,2,1161.06,1173.563
102,3930170,Slovenia,4,5.20625,40.332499999999996,62.86875000000001,44.4125,2,1205.832,1211.229
103,3930170,Serbia,24,56.65625,38.9725,0.13124999999999432,46.3675,2,1212.166,1256.207
104,3930170,Slovenia,5,5.20625,37.86749999999999,98.04375,20.1875,2,1283.166,1301.062
105,3930170,Serbia,25,99.35625,36.252500000000005,27.256249999999994,9.817499999999995,2,1340.794,1369.806
106,3930170,Slovenia,9,24.193749999999998,12.622499999999995,104.95625000000001,31.5775,2,1370.552,1386.198
107,3930170,Serbia,5,51.668749999999996,34.042500000000004,20.34375,37.1025,2,1476.89,1484.474
108,3930170,Slovenia,13,22.881249999999998,36.8475,53.59374999999999,25.797499999999992,2,1522.929,1539.437
109,3930170,Serbia,6,60.856249999999996,44.072500000000005,14.918750000000001,64.8125,2,1540.596,1548.012
110,3930170,Serbia,11,17.631249999999994,67.9575,25.76875000000001,67.9575,2,1555.228,1568.766
111,3930170,Serbia,19,25.76875000000001,67.9575,27.08125,63.5375,2,1598.259,1625.874
112,3930170,Slovenia,9,27.08125,63.5375,48.16875,63.5375,2,1626.9070000000002,1634.049
113,3930170,Serbia,35,50.88125,60.5625,15.26875,13.1325,2,1635.699,1681.053
114,3930170,Serbia,23,14.393749999999997,0.04250000000000398,26.11875,48.5775,2,1695.19,1729.622
115,3930170,Serbia,2,24.71875,50.8725,5.643750000000011,31.492500000000007,2,1788.419,1789.947
116,3930170,Slovenia,9,5.20625,34.38249999999999,101.10625,33.0225,2,1841.039,1860.809
117,3930170,Serbia,23,101.10625,33.0225,18.76875000000001,58.947500000000005,2,1861.71,1903.429
118,3930170,Slovenia,1,5.20625,39.8225,82.20625,48.0675,2,1937.003,1937.003
119,3930170,Serbia,5,82.20625,48.0675,57.443749999999994,49.8525,2,1941.099,1946.844
120,3930170,Slovenia,3,57.44375,49.852500000000006,81.76875000000001,61.7525,2,1950.011,1952.16
121,3930170,Slovenia,21,91.91874999999999,67.9575,104.95625000000001,39.0575,2,1992.813,2022.936
122,3930170,Serbia,11,98.91875,39.65250000000001,2.84375,34.212500000000006,2,2038.55,2052.844
123,3930170,Slovenia,5,7.7437499999999995,31.917499999999997,56.13125000000001,0.29749999999999943,2,2063.359,2071.016
124,3930170,Serbia,21,58.668749999999996,0.04250000000000398,4.06875,39.482499999999995,2,2081.636,2121.895
127,3930170,Slovenia,2,12.818749999999998,35.997499999999995,97.34375,29.622499999999995,2,2188.649,2192.388
128,3930170,Serbia,22,97.34375,29.622500000000002,0.04374999999998863,38.8025,2,2194.669,2241.944
129,3930170,Slovenia,2,5.20625,40.247499999999995,74.41875,50.5325,2,2270.734,2275.061
130,3930170,Serbia,13,74.41875,50.5325,2.3187500000000005,5.227499999999992,2,2277.134,2303.726
131,3930170,Serbia,5,6.25624999999998,0.04250000000000398,10.10625,6.672499999999992,2,2312.305,2317.455
132,3930170,Serbia,2,10.106249999999989,6.672499999999999,2.49375,40.1625,2,2353.42,2354.894
133,3930170,Serbia,2,0.04374999999998863,67.9575,0.04374999999998863,67.9575,2,2392.486,2393.408
134,3930170,Serbia,7,0.04374999999998863,67.9575,50.35625,36.167500000000004,2,2419.442,2430.055
135,3930170,Serbia,5,50.35625,36.167500000000004,5.381249999999994,67.9575,2,2433.848,2443.032
136,3930170,Slovenia,4,6.606249999999999,67.9575,2.3187499999999943,0.21250000000000568,2,2497.928,2505.171
137,3930170,Slovenia,3,8.618749999999999,0.04250000000000398,72.23124999999999,31.5775,2,2533.947,2535.894
138,3930170,Serbia,34,72.23124999999999,31.577500000000008,18.24374999999999,0.04250000000000398,2,2540.497,2591.262
139,3930170,Serbia,24,18.24374999999999,0.04250000000000398,5.03125,12.282499999999999,2,2600.505,2654.688
140,3930170,Serbia,7,0.04374999999998863,0.04250000000000398,41.34375,67.9575,2,2683.693,2697.129
141,3930170,Serbia,11,38.28125,67.9575,54.29375,5.652499999999989,2,2744.205,2763.2
142,3930170,Serbia,6,52.71875,5.822499999999998,11.856250000000003,36.167500000000004,2,2783.91,2792.045
143,3930170,Slovenia,1,10.10625,36.50749999999999,86.49375,67.9575,2,2830.932,2830.932
144,3930170,Serbia,12,86.14375,67.9575,7.21875,50.70250000000001,2,2840.26,2865.918
145,3930170,Slovenia,3,7.918749999999999,50.3625,77.65625,52.4875,2,2908.941,2912.607
146,3930170,Serbia,3,91.91875,48.2375,91.21875,49.5125,2,2914.953,2915.589
147,3930170,Serbia,16,91.21875,47.21750000000001,12.81874999999998,37.017500000000005,2,2947.028,2978.11
148,3930170,Serbia,2,0.04374999999998863,67.9575,0.04374999999998863,31.917500000000004,2,2998.038,2999.558
149,3930170,Slovenia,1,52.456250000000004,34.0425,40.206250000000004,34.38249999999999,2,3085.59,3085.59
2,3930169,Scotland,3,52.456250000000004,34.0425,94.28125,0.12749999999998352,1,0.568,1.696
3,3930169,Switzerland,2,91.39375,0.04250000000000398,69.51875,0.12749999999998352,1,23.502,25.282
4,3930169,Switzerland,1,20.081249999999997,5.057499999999997,20.081249999999997,5.057499999999997,1,33.028,33.028
5,3930169,Scotland,2,19.381249999999998,10.327499999999993,60.59374999999999,0.04250000000000398,1,63.82,67.101
6,3930169,Scotland,5,60.59374999999999,0.04250000000000398,57.35625,47.9825,1,72.744,80.382
7,3930169,Switzerland,9,57.356249999999996,47.9825,60.15625,65.8325,1,82.954,92.882
8,3930169,Scotland,3,67.24375,67.9575,98.65625,65.6625,1,98.696,102.621
9,3930169,Scotland,2,104.95625000000001,67.9575,101.36875,67.9575,1,131.967,132.837
10,3930169,Scotland,11,101.36875,67.9575,103.20625,48.6625,1,170.872,182.565
11,3930169,Scotland,1,104.95625000000001,67.9575,103.29375,33.6175,1,217.807,217.807
12,3930169,Switzerland,5,103.29375,33.61750000000001,5.5562499999999915,47.3875,1,219.189,227.812
13,3930169,Scotland,6,5.556250000000001,47.3875,63.56875000000001,16.447499999999998,1,232.606,255.212
14,3930169,Switzerland,14,63.56875,16.447499999999998,25.418750000000003,67.8725,1,256.721,277.762
15,3930169,Switzerland,10,29.443749999999994,67.9575,55.168749999999996,2.4224999999999994,1,290.098,302.264
16,3930169,Scotland,14,55.16875000000001,2.4224999999999994,42.831250000000004,51.807500000000005,1,303.647,320.578
17,3930169,Scotland,1,43.96875,51.3825,104.95625000000001,51.2125,1,353.838,353.838
18,3930169,Switzerland,6,99.44375,30.727500000000006,5.99375,60.4775,1,375.556,387.717
19,3930169,Switzerland,16,13.606249999999989,67.9575,61.81875,63.792500000000004,1,401.698,423.73
20,3930169,Switzerland,1,61.11874999999999,64.5575,13.34375,32.9375,1,433.242,433.242
21,3930169,Scotland,11,13.34375,32.9375,50.268750000000004,4.6325,1,436.787,448.139
22,3930169,Switzerland,44,50.268750000000004,4.6325,19.38124999999998,58.692499999999995,1,450.238,518.618
23,3930169,Scotland,3,4.9437500000000005,41.6075,64.96875,33.787499999999994,1,564.968,568.721
24,3930169,Switzerland,3,63.13125,33.61750000000001,12.81874999999998,2.507499999999993,1,593.019,597.5
25,3930169,Scotland,4,9.23125,12.452499999999993,3.0187500000000003,0.46750000000000114,1,599.531,602.073
26,3930169,Switzerland,7,3.9812499999999886,0.04250000000000398,7.918750000000003,0.12749999999999773,1,612.048,618.499
27,3930169,Scotland,3,25.943749999999998,0.04250000000000398,48.25624999999999,24.2675,1,640.506,643.281
28,3930169,Switzerland,25,48.25624999999999,24.2675,0.043750000000000004,46.1125,1,646.019,696.183
29,3930169,Switzerland,9,0.04374999999998863,67.9575,16.931250000000006,50.9575,1,734.168,744.368
30,3930169,Scotland,8,16.93125,50.957499999999996,104.95625000000001,33.3625,1,745.777,758.67
32,3930169,Switzerland,13,51.668749999999996,34.042500000000004,19.38124999999998,67.9575,1,819.617,844.523
33,3930169,Scotland,4,19.381249999999998,67.9575,54.38125,66.0875,1,870.912,874.786
34,3930169,Switzerland,18,54.381249999999994,66.0875,0.13125000000000003,46.5375,1,875.627,898.618
35,3930169,Switzerland,3,0.04374999999998863,67.9575,0.04374999999998863,39.2275,1,931.971,936.064
36,3930169,Scotland,4,4.5062500000000005,41.7775,81.76875000000001,15.087500000000006,1,967.218,972.325
37,3930169,Switzerland,7,81.76875,15.087499999999999,42.56875,63.877500000000005,1,976.056,986.879
38,3930169,Scotland,10,32.85625,62.7725,37.40625,5.397500000000001,1,988.479,1007.976
41,3930169,Switzerland,3,37.23125,17.2125,4.331249999999997,21.972499999999997,1,1026.669,1035.361
42,3930169,Switzerland,3,0.04374999999998863,0.04250000000000398,30.40625,27.1575,1,1060.181,1063.084
45,3930169,Switzerland,54,34.08125,15.767499999999998,2.49375,55.3775,1,1204.906,1273.368
46,3930169,Switzerland,21,0.04374999999998863,67.9575,12.118749999999991,56.39750000000001,1,1304.02,1332.073
47,3930169,Scotland,9,5.99375,60.8175,59.80625000000001,65.8325,1,1333.339,1347.839
48,3930169,Switzerland,31,76.25625,65.8325,9.318749999999994,51.212500000000006,1,1349.848,1401.261
49,3930169,Scotland,2,15.706249999999999,55.6325,67.24375,54.3575,1,1444.84,1448.571
53,3930169,Switzerland,24,72.14375,65.6625,34.34375,20.1025,1,1487.59,1528.179
54,3930169,Scotland,6,34.34375,20.1025,0.04374999999998863,31.067500000000003,1,1529.348,1534.773
55,3930169,Scotland,9,52.456250000000004,34.0425,43.706250000000004,14.237499999999997,1,1606.895,1614.62
56,3930169,Switzerland,3,43.706250000000004,14.237499999999997,37.84375,4.887500000000003,1,1615.19,1620.244
57,3930169,Switzerland,14,51.31875,0.04250000000000398,24.193749999999994,20.3575,1,1629.282,1649.381
58,3930169,Switzerland,15,24.193749999999994,20.3575,0.04374999999998863,37.2725,1,1654.2820000000002,1679.03
59,3930169,Scotland,9,4.85625,39.7375,58.056250000000006,11.517499999999998,1,1718.94,1737.821
60,3930169,Switzerland,6,57.356249999999996,15.427500000000002,7.306250000000006,28.602500000000006,1,1761.877,1769.764
61,3930169,Scotland,42,16.93125,30.6425,49.043749999999996,2.677499999999995,1,1772.098,1830.544
62,3930169,Scotland,1,48.95625,5.907499999999999,83.08125,48.5775,1,1878.804,1878.804
63,3930169,Switzerland,21,83.08125,48.57750000000001,2.3187500000000005,30.982499999999995,1,1881.812,1905.671
64,3930169,Switzerland,3,0.04374999999998863,67.9575,6.956249999999997,35.912499999999994,1,1943.68,1947.539
65,3930169,Scotland,2,12.818749999999998,35.232499999999995,76.51875,57.5875,1,2006.733,2010.468
66,3930169,Switzerland,6,76.51875,57.587500000000006,45.63124999999999,0.5524999999999949,1,2011.554,2019.581
67,3930169,Scotland,5,46.24375,0.04250000000000398,66.01875,60.222500000000004,1,2040.21,2049.812
68,3930169,Switzerland,5,79.31875,67.9575,53.418749999999996,66.17250000000001,1,2065.829,2067.974
69,3930169,Scotland,18,53.41875,66.1725,68.20625000000001,67.8725,1,2069.964,2092.504
70,3930169,Switzerland,4,63.918749999999996,67.9575,50.00625000000001,63.6225,1,2108.934,2112.121
71,3930169,Scotland,1,49.04375,67.9575,89.11875,63.4525,1,2132.546,2132.546
72,3930169,Switzerland,5,89.11875,63.45250000000001,57.881249999999994,50.8725,1,2135.739,2139.742
73,3930169,Scotland,43,57.88125,50.8725,80.28125,20.0175,1,2142.462,2203.103
74,3930169,Scotland,3,79.66874999999999,19.167499999999997,101.19375,41.0975,1,2264.968,2266.867
75,3930169,Switzerland,7,101.19375,39.2275,74.94375,15.342500000000001,1,2276.997,2285.889
76,3930169,Scotland,10,73.36875,13.7275,70.74375,35.317499999999995,1,2286.441,2298.939
77,3930169,Switzerland,10,70.74375,35.3175,85.35625,67.9575,1,2299.766,2316.37
78,3930169,Scotland,54,86.40625,67.9575,104.95625000000001,67.9575,1,2332.391,2409.972
79,3930169,Scotland,2,104.95625000000001,67.9575,104.25625,30.6425,1,2442.92,2444.654
80,3930169,Switzerland,1,104.25625,31.577500000000008,104.25625,31.577500000000008,1,2444.923,2444.923
81,3930169,Switzerland,32,104.25625,31.577500000000008,20.86874999999999,5.482500000000002,1,2447.564,2507.778
82,3930169,Switzerland,17,20.86874999999999,5.482500000000002,14.043749999999989,5.3125,1,2510.4775,2537.712
83,3930169,Scotland,4,15.356250000000003,7.6924999999999955,80.80625,11.602499999999992,1,2579.496,2585.443
84,3930169,Switzerland,8,79.05625,9.732500000000002,43.443749999999994,33.1075,1,2586.164,2594.208
85,3930169,Scotland,63,13.431249999999999,38.8875,69.86875,45.6875,1,2597.087,2693.416
86,3930169,Switzerland,13,69.86874999999999,45.6875,49.043749999999996,5.3125,1,2697.139,2712.953
87,3930169,Scotland,20,49.04375,5.3125,36.881249999999994,28.432500000000005,1,2753.262,2790.222
88,3930169,Scotland,19,36.18125,34.8075,78.18125,1.0625,1,2795.174,2832.761
89,3930169,Scotland,9,76.08125,0.04250000000000398,91.83125000000001,0.5524999999999949,1,2842.799,2855.282
91,3930169,Switzerland,14,52.543749999999996,33.9575,17.893749999999997,67.9575,2,0.518,18.378
92,3930169,Switzerland,4,17.893749999999997,67.9575,6.25624999999998,62.34750000000001,2,26.645,31.42
93,3930169,Switzerland,4,0.04374999999998863,67.9575,10.893749999999997,53.8475,2,56.423,61.193
94,3930169,Switzerland,6,0.04374999999998863,67.9575,9.318749999999994,38.8025,2,77.941,82.519
95,3930169,Scotland,4,6.2562500000000005,31.4925,47.81875,0.04250000000000398,2,104.115,112.126
96,3930169,Scotland,3,47.81875,0.04250000000000398,74.94375,3.697499999999991,2,130.76,134.426
97,3930169,Switzerland,5,78.18125,3.697500000000005,68.55625,0.04250000000000398,2,135.094,138.557
98,3930169,Scotland,11,73.01875,0.04250000000000398,77.83125,47.3875,2,159.922,174.088
99,3930169,Scotland,9,73.80625,50.6175,93.23125,67.9575,2,215.747,233.658
100,3930169,Scotland,11,93.23125,67.9575,85.79374999999999,55.0375,2,265.595,280.948
102,3930169,Scotland,4,86.23124999999999,62.4325,104.95625000000001,9.392499999999998,2,341.631,345.623
103,3930169,Switzerland,4,99.79375,26.7325,37.14375,33.1925,2,367.525,376.153
104,3930169,Scotland,21,37.143750000000004,33.192499999999995,96.81875000000001,61.1575,2,377.502,413.636
105,3930169,Scotland,14,96.81875000000001,61.1575,68.73125,8.8825,2,416.406,433.308
106,3930169,Switzerland,3,68.73124999999999,8.8825,61.99375,3.4424999999999955,2,435.496,438.76
107,3930169,Switzerland,7,62.78125,0.04250000000000398,11.768749999999997,36.932500000000005,2,450.648,459.956
108,3930169,Scotland,20,11.768749999999999,36.9325,41.34375,67.7875,2,465.284,490.728
109,3930169,Switzerland,29,41.606249999999996,67.9575,30.756249999999994,61.752500000000005,2,500.364,544.093
110,3930169,Scotland,7,30.756250000000005,61.7525,57.18125,20.697499999999998,2,546.236,557.921
111,3930169,Switzerland,15,57.18125,20.697499999999998,0.04374999999998863,0.04250000000000398,2,560.106,582.996
112,3930169,Switzerland,30,0.04374999999998863,0.04250000000000398,2.231250000000003,31.832499999999996,2,607.476,645.956
113,3930169,Scotland,1,1.35625,31.5775,1.35625,31.5775,2,646.803,646.803
114,3930169,Scotland,2,26.99375,9.987499999999997,67.59375,0.04250000000000398,2,684.134,687.471
115,3930169,Scotland,15,67.59375,0.04250000000000398,24.893749999999997,51.46750000000001,2,700.696,716.744
116,3930169,Scotland,5,24.89375,52.0625,74.06875,66.0025,2,747.697,754.125
117,3930169,Scotland,7,75.73124999999999,67.9575,70.04375,8.542499999999997,2,761.108,769.449
118,3930169,Switzerland,8,70.04374999999999,8.542499999999997,10.63125,32.427499999999995,2,771.374,779.468
119,3930169,Scotland,4,6.08125,28.942499999999995,60.24375000000001,2.3375000000000057,2,949.998,956.378
120,3930169,Scotland,5,61.556250000000006,0.04250000000000398,45.71875,1.9124999999999943,2,964.412,971.584
121,3930169,Switzerland,19,33.64375,0.04250000000000398,41.60625,62.4325,2,1000.874,1034.045
122,3930169,Switzerland,5,37.66875,67.9575,23.756249999999994,55.8025,2,1045.464,1052.157
123,3930169,Scotland,10,23.756249999999998,55.8025,20.431249999999995,8.967500000000001,2,1054.097,1061.911
124,3930169,Scotland,8,20.431249999999995,8.967500000000001,50.88125,0.04250000000000398,2,1065.034,1076.668
125,3930169,Switzerland,9,50.88125,0.04250000000000398,0.04374999999998863,39.4825,2,1085.025,1107.681
126,3930169,Scotland,3,6.08125,29.622499999999995,57.88125,29.622499999999995,2,1143.3,1148.932
127,3930169,Switzerland,13,57.881249999999994,29.622500000000002,64.61874999999999,59.712500000000006,2,1149.801,1164.743
128,3930169,Scotland,3,64.61875,59.7125,86.58125,31.067499999999995,2,1165.697,1171.982
129,3930169,Scotland,5,85.79374999999999,0.04250000000000398,85.18125,2.9325000000000045,2,1182.782,1187.208
130,3930169,Scotland,3,79.40625,0.04250000000000398,91.56875,12.112499999999997,2,1200.956,1203.009
131,3930169,Scotland,5,91.91874999999999,11.7725,66.89375,67.9575,2,1273.885,1283.465
132,3930169,Switzerland,1,66.89375,67.9575,46.85624999999999,63.1125,2,1309.931,1309.931
133,3930169,Scotland,4,46.85625,63.1125,65.84375,36.5925,2,1312.254,1315.952
134,3930169,Switzerland,15,65.84375,36.59250000000001,43.79375,42.8825,2,1318.355,1339.015
135,3930169,Switzerland,13,39.15625,47.3875,13.34375,6.842500000000001,2,1379.461,1396.487
136,3930169,Switzerland,11,23.318749999999994,0.04250000000000398,6.518750000000011,7.862499999999997,2,1420.267,1428.196
137,3930169,Scotland,7,6.518750000000001,7.862499999999997,44.143750000000004,0.04250000000000398,2,1430.104,1436.847
138,3930169,Switzerland,3,48.69374999999999,0.04250000000000398,49.30624999999999,47.557500000000005,2,1446.958,1449.052
139,3930169,Scotland,9,49.30625,47.5575,92.88125000000001,16.447499999999998,2,1452.639,1465.977
140,3930169,Scotland,3,104.95625000000001,0.04250000000000398,90.08125,0.04250000000000398,2,1503.219,1508.608
141,3930169,Switzerland,8,90.08125,0.04250000000000398,81.33125000000001,55.8875,2,1531.946,1542.078
142,3930169,Switzerland,1,73.01875,57.3325,16.05624999999999,67.5325,2,1590.586,1590.586
143,3930169,Scotland,3,21.48125,67.9575,23.581249999999997,67.7025,2,1617.053,1618.745
144,3930169,Scotland,7,24.36875,67.9575,47.11875,67.87250000000002,2,1626.675,1634.183
145,3930169,Switzerland,1,69.95625,62.8575,69.95625,62.8575,2,1661.135,1661.135
146,3930169,Scotland,2,73.80625,63.3675,104.95625000000001,30.1325,2,1695.123,1696.841
147,3930169,Switzerland,11,100.05625,27.667500000000004,61.64375,54.1025,2,1774.22,1788.173
148,3930169,Scotland,5,61.643750000000004,54.102500000000006,92.09375,57.1625,2,1789.047,1793.392
149,3930169,Scotland,9,104.95625000000001,67.9575,93.31875,63.197500000000005,2,1821.904,1836.185
150,3930169,Scotland,3,91.91874999999999,67.9575,102.85625,60.5625,2,1853.996,1857.804
151,3930169,Switzerland,3,99.35625,62.34750000000001,80.98125,61.8375,2,1859.219,1860.759
152,3930169,Switzerland,30,79.66875,57.4175,0.04374999999998863,34.46750000000001,2,1881.116,1942.522
153,3930169,Scotland,3,6.08125,28.0925,56.831250000000004,3.612499999999997,2,1992.521,1997.693
154,3930169,Switzerland,24,56.83125,3.612499999999997,0.04374999999998863,48.15250000000001,2,2036.853,2086.031
155,3930169,Scotland,2,5.8187500000000005,27.922499999999992,67.15625,17.9775,2,2119.802,2123.555
156,3930169,Switzerland,6,67.15625,17.9775,48.69374999999999,1.7425000000000068,2,2124.222,2129.889
157,3930169,Scotland,45,36.09375,7.267499999999998,29.706249999999997,37.8675,2,2132.327,2204.795
158,3930169,Scotland,4,35.04375,34.7225,49.91875,23.417499999999997,2,2266.97,2275.045
159,3930169,Switzerland,6,46.24374999999999,21.122500000000002,0.39374999999999716,19.762500000000003,2,2291.653,2305.156
160,3930169,Scotland,4,6.08125,26.817499999999995,58.931250000000006,12.452499999999993,2,2337.573,2342.971
161,3930169,Switzerland,8,63.56875,12.707499999999996,67.59375,4.377499999999991,2,2343.796,2349.058
162,3930169,Switzerland,7,67.59375,4.377499999999998,54.293749999999996,63.45250000000001,2,2362.63,2376.568
163,3930169,Scotland,18,31.456250000000004,63.1975,55.51875,36.0825,2,2379.211,2401.884
164,3930169,Scotland,11,59.456250000000004,40.5025,103.64375,31.917499999999997,2,2457.218,2473.95
165,3930169,Switzerland,1,103.64375,33.0225,103.64375,33.0225,2,2474.936,2474.936
166,3930169,Switzerland,14,103.64375,33.0225,24.456249999999997,34.7225,2,2479.3365000000003,2501.401
167,3930169,Scotland,8,18.856250000000003,42.457499999999996,51.49375,62.0075,2,2502.542,2513.952
168,3930169,Switzerland,22,49.918749999999996,60.4775,26.381249999999994,12.707499999999996,2,2514.867,2560.206
169,3930169,Scotland,5,26.381249999999998,12.707500000000003,62.34375,10.157499999999999,2,2565.662,2573.28
170,3930169,Switzerland,7,62.34375,10.157499999999999,24.45625,58.2675,2,2575.629,2597.536
171,3930169,Switzerland,2,24.456249999999997,58.2675,0.04374999999998863,29.877500000000005,2,2650.428,2652.078
172,3930169,Scotland,21,6.08125,28.262500000000003,104.95625000000001,37.357499999999995,2,2716.005,2754.494
173,3930169,Switzerland,7,99.79375,27.752500000000005,54.55624999999999,24.777500000000003,2,2784.552,2799.475
174,3930169,Scotland,6,54.556250000000006,24.777500000000003,49.56875,0.04250000000000398,2,2800.089,2806.003
175,3930169,Switzerland,24,56.83125,0.04250000000000398,11.681249999999991,41.182500000000005,2,2816.102,2861.579
176,3930169,Scotland,12,11.68125,41.1825,75.99374999999999,59.1175,2,2864.085,2889.861
177,3930169,Scotland,27,80.71875,67.9575,95.94375,56.567499999999995,2,2906.173,2940.516
2,3930166,Portugal,4,53.331250000000004,33.957499999999996,64.09375,28.262500000000003,1,0.9,5.865
3,3930166,Czech Republic,28,64.09375,28.262500000000003,0.04374999999998863,59.20250000000001,1,7.4365,42.273
4,3930166,Portugal,38,5.03125,36.082499999999996,104.95625000000001,19.84749999999999,1,61.141,135.261
5,3930166,Czech Republic,3,100.05625,32.34250000000001,46.85624999999999,28.0925,1,160.747,164.745
6,3930166,Portugal,14,47.73125000000001,32.5125,104.95625000000001,10.922499999999992,1,165.963,188.195
7,3930166,Czech Republic,11,99.79375,27.4125,13.956249999999997,23.0775,1,204.057,220.214
8,3930166,Portugal,24,15.706249999999999,24.692499999999995,90.69375,0.8924999999999983,1,241.496,283.261
9,3930166,Portugal,12,89.81875000000001,0.04250000000000398,104.95625000000001,67.9575,1,298.576,320.642
10,3930166,Portugal,24,104.95625000000001,67.9575,44.49375,63.6225,1,355.492,391.612
11,3930166,Czech Republic,29,44.49375,63.62250000000001,64.44375,49.9375,1,392.017,440.765
12,3930166,Portugal,7,64.44375000000001,49.9375,104.95625000000001,39.6525,1,442.175,450.928
13,3930166,Czech Republic,5,99.79375,30.302500000000002,28.56875000000001,12.962500000000006,1,491.823,498.69
14,3930166,Portugal,59,28.56875000000001,12.962500000000006,77.30625,52.5725,1,500.442,589.24
15,3930166,Czech Republic,9,77.30625,52.572500000000005,5.46875,62.34750000000001,1,590.244,600.366
16,3930166,Portugal,6,4.06875,31.662499999999994,87.71875,50.7875,1,616.157,631.129
17,3930166,Czech Republic,9,91.39375,67.9575,76.08125,46.197500000000005,1,652.363,659.762
18,3930166,Portugal,19,76.08125,46.197500000000005,102.41874999999999,28.6875,1,661.135,692.697
19,3930166,Czech Republic,10,98.04375,27.072499999999998,37.49374999999999,54.6125,1,703.598,721.442
20,3930166,Portugal,15,37.493750000000006,54.6125,88.59375,19.167499999999997,1,724.041,746.415
21,3930166,Czech Republic,5,81.85625,27.497500000000002,57.79375,11.517499999999998,1,747.69,751.332
22,3930166,Portugal,7,57.79375,11.517499999999998,94.89375000000001,18.317499999999995,1,755.571,762.723
23,3930166,Czech Republic,8,94.89375,18.317500000000003,61.11874999999999,0.04250000000000398,1,765.311,774.287
24,3930166,Portugal,3,70.74375,0.04250000000000398,67.33125,4.887500000000003,1,795.561,796.784
25,3930166,Portugal,20,67.59375,4.887500000000003,72.84375,26.902500000000003,1,810.603,834.813
28,3930166,Portugal,6,67.33125,38.122499999999995,104.95625000000001,18.997499999999995,1,851.672,858.934
29,3930166,Czech Republic,6,99.79375,31.322500000000005,52.45624999999999,53.7625,1,874.023,884.039
30,3930166,Portugal,51,50.35625,60.9025,104.95625000000001,28.942499999999995,1,885.27,969.821
31,3930166,Czech Republic,3,99.79375,32.5975,57.881249999999994,12.707499999999996,1,1006.609,1011.869
32,3930166,Portugal,7,57.88125,12.707500000000003,81.50625,4.122500000000002,1,1013.252,1028.197
33,3930166,Czech Republic,1,77.65625,0.04250000000000398,61.46875,5.822499999999998,1,1045.544,1045.544
34,3930166,Portugal,42,61.46875,5.822499999999998,104.95625000000001,67.9575,1,1046.684,1122.632
35,3930166,Portugal,3,104.95625000000001,67.9575,65.84375,0.04250000000000398,1,1161.042,1167.022
36,3930166,Portugal,68,65.84375,0.04250000000000398,89.55625,25.2025,1,1178.098,1279.03
37,3930166,Portugal,2,104.95625000000001,0.04250000000000398,103.29375,6.672499999999992,1,1293.089,1295.709
38,3930166,Portugal,13,104.95625000000001,0.04250000000000398,76.08125,21.547499999999992,1,1319.946,1346.331
39,3930166,Czech Republic,8,76.08125,21.5475,82.55625,15.342500000000001,1,1346.704,1352.709
40,3930166,Portugal,28,81.50625,10.497499999999995,83.08125,49.1725,1,1353.676,1397.46
41,3930166,Portugal,4,104.95625000000001,67.9575,94.45625000000001,49.0875,1,1433.179,1436.509
42,3930166,Czech Republic,4,97.16875,47.557500000000005,63.393750000000004,59.7975,1,1437.975,1442.929
43,3930166,Czech Republic,4,54.11875,67.9575,40.381249999999994,39.9075,1,1463.045,1464.889
44,3930166,Portugal,16,40.38125000000001,39.9075,42.21875,26.6475,1,1468.181,1488.629
45,3930166,Czech Republic,12,42.21875,26.647499999999994,104.95625000000001,45.8575,1,1490.659,1513.985
46,3930166,Czech Republic,36,99.79375,25.457499999999996,26.11874999999999,15.9375,1,1548.274,1613.919
47,3930166,Portugal,27,26.11875,15.9375,104.16875,27.1575,1,1614.965,1655.607
48,3930166,Portugal,3,104.95625000000001,0.04250000000000398,76.78125,0.04250000000000398,1,1690.339,1694.569
49,3930166,Portugal,21,76.78125,0.04250000000000398,104.95625000000001,1.6574999999999989,1,1706.343,1744.445
50,3930166,Czech Republic,8,102.94375,28.602500000000006,31.89375,59.7975,1,1767.675,1783.34
51,3930166,Portugal,61,31.89375,59.7975,103.11875,33.7875,1,1784.84,1879.375
52,3930166,Czech Republic,1,98.74375,26.902500000000003,64.79374999999999,17.807499999999997,1,1896.158,1896.158
53,3930166,Portugal,16,64.79375,17.807499999999997,59.893750000000004,0.04250000000000398,1,1898.383,1928.416
54,3930166,Czech Republic,5,59.89375,0.04250000000000398,51.23125,45.0075,1,1934.926,1944.727
55,3930166,Portugal,9,51.23125,45.0075,93.75625000000001,37.6975,1,1947.768,1956.847
56,3930166,Portugal,47,104.95625000000001,67.9575,104.95625000000001,16.277500000000003,1,1987.971,2071.783
57,3930166,Czech Republic,1,102.85625,34.212500000000006,44.93124999999999,44.072500000000005,1,2095.464,2095.464
58,3930166,Portugal,50,44.93125,44.072500000000005,67.24375,67.9575,1,2100.666,2167.662
59,3930166,Portugal,12,67.24375,67.9575,59.36875000000001,29.112499999999997,1,2230.34,2255.088
60,3930166,Czech Republic,22,59.36875,29.112499999999997,10.018749999999999,23.587500000000006,1,2255.739,2275.154
61,3930166,Portugal,6,10.018749999999999,23.587500000000006,88.24375,50.957499999999996,1,2276.071,2288.111
62,3930166,Czech Republic,20,86.40625,50.9575,18.506249999999994,55.377500000000005,1,2341.83,2375.416
63,3930166,Portugal,63,18.506249999999998,55.3775,88.33125000000001,34.8925,1,2375.56,2489.437
64,3930166,Czech Republic,16,88.33125,34.892500000000005,49.65625,37.5275,1,2490.035,2523.001
65,3930166,Portugal,40,49.65625,37.5275,104.95625000000001,45.2625,1,2525.004,2594.22
66,3930166,Czech Republic,8,99.79375,38.377500000000005,22.881249999999994,1.7425000000000068,1,2625.661,2643.485
67,3930166,Portugal,4,20.431249999999995,3.782499999999999,16.581249999999997,19.4225,1,2644.163,2647.686
68,3930166,Portugal,10,16.581249999999997,19.422499999999992,95.24375,38.8025,1,2650.494,2665.999
69,3930166,Portugal,18,104.95625000000001,67.9575,91.30625,19.5925,1,2689.774,2718.064
70,3930166,Czech Republic,7,82.99375,15.002499999999998,46.59375,6.672499999999999,1,2720.483,2727.993
71,3930166,Portugal,7,46.59375,6.672499999999992,88.33125000000001,31.067499999999995,1,2730.66,2748.082
72,3930166,Czech Republic,2,88.33125,31.067500000000003,77.04375,6.672499999999999,1,2749.507,2751.987
73,3930166,Czech Republic,22,51.668749999999996,34.042500000000004,24.71875,41.4375,2,0.626,28.818
74,3930166,Portugal,4,24.71875,41.4375,43.79375,56.057500000000005,2,29.757,33.064
75,3930166,Portugal,7,42.04375,55.5475,104.95625000000001,36.42249999999999,2,46.541,57.747
76,3930166,Czech Republic,2,98.91875,39.5675,29.26875000000001,49.002500000000005,2,84.548,88.51
77,3930166,Portugal,2,29.26875,49.0025,21.48125,33.872499999999995,2,89.738,92.575
79,3930166,Portugal,22,30.84375,47.8125,101.10625,20.9525,2,116.936,153.999
80,3930166,Portugal,4,104.95625000000001,0.04250000000000398,104.95625000000001,38.0375,2,172.398,178.945
81,3930166,Czech Republic,2,98.91875,39.5675,35.65625,43.0525,2,207.219,210.92
82,3930166,Portugal,9,35.65625,43.0525,40.29374999999999,67.9575,2,212.723,225.204
83,3930166,Portugal,15,37.31875000000001,67.9575,56.65625,17.127499999999998,2,231.738,260.252
84,3930166,Czech Republic,5,56.65625,17.127499999999998,0.04374999999998863,51.46750000000001,2,261.215,270.731
85,3930166,Portugal,1,5.20625,33.7025,68.99375,41.0975,2,306.081,306.081
86,3930166,Czech Republic,9,68.99375,41.0975,47.20625,11.092500000000001,2,310.132,326.173
87,3930166,Portugal,20,47.20625,11.092500000000001,52.543749999999996,17.127499999999998,2,329.122,361.396
88,3930166,Portugal,2,54.46875000000001,16.277500000000003,104.95625000000001,41.2675,2,373.946,381.795
89,3930166,Czech Republic,2,98.91875,31.322500000000005,64.18125,37.7825,2,411.366,414.969
90,3930166,Czech Republic,4,68.81875,28.007500000000007,47.73125,28.8575,2,437.528,446.033
91,3930166,Portugal,14,47.73125000000001,28.857499999999995,74.50625,58.6925,2,447.396,465.127
92,3930166,Portugal,51,74.50625,58.6925,98.65625,33.7025,2,467.5005,563.164
93,3930166,Portugal,49,104.95625000000001,0.04250000000000398,79.58125,34.3825,2,595.447,699.529
94,3930166,Portugal,2,80.71875,35.7425,103.64375,32.767500000000005,2,761.997,762.954
95,3930166,Czech Republic,2,96.46875,28.8575,66.19375,36.167500000000004,2,773.537,776.928
96,3930166,Portugal,20,66.19375000000001,36.167500000000004,94.71875,24.4375,2,779.765,812.763
97,3930166,Portugal,15,104.95625000000001,0.04250000000000398,96.99375,0.29749999999999943,2,824.344,853.115
98,3930166,Czech Republic,1,93.14375,0.04250000000000398,58.93125,4.887500000000003,2,923.288,923.288
99,3930166,Portugal,8,58.931250000000006,4.887500000000003,104.78125,20.1025,2,925.037,933.914
100,3930166,Czech Republic,16,98.91875,31.6625,0.04374999999998863,31.4075,2,962.745,991.137
101,3930166,Portugal,24,52.456250000000004,34.0425,36.79374999999999,63.197500000000005,2,1076.818,1115.399
102,3930166,Portugal,45,33.90625,65.2375,104.78125,16.872499999999995,2,1122.389,1185.659
103,3930166,Czech Republic,4,98.91875,35.9975,53.41875,53.6775,2,1217.283,1222.734
104,3930166,Czech Republic,9,44.58125,66.9375,26.46875,64.1325,2,1264.818,1276.672
105,3930166,Czech Republic,3,26.46875,64.1325,14.918750000000003,67.9575,2,1279.8295,1284.886
106,3930166,Czech Republic,5,14.918750000000003,67.9575,3.9812499999999886,61.5825,2,1301.599,1306.307
107,3930166,Portugal,3,6.2562500000000005,54.3575,42.13125000000001,67.9575,2,1308.16,1311.671
108,3930166,Portugal,24,42.13125000000001,67.9575,80.89375,64.9825,2,1316.815,1361.864
109,3930166,Portugal,40,80.01875,67.9575,101.63125,34.7225,2,1366.393,1432.209
110,3930166,Czech Republic,7,51.668749999999996,34.042500000000004,57.53125,62.34750000000001,2,1478.987,1485.662
111,3930166,Portugal,16,49.74375,67.9575,83.51875,59.37250000000001,2,1497.01,1540.172
112,3930166,Portugal,46,80.01875,67.9575,103.64375,37.52750000000001,2,1545.329,1614.095
113,3930166,Portugal,13,87.45625,67.9575,84.39375000000001,31.237499999999997,2,1622.225,1639.161
114,3930166,Czech Republic,6,85.18125,31.832499999999996,69.86875,50.6175,2,1639.982,1643.993
115,3930166,Czech Republic,7,67.06875,56.3125,47.55625,67.9575,2,1683.562,1697.021
116,3930166,Czech Republic,11,47.55625,67.9575,4.243750000000006,24.2675,2,1718.307,1732.466
117,3930166,Portugal,8,4.24375,24.2675,102.85625,34.38249999999999,2,1735.555,1748.383
118,3930166,Czech Republic,6,102.85625,34.3825,57.53125000000001,32.17249999999999,2,1748.943,1765.627
119,3930166,Czech Republic,7,56.131249999999994,35.1475,17.193749999999994,55.54750000000001,2,1773.466,1780.141
120,3930166,Portugal,6,17.193749999999998,55.5475,67.59375,48.7475,2,1782.971,1790.642
121,3930166,Czech Republic,5,74.94375,50.6175,15.26875,67.9575,2,1823.891,1833.449
122,3930166,Czech Republic,3,12.81874999999998,67.9575,14.918750000000003,63.877500000000005,2,1857.948,1864.057
123,3930166,Portugal,2,15.53125,63.1975,14.39375,63.8775,2,1865.581,1867.142
124,3930166,Portugal,6,17.28125,67.9575,11.768749999999999,62.0925,2,1886.897,1890.491
125,3930166,Portugal,31,19.55625,67.9575,102.33125,35.1475,2,1903.608,1954.317
126,3930166,Portugal,1,104.95625000000001,67.9575,94.36875,0.6375000000000028,2,1990.255,1990.255
127,3930166,Czech Republic,5,88.33125,0.04250000000000398,67.94375,18.7425,2,2053.553,2059.344
128,3930166,Portugal,19,67.94375,18.7425,104.95625000000001,67.9575,2,2060.448,2091.078
129,3930166,Portugal,6,104.95625000000001,67.9575,79.66874999999999,63.1125,2,2102.386,2110.732
130,3930166,Czech Republic,3,77.91875,61.5825,21.30625,58.5225,2,2142.577,2147.051
131,3930166,Czech Republic,9,23.05624999999999,67.9575,0.04374999999998863,38.71750000000001,2,2151.512,2158.691
132,3930166,Portugal,26,5.20625,35.5725,81.06875,20.78249999999999,2,2172.141,2208.473
133,3930166,Czech Republic,12,86.93125,21.5475,58.40625,67.9575,2,2209.388,2226.221
134,3930166,Portugal,16,73.98125,67.9575,30.40625,0.9775000000000063,2,2232.851,2247.155
135,3930166,Portugal,17,31.106250000000003,0.04250000000000398,96.73125,0.29749999999999943,2,2256.568,2287.38
136,3930166,Czech Republic,7,98.91875,29.112499999999997,18.68125,62.2625,2,2317.464,2324.659
137,3930166,Portugal,14,18.68125,62.2625,93.31875000000001,47.6425,2,2332.565,2352.771
138,3930166,Czech Republic,6,93.31875,47.642500000000005,85.35624999999999,64.9825,2,2352.771,2358.408
139,3930166,Czech Republic,7,85.53125,62.2625,4.856250000000003,58.692499999999995,2,2393.744,2403.173
140,3930166,Portugal,8,4.85625,58.6925,21.48125,48.4925,2,2403.173,2408.201
141,3930166,Czech Republic,10,21.481250000000003,48.4925,24.71875,58.692499999999995,2,2408.877,2424.422
142,3930166,Portugal,3,28.74375,49.0025,43.79375,51.127500000000005,2,2426.157,2427.614
143,3930166,Portugal,17,43.44375000000001,50.6175,98.13125000000001,38.0375,2,2441.197,2474.364
144,3930166,Czech Republic,2,95.59375,40.2475,36.53125,50.1075,2,2561.45,2565.18
145,3930166,Portugal,3,36.53125,50.1075,34.43124999999999,46.1125,2,2566.636,2568.978
146,3930166,Portugal,13,36.79375,39.7375,91.74375,58.6925,2,2573.715,2592.729
147,3930166,Czech Republic,5,91.74375,58.692499999999995,89.73125,56.567499999999995,2,2595.955,2603.506
148,3930166,Czech Republic,2,98.91875,40.417500000000004,44.58125,67.9575,2,2671.316,2674.995
149,3930166,Czech Republic,21,44.58125,67.9575,0.04374999999998863,13.7275,2,2689.476,2726.037
150,3930166,Portugal,9,5.20625,38.292500000000004,104.95625000000001,35.9125,2,2756.405,2771.418
151,3930166,Czech Republic,19,51.668749999999996,34.042500000000004,9.318749999999994,38.037499999999994,2,2869.574,2896.69
152,3930166,Portugal,2,9.318749999999998,37.357499999999995,57.18125,67.9575,2,2944.074,2948.134
153,3930166,Portugal,3,55.86875,67.9575,79.58125,47.9825,2,2970.614,2975.459
154,3930166,Czech Republic,5,79.58125,47.9825,12.818749999999998,35.9125,2,2976.872,2988.286
2,3930163,England,3,51.668749999999996,34.042500000000004,13.693749999999994,21.972499999999997,1,0.458,7.392
3,3930163,Serbia,6,13.693749999999998,21.97249999999999,77.30625,36.082499999999996,1,11.017,22.264
4,3930163,England,93,77.30625,36.0825,31.456250000000004,63.4525,1,23.182,153.039
5,3930163,England,71,31.456249999999997,63.45250000000001,62.693749999999994,26.052499999999995,1,188.017,281.065
6,3930163,England,5,62.693749999999994,26.052499999999995,11.768749999999997,22.822499999999998,1,285.396,293.786
7,3930163,Serbia,25,14.218749999999998,21.887500000000003,59.98124999999999,32.2575,1,340.535,387.595
8,3930163,England,41,59.981249999999996,32.2575,24.543750000000003,64.4725,1,390.954,448.28
9,3930163,Serbia,2,30.931250000000002,67.9575,54.55624999999999,62.6025,1,471.038,472.836
10,3930163,England,18,54.55624999999999,62.6025,36.88125000000001,32.7675,1,473.6275,503.467
11,3930163,England,8,36.35624999999999,35.82750000000001,27.25625,64.0475,1,508.395,521.938
12,3930163,Serbia,1,39.94375000000001,67.9575,58.14375000000001,53.9325,1,549.871,549.871
13,3930163,England,7,61.81875,54.7825,37.23125,41.0975,1,553.557,562.136
14,3930163,England,3,36.006249999999994,41.947500000000005,14.21875,23.8425,1,595.339,599.684
15,3930163,Serbia,6,14.48125,23.417499999999997,61.20625,64.0475,1,621.284,633.18
16,3930163,England,35,67.24375,67.9575,29.09375,8.712499999999999,1,638.022,690.067
17,3930163,England,31,29.09375,8.712499999999999,0.04374999999998863,32.002500000000005,1,693.2049999999999,731.573
18,3930163,Serbia,8,52.456250000000004,34.0425,55.431250000000006,32.2575,1,804.635,815.819
19,3930163,England,27,55.43125,32.2575,56.39375,52.572500000000005,1,819.017,862.018
20,3930163,Serbia,7,56.393750000000004,53.4225,65.49375,32.5125,1,863.449,875.753
21,3930163,England,96,65.49375,32.5125,38.19375000000001,4.377499999999991,1,879.402,1014.028
22,3930163,England,11,38.80624999999999,4.887500000000003,25.418750000000003,64.47250000000001,1,1021.227,1031.772
23,3930163,Serbia,4,25.418750000000003,64.4725,44.23125,55.2075,1,1033.115,1037.344
24,3930163,Serbia,27,36.00625,53.4225,53.331250000000004,18.572499999999998,1,1038.392,1074.794
25,3930163,England,10,53.33125,18.572499999999998,0.04374999999998863,25.542500000000004,1,1075.563,1084.48
26,3930163,Serbia,18,4.24375,33.107499999999995,61.20625,62.77250000000001,1,1110.533,1136.583
27,3930163,England,10,61.20625,62.77250000000001,80.01875,67.9575,1,1138.016,1147.945
28,3930163,Serbia,9,72.14375000000001,67.9575,79.66874999999999,20.78249999999999,1,1159.652,1172.402
29,3930163,England,5,75.11875,15.002499999999998,80.89375,27.242500000000007,1,1174.133,1177.946
30,3930163,Serbia,3,86.40625,24.2675,104.95625000000001,29.707499999999996,1,1178.937,1180.945
31,3930163,England,3,98.91875,37.8675,28.043750000000006,48.322500000000005,1,1217.291,1224.217
32,3930163,England,3,28.481250000000003,48.4925,8.793750000000003,27.4125,1,1268.517,1270.093
33,3930163,Serbia,43,3.8937500000000003,32.2575,70.30625,64.9825,1,1286.302,1371.995
34,3930163,England,2,70.30625,64.9825,70.74375,65.4075,1,1380.667,1381.624
35,3930163,England,15,69.86874999999999,67.9575,54.381249999999994,26.307499999999997,1,1408.305,1440.967
36,3930163,Serbia,4,56.043749999999996,28.0075,64.53125,34.29749999999999,1,1441.775,1449.055
37,3930163,England,5,64.53125,34.2975,0.04374999999998863,25.7975,1,1449.814,1457.754
38,3930163,Serbia,13,4.24375,29.707499999999996,55.606249999999996,4.122500000000002,1,1488.103,1516.935
39,3930163,Serbia,17,54.38125,0.04250000000000398,85.35624999999999,54.6125,1,1530.219,1553.576
40,3930163,England,7,85.35625,54.6125,48.34375,31.577500000000008,1,1556.884,1583.534
41,3930163,Serbia,28,47.29375,18.402500000000003,47.99375,15.002499999999998,1,1595.295,1639.667
42,3930163,England,44,47.99374999999999,15.002499999999998,24.80625,40.75749999999999,1,1640.519,1692.636
43,3930163,England,45,24.36874999999999,39.3125,3.71875,55.6325,1,1789.941,1870.009
44,3930163,Serbia,52,2.84375,55.8025,87.89375,35.4875,1,1887.096,1970.083
45,3930163,England,5,87.89375,35.4875,54.381249999999994,36.6775,1,1971.822,1975.633
46,3930163,Serbia,34,54.38125,36.677499999999995,68.20625000000001,67.9575,1,1977.664,2033.518
47,3930163,Serbia,25,68.20625000000001,67.9575,76.08125,44.1575,1,2047.187,2097.556
48,3930163,England,15,76.08125,44.1575,61.99375,0.7224999999999966,1,2098.2,2113.113
49,3930163,Serbia,26,61.643750000000004,0.04250000000000398,79.84375,21.207499999999996,1,2122.163,2165.183
50,3930163,England,12,79.84375,21.207499999999996,12.381249999999994,5.482500000000002,1,2166.759,2185.641
51,3930163,Serbia,48,20.69375,8.797499999999992,98.39375000000001,23.8425,1,2193.923,2268.534
52,3930163,England,8,98.39375,23.8425,63.30625000000001,38.8875,1,2269.503,2284.766
53,3930163,England,42,58.14375,37.52750000000001,37.23125,28.262500000000003,1,2345.64,2394.427
54,3930163,Serbia,7,37.23125,28.262500000000003,10.28125,48.322500000000005,1,2394.427,2402.47
55,3930163,England,9,14.831249999999997,67.9575,91.83125,67.9575,1,2526.939,2550.793
56,3930163,Serbia,25,88.06875,67.9575,62.69375000000001,39.3125,1,2602.872,2644.191
57,3930163,England,11,82.73125,48.322500000000005,57.09375,54.52750000000001,1,2646.37,2661.309
58,3930163,Serbia,46,57.09374999999999,54.5275,104.60625,48.322500000000005,1,2663.354,2714.47
59,3930163,England,3,98.91875,38.037499999999994,41.86874999999999,36.252500000000005,1,2747.556,2751.57
60,3930163,Serbia,5,32.41875,40.67249999999999,55.51875,50.5325,1,2752.581,2760.369
61,3930163,Serbia,25,55.25625,48.322500000000005,104.95625000000001,67.9575,1,2762.579,2797.484
62,3930163,Serbia,6,104.95625000000001,67.9575,89.99375,63.6225,1,2827.949,2835.465
63,3930163,Serbia,59,53.331250000000004,33.957499999999996,77.30625,12.962500000000006,2,0.824,95.026
64,3930163,England,13,77.30625,12.962499999999999,36.881249999999994,32.0875,2,95.534,111.634
67,3930163,England,7,40.118750000000006,33.1925,29.443749999999994,25.8825,2,131.412,138.723
68,3930163,Serbia,19,29.443750000000005,25.8825,89.46875,36.2525,2,139.26,167.326
69,3930163,England,17,89.46875,36.252500000000005,37.23125,47.8975,2,168.778,203.488
70,3930163,Serbia,16,25.943749999999998,27.752499999999998,68.29375,41.4375,2,205.548,226.851
71,3930163,England,17,87.19375,34.127500000000005,42.74374999999999,5.142499999999998,2,233.81,265.848
72,3930163,Serbia,5,42.74375,5.142499999999998,57.09374999999999,21.377499999999998,2,271.245,277.59
73,3930163,England,37,57.09375,21.377499999999998,69.60624999999999,56.3125,2,281.117,328.579
74,3930163,Serbia,19,69.60624999999999,56.3125,80.98125,4.207500000000003,2,328.579,351.149
75,3930163,Serbia,9,80.98125,4.207500000000003,84.74375,13.217500000000001,2,353.8725,367.585
76,3930163,England,9,84.74375,13.217500000000001,31.36874999999999,24.182499999999997,2,368.367,379.434
77,3930163,Serbia,19,31.368750000000002,24.182499999999997,102.06875000000001,39.567499999999995,2,384.427,432.05
78,3930163,England,30,102.06875,39.5675,46.68125,50.447500000000005,2,434.03,494.077
79,3930163,Serbia,25,33.55625,67.9575,104.95625000000001,19.252499999999998,2,502.889,546.248
80,3930163,England,7,99.79375,38.462500000000006,61.90625,48.5775,2,576.034,587.192
81,3930163,England,43,61.55624999999999,48.15250000000001,7.831249999999997,37.017500000000005,2,603.838,666.33
82,3930163,Serbia,8,7.831249999999999,37.0175,38.456250000000004,24.607499999999995,2,666.33,677.968
83,3930163,England,67,38.45625000000001,24.6075,3.8062500000000057,30.387500000000003,2,680.414,761.551
84,3930163,Serbia,18,12.38125,29.197499999999998,97.95625000000001,44.3275,2,769.592,806.711
87,3930163,England,12,93.84375,46.877500000000005,63.56875000000001,51.3825,2,954.932,979.237
88,3930163,England,12,61.20625,47.3875,60.33125,55.377500000000005,2,998.038,1019.577
89,3930163,Serbia,2,60.33125,55.3775,59.981249999999996,64.47250000000001,2,1019.577,1020.354
90,3930163,Serbia,58,57.79375,63.9625,67.33125,0.04250000000000398,2,1027.415,1120.451
91,3930163,Serbia,31,67.33125,0.04250000000000398,91.83125000000001,29.877499999999998,2,1127.777,1183.771
92,3930163,England,4,101.54375,31.577500000000008,39.15625,21.547499999999992,2,1184.597,1215.103
93,3930163,England,8,36.79374999999999,21.887500000000003,11.24375,48.1525,2,1250.191,1256.968
94,3930163,England,12,0.04374999999998863,67.9575,1.96875,31.577500000000008,2,1310.002,1335.746
95,3930163,Serbia,15,1.96875,31.5775,83.08125,19.422499999999992,2,1337.129,1382.267
96,3930163,England,4,83.08125,19.4225,86.93125,0.04250000000000398,2,1384.228,1386.516
97,3930163,Serbia,14,91.39375000000001,0.04250000000000398,88.50625000000001,56.4825,2,1451.43,1470.192
98,3930163,Serbia,12,92.61875,67.9575,104.95625000000001,54.5275,2,1480.289,1495.908
99,3930163,England,11,99.79375,36.6775,32.85625,8.457500000000003,2,1520.302,1530.985
100,3930163,England,5,32.59375,11.432499999999997,2.84375,26.052499999999995,2,1569.097,1578.324
101,3930163,Serbia,7,1.09375,30.557499999999997,52.456250000000004,10.157499999999999,2,1579.49,1600.592
102,3930163,England,8,52.45624999999999,10.157499999999999,71.88125000000001,67.8725,2,1602.058,1616.551
103,3930163,England,42,64.70625,67.9575,40.20625,28.262500000000003,2,1639.949,1700.475
104,3930163,Serbia,6,38.89375,30.982499999999995,77.21875,1.4874999999999972,2,1738.713,1750.527
105,3930163,England,7,77.21875,1.4874999999999972,44.056250000000006,2.4224999999999994,2,1751.582,1762.468
106,3930163,England,9,40.99374999999999,2.2524999999999977,36.44375,58.4375,2,1834.044,1855.331
107,3930163,England,8,35.83125000000001,59.79750000000001,0.21875,43.4775,2,1873.982,1891.133
108,3930163,Serbia,37,5.11875,36.8475,90.86875,19.252499999999998,2,1909.599,1971.133
109,3930163,England,6,90.86875,19.252499999999998,32.68124999999999,32.34250000000001,2,1972.157,1983.758
110,3930163,Serbia,8,32.681250000000006,32.3425,71.88125000000001,43.6475,2,1985.745,1994.213
111,3930163,England,15,92.44375,6.672499999999999,68.03125,48.4075,2,1998.281,2019.967
112,3930163,Serbia,4,44.93125,67.9575,36.53125,30.8125,2,2113.194,2139.015
113,3930163,Serbia,27,39.243750000000006,40.0775,102.94375,35.1475,2,2157.354,2198.098
114,3930163,Serbia,5,104.95625000000001,67.9575,98.56875000000001,44.4975,2,2233.862,2240.673
115,3930163,England,1,95.41875,45.8575,30.93124999999999,54.7825,2,2285.304,2285.304
116,3930163,Serbia,6,30.931250000000002,54.7825,56.21875,56.6525,2,2288.888,2296.97
117,3930163,England,7,55.08125,57.4175,29.96875,67.9575,2,2298.082,2307.79
118,3930163,England,2,29.96875,67.9575,11.50625,63.1975,2,2326.709,2327.775
119,3930163,England,35,17.631249999999994,67.9575,63.13125000000001,0.04250000000000398,2,2338.122,2387.632
120,3930163,Serbia,3,63.13125000000001,0.04250000000000398,72.05625,53.167500000000004,2,2391.008,2393.42
121,3930163,England,4,72.05625,53.167500000000004,61.46875,29.877499999999998,2,2396.617,2401.056
122,3930163,England,12,60.24374999999999,34.042500000000004,60.24374999999999,26.4775,2,2466.272,2491.571
123,3930163,Serbia,13,60.24375000000001,26.4775,62.43125,12.87749999999999,2,2506.623,2528.913
124,3930163,England,1,57.09375,17.637500000000003,37.84375,55.037499999999994,2,2535.864,2535.864
125,3930163,Serbia,22,44.93125,13.557500000000005,77.91875,64.9825,2,2538.759,2570.673
126,3930163,Serbia,19,78.09375,67.9575,104.95625000000001,29.622499999999995,2,2575.755,2597.965
127,3930163,England,38,99.79375,39.7375,39.85625,1.8274999999999864,2,2628.409,2685.193
128,3930163,England,23,45.893750000000004,0.04250000000000398,44.75625000000001,60.5625,2,2702.503,2728.284
129,3930163,England,10,41.69374999999999,61.412499999999994,36.706250000000004,24.182499999999997,2,2751.278,2764.961
130,3930163,England,2,33.818749999999994,22.567500000000003,12.46875,56.9925,2,2804.256,2807.164
131,3930163,Serbia,18,15.618749999999999,67.9575,92.61875,58.6075,2,2816.253,2842.384
132,3930163,Serbia,13,92.61875,58.6075,78.35625,63.6225,2,2845.751,2865.018
133,3930163,Serbia,8,78.35625,63.6225,99.79375,41.0975,2,2867.7715,2886.977
134,3930163,England,4,99.79375,41.0975,69.43125,60.9025,2,2888.387,2895.079
135,3930163,England,5,74.15625,63.02750000000001,10.893749999999999,46.0275,2,2931.94,2941.094
2,3930162,Slovenia,4,52.456250000000004,34.0425,93.93125,38.292500000000004,1,0.697,6.06
3,3930162,Denmark,70,93.93125,38.292500000000004,55.69375,22.3125,1,9.053,132.953
5,3930162,Denmark,26,55.69375,18.2325,28.043750000000003,59.0325,1,174.713,209.581
6,3930162,Denmark,51,24.193749999999994,67.9575,23.40625,18.8275,1,220.505,287.182
7,3930162,Slovenia,16,23.40625,18.8275,76.78125,7.522500000000001,1,288.374,309.956
8,3930162,Denmark,4,76.78125,7.522500000000001,67.41875,9.22249999999999,1,310.33,312.247
9,3930162,Denmark,14,67.41874999999999,9.5625,13.518749999999997,38.292500000000004,1,325.127,349.301
10,3930162,Slovenia,32,17.631249999999998,47.727500000000006,104.95625000000001,19.5925,1,390.2,431.262
11,3930162,Denmark,30,98.91875,35.1475,7.306250000000006,46.1125,1,456.933,498.759
12,3930162,Denmark,36,0.04374999999998863,67.9575,32.94375,21.037499999999994,1,530.904,587.349
13,3930162,Denmark,2,32.59375,20.8675,0.04374999999998863,32.852500000000006,1,631.014,632.197
14,3930162,Slovenia,7,4.9437500000000005,32.9375,37.40625,30.472499999999997,1,655.266,664.332
15,3930162,Slovenia,27,37.40625,30.47249999999999,46.943749999999994,4.6325,1,677.659,732.689
16,3930162,Denmark,38,46.943749999999994,4.6325,0.04374999999998863,21.5475,1,734.843,795.325
17,3930162,Slovenia,7,5.20625,38.9725,8.443749999999994,67.9575,1,812.491,822.715
18,3930162,Denmark,9,8.443749999999994,67.9575,56.74374999999999,34.2975,1,844.734,870.344
19,3930162,Slovenia,6,56.74375000000001,34.29749999999999,84.56875000000001,21.7175,1,871.826,878.274
20,3930162,Denmark,12,84.56875000000001,21.7175,61.556250000000006,24.607499999999995,1,878.6605,886.26
21,3930162,Denmark,12,60.856249999999996,23.927499999999995,36.53125,62.432500000000005,1,917.517,933.865
22,3930162,Slovenia,15,32.59375,64.6425,104.95625000000001,38.292500000000004,1,934.427,947.97
23,3930162,Denmark,8,98.91875,40.6725,23.40625,67.9575,1,976.153,990.2
24,3930162,Denmark,4,18.418750000000003,67.9575,0.04374999999998863,31.832499999999996,1,993.43,996.599
25,3930162,Slovenia,6,52.456250000000004,34.0425,73.19375000000001,24.862499999999997,1,1085.814,1101.962
26,3930162,Denmark,8,73.19375,24.862499999999997,61.993750000000006,23.162499999999994,1,1104.415,1114.578
27,3930162,Denmark,8,66.45625,25.7125,17.80624999999999,43.7325,1,1132.569,1141.158
28,3930162,Slovenia,8,17.80625,43.7325,104.95625000000001,0.04250000000000398,1,1144.619,1161.697
29,3930162,Slovenia,3,104.95625000000001,0.04250000000000398,89.90625,38.0375,1,1218.059,1221.797
30,3930162,Slovenia,17,104.95625000000001,0.04250000000000398,73.19375000000001,52.9975,1,1244.934,1282.628
31,3930162,Denmark,7,73.19375,52.9975,57.09374999999999,54.102500000000006,1,1284.858,1292.628
32,3930162,Denmark,29,58.40625,53.7625,73.19375,4.122500000000002,1,1311.081,1344.085
33,3930162,Slovenia,43,86.31875000000001,0.04250000000000398,86.84375,67.9575,1,1357.77,1443.517
34,3930162,Denmark,2,74.41875,67.9575,56.56875000000001,60.4775,1,1460.121,1461.771
35,3930162,Slovenia,11,56.56875000000001,60.4775,92.26875,25.2025,1,1462.576,1482.761
36,3930162,Denmark,16,97.86875,32.682500000000005,37.056250000000006,46.6225,1,1502.647,1530.376
37,3930162,Slovenia,7,37.05625,46.6225,98.30625,36.8475,1,1530.524,1535.656
38,3930162,Denmark,17,93.75625,35.2325,4.06875,21.377499999999998,1,1545.706,1567.469
39,3930162,Slovenia,5,4.06875,21.377499999999998,40.556250000000006,27.2425,1,1569.346,1573.658
40,3930162,Denmark,13,40.55624999999999,27.242500000000007,23.756249999999994,55.54750000000001,1,1575.288,1592.405
41,3930162,Slovenia,6,23.756249999999998,55.5475,20.256249999999998,58.2675,1,1594.786,1601.444
42,3930162,Denmark,3,12.381249999999994,65.4075,0.04374999999998863,67.9575,1,1604.258,1607.389
43,3930162,Denmark,5,0.04374999999998863,67.9575,0.04374999999998863,0.04250000000000398,1,1641.431,1647.064
44,3930162,Denmark,2,0.04374999999998863,0.04250000000000398,0.04374999999998863,41.267500000000005,1,1678.658,1680.201
45,3930162,Slovenia,12,4.85625,39.567499999999995,27.868749999999995,13.557500000000005,1,1715.384,1733.716
46,3930162,Slovenia,10,31.456250000000004,0.04250000000000398,79.14375,34.9775,1,1746.974,1759.969
47,3930162,Denmark,12,96.20625,33.70250000000001,31.631249999999994,33.1925,1,1778.651,1792.39
48,3930162,Slovenia,15,31.63125000000001,33.192499999999995,38.36875,10.412499999999994,1,1793.663,1821.44
49,3930162,Denmark,25,38.36874999999999,10.412500000000001,27.518749999999997,33.5325,1,1824.779,1853.292
50,3930162,Slovenia,40,27.51875,33.53249999999999,101.45625000000001,34.6375,1,1853.749,1928.731
51,3930162,Denmark,42,94.71875,33.1925,0.04374999999998863,67.9575,1,1943.083,2018.732
52,3930162,Denmark,70,0.04374999999998863,67.9575,34.60625,51.3825,1,2051.284,2147.942
53,3930162,Slovenia,7,34.60625000000001,51.3825,14.393749999999997,67.9575,1,2149.164,2160.365
54,3930162,Slovenia,14,19.11875,67.9575,104.95625000000001,67.9575,1,2183.266,2208.428
55,3930162,Slovenia,8,104.95625000000001,67.9575,96.73125,38.122499999999995,1,2240.463,2248.212
56,3930162,Denmark,53,93.40625,36.4225,8.268749999999997,35.40250000000001,1,2281.945,2370.562
57,3930162,Denmark,39,0.04374999999998863,0.04250000000000398,15.53125,23.672499999999992,1,2408.335,2488.037
58,3930162,Slovenia,5,15.53125,23.672499999999992,34.518750000000004,10.157499999999999,1,2489.468,2498.022
59,3930162,Denmark,52,36.006249999999994,9.222499999999997,0.04374999999998863,34.127500000000005,1,2498.274,2562.551
60,3930162,Denmark,1,63.83124999999999,53.59250000000001,63.83124999999999,53.59250000000001,1,2598.387,2598.387
61,3930162,Slovenia,2,67.41875,53.167500000000004,79.75625,19.932499999999997,1,2631.494,2633.752
62,3930162,Denmark,9,79.75625,19.932499999999997,44.93125,60.4775,1,2636.822,2649.054
63,3930162,Denmark,50,44.93124999999999,60.307500000000005,37.056250000000006,64.47250000000001,1,2672.997,2757.902
64,3930162,Denmark,18,52.543749999999996,33.9575,39.06874999999998,0.04250000000000398,2,0.472,29.061
65,3930162,Slovenia,3,34.518750000000004,0.04250000000000398,36.96875,16.192499999999995,2,36.189,38.826
66,3930162,Slovenia,5,36.88125000000001,16.192499999999995,21.918750000000003,62.6025,2,49.055,58.679
67,3930162,Slovenia,5,22.443749999999998,67.9575,46.15625,57.0775,2,73.105,77.868
68,3930162,Slovenia,2,49.30625,67.9575,76.08125,58.5225,2,120.282,122.103
69,3930162,Denmark,13,76.08125,58.52250000000001,16.84375,67.9575,2,122.872,141.676
70,3930162,Denmark,20,16.84375,67.9575,27.51875,0.04250000000000398,2,155.849,185.501
71,3930162,Denmark,24,28.21875,0.04250000000000398,38.80624999999999,56.3125,2,189.808,226.496
72,3930162,Slovenia,4,38.80625,56.3125,61.90625,41.4375,2,227.544,231.743
73,3930162,Slovenia,15,62.25625000000001,41.4375,96.73125,67.9575,2,259.573,279.572
74,3930162,Slovenia,2,96.73125,67.9575,97.60625,0.04250000000000398,2,312.761,316.34
75,3930162,Slovenia,5,97.60625,0.04250000000000398,104.95625000000001,12.707500000000003,2,363.868,371.763
76,3930162,Denmark,23,99.79375,30.642500000000005,43.268750000000004,6.417500000000004,2,427.323,463.068
77,3930162,Slovenia,6,26.46875,11.602499999999992,32.50625,11.262500000000003,2,465.281,474.36
78,3930162,Denmark,2,36.96875,9.222499999999997,9.931249999999991,32.682500000000005,2,540.049,541.396
79,3930162,Denmark,3,0.04374999999998863,0.04250000000000398,5.3812500000000005,62.9425,2,569.032,574.947
80,3930162,Denmark,27,5.46875,59.712500000000006,0.04374999999998863,67.9575,2,616.222,658.173
81,3930162,Denmark,25,0.04374999999998863,67.9575,43.53125,3.9525000000000006,2,692.389,740.846
82,3930162,Denmark,22,49.043749999999996,0.04250000000000398,23.66874999999999,67.6175,2,751.83,781.623
83,3930162,Slovenia,5,33.73125,67.9575,64.79375,40.1625,2,801.298,804.912
84,3930162,Denmark,24,64.79374999999999,40.162499999999994,47.818749999999994,62.432500000000005,2,807.127,847.205
85,3930162,Slovenia,2,62.081250000000004,64.4725,69.69375000000001,63.6225,2,849.283,851.084
86,3930162,Slovenia,13,73.98125,67.9575,74.50625,44.072500000000005,2,874.676,895.583
87,3930162,Denmark,9,74.85624999999999,48.4075,91.56875000000001,0.04250000000000398,2,912.274,923.395
88,3930162,Denmark,38,86.75625,0.04250000000000398,21.21875,67.6175,2,947.629,998.984
89,3930162,Slovenia,4,24.71875,67.9575,39.41875,67.2775,2,1024.442,1027.117
90,3930162,Denmark,20,42.918749999999996,67.9575,48.69374999999999,32.34250000000001,2,1033.186,1064.423
91,3930162,Slovenia,12,48.69375000000001,32.3425,79.84375,15.427500000000002,2,1065.367,1085.962
92,3930162,Denmark,8,79.84375,15.427500000000002,55.956250000000004,5.397500000000001,2,1088.385,1098.602
93,3930162,Denmark,35,56.21875,5.397500000000001,9.581250000000011,26.7325,2,1113.276,1161.384
94,3930162,Slovenia,14,6.34375,22.652500000000003,41.78125,43.7325,2,1162.565,1183.091
95,3930162,Slovenia,7,49.48125,50.7025,104.95625000000001,29.112499999999997,2,1241.103,1254.784
96,3930162,Denmark,18,99.79375,25.457499999999996,7.481249999999989,7.607500000000002,2,1306.948,1331.017
97,3930162,Denmark,3,11.506249999999994,0.04250000000000398,0.04374999999998863,28.6875,2,1348.343,1352.577
98,3930162,Slovenia,13,6.08125,38.4625,48.60625,0.04250000000000398,2,1369.802,1383.585
99,3930162,Denmark,16,50.53124999999999,0.04250000000000398,45.36875,46.8775,2,1387.952,1406.889
100,3930162,Slovenia,7,45.36875,46.8775,69.69375000000001,54.1875,2,1407.6435,1412.796
101,3930162,Denmark,25,69.69375,54.1875,41.78125,27.1575,2,1413.282,1444.444
102,3930162,Slovenia,5,41.78125,27.15749999999999,62.43125,39.7375,2,1444.528,1448.686
103,3930162,Slovenia,7,67.06875000000001,37.86749999999999,60.33125,34.6375,2,1477.206,1486.412
104,3930162,Denmark,7,60.33125,34.6375,7.3062499999999995,20.8675,2,1490.389,1500.321
105,3930162,Denmark,2,0.04374999999998863,0.04250000000000398,0.04374999999998863,35.4875,2,1538.569,1540.163
106,3930162,Slovenia,39,4.41875,39.567499999999995,73.63125000000001,5.907499999999999,2,1563.467,1622.026
107,3930162,Denmark,3,73.63125,5.907499999999999,68.11875,12.197499999999998,2,1624.44,1626.046
108,3930162,Denmark,7,65.40625,12.027499999999996,55.86875,67.6175,2,1650.963,1663.815
109,3930162,Slovenia,3,66.10624999999999,67.9575,83.86875,61.2425,2,1681.713,1684.713
110,3930162,Slovenia,2,81.94375000000001,60.307500000000005,104.95625000000001,38.802499999999995,2,1732.674,1734.036
111,3930162,Denmark,2,99.79375,34.212500000000006,49.043749999999996,2.082499999999996,2,1766.068,1769.755
112,3930162,Slovenia,15,49.04375,0.04250000000000398,104.95625,18.572499999999998,2,1815.8,1848.441
113,3930162,Slovenia,3,104.95625000000001,0.04250000000000398,104.95625000000001,33.192499999999995,2,1882.757,1886.571
115,3930162,Denmark,4,52.543749999999996,33.9575,29.356250000000003,27.9225,2,1962.583,1971.202
116,3930162,Slovenia,16,29.356250000000003,27.922499999999992,104.95625000000001,31.4925,2,1972.402,1999.238
117,3930162,Denmark,6,102.41875,25.7125,59.106249999999996,53.0825,2,2024.725,2033.816
118,3930162,Slovenia,7,58.668749999999996,47.5575,81.41875,19.422499999999992,2,2056.123,2064.543
119,3930162,Denmark,3,81.06875,18.572499999999998,4.15625,59.7125,2,2082.594,2089.112
120,3930162,Denmark,3,0.04374999999998863,67.9575,0.9187500000000001,31.152500000000003,2,2122.971,2126.414
121,3930162,Slovenia,4,0.9187500000000001,31.152500000000003,56.21875,0.04250000000000398,2,2131.2560000000003,2142.648
122,3930162,Denmark,2,56.39375,0.04250000000000398,61.293749999999996,15.342500000000001,2,2149.327,2150.577
123,3930162,Slovenia,6,61.20625,25.712500000000006,102.41875,26.987499999999997,2,2151.477,2157.676
124,3930162,Slovenia,1,104.95625000000001,0.04250000000000398,102.76875,33.957499999999996,2,2205.661,2205.661
125,3930162,Denmark,22,102.76875,33.9575,0.04374999999998863,49.8525,2,2207.409,2245.834
126,3930162,Slovenia,13,5.99375,32.2575,69.60624999999999,31.832499999999996,2,2301.778,2327.195
127,3930162,Denmark,4,69.60624999999999,31.832499999999996,49.30625,20.8675,2,2328.478,2332.237
128,3930162,Denmark,17,46.24374999999999,21.292500000000004,11.94375,63.3675,2,2349.708,2367.091
129,3930162,Denmark,44,10.543749999999989,67.9575,1.6187499999999915,32.9375,2,2382.277,2434.107
130,3930162,Slovenia,1,1.18125,33.192499999999995,1.18125,33.192499999999995,2,2435.069,2435.069
131,3930162,Slovenia,4,11.24375,37.1875,70.21875,23.7575,2,2484.193,2487.983
132,3930162,Slovenia,13,67.85625,22.057499999999997,101.89375,33.0225,2,2517.738,2545.406
133,3930162,Denmark,12,101.89375,33.0225,61.03125000000001,3.527499999999989,2,2576.683,2598.923
134,3930162,Denmark,5,63.13125,0.04250000000000398,31.28125,0.04250000000000398,2,2611.083,2618.002
135,3930162,Slovenia,31,37.31875000000001,0.04250000000000398,104.95625000000001,31.322499999999998,2,2654.327,2701.22
136,3930162,Denmark,27,99.79375,32.2575,16.756249999999998,18.572499999999998,2,2715.735,2753.349
137,3930162,Denmark,10,13.081250000000011,0.04250000000000398,0.3062499999999915,40.502500000000005,2,2764.548,2776.445
138,3930162,Slovenia,4,6.08125,39.567499999999995,37.23125,67.9575,2,2804.723,2812.626
139,3930162,Denmark,14,37.23125,67.9575,0.39374999999999716,55.8875,2,2818.601,2842.453
140,3930162,Slovenia,11,6.08125,38.7175,104.95625000000001,0.21250000000000568,2,2868.192,2892.427
141,3930162,Denmark,1,99.79375,32.682500000000005,23.66874999999999,22.057499999999997,2,2960.056,2960.056
2,3930160,Croatia,3,51.668749999999996,34.042500000000004,17.018749999999997,0.04250000000000398,1,0.384,3.41
3,3930160,Spain,73,28.83125,0.04250000000000398,94.71875,23.672499999999992,1,16.963,143.875
4,3930160,Croatia,10,94.71875,23.6725,50.18125,35.0625,1,147.579,169.001
5,3930160,Croatia,21,50.79375,34.127500000000005,66.89375,65.9175,1,183.157,215.314
6,3930160,Croatia,5,64.00625,67.9575,34.60625,28.517500000000005,1,217.797,222.582
7,3930160,Spain,61,34.60625000000001,28.5175,99.00625000000001,54.3575,1,225.644,347.075
8,3930160,Croatia,3,98.91875,37.6125,67.68124999999999,18.0625,1,373.554,376.312
9,3930160,Spain,6,67.68125,18.0625,104.25625,31.322499999999998,1,377.874,383.585
10,3930160,Croatia,1,104.08125,33.2775,104.08125,33.2775,1,384.377,384.377
11,3930160,Croatia,7,97.16875,30.2175,54.293749999999996,38.377500000000005,1,397.139,405.184
12,3930160,Spain,27,54.29375,38.3775,81.33125000000001,64.8125,1,407.819,450.106
13,3930160,Spain,37,81.33125000000001,64.8125,77.65625,63.8775,1,454.4845,518.155
14,3930160,Croatia,17,77.65625,63.877500000000005,75.73125,45.6025,1,518.765,542.286
15,3930160,Spain,1,75.55625,47.9825,104.95625000000001,26.6475,1,594.292,594.292
16,3930160,Croatia,5,98.91875,35.3175,45.106249999999996,61.5825,1,619.152,627.878
17,3930160,Croatia,12,45.106249999999996,61.5825,57.09375,6.587499999999999,1,631.488,654.397
18,3930160,Spain,14,57.618750000000006,8.457500000000003,104.95625000000001,52.3175,1,655.055,676.086
19,3930160,Croatia,11,98.91875,36.0825,83.08125,23.417499999999997,1,695.651,705.693
20,3930160,Croatia,51,82.73125,23.417500000000004,8.53125,14.322499999999998,1,717.895,786.803
21,3930160,Spain,2,8.006249999999998,13.7275,4.59375,11.6875,1,787.215,788.615
22,3930160,Spain,4,5.20625,35.65749999999999,50.268750000000004,41.7775,1,815.703,821.368
23,3930160,Croatia,8,64.18125,24.692500000000003,48.08125,57.162499999999994,1,833.005,845.083
24,3930160,Spain,6,48.081250000000004,57.1625,104.16875,29.112499999999997,1,846.197,852.886
25,3930160,Croatia,3,96.20625,39.9925,90.95625,63.2825,1,867.198,869.85
26,3930160,Croatia,7,98.91875,31.6625,21.65625,49.6825,1,888.148,900.995
27,3930160,Croatia,5,24.893749999999997,67.9575,23.756249999999994,55.8875,1,905.687,910.607
28,3930160,Croatia,38,23.756249999999994,55.8875,20.256249999999998,63.8775,1,914.7405,981.236
29,3930160,Croatia,2,18.856250000000003,62.0075,32.24374999999999,67.9575,1,1039.899,1040.606
30,3930160,Croatia,9,32.24374999999999,67.9575,50.006249999999994,67.9575,1,1059.238,1070.585
31,3930160,Spain,15,58.31875,67.9575,61.731249999999996,2.2524999999999977,1,1094.239,1107.497
32,3930160,Spain,5,61.731249999999996,0.04250000000000398,55.86875,45.0075,1,1119.054,1127.741
33,3930160,Croatia,7,55.86875,45.0075,78.70625000000001,26.052499999999995,1,1130.506,1140.134
34,3930160,Croatia,18,78.88125,30.0475,48.34375,14.152500000000003,1,1152.012,1172.061
35,3930160,Croatia,43,43.443749999999994,0.04250000000000398,12.381249999999994,28.432500000000005,1,1191.123,1260.829
36,3930160,Spain,4,12.38125,28.432499999999997,49.65625,44.9225,1,1262.95,1275.379
37,3930160,Croatia,21,49.65625,44.9225,0.04374999999998863,41.77750000000001,1,1278.353,1309.539
38,3930160,Spain,7,5.20625,40.417500000000004,0.04374999999998863,60.3925,1,1340.356,1346.963
39,3930160,Spain,2,5.20625,30.557499999999997,70.48125,53.6775,1,1372.371,1374.261
40,3930160,Croatia,13,67.06875,54.017500000000005,79.14375,1.3174999999999955,1,1402.892,1419.843
41,3930160,Croatia,17,73.01875,0.04250000000000398,56.21875,45.9425,1,1439.017,1468.692
42,3930160,Spain,12,57.79375,47.8125,68.11874999999999,67.4475,1,1482.482,1494.893
43,3930160,Spain,3,69.86875,67.9575,61.643750000000004,43.6475,1,1509.148,1511.348
44,3930160,Croatia,5,61.64375,43.6475,63.65625,50.0225,1,1512.454,1524.779
45,3930160,Spain,8,63.65624999999999,50.0225,103.55625,18.0625,1,1525.659,1537.126
46,3930160,Croatia,2,98.91875,37.017500000000005,31.106250000000003,54.7825,1,1561.788,1565.324
47,3930160,Spain,11,31.106250000000003,54.7825,83.08125,65.4075,1,1567.073,1593.381
48,3930160,Croatia,42,83.08125,65.4075,31.106250000000003,42.2875,1,1597.921,1678.986
49,3930160,Spain,7,31.106250000000003,42.2875,104.95625000000001,34.5525,1,1680.535,1688.193
50,3930160,Croatia,19,51.668749999999996,34.042500000000004,2.84375,35.40250000000001,1,1761.63,1793.598
51,3930160,Spain,1,2.84375,34.4675,2.84375,34.4675,1,1794.285,1794.285
52,3930160,Spain,7,7.568749999999999,39.2275,32.50625,66.0875,1,1812.437,1824.862
53,3930160,Spain,3,30.318750000000005,67.9575,29.793750000000006,66.0875,1,1848.613,1853.651
54,3930160,Spain,15,31.543750000000006,67.9575,104.95625000000001,31.40749999999999,1,1857.849,1884.988
56,3930160,Croatia,23,51.668749999999996,34.042500000000004,0.04374999999998863,38.292500000000004,1,1953.968,1977.033
57,3930160,Spain,3,5.20625,33.6175,22.96875,3.527499999999989,1,2009.705,2013.476
58,3930160,Spain,5,30.406250000000004,0.04250000000000398,38.89375,4.122499999999995,1,2023.521,2029.402
59,3930160,Spain,4,37.493750000000006,0.04250000000000398,43.006249999999994,3.697500000000005,1,2040.64,2044.57
60,3930160,Spain,7,43.00625,3.697499999999991,100.23125,62.1775,1,2061.469,2073.778
61,3930160,Spain,2,104.95625000000001,67.9575,100.93125,37.442499999999995,1,2109.918,2111.221
62,3930160,Croatia,6,98.91875,36.6775,62.34375,67.9575,1,2120.526,2128.113
63,3930160,Spain,32,66.80625,67.9575,104.95625000000001,28.177499999999995,1,2153.735,2195.791
64,3930160,Croatia,16,98.91875,35.4875,49.65625,33.7875,1,2237.048,2264.194
67,3930160,Spain,4,31.106250000000003,43.0525,61.118750000000006,0.6375000000000028,1,2353.033,2359.716
68,3930160,Croatia,16,67.76875,0.04250000000000398,44.93125,33.2775,1,2371.445,2398.676
69,3930160,Croatia,28,41.34375000000001,31.832499999999996,0.04374999999998863,40.84250000000001,1,2411.01,2449.273
70,3930160,Spain,1,5.20625,38.9725,86.05625,67.9575,1,2492.179,2492.179
71,3930160,Croatia,5,93.75625,67.9575,101.98125,65.8325,1,2500.582,2506.609
72,3930160,Croatia,12,101.98125,65.8325,73.71875,5.227499999999992,1,2510.676,2529.296
73,3930160,Spain,12,73.71875,5.227499999999992,59.71875,65.5775,1,2530.023,2545.492
74,3930160,Spain,20,55.69375000000001,67.9575,96.20625,49.3425,1,2566.675,2598.718
75,3930160,Croatia,32,102.33125,38.037499999999994,0.04374999999998863,29.027500000000003,1,2600.334,2660.474
76,3930160,Spain,4,5.20625,38.0375,74.85625,47.3875,1,2697.558,2705.12
77,3930160,Croatia,17,74.85624999999999,47.3875,0.04374999999998863,43.4775,1,2706.552,2732.839
78,3930160,Spain,9,5.20625,32.8525,104.95625000000001,0.04250000000000398,1,2768.137,2783.153
79,3930160,Spain,7,104.95625000000001,0.04250000000000398,104.95625000000001,32.59749999999999,1,2807.039,2814.986
80,3930160,Croatia,2,51.668749999999996,34.042500000000004,55.86875,24.692500000000003,1,2873.466,2875.387
81,3930160,Spain,9,53.331250000000004,33.957499999999996,104.69375000000001,58.6925,2,0.381,10.69
82,3930160,Croatia,5,100.31875,34.6375,50.006249999999994,30.642500000000005,2,24.303,32.177
83,3930160,Spain,16,50.00625000000001,30.6425,41.16875,16.6175,2,35.041,64.057
84,3930160,Spain,14,40.03125,19.677499999999995,43.35625,0.04250000000000398,2,69.99,98.917
85,3930160,Croatia,7,45.981249999999996,0.04250000000000398,63.13125,9.987499999999997,2,110.342,116.967
86,3930160,Spain,7,60.681250000000006,5.652499999999989,90.08125,53.5075,2,117.594,128.027
87,3930160,Croatia,3,90.08125,53.5075,81.85625,66.8525,2,128.027,131.274
88,3930160,Croatia,8,79.23125,67.9575,68.03125,4.972500000000004,2,133.58,144.753
89,3930160,Spain,8,67.41875,0.04250000000000398,48.34375,17.72249999999999,2,164.122,174.005
92,3930160,Spain,10,43.88125000000001,13.642499999999998,48.518750000000004,66.1725,2,223.252,233.644
93,3930160,Croatia,14,48.518750000000004,66.17250000000001,67.06875,44.5825,2,233.644,253.3
94,3930160,Spain,2,62.956250000000004,39.1425,63.918749999999996,26.5625,2,254.716,256.829
95,3930160,Spain,12,60.85625,24.5225,39.59375,50.3625,2,278.396,291.461
96,3930160,Croatia,6,36.09375,50.5325,10.28125,26.3925,2,292.099,300.701
97,3930160,Croatia,21,16.581249999999997,0.04250000000000398,42.481249999999996,29.197500000000005,2,311.769,343.991
100,3930160,Croatia,21,46.59375,28.007500000000007,14.306249999999991,34.212500000000006,2,365.539,387.508
101,3930160,Spain,19,14.65625,34.38249999999999,72.40625,60.1375,2,387.859,408.413
102,3930160,Croatia,3,69.34375,67.9575,104.95625,44.32750000000001,2,444.456,448.381
103,3930160,Spain,4,104.95625000000001,67.9575,102.76875,0.04250000000000398,2,475.617,481.938
104,3930160,Croatia,5,97.60625,0.04250000000000398,82.11875,18.997499999999995,2,511.84,520.421
105,3930160,Croatia,25,82.11875,18.997500000000002,3.0187500000000114,25.2025,2,532.423,574.133
106,3930160,Spain,2,3.10625,25.03249999999999,3.28125,19.252499999999998,2,577.443,578.574
107,3930160,Spain,28,6.08125,34.2125,81.85625,27.1575,2,625.151,676.21
108,3930160,Spain,8,79.84375,29.4525,73.80625,65.7475,2,738.329,750.928
109,3930160,Croatia,27,73.80624999999999,65.74750000000002,14.481250000000003,43.9875,2,750.928,792.099
110,3930160,Spain,6,14.48125,43.9875,16.231250000000003,47.21750000000001,2,793.309,796.637
111,3930160,Spain,7,20.69375,47.8975,92.96875,44.582499999999996,2,859.147,867.039
112,3930160,Croatia,9,92.96875,44.5825,80.80625,7.947499999999998,2,869.831,881.366
113,3930160,Croatia,16,80.80625,7.947499999999998,6.78125,29.367500000000007,2,885.79,914.94
114,3930160,Spain,46,6.781250000000001,29.3675,53.331250000000004,67.8725,2,916.483,1003.214
115,3930160,Croatia,27,60.24374999999999,67.9575,9.493749999999991,18.317500000000003,2,1018.059,1057.013
116,3930160,Spain,1,9.493749999999999,18.317499999999995,38.19375000000001,41.0125,2,1061.226,1061.226
117,3930160,Croatia,7,38.193749999999994,41.0125,12.206250000000011,67.9575,2,1063.807,1070.597
118,3930160,Croatia,22,12.206250000000011,67.9575,37.66875,14.152499999999996,2,1077.285,1119.45
119,3930160,Spain,13,37.66875,14.152500000000003,57.79375,27.837500000000006,2,1120.363,1147.255
121,3930160,Spain,7,27.868749999999995,61.2425,58.14375000000001,37.1875,2,1227.968,1239.082
122,3930160,Croatia,19,53.33125,42.542500000000004,6.606249999999989,28.8575,2,1240.96,1274.213
123,3930160,Spain,2,6.606249999999999,28.857499999999995,67.94375,0.04250000000000398,2,1275.79,1291.792
124,3930160,Croatia,3,64.09375,0.04250000000000398,35.74374999999999,2.507499999999993,2,1332.769,1336.691
125,3930160,Spain,8,28.56875000000001,1.9975000000000023,49.04375,55.5475,2,1338.481,1350.922
126,3930160,Croatia,7,49.83124999999999,55.2075,46.943749999999994,42.3725,2,1352.448,1364.9
127,3930160,Spain,4,46.94375000000001,42.3725,55.69375000000001,54.6975,2,1367.788,1370.652
128,3930160,Croatia,7,55.69375,54.697500000000005,38.01875,0.04250000000000398,2,1372.078,1384.089
129,3930160,Spain,57,36.09375,0.04250000000000398,48.518750000000004,61.667500000000004,2,1392.037,1473.782
130,3930160,Croatia,7,48.518750000000004,61.6675,42.65625,26.307499999999997,2,1474.687,1481.721
131,3930160,Spain,28,33.55625,24.692499999999995,86.49375,41.0125,2,1484.487,1523.943
132,3930160,Croatia,23,86.49375,41.0125,13.518749999999997,20.0175,2,1526.077,1564.806
133,3930160,Spain,7,13.51875,20.0175,58.14375,64.5575,2,1566.283,1581.112
134,3930160,Croatia,26,55.25625,67.9575,17.80624999999999,38.8875,2,1608.072,1650.92
135,3930160,Spain,22,17.80625,38.8875,83.43125,34.9775,2,1651.977,1693.276
136,3930160,Croatia,8,101.98125,37.8675,54.64375,64.8125,2,1694.878,1705.171
137,3930160,Spain,22,54.64375,64.8125,66.71875,66.3425,2,1706.706,1732.473
138,3930160,Croatia,4,54.293749999999996,67.9575,47.99374999999999,64.5575,2,1745.793,1749.822
139,3930160,Spain,1,73.98125,60.7325,73.98125,60.7325,2,1780.505,1780.505
140,3930160,Croatia,9,75.99374999999999,54.017500000000005,84.21875,52.8275,2,1787.24,1799.087
141,3930160,Croatia,7,84.04375,53.932500000000005,63.91875,24.182499999999997,2,1807.84,1823.881
142,3930160,Croatia,17,61.38125,28.177500000000002,3.456249999999997,32.1725,2,1832.272,1858.668
143,3930160,Spain,13,3.4562500000000003,32.17249999999999,69.34375,9.987499999999997,2,1859.992,1887.322
144,3930160,Croatia,9,70.83125,11.7725,46.768750000000004,51.127500000000005,2,1902.657,1914.218
145,3930160,Spain,14,46.768750000000004,51.1275,9.84375,26.817499999999995,2,1915.11,1925.924
146,3930160,Croatia,4,9.668750000000003,24.3525,6.606249999999999,30.8125,2,1927.642,1930.436
147,3930160,Croatia,1,10.543749999999989,33.9575,0.9187499999999886,31.492500000000007,2,2043.974,2043.974
148,3930160,Spain,3,12.03125,31.067499999999995,68.55625,57.07750000000001,2,2166.707,2174.006
149,3930160,Spain,8,69.51875,54.8675,82.03125,16.787499999999994,2,2189.264,2198.942
150,3930160,Croatia,9,82.03125,16.7875,75.81875000000001,20.527500000000003,2,2200.05,2214.307
151,3930160,Croatia,8,76.16875,20.697499999999998,43.881249999999994,38.71750000000001,2,2226.087,2238.432
152,3930160,Spain,14,43.88125000000001,38.7175,42.30624999999999,33.3625,2,2239.026,2259.291
153,3930160,Spain,3,37.143750000000004,36.3375,57.26875,0.04250000000000398,2,2277.506,2280.11
154,3930160,Croatia,28,53.50625,0.04250000000000398,1.18125,32.3425,2,2288.57,2335.293
156,3930160,Croatia,1,41.51875,0.04250000000000398,35.74374999999999,4.207499999999996,2,2457.997,2457.997
157,3930160,Spain,8,29.09375,0.8075000000000045,53.50625000000001,8.032499999999999,2,2460.427,2471.605
158,3930160,Croatia,47,53.50625,8.032499999999999,31.106250000000003,40.07750000000001,2,2473.678,2558.907
159,3930160,Spain,13,31.106250000000003,40.0775,96.46875,19.84749999999999,2,2558.907,2573.901
160,3930160,Spain,31,104.95625000000001,0.04250000000000398,55.69375,57.502500000000005,2,2613.431,2654.956
161,3930160,Spain,14,55.518750000000004,56.3975,78.18125,13.217500000000001,2,2659.568,2692.463
162,3930160,Croatia,70,78.18125,13.217500000000001,0.04374999999998863,27.497500000000002,2,2704.539,2809.786
163,3930160,Spain,7,6.08125,33.53249999999999,98.48124999999999,49.4275,2,2843.325,2856.742
164,3930160,Spain,12,104.95625000000001,67.9575,101.36875,31.237499999999997,2,2877.139,2889.271
165,3930160,Croatia,9,101.36875,31.237499999999997,23.40625,48.8325,2,2890.859,2907.707
166,3930160,Spain,5,23.40625,48.832499999999996,72.40625,60.7325,2,2908.855,2917.864
167,3930160,Croatia,3,72.40625,60.7325,83.25625000000001,59.8825,2,2917.879,2919.881
168,3930160,Croatia,27,83.25625,61.072500000000005,6.4312499999999915,15.8525,2,2935.106,2973.275
2,3930159,Hungary,6,52.456250000000004,34.0425,78.35625,0.46750000000000114,1,0.31,7.638
3,3930159,Switzerland,8,79.58125,0.04250000000000398,54.99374999999999,16.022499999999994,1,15.866,25.243
4,3930159,Hungary,7,54.993750000000006,16.0225,56.131249999999994,16.7875,1,26.118,37.697
5,3930159,Hungary,5,56.13125000000001,20.1875,102.15625,37.442499999999995,1,74.094,79.344
6,3930159,Switzerland,17,102.50625,38.5475,8.53125,25.627499999999998,1,80.908,111.555
7,3930159,Hungary,5,10.018749999999999,26.987499999999997,19.99375,2.4224999999999994,1,138.824,143.118
8,3930159,Hungary,5,27.51875,0.04250000000000398,50.18125,5.227499999999992,1,157.956,162.792
9,3930159,Switzerland,10,54.03125,0.04250000000000398,39.943749999999994,18.2325,1,172.885,193.93
10,3930159,Hungary,9,39.94375000000001,18.232499999999995,85.88125,0.04250000000000398,1,195.093,201.823
11,3930159,Switzerland,9,85.88125,0.04250000000000398,13.518749999999997,40.417500000000004,1,221.289,237.886
12,3930159,Hungary,5,13.51875,40.417500000000004,25.068749999999994,45.8575,1,239.152,243.735
13,3930159,Hungary,10,25.068749999999998,45.8575,55.431250000000006,51.4675,1,284.284,302.727
14,3930159,Switzerland,27,55.43125,51.46750000000001,14.306249999999991,13.7275,1,304.906,352.259
15,3930159,Hungary,3,13.168749999999998,0.04250000000000398,47.20625,0.04250000000000398,1,376.659,379.677
16,3930159,Hungary,13,47.20625,0.04250000000000398,50.88125,67.2775,1,398.113,418.867
17,3930159,Switzerland,10,50.88125,67.9575,78.61875,65.1525,1,427.567,450.501
18,3930159,Switzerland,18,80.71875,67.9575,30.84375,0.04250000000000398,1,470.991,495.16
19,3930159,Hungary,7,30.84375,0.04250000000000398,50.18125,28.7725,1,512.007,518.729
20,3930159,Switzerland,12,50.18125,28.7725,24.28125,40.247499999999995,1,520.087,543.068
21,3930159,Hungary,9,24.28125,40.247499999999995,104.95625000000001,29.537499999999994,1,543.663,556.644
22,3930159,Switzerland,2,98.91875,28.177500000000002,48.69374999999999,35.572500000000005,1,586.598,591.167
23,3930159,Hungary,21,48.69375000000001,35.5725,64.00625000000001,41.4375,1,593.795,631.466
24,3930159,Switzerland,44,64.00625,41.4375,0.04374999999998863,32.0875,1,633.185,715.95
25,3930159,Hungary,9,52.456250000000004,34.0425,56.13125000000001,36.9325,1,825.296,843.516
26,3930159,Switzerland,7,56.131249999999994,36.932500000000005,21.831249999999997,49.002500000000005,1,931.008,941.153
27,3930159,Hungary,6,21.83125,49.0025,84.91875,56.4825,1,942.462,946.442
28,3930159,Switzerland,11,84.91875,56.4825,15.356250000000003,20.442499999999995,1,952.136,973.81
29,3930159,Switzerland,2,0.04374999999998863,0.04250000000000398,18.76875000000001,0.04250000000000398,1,1013.955,1015.464
30,3930159,Switzerland,21,18.76875000000001,0.04250000000000398,18.76875000000001,60.1375,1,1037.99,1066.215
31,3930159,Hungary,3,18.76875,60.1375,18.943749999999994,58.947500000000005,1,1066.215,1068.266
32,3930159,Hungary,22,20.78125,58.5225,97.95625000000001,28.7725,1,1087.41,1122.215
33,3930159,Switzerland,31,97.95625,28.7725,6.606249999999999,37.6125,1,1124.652,1180.638
34,3930159,Switzerland,10,0.04374999999998863,0.04250000000000398,21.21875,43.1375,1,1266.674,1289.476
35,3930159,Hungary,3,13.168749999999998,45.1775,19.55625,50.957499999999996,1,1290.928,1292.29
36,3930159,Hungary,7,32.768750000000004,67.9575,62.25625,43.0525,1,1312.652,1318.773
37,3930159,Switzerland,45,62.25625,43.0525,57.70625,0.8075000000000045,1,1319.625,1410.974
38,3930159,Hungary,22,61.731249999999996,0.04250000000000398,77.13125000000001,18.997499999999995,1,1438.295,1470.363
39,3930159,Switzerland,17,77.13125000000001,18.997500000000002,14.481250000000003,34.6375,1,1472.79,1495.58
40,3930159,Hungary,27,14.48125,34.6375,78.88125000000001,10.667499999999997,1,1498.506,1538.06
41,3930159,Switzerland,22,78.88125,10.667499999999997,33.29375,6.0774999999999935,1,1541.291,1580.857
42,3930159,Hungary,6,33.29375,6.0774999999999935,43.88125000000001,3.9524999999999864,1,1581.4279999999999,1584.828
43,3930159,Switzerland,4,43.881249999999994,3.9525000000000006,48.95625,4.122499999999995,1,1585.36,1586.998
44,3930159,Switzerland,2,55.78125,3.782499999999999,65.49375,11.6025,1,1628.832,1630.449
45,3930159,Hungary,1,59.19375000000001,0.04250000000000398,74.41875,8.542499999999997,1,1653.366,1653.366
46,3930159,Switzerland,48,74.41875,8.542499999999997,48.78125,16.362499999999997,1,1655.711,1755.19
47,3930159,Hungary,5,48.78125,16.362499999999997,91.74375,5.227499999999999,1,1756.506,1766.067
48,3930159,Hungary,2,97.25625000000001,0.04250000000000398,104.95625000000001,0.04250000000000398,1,1796.138,1798.551
49,3930159,Hungary,5,104.95625000000001,0.04250000000000398,74.06875000000001,39.7375,1,1828.127,1837.001
50,3930159,Switzerland,12,74.06875,39.7375,61.731249999999996,12.537500000000001,1,1853.731,1883.701
51,3930159,Hungary,3,64.70625000000001,13.217500000000001,102.94375000000001,32.087500000000006,1,1941.63,1949.907
52,3930159,Switzerland,13,102.94375,32.0875,25.418750000000003,62.4325,1,1952.213,1984.398
53,3930159,Switzerland,31,37.66875,67.9575,24.018749999999997,67.9575,1,1992.28,2052.473
54,3930159,Switzerland,8,24.018749999999997,67.9575,11.94375,66.4275,1,2075.9,2080.712
55,3930159,Switzerland,10,13.518749999999997,67.9575,9.40625,67.1075,1,2089.769,2096.548
56,3930159,Switzerland,30,7.481249999999989,67.9575,11.59375,37.1025,1,2120.016,2164.092
57,3930159,Hungary,3,11.06875,27.3275,24.36875,50.957499999999996,1,2165.558,2168.664
58,3930159,Switzerland,20,18.943749999999994,53.8475,25.24374999999999,67.9575,1,2170.879,2197.819
59,3930159,Switzerland,4,25.24374999999999,67.9575,0.04374999999998863,59.79750000000001,1,2204.213,2208.923
60,3930159,Hungary,41,5.20625,33.872499999999995,71.79375,67.9575,1,2232.611,2294.775
61,3930159,Hungary,16,71.79375,67.9575,75.38125,53.8475,1,2306.295,2326.641
62,3930159,Hungary,2,76.25625000000001,53.847500000000004,104.08125000000001,34.8075,1,2374.808,2376.523
63,3930159,Switzerland,1,104.16875,33.9575,104.16875,33.9575,1,2377.379,2377.379
64,3930159,Switzerland,14,104.16875,33.9575,74.85625,35.9125,1,2382.0744999999997,2409.876
65,3930159,Switzerland,16,82.38125,40.587500000000006,25.94374999999998,24.862499999999997,1,2421.956,2450.751
66,3930159,Hungary,3,25.943749999999998,24.862499999999997,35.48125,35.0625,1,2452.368,2456.982
67,3930159,Hungary,6,35.48125,35.0625,81.68125,65.9175,1,2469.886,2475.603
68,3930159,Switzerland,18,81.68125,65.9175,12.731250000000003,0.04250000000000398,1,2477.966,2505.021
69,3930159,Switzerland,10,12.731250000000003,0.04250000000000398,32.24374999999999,25.2875,1,2517.593,2536.945
70,3930159,Hungary,33,16.49375,24.5225,92.26875,5.737499999999997,1,2539.633,2602.013
71,3930159,Switzerland,3,92.18125,0.04250000000000398,60.418749999999996,11.6025,1,2611.021,2617.569
72,3930159,Hungary,3,60.41875,11.602499999999992,83.60625,27.667499999999997,1,2619.714,2622.223
73,3930159,Switzerland,42,83.60625,27.667500000000004,0.04374999999998863,36.932500000000005,1,2623.296,2682.273
74,3930159,Hungary,20,52.456250000000004,34.0425,101.01875,56.9925,1,2755.007,2783.517
76,3930159,Switzerland,5,52.543749999999996,33.9575,10.71875,38.037499999999994,2,0.39,7.071
77,3930159,Hungary,13,10.71875,38.0375,80.54375,11.347499999999997,2,10.804,33.14
78,3930159,Switzerland,15,80.54375,11.347499999999997,28.918750000000003,67.9575,2,33.21,56.697
79,3930159,Switzerland,14,28.918750000000003,67.9575,32.50624999999998,65.4075,2,83.779,97.853
80,3930159,Switzerland,14,39.24374999999999,67.9575,2.40625,31.5775,2,113.749,129.725
81,3930159,Switzerland,13,0.04374999999998863,0.04250000000000398,80.98125,64.0475,2,163.535,186.811
82,3930159,Switzerland,3,79.93125,67.9575,64.96875,33.70250000000001,2,204.224,206.677
83,3930159,Hungary,39,64.96875,33.7025,96.73125,52.4025,2,212.267,261.442
84,3930159,Switzerland,8,84.91875,40.6725,13.168749999999989,42.1175,2,264.027,275.124
85,3930159,Hungary,16,13.168749999999998,42.1175,80.45625,52.5725,2,278.704,302.778
86,3930159,Switzerland,47,78.00625,49.4275,30.318750000000005,65.2375,2,347.15,424.754
87,3930159,Switzerland,13,29.09375,67.9575,68.38125,67.4475,2,430.319,448.769
88,3930159,Switzerland,15,63.39375,67.9575,2.5812500000000114,32.2575,2,472.442,491.89
89,3930159,Hungary,1,2.5812500000000003,32.087500000000006,2.5812500000000003,32.087500000000006,2,492.555,492.555
90,3930159,Hungary,40,10.018749999999999,31.662499999999994,49.65625,1.4874999999999972,2,503.138,563.005
91,3930159,Hungary,16,45.36875,0.04250000000000398,86.49375,54.3575,2,572.449,603.324
92,3930159,Hungary,2,86.49375,54.3575,104.95625000000001,67.9575,2,683.629,684.5
93,3930159,Hungary,8,104.95625000000001,67.9575,88.50625000000001,63.3675,2,705.222,713.287
94,3930159,Switzerland,6,73.98124999999999,67.9575,48.518750000000004,55.6325,2,741.602,747.019
95,3930159,Hungary,8,39.06875,42.8825,48.86874999999999,15.8525,2,749.483,759.282
96,3930159,Hungary,3,41.518750000000004,11.177499999999995,0.04374999999998863,35.6575,2,769.367,776.861
97,3930159,Hungary,23,6.08125,38.7175,68.03125,58.692499999999995,2,795.733,826.097
98,3930159,Hungary,1,68.03125,58.6925,94.36875,26.817499999999995,2,860.404,860.404
99,3930159,Switzerland,15,94.45625,26.5625,31.456249999999997,18.997500000000002,2,906.263,925.441
100,3930159,Hungary,23,31.456250000000004,18.997499999999995,81.50625,19.84749999999999,2,927.988,977.212
101,3930159,Switzerland,1,67.41874999999999,24.862499999999997,17.80624999999999,65.0675,2,1026.31,1026.31
102,3930159,Hungary,2,17.80625,65.0675,18.24374999999999,63.877500000000005,2,1031.855,1032.519
103,3930159,Hungary,11,18.24375,63.8775,104.95625000000001,38.292500000000004,2,1049.339,1068.673
104,3930159,Switzerland,11,99.79375,35.3175,57.61875,28.8575,2,1094.255,1108.682
105,3930159,Hungary,16,56.043749999999996,27.837500000000006,73.36874999999999,64.5575,2,1108.686,1126.151
106,3930159,Hungary,21,73.36875,67.9575,104.95625000000001,32.0025,2,1185.487,1225.214
107,3930159,Switzerland,6,52.543749999999996,33.9575,48.518750000000004,43.9875,2,1325.112,1334.805
108,3930159,Hungary,19,51.23125,50.1925,54.64375,61.2425,2,1380.779,1420.309
109,3930159,Switzerland,3,54.64375,61.2425,39.59375,65.4075,2,1420.55,1423.591
110,3930159,Switzerland,9,37.49374999999999,64.8125,22.443749999999994,13.217500000000001,2,1481.624,1498.9
111,3930159,Hungary,4,22.443749999999998,13.217500000000001,49.21875,0.04250000000000398,2,1499.255,1503.071
112,3930159,Switzerland,10,36.96875,0.04250000000000398,7.306250000000006,25.372500000000002,2,1520.392,1539.234
113,3930159,Switzerland,2,0.04374999999998863,0.04250000000000398,0.04374999999998863,38.037499999999994,2,1592.818,1594.437
114,3930159,Hungary,8,5.99375,36.8475,103.81875000000001,33.7025,2,1614.617,1633.741
115,3930159,Switzerland,8,103.81875,33.70250000000001,44.40625000000001,0.9775000000000063,2,1634.707,1654.255
116,3930159,Hungary,9,23.93125,11.7725,53.85625,16.6175,2,1656.328,1670.959
117,3930159,Switzerland,10,47.29375,0.04250000000000398,52.45624999999999,1.2325000000000017,2,1714.373,1719.209
118,3930159,Switzerland,11,54.64375,0.04250000000000398,42.831250000000004,11.942499999999995,2,1722.495,1739.018
119,3930159,Hungary,13,42.831250000000004,11.942499999999995,47.643750000000004,3.612499999999997,2,1740.158,1754.923
120,3930159,Switzerland,21,47.64375,3.612499999999997,16.05624999999999,35.912499999999994,2,1756.457,1785.503
121,3930159,Hungary,3,7.3062499999999995,28.857499999999995,41.16875000000001,4.292499999999997,2,1788.486,1805.197
122,3930159,Switzerland,10,41.16875,4.292500000000004,14.131249999999994,17.9775,2,1807.453,1817.355
123,3930159,Hungary,20,13.956249999999999,20.1875,97.34375,39.1425,2,1818.118,1843.52
124,3930159,Switzerland,8,97.34375,39.142500000000005,41.51875,15.342500000000001,2,1847.138,1863.658
125,3930159,Hungary,15,41.518750000000004,15.342500000000001,87.45625,64.5575,2,1864.66,1894.189
126,3930159,Switzerland,2,89.03125,56.9075,41.51875,52.40250000000001,2,1934.426,1939.403
127,3930159,Hungary,15,40.993750000000006,64.5575,73.54374999999999,21.6325,2,1952.808,1983.547
128,3930159,Switzerland,5,73.54374999999999,21.6325,41.34375000000001,26.987499999999997,2,1986.535,1991.589
129,3930159,Hungary,10,41.34375,26.987499999999997,62.43125,0.6375000000000028,2,1994.45,2011.631
130,3930159,Hungary,17,61.556250000000006,0.04250000000000398,16.66874999999999,67.6175,2,2052.025,2079.959
131,3930159,Hungary,33,23.58125,67.9575,41.518750000000004,30.8125,2,2139.487,2176.189
132,3930159,Hungary,7,41.518750000000004,30.8125,91.39375000000001,53.167500000000004,2,2180.148,2187.858
133,3930159,Switzerland,39,91.39375,53.167500000000004,0.04374999999998863,39.2275,2,2190.184,2242.935
134,3930159,Hungary,14,5.8187500000000005,37.357499999999995,78.88125,3.867500000000007,2,2269.874,2292.518
135,3930159,Hungary,18,79.58125,0.04250000000000398,80.63125000000001,43.0525,2,2300.474,2331.763
136,3930159,Switzerland,2,83.08125,44.32750000000001,62.25625000000001,60.0525,2,2333.566,2336.842
137,3930159,Switzerland,13,61.20625,61.837500000000006,37.66875,54.697500000000005,2,2371.332,2385.961
138,3930159,Switzerland,3,74.76875,56.567499999999995,38.71875,63.1125,2,2433.303,2438.675
139,3930159,Hungary,9,43.88125000000001,61.4125,93.84375,67.2775,2,2461.863,2476.183
140,3930159,Hungary,16,84.74375,67.9575,82.03125,20.78249999999999,2,2480.695,2499.378
141,3930159,Switzerland,5,82.03125,20.7825,40.206250000000004,23.162499999999994,2,2500.961,2507.016
142,3930159,Switzerland,7,43.356249999999996,22.2275,37.31875000000001,4.802499999999995,2,2574.435,2580.215
143,3930159,Switzerland,7,37.318749999999994,4.802500000000002,23.931250000000006,24.6075,2,2603.299,2612.061
144,3930159,Switzerland,4,0.04374999999998863,67.9575,0.04374999999998863,67.9575,2,2650.96,2653.231
145,3930159,Switzerland,3,0.04374999999998863,67.9575,2.9312499999999915,67.7025,2,2682.692,2686.907
146,3930159,Hungary,10,8.70625,67.9575,86.93125,4.037499999999994,2,2703.144,2718.681
147,3930159,Hungary,2,87.89375000000001,0.04250000000000398,67.06875000000001,1.6574999999999989,2,2732.255,2734.348
148,3930159,Switzerland,8,67.06875,1.6574999999999989,19.293750000000003,0.04250000000000398,2,2735.964,2748.068
149,3930159,Switzerland,8,19.293750000000003,0.04250000000000398,25.33125000000001,0.12749999999999773,2,2768.676,2778.492
150,3930159,Hungary,18,25.33125,0.04250000000000398,47.46874999999999,62.5175,2,2789.495,2813.62
151,3930159,Hungary,1,50.79375,61.4125,102.76875,30.6425,2,2834.894,2834.894
152,3930159,Switzerland,5,102.76875,30.642500000000005,0.04374999999998863,32.4275,2,2839.481,2860.194
153,3930159,Hungary,11,53.331250000000004,33.957499999999996,91.13125,38.3775,2,2989.182,3004.688
154,3930159,Switzerland,8,91.13125,38.377500000000005,6.25624999999998,0.04250000000000398,2,3006.108,3027.075
155,3930159,Switzerland,25,6.25624999999998,0.04250000000000398,55.86875,58.2675,2,3051.246,3087.777
156,3930159,Hungary,19,61.731249999999996,67.9575,44.581250000000004,37.442499999999995,2,3090.803,3118.39
2,3930158,Germany,33,53.331250000000004,33.957499999999996,84.91875,41.947500000000005,1,1.191,51.197
3,3930158,Scotland,3,72.14375,41.0975,36.53125,54.2725,1,95.933,100.601
4,3930158,Germany,8,43.79375,46.197500000000005,90.78125,49.5975,1,102.543,113.592
5,3930158,Scotland,7,80.10625,67.9575,60.76875,63.1125,1,140.713,149.276
6,3930158,Scotland,4,55.43125,67.9575,29.79374999999999,59.5425,1,167.322,170.414
7,3930158,Germany,2,20.95625,48.4075,31.018749999999997,63.2825,1,172.404,175.672
8,3930158,Germany,5,31.018750000000004,63.2825,102.15625,3.782499999999999,1,189.741,199.034
9,3930158,Scotland,1,99.79375,36.59250000000001,22.53125,42.20250000000001,1,233.211,233.211
10,3930158,Germany,17,22.53125,42.2025,67.94375,33.0225,1,239.39,265.707
11,3930158,Scotland,7,67.94375,33.0225,25.85625,5.3125,1,266.395,280.907
12,3930158,Scotland,3,18.24374999999999,0.04250000000000398,16.231250000000003,29.9625,1,315.895,319.853
13,3930158,Germany,4,16.231250000000003,29.962500000000006,80.63125000000001,50.7875,1,321.042,326.355
14,3930158,Scotland,14,80.63125,50.787499999999994,1.7937500000000028,20.697499999999998,1,330.137,352.144
15,3930158,Germany,34,12.11875,32.5125,80.10625,8.542499999999997,1,365.625,415.525
16,3930158,Germany,15,80.10625,8.542499999999997,80.28125,16.787499999999994,1,420.2005,450.92
17,3930158,Scotland,5,85.79375,18.997500000000002,73.98124999999999,65.3225,1,451.615,457.856
18,3930158,Germany,28,73.71875,67.9575,89.20625,0.04250000000000398,1,459.717,497.479
19,3930158,Germany,64,89.20625,0.04250000000000398,104.95625000000001,36.677499999999995,1,503.826,595.118
20,3930158,Scotland,34,52.543749999999996,33.9575,80.80625,43.1375,1,662.243,710.07
21,3930158,Scotland,6,73.01875,67.9575,50.88125,50.27750000000001,1,733.177,737.677
22,3930158,Germany,60,50.88125,50.2775,82.90625,35.5725,1,739.529,822.498
23,3930158,Scotland,4,82.90625,35.572500000000005,73.19375000000001,19.677499999999995,1,823.677,827.495
24,3930158,Scotland,13,73.63125,20.9525,61.46875,64.47250000000001,1,853.223,869.15
25,3930158,Scotland,23,61.20625,67.9575,54.20625,9.987499999999997,1,887.796,919.646
26,3930158,Germany,42,49.48125,10.837500000000006,49.30624999999999,8.7975,1,920.532,989.909
27,3930158,Scotland,9,55.69375,0.04250000000000398,51.75625,47.8975,1,1010.073,1021.602
28,3930158,Germany,47,51.75625000000001,47.8975,79.75625,27.327500000000008,1,1023.141,1084.652
29,3930158,Germany,22,64.44375000000001,0.04250000000000398,104.95625000000001,35.0625,1,1093.997,1123.626
30,3930158,Scotland,11,52.543749999999996,33.9575,0.04374999999998863,47.0475,1,1203.9,1221.618
31,3930158,Germany,16,6.08125,32.7675,87.80625,18.997500000000002,1,1239.507,1266.684
32,3930158,Germany,30,73.28125,0.04250000000000398,55.34375,67.9575,1,1277.219,1303.859
33,3930158,Scotland,9,55.34375,67.9575,62.43125,10.75249999999999,1,1315.787,1326.43
34,3930158,Scotland,10,63.043749999999996,13.7275,84.13125000000001,63.1125,1,1334.785,1348.897
35,3930158,Scotland,22,87.01875,63.1125,38.98125,32.9375,1,1362.815,1402.603
36,3930158,Germany,14,37.75625,32.5125,88.59375,30.132500000000007,1,1421.679,1443.621
37,3930158,Germany,3,88.50625000000001,30.47249999999999,104.16875,36.50749999999999,1,1636.723,1638.136
38,3930158,Scotland,1,104.43125,34.6375,104.43125,34.6375,1,1638.725,1638.725
39,3930158,Scotland,2,91.65625,35.40250000000001,25.856250000000003,0.04250000000000398,1,1653.717,1658.575
40,3930158,Scotland,14,25.856250000000003,0.04250000000000398,65.49375,4.462499999999999,1,1666.364,1685.626
41,3930158,Scotland,8,43.268750000000004,0.04250000000000398,42.13125000000001,3.0174999999999983,1,1706.814,1713.35
42,3930158,Germany,7,42.13125000000001,3.0174999999999983,60.24374999999999,5.227499999999999,1,1713.8225,1720.779
43,3930158,Germany,44,62.081250000000004,6.0774999999999935,73.98125,22.482499999999995,1,1740.533,1808.325
44,3930158,Scotland,4,67.33125,28.0925,23.756249999999994,32.4275,1,1852.661,1858.794
45,3930158,Germany,23,17.89375,44.8375,92.00625000000001,39.9075,1,1861.543,1897.806
46,3930158,Scotland,1,91.13125,40.7575,18.506249999999994,35.9975,1,1945.995,1945.995
47,3930158,Germany,14,18.506249999999998,35.997499999999995,90.69375000000001,22.2275,1,1952.297,1968.26
48,3930158,Scotland,8,90.69375,22.2275,64.09375,33.61750000000001,1,1972.599,1984.741
49,3930158,Germany,25,64.09375,33.6175,58.93125,28.262500000000003,1,1986.443,2019.655
50,3930158,Germany,37,59.543749999999996,31.322499999999998,94.10625,29.28249999999999,1,2026.741,2083.246
51,3930158,Scotland,15,94.10625,29.2825,9.14375,57.0775,1,2084.608,2108.213
52,3930158,Germany,2,14.568749999999998,67.9575,51.66875,59.3725,1,2140.838,2142.262
53,3930158,Scotland,11,51.668749999999996,59.37250000000001,1.1812499999999915,53.4225,1,2145.115,2174.143
54,3930158,Germany,17,1.18125,53.4225,59.36875,41.947500000000005,1,2178.984,2218.191
55,3930158,Scotland,6,59.36875,41.947500000000005,43.18125,51.2125,1,2219.2765,2229.179
56,3930158,Scotland,17,42.393750000000004,51.46750000000001,6.956249999999997,4.6325,1,2278.483,2310.328
57,3930158,Germany,3,5.11875,2.9325000000000045,40.46875,2.3375000000000057,1,2312.343,2316.289
58,3930158,Germany,21,43.268750000000004,0.04250000000000398,102.94375000000001,33.0225,1,2331.869,2374.368
59,3930158,Scotland,15,102.94375,33.0225,83.08125,47.557500000000005,1,2375.49,2402.892
60,3930158,Germany,43,68.38125,43.3925,98.04375,33.9575,1,2404.545,2467.326
61,3930158,Germany,1,94.54375,33.957499999999996,104.95625000000001,35.4875,1,2735.037,2735.037
62,3930158,Scotland,5,52.543749999999996,33.9575,65.14375,34.3825,1,2798.242,2803.253
63,3930158,Germany,7,59.63125000000001,32.5125,101.71875,43.2225,1,2804.138,2809.664
64,3930158,Scotland,10,101.71875,43.2225,52.98125,1.9124999999999943,1,2812.738,2842.153
65,3930158,Scotland,8,48.34375,0.04250000000000398,36.706250000000004,4.377499999999991,1,2860.723,2869.845
66,3930158,Scotland,8,32.24374999999999,4.547499999999999,47.46874999999999,37.3575,1,2904.496,2912.548
67,3930158,Scotland,4,51.668749999999996,34.042500000000004,22.18125,1.9124999999999943,2,0.471,7.106
68,3930158,Germany,1,8.09375,9.6475,8.09375,9.6475,2,23.683,23.683
69,3930158,Scotland,1,6.25624999999998,9.6475,3.8062500000000057,28.517500000000005,2,77.742,77.742
70,3930158,Germany,2,6.2562500000000005,23.247499999999995,38.54375,0.6375000000000028,2,79.133,80.757
71,3930158,Scotland,1,43.79375,0.04250000000000398,16.66874999999999,11.6875,2,105.127,105.127
72,3930158,Germany,4,16.66875,11.6875,36.268750000000004,21.97249999999999,2,107.541,110.054
73,3930158,Scotland,2,35.48125,24.012500000000003,36.00625,23.8425,2,110.836,112.51
74,3930158,Scotland,4,36.006249999999994,21.972499999999997,8.006249999999998,30.982499999999995,2,126.124,131.947
75,3930158,Germany,7,8.006249999999998,30.982499999999995,49.74375,33.70250000000001,2,132.863,139.411
76,3930158,Germany,59,49.48125,31.067499999999995,83.95625,13.47249999999999,2,164.379,245.002
77,3930158,Scotland,4,83.95625,13.472499999999997,54.64375,28.8575,2,245.774,250.495
78,3930158,Germany,59,54.64375,28.857499999999995,101.01875,34.127500000000005,2,251.448,325.449
79,3930158,Germany,8,104.95625000000001,67.9575,96.90625,33.7025,2,359.922,373.138
80,3930158,Scotland,2,93.40625,41.5225,73.98125,52.1475,2,374.432,377.516
81,3930158,Scotland,7,69.95625,59.8825,85.70625,14.5775,2,396.886,404.869
82,3930158,Germany,14,67.41875,10.327499999999993,104.95625000000001,18.0625,2,407.017,420.78
83,3930158,Scotland,2,98.91875,37.52750000000001,11.681249999999991,52.2325,2,461.512,464.288
84,3930158,Germany,30,11.68125,52.2325,75.90625,9.137500000000003,2,468.063,513.377
85,3930158,Scotland,14,75.90625,9.137500000000003,88.76875,66.1725,2,516.137,540.059
86,3930158,Scotland,2,77.21875,67.9575,55.08125,59.20250000000001,2,565.282,566.811
87,3930158,Germany,16,55.081250000000004,59.2025,61.90625,67.2775,2,568.294,582.513
88,3930158,Scotland,3,61.90625,67.9575,47.64375,48.662499999999994,2,588.727,591.259
89,3930158,Germany,10,47.643750000000004,48.6625,44.14375,5.3125,2,593.701,615.186
90,3930158,Germany,10,43.96875,5.3125,92.26875,55.6325,2,628.237,642.906
91,3930158,Germany,35,104.95625000000001,67.9575,104.95625000000001,31.832499999999996,2,663.517,725.217
92,3930158,Scotland,4,99.09375,36.4225,34.43124999999999,65.74750000000002,2,768.822,775.378
93,3930158,Germany,89,34.431250000000006,65.7475,104.95625000000001,38.292500000000004,2,776.043,895.662
94,3930158,Scotland,1,99.09375,37.3575,41.51875,57.24750000000001,2,934.245,934.245
95,3930158,Germany,6,41.518750000000004,57.2475,92.96875,41.1825,2,938.181,948.764
96,3930158,Scotland,9,92.96875,41.182500000000005,82.38125000000001,58.6075,2,952.504,963.398
97,3930158,Scotland,19,79.75625,58.8625,44.66875,21.462500000000006,2,968.925,992.658
98,3930158,Scotland,7,44.14375,17.552499999999995,28.30624999999999,2.507499999999993,2,1065.611,1070.495
99,3930158,Germany,4,31.368750000000002,4.462500000000006,103.20625,30.8125,2,1071.411,1080.237
100,3930158,Scotland,1,103.55625,31.067500000000003,103.55625,31.067500000000003,2,1080.759,1080.759
101,3930158,Scotland,3,98.74375,36.337500000000006,61.03125000000001,8.797499999999992,2,1099.711,1105.257
102,3930158,Scotland,8,61.03125,8.7975,50.96875,7.947499999999998,2,1120.946,1132.096
103,3930158,Germany,24,50.96875,7.947499999999998,104.95625000000001,0.04250000000000398,2,1132.9285,1167.253
104,3930158,Germany,3,104.95625000000001,0.04250000000000398,104.95625000000001,31.152500000000003,2,1220.182,1223.605
105,3930158,Germany,1,42.91875,64.3025,42.91875,64.3025,2,1263.934,1263.934
106,3930158,Scotland,1,42.481249999999996,63.7075,2.7562499999999943,0.21250000000000568,2,1330.496,1330.496
107,3930158,Germany,12,3.8062500000000004,0.04250000000000398,104.95625000000001,30.982499999999995,2,1341.964,1362.774
108,3930158,Scotland,14,51.668749999999996,34.042500000000004,0.04374999999998863,14.5775,2,1427.222,1448.728
109,3930158,Germany,28,4.9437500000000005,29.537499999999994,104.51875000000001,17.8925,2,1459.394,1507.639
110,3930158,Scotland,9,98.91875,38.1225,12.46875,51.5525,2,1546.317,1562.749
111,3930158,Germany,16,12.46875,51.5525,83.08125,60.0525,2,1566.639,1587.997
112,3930158,Germany,50,73.54375,67.9575,104.95625000000001,0.04250000000000398,2,1593.456,1657.37
113,3930158,Germany,9,104.95625000000001,0.04250000000000398,97.25625000000001,50.0225,2,1703.386,1712.381
114,3930158,Scotland,6,91.65625,40.587500000000006,54.90625,50.5325,2,1759.415,1769.099
115,3930158,Germany,22,46.41875,54.102500000000006,95.15625,29.962500000000006,2,1770.958,1804.708
116,3930158,Scotland,1,91.13125,34.3825,24.80624999999999,67.9575,2,1928.023,1928.023
117,3930158,Germany,16,27.16875,67.9575,63.65624999999999,18.402500000000003,2,1947.338,1975.227
118,3930158,Scotland,14,63.65625,18.402500000000003,78.88125,52.2325,2,1975.857,1989.428
119,3930158,Germany,3,78.88125000000001,52.2325,73.89375,66.59750000000001,2,1990.879,1993.734
120,3930158,Germany,20,73.28125,65.1525,104.95625000000001,0.04250000000000398,2,2004.652,2032.407
121,3930158,Germany,3,104.95625000000001,0.04250000000000398,104.95625000000001,32.427499999999995,2,2059.531,2063.87
122,3930158,Scotland,1,98.91875,37.1025,40.99374999999999,50.70250000000001,2,2122.158,2122.158
123,3930158,Germany,5,40.993750000000006,50.7025,104.34375,27.752499999999998,2,2125.531,2133.609
124,3930158,Scotland,12,98.91875,32.852500000000006,12.55625,34.38249999999999,2,2194.124,2213.2
125,3930158,Germany,33,12.55625,34.38249999999999,103.20625,32.8525,2,2214.77,2273.489
126,3930158,Scotland,1,103.46875,32.9375,103.46875,32.9375,2,2274.38,2274.38
127,3930158,Scotland,29,89.46875,25.7125,67.33125,66.59750000000001,2,2301.335,2340.143
128,3930158,Germany,10,56.91875,67.9575,97.08125,19.762500000000003,2,2350.629,2368.183
129,3930158,Scotland,1,98.91875,30.472499999999997,37.58125,8.8825,2,2401.505,2401.505
130,3930158,Germany,4,37.581250000000004,8.8825,104.95625000000001,37.1875,2,2404.801,2411.694
131,3930158,Scotland,3,99.35625,33.1075,43.706250000000004,3.3575000000000017,2,2448.977,2453.95
132,3930158,Scotland,5,43.09375,4.887500000000003,8.96875,40.1625,2,2488.355,2492.702
133,3930158,Germany,75,52.456250000000004,34.0425,98.21875,39.0575,2,2575.991,2673.774
134,3930158,Scotland,2,92.26875,42.3725,22.61874999999999,0.3824999999999932,2,2712.286,2715.922
135,3930158,Germany,11,23.93125,0.04250000000000398,55.518750000000004,37.86749999999999,2,2720.824,2736.517
136,3930158,Scotland,10,68.90625,28.177500000000002,24.71875,29.9625,2,2738.648,2748.145
137,3930158,Germany,66,24.71875,29.962500000000006,104.95625000000001,31.067499999999995,2,2751.804,2852.605
