possession,game_id,possession_team,length,start_position,end_position,period_id,start_timestamp,end_timestamp
2,3942819,England,13,"[60.0, 40.0]","[81.3, 49.9]",1,0 days 00:00:00.355000,0 days 00:00:14.937000
3,3942819,Netherlands,5,"[50.0, 29.3]","[50.5, 29.3]",1,0 days 00:00:16.384000,0 days 00:00:16.744000
4,3942819,Netherlands,35,"[50.1, 16.3]","[83.5, 75.9]",1,0 days 00:00:23.802000,0 days 00:01:02.251000
5,3942819,England,96,"[36.4, 4.2]","[70.7, 24.3]",1,0 days 00:01:20.961000,0 days 00:02:42.372000
6,3942819,England,17,"[63.7, 17.9]","[74.2, 28.6]",1,0 days 00:03:05.757000,0 days 00:03:16.327000
7,3942819,Netherlands,27,"[45.9, 51.5]","[96.6, 48.6]",1,0 days 00:03:16.327000,0 days 00:03:37.728000
8,3942819,England,33,"[8.2, 33.1]","[111.5, 5.3]",1,0 days 00:03:37.728000,0 days 00:04:26.933000
9,3942819,Netherlands,39,"[13.6, 62.5]","[57.1, 6.7]",1,0 days 00:04:45.317000,0 days 00:05:33.191000
10,3942819,England,43,"[63.0, 73.4]","[77.5, 32.9]",1,0 days 00:05:33.191000,0 days 00:06:07.448000
11,3942819,Netherlands,31,"[9.4, 60.2]","[2.7, 38.6]",1,0 days 00:06:07.448000,0 days 00:06:42.310000
12,3942819,England,43,"[60.0, 40.0]","[91.0, 18.7]",1,0 days 00:07:51.394000,0 days 00:09:29.875000
13,3942819,England,13,"[90.4, 17.7]","[84.4, 46.9]",1,0 days 00:10:31.421000,0 days 00:10:44.628000
14,3942819,England,6,"[84.0, 53.0]","[4.3, 46.0]",1,0 days 00:11:32.515000,0 days 00:11:35.737000
15,3942819,England,4,"[110.6, 0.1]","[110.6, 1.2]",1,0 days 00:11:57.907000,0 days 00:11:59.714000
16,3942819,Netherlands,20,"[11.6, 77.8]","[51.9, 77.9]",1,0 days 00:12:16.233000,0 days 00:12:30.165000
17,3942819,England,17,"[68.2, 2.2]","[1.7, 40.4]",1,0 days 00:12:30.165000,0 days 00:12:40.707000
18,3942819,England,57,"[106.2, 0.1]","[107.6, 34.3]",1,0 days 00:12:49.440000,0 days 00:13:43.553000
19,3942819,England,2,"[108.1, 40.0]","[1.0, 40.0]",1,0 days 00:17:34.626000,0 days 00:17:35.030000
20,3942819,Netherlands,4,"[61.0, 40.1]","[80.4, 71.5]",1,0 days 00:18:39.868000,0 days 00:18:48.608000
21,3942819,England,1,"[39.4, 0.1]","[39.4, 0.1]",1,0 days 00:19:00.772000,0 days 00:19:00.772000
22,3942819,Netherlands,21,"[28.7, 71.3]","[46.2, 75.4]",1,0 days 00:19:07.359000,0 days 00:19:27.157000
23,3942819,Netherlands,25,"[64.8, 0.1]","[61.2, 15.7]",1,0 days 00:19:41.627000,0 days 00:20:05.383000
24,3942819,England,63,"[51.5, 80.0]","[97.5, 50.4]",1,0 days 00:20:13.512000,0 days 00:21:31.934000
25,3942819,Netherlands,8,"[15.5, 33.2]","[87.6, 72.6]",1,0 days 00:21:31.934000,0 days 00:21:36.803000
26,3942819,Netherlands,11,"[34.7, 0.1]","[62.4, 22.7]",1,0 days 00:21:59.420000,0 days 00:22:06.760000
27,3942819,England,29,"[46.5, 40.6]","[3.3, 38.9]",1,0 days 00:22:06.760000,0 days 00:22:30.413000
28,3942819,England,28,"[103.2, 80.0]","[98.6, 61.4]",1,0 days 00:22:44.504000,0 days 00:23:10.840000
30,3942819,England,88,"[104.1, 73.4]","[72.8, 1.0]",1,0 days 00:23:36.065000,0 days 00:24:57.645000
31,3942819,Netherlands,51,"[40.2, 69.0]","[16.4, 9.6]",1,0 days 00:24:59.668000,0 days 00:25:49.273000
32,3942819,Netherlands,56,"[85.1, 80.0]","[92.3, 63.3]",1,0 days 00:26:12.926000,0 days 00:27:08.336000
33,3942819,England,40,"[29.2, 18.1]","[74.7, 1.4]",1,0 days 00:27:08.336000,0 days 00:28:06.561000
34,3942819,Netherlands,14,"[40.1, 68.0]","[2.5, 38.9]",1,0 days 00:28:07.122000,0 days 00:28:15.223000
35,3942819,Netherlands,5,"[120.0, 80.0]","[1.0, 39.2]",1,0 days 00:29:07.009000,0 days 00:29:09.279000
36,3942819,England,94,"[2.1, 38.9]","[2.3, 39.0]",1,0 days 00:29:36.335000,0 days 00:31:22.043000
37,3942819,Netherlands,5,"[6.5, 33.5]","[69.4, 72.7]",1,0 days 00:31:56.797000,0 days 00:32:04.465000
38,3942819,England,45,"[48.2, 7.5]","[11.1, 47.4]",1,0 days 00:32:04.465000,0 days 00:32:46.995000
39,3942819,Netherlands,8,"[6.5, 48.5]","[83.5, 67.1]",1,0 days 00:34:50.663000,0 days 00:34:57.930000
40,3942819,England,54,"[35.6, 25.0]","[101.6, 12.7]",1,0 days 00:34:57.930000,0 days 00:36:14.829000
41,3942819,Netherlands,10,"[18.3, 80.0]","[23.2, 33.7]",1,0 days 00:36:34.711000,0 days 00:36:44.376000
42,3942819,England,93,"[15.0, 25.9]","[98.4, 50.6]",1,0 days 00:36:46.258000,0 days 00:38:41.345000
43,3942819,Netherlands,1,"[1.8, 39.6]","[1.8, 39.6]",1,0 days 00:38:42.361000,0 days 00:38:42.361000
44,3942819,Netherlands,24,"[4.6, 42.0]","[89.5, 47.2]",1,0 days 00:39:05.033000,0 days 00:39:35.003000
45,3942819,England,57,"[31.4, 29.5]","[2.7, 38.1]",1,0 days 00:39:35.003000,0 days 00:40:27.414000
46,3942819,England,9,"[111.5, 80.0]","[81.6, 54.8]",1,0 days 00:40:49.165000,0 days 00:40:53.818000
47,3942819,Netherlands,28,"[37.9, 25.7]","[79.6, 78.6]",1,0 days 00:40:54.108000,0 days 00:41:18.481000
48,3942819,England,136,"[35.6, 0.1]","[113.1, 19.5]",1,0 days 00:41:43.602000,0 days 00:44:27.405000
49,3942819,Netherlands,172,"[2.8, 43.4]","[114.2, 52.8]",1,0 days 00:44:28.446000,0 days 00:47:35.428000
50,3942819,England,1,"[5.2, 45.3]","[5.2, 45.3]",1,0 days 00:48:07.785000,0 days 00:48:07.785000
51,3942819,Netherlands,33,"[60.0, 40.0]","[63.1, 63.8]",2,0 days 00:00:00.529000,0 days 00:00:25.878000
52,3942819,England,19,"[57.0, 20.0]","[48.7, 66.6]",2,0 days 00:00:26.591000,0 days 00:00:40.966000
53,3942819,England,23,"[42.9, 62.9]","[76.0, 3.2]",2,0 days 00:01:05.674000,0 days 00:01:27.521000
54,3942819,England,12,"[35.7, 80.0]","[114.9, 11.2]",2,0 days 00:01:55.613000,0 days 00:02:10.793000
55,3942819,Netherlands,10,"[4.2, 34.2]","[76.7, 2.7]",2,0 days 00:02:33.044000,0 days 00:02:44.793000
56,3942819,England,28,"[10.6, 60.2]","[47.0, 2.6]",2,0 days 00:02:44.793000,0 days 00:03:16.840000
57,3942819,England,5,"[80.0, 80.0]","[117.9, 61.7]",2,0 days 00:03:26.658000,0 days 00:03:30.565000
58,3942819,Netherlands,12,"[15.7, 48.3]","[52.6, 56.0]",2,0 days 00:03:32.428000,0 days 00:03:38.100000
59,3942819,Netherlands,34,"[52.3, 52.4]","[71.8, 63.8]",2,0 days 00:03:47.306000,0 days 00:04:21.263000
60,3942819,England,12,"[47.8, 18.5]","[87.0, 75.8]",2,0 days 00:04:21.296000,0 days 00:04:29.244000
61,3942819,England,17,"[42.6, 0.1]","[47.7, 27.7]",2,0 days 00:04:48.770000,0 days 00:05:13.869000
62,3942819,Netherlands,11,"[18.7, 56.6]","[88.5, 36.4]",2,0 days 00:05:17.159000,0 days 00:05:24.327000
63,3942819,Netherlands,31,"[31.6, 43.7]","[61.5, 63.6]",2,0 days 00:05:38.662000,0 days 00:06:08.371000
64,3942819,England,66,"[52.4, 21.1]","[8.8, 53.2]",2,0 days 00:06:08.371000,0 days 00:07:25.708000
65,3942819,England,25,"[108.7, 0.1]","[93.7, 31.2]",2,0 days 00:07:32.622000,0 days 00:08:00.102000
66,3942819,Netherlands,18,"[26.4, 48.9]","[106.5, 68.2]",2,0 days 00:08:00.102000,0 days 00:08:16.655000
67,3942819,England,14,"[17.1, 0.1]","[69.8, 4.6]",2,0 days 00:08:45.890000,0 days 00:09:02.901000
68,3942819,Netherlands,31,"[36.2, 80.0]","[67.7, 74.2]",2,0 days 00:09:28.101000,0 days 00:10:08.361000
69,3942819,England,7,"[52.4, 5.9]","[49.9, 73.5]",2,0 days 00:10:08.361000,0 days 00:10:12.848000
70,3942819,England,16,"[57.0, 0.1]","[48.0, 14.3]",2,0 days 00:10:18.852000,0 days 00:10:35.298000
71,3942819,Netherlands,22,"[23.5, 20.4]","[78.3, 58.6]",2,0 days 00:10:36.737000,0 days 00:10:53.460000
72,3942819,England,108,"[36.2, 18.0]","[20.6, 24.5]",2,0 days 00:10:53.460000,0 days 00:12:55.010000
73,3942819,England,25,"[64.1, 80.0]","[90.0, 26.9]",2,0 days 00:13:06.713000,0 days 00:13:35.665000
74,3942819,Netherlands,12,"[30.1, 53.2]","[64.8, 74.5]",2,0 days 00:13:35.665000,0 days 00:13:45.323000
75,3942819,England,56,"[57.0, 0.1]","[90.6, 77.5]",2,0 days 00:13:58.973000,0 days 00:14:51.999000
76,3942819,Netherlands,10,"[30.1, 0.1]","[111.1, 44.5]",2,0 days 00:14:55.012000,0 days 00:15:12.079000
77,3942819,England,59,"[7.0, 49.3]","[99.5, 4.3]",2,0 days 00:15:25.915000,0 days 00:16:35.465000
78,3942819,Netherlands,4,"[20.6, 75.8]","[21.8, 72.7]",2,0 days 00:16:35.465000,0 days 00:16:36.183000
79,3942819,Netherlands,40,"[21.3, 71.9]","[92.2, 71.5]",2,0 days 00:17:01.903000,0 days 00:17:42.327000
80,3942819,England,8,"[8.2, 17.4]","[4.9, 11.9]",2,0 days 00:17:42.327000,0 days 00:17:50.077000
81,3942819,Netherlands,18,"[82.9, 80.0]","[79.8, 69.9]",2,0 days 00:17:58.466000,0 days 00:18:10.512000
82,3942819,Netherlands,6,"[78.5, 70.2]","[1.0, 41.4]",2,0 days 00:19:18.672000,0 days 00:19:21.507000
83,3942819,Netherlands,5,"[120.0, 80.0]","[1.1, 38.6]",2,0 days 00:19:52.406000,0 days 00:19:54.412000
84,3942819,England,10,"[5.8, 37.2]","[50.1, 37.1]",2,0 days 00:20:26.225000,0 days 00:20:36.887000
85,3942819,England,26,"[51.9, 38.2]","[90.6, 54.7]",2,0 days 00:21:22.579000,0 days 00:21:42.052000
86,3942819,Netherlands,51,"[20.3, 25.6]","[4.6, 34.1]",2,0 days 00:21:43.382000,0 days 00:22:36.376000
87,3942819,Netherlands,3,"[120.0, 80.0]","[5.9, 48.9]",2,0 days 00:23:25.895000,0 days 00:23:27.084000
88,3942819,England,24,"[3.6, 40.7]","[100.7, 22.0]",2,0 days 00:23:46.247000,0 days 00:24:20.816000
89,3942819,Netherlands,90,"[3.6, 31.7]","[68.3, 54.4]",2,0 days 00:24:47.861000,0 days 00:26:05.506000
90,3942819,Netherlands,22,"[68.3, 53.5]","[33.9, 77.4]",2,0 days 00:26:37.571000,0 days 00:26:56.328000
91,3942819,England,5,"[35.4, 58.2]","[47.7, 59.1]",2,0 days 00:26:58.252000,0 days 00:27:00.395000
92,3942819,England,52,"[43.1, 68.1]","[97.2, 76.9]",2,0 days 00:27:14.984000,0 days 00:28:07.383000
93,3942819,Netherlands,19,"[4.2, 30.7]","[90.5, 4.0]",2,0 days 00:28:36.973000,0 days 00:28:57.663000
94,3942819,Netherlands,149,"[37.1, 80.0]","[0.9, 39.9]",2,0 days 00:29:26.128000,0 days 00:31:59.870000
95,3942819,England,15,"[10.6, 37.6]","[78.6, 69.3]",2,0 days 00:32:22.967000,0 days 00:32:29.441000
96,3942819,England,50,"[50.9, 0.1]","[117.9, 60.8]",2,0 days 00:32:49.946000,0 days 00:33:48.281000
97,3942819,Netherlands,24,"[10.3, 22.5]","[76.4, 58.1]",2,0 days 00:35:20.161000,0 days 00:35:40.921000
98,3942819,England,79,"[44.1, 19.4]","[79.3, 26.9]",2,0 days 00:35:40.921000,0 days 00:37:08.622000
99,3942819,Netherlands,88,"[40.8, 53.2]","[10.6, 43.9]",2,0 days 00:37:08.622000,0 days 00:38:12.324000
100,3942819,England,33,"[6.7, 49.9]","[110.6, 28.7]",2,0 days 00:38:13.579000,0 days 00:39:03.667000
101,3942819,Netherlands,9,"[14.1, 52.0]","[33.2, 71.5]",2,0 days 00:39:03.667000,0 days 00:39:12.342000
102,3942819,England,7,"[86.9, 8.6]","[42.4, 71.5]",2,0 days 00:39:12.342000,0 days 00:39:15.161000
103,3942819,England,11,"[77.7, 7.1]","[92.0, 19.4]",2,0 days 00:39:38.298000,0 days 00:39:47.215000
104,3942819,Netherlands,14,"[20.9, 59.2]","[90.5, 20.4]",2,0 days 00:39:47.967000,0 days 00:40:00.133000
105,3942819,Netherlands,5,"[85.8, 19.8]","[8.8, 32.5]",2,0 days 00:41:02.108000,0 days 00:41:26.052000
106,3942819,England,44,"[7.0, 36.5]","[2.2, 38.9]",2,0 days 00:41:50.304000,0 days 00:42:48.946000
107,3942819,Netherlands,4,"[6.0, 46.8]","[65.2, 51.7]",2,0 days 00:43:33.415000,0 days 00:43:37.287000
108,3942819,England,5,"[27.9, 24.1]","[30.0, 21.1]",2,0 days 00:43:38.033000,0 days 00:43:39.492000
109,3942819,England,53,"[35.7, 24.6]","[1.7, 36.4]",2,0 days 00:43:59.974000,0 days 00:45:18.606000
110,3942819,Netherlands,39,"[60.0, 40.0]","[63.2, 23.5]",2,0 days 00:48:04.769000,0 days 00:48:41.477000
111,3942819,Netherlands,15,"[34.2, 80.0]","[79.8, 59.2]",2,0 days 00:48:45.209000,0 days 00:48:59.912000
112,3942819,England,7,"[40.3, 20.9]","[71.6, 16.3]",2,0 days 00:48:59.912000,0 days 00:49:05.565000
113,3942819,Netherlands,23,"[45.4, 54.6]","[68.7, 5.1]",2,0 days 00:49:05.565000,0 days 00:49:30.533000
114,3942819,England,2,"[68.7, 5.9]","[8.8, 68.4]",2,0 days 00:50:01.232000,0 days 00:50:04.434000
2,3943043,England,5,"[60.0, 40.0]","[96.8, 56.5]",1,0 days 00:00:00.340000,0 days 00:00:09.879000
3,3943043,Spain,15,"[6.9, 39.6]","[55.0, 13.2]",1,0 days 00:00:34.440000,0 days 00:00:42.143000
4,3943043,Spain,38,"[72.5, 80.0]","[98.3, 65.4]",1,0 days 00:00:56.844000,0 days 00:01:31.930000
5,3943043,England,14,"[21.8, 14.7]","[51.1, 2.4]",1,0 days 00:01:31.930000,0 days 00:01:39.129000
6,3943043,Spain,11,"[69.0, 77.7]","[86.6, 3.3]",1,0 days 00:01:39.129000,0 days 00:01:53.324000
7,3943043,Spain,51,"[41.1, 80.0]","[69.6, 70.8]",1,0 days 00:02:12.264000,0 days 00:03:07.260000
8,3943043,England,15,"[50.5, 13.0]","[61.6, 26.5]",1,0 days 00:03:07.283000,0 days 00:03:20.262000
9,3943043,Spain,51,"[43.5, 39.1]","[8.6, 44.8]",1,0 days 00:03:22.368000,0 days 00:04:18.534000
10,3943043,Spain,6,"[120.0, 0.1]","[77.5, 35.1]",1,0 days 00:04:47.906000,0 days 00:04:54.205000
11,3943043,England,11,"[22.8, 45.4]","[85.1, 18.8]",1,0 days 00:04:55.787000,0 days 00:05:00.075000
12,3943043,Spain,132,"[56.1, 5.1]","[15.4, 53.4]",1,0 days 00:05:03.269000,0 days 00:07:12.554000
13,3943043,England,9,"[10.8, 51.4]","[115.0, 6.5]",1,0 days 00:07:13.553000,0 days 00:07:17.701000
14,3943043,England,5,"[11.8, 80.0]","[50.1, 65.8]",1,0 days 00:07:44.915000,0 days 00:07:48.164000
15,3943043,Spain,21,"[63.4, 14.9]","[92.4, 28.3]",1,0 days 00:07:48.164000,0 days 00:08:02.208000
16,3943043,England,8,"[20.5, 54.6]","[40.8, 69.9]",1,0 days 00:08:02.208000,0 days 00:08:06.472000
17,3943043,Spain,17,"[67.8, 0.1]","[74.9, 43.0]",1,0 days 00:08:10.441000,0 days 00:08:29.194000
18,3943043,England,7,"[46.1, 50.3]","[64.5, 28.1]",1,0 days 00:08:29.194000,0 days 00:08:32.198000
19,3943043,England,30,"[51.1, 80.0]","[72.6, 10.6]",1,0 days 00:08:52.983000,0 days 00:09:29.599000
20,3943043,England,3,"[75.2, 10.6]","[13.7, 33.6]",1,0 days 00:10:13.679000,0 days 00:10:15.682000
21,3943043,Spain,39,"[13.5, 33.6]","[1.8, 44.1]",1,0 days 00:10:30.241000,0 days 00:11:13.874000
22,3943043,Spain,8,"[120.0, 0.1]","[1.1, 37.6]",1,0 days 00:12:18.530000,0 days 00:12:22.725000
23,3943043,England,1,"[6.0, 42.4]","[6.0, 42.4]",1,0 days 00:13:02.201000,0 days 00:13:02.201000
24,3943043,Spain,28,"[10.7, 43.3]","[12.4, 42.4]",1,0 days 00:13:08.562000,0 days 00:13:52.733000
25,3943043,England,10,"[18.5, 40.8]","[62.7, 75.8]",1,0 days 00:13:53.889000,0 days 00:14:01.014000
26,3943043,England,19,"[59.5, 0.1]","[4.0, 35.1]",1,0 days 00:14:30.749000,0 days 00:14:43.997000
27,3943043,England,92,"[120.0, 80.0]","[99.5, 45.2]",1,0 days 00:15:18.658000,0 days 00:16:55.548000
28,3943043,Spain,8,"[16.2, 36.5]","[74.8, 5.5]",1,0 days 00:16:55.726000,0 days 00:17:02.046000
29,3943043,Spain,40,"[38.2, 80.0]","[18.3, 39.5]",1,0 days 00:17:14.612000,0 days 00:18:05.627000
30,3943043,Spain,25,"[71.0, 0.1]","[88.3, 69.5]",1,0 days 00:18:20.132000,0 days 00:18:48.933000
31,3943043,England,11,"[4.0, 39.5]","[58.5, 2.4]",1,0 days 00:18:50.827000,0 days 00:19:15.050000
32,3943043,Spain,86,"[45.1, 80.0]","[98.3, 31.0]",1,0 days 00:19:20.480000,0 days 00:20:51.895000
33,3943043,England,16,"[22.2, 49.6]","[21.8, 73.6]",1,0 days 00:20:51.895000,0 days 00:21:01.932000
34,3943043,England,18,"[20.1, 72.5]","[84.9, 51.6]",1,0 days 00:21:48.282000,0 days 00:22:01.830000
35,3943043,Spain,11,"[29.7, 27.4]","[49.8, 12.0]",1,0 days 00:22:01.830000,0 days 00:22:06.839000
36,3943043,Spain,18,"[54.5, 0.1]","[110.0, 36.0]",1,0 days 00:22:28.539000,0 days 00:22:46.585000
37,3943043,England,8,"[8.3, 42.8]","[24.5, 27.1]",1,0 days 00:22:46.585000,0 days 00:22:54.003000
38,3943043,Spain,9,"[93.0, 50.8]","[8.5, 23.8]",1,0 days 00:22:54.003000,0 days 00:22:58.287000
39,3943043,Spain,10,"[120.0, 80.0]","[43.8, 21.0]",1,0 days 00:23:11.019000,0 days 00:23:20.833000
40,3943043,England,28,"[53.2, 25.3]","[14.0, 38.7]",1,0 days 00:24:02.505000,0 days 00:24:20.180000
41,3943043,Spain,8,"[46.2, 34.9]","[49.8, 12.6]",1,0 days 00:24:21.835000,0 days 00:24:26.240000
42,3943043,England,17,"[70.3, 67.5]","[28.3, 30.0]",1,0 days 00:24:26.240000,0 days 00:24:38.584000
43,3943043,Spain,31,"[21.9, 35.7]","[43.2, 6.1]",1,0 days 00:26:13.249000,0 days 00:26:42.247000
44,3943043,Spain,51,"[76.9, 80.0]","[15.8, 31.6]",1,0 days 00:26:45.299000,0 days 00:27:27.926000
45,3943043,England,1,"[2.2, 37.5]","[2.2, 37.5]",1,0 days 00:27:29.053000,0 days 00:27:29.053000
46,3943043,England,46,"[15.9, 35.0]","[14.4, 77.7]",1,0 days 00:27:50.717000,0 days 00:28:34.102000
47,3943043,Spain,10,"[14.6, 80.0]","[100.4, 2.0]",1,0 days 00:28:47.394000,0 days 00:28:51.195000
48,3943043,Spain,14,"[27.2, 80.0]","[2.9, 48.6]",1,0 days 00:29:01.553000,0 days 00:29:09.684000
49,3943043,England,15,"[63.5, 27.9]","[34.3, 41.4]",1,0 days 00:29:11.957000,0 days 00:29:20.212000
50,3943043,Spain,19,"[4.7, 26.5]","[85.3, 32.7]",1,0 days 00:29:23.091000,0 days 00:29:44.207000
51,3943043,England,14,"[30.9, 41.2]","[33.6, 42.6]",1,0 days 00:29:44.207000,0 days 00:29:57.130000
52,3943043,England,18,"[35.5, 43.2]","[56.4, 7.7]",1,0 days 00:31:32.614000,0 days 00:31:43.520000
53,3943043,England,10,"[56.6, 21.8]","[89.8, 8.3]",1,0 days 00:32:00.919000,0 days 00:32:13.478000
54,3943043,Spain,11,"[27.4, 72.0]","[8.0, 45.4]",1,0 days 00:32:13.682000,0 days 00:32:20.813000
56,3943043,Spain,49,"[11.1, 43.1]","[5.3, 18.3]",1,0 days 00:32:41.412000,0 days 00:33:32.034000
57,3943043,Spain,2,"[120.0, 80.0]","[8.3, 45.8]",1,0 days 00:34:05.607000,0 days 00:34:07.734000
58,3943043,Spain,72,"[120.0, 0.1]","[100.3, 8.0]",1,0 days 00:34:53.119000,0 days 00:35:55.374000
59,3943043,England,7,"[6.0, 44.8]","[81.9, 66.0]",1,0 days 00:36:33.546000,0 days 00:36:40.503000
60,3943043,Spain,64,"[37.8, 15.5]","[96.7, 21.8]",1,0 days 00:36:40.503000,0 days 00:37:50.351000
61,3943043,England,31,"[4.0, 45.4]","[64.4, 42.6]",1,0 days 00:38:19.053000,0 days 00:38:41.840000
62,3943043,Spain,16,"[44.9, 34.7]","[69.0, 5.3]",1,0 days 00:38:41.840000,0 days 00:38:50.802000
63,3943043,England,43,"[51.1, 74.8]","[21.9, 49.1]",1,0 days 00:38:50.802000,0 days 00:39:35.384000
64,3943043,Spain,46,"[24.8, 39.3]","[30.9, 5.7]",1,0 days 00:39:37.004000,0 days 00:40:23.191000
65,3943043,Spain,16,"[84.9, 80.0]","[87.7, 55.0]",1,0 days 00:40:30.577000,0 days 00:40:39.909000
66,3943043,England,28,"[34.8, 26.2]","[106.1, 32.2]",1,0 days 00:40:39.909000,0 days 00:41:01.677000
67,3943043,Spain,30,"[18.6, 44.0]","[96.7, 77.3]",1,0 days 00:41:01.677000,0 days 00:41:27.991000
68,3943043,England,4,"[34.0, 0.1]","[62.7, 13.9]",1,0 days 00:41:58.536000,0 days 00:42:02.167000
69,3943043,Spain,22,"[45.1, 64.0]","[4.6, 47.3]",1,0 days 00:42:02.167000,0 days 00:42:24.636000
70,3943043,Spain,4,"[120.0, 0.1]","[5.2, 41.4]",1,0 days 00:42:59.377000,0 days 00:43:00.930000
71,3943043,England,5,"[8.1, 19.2]","[116.8, 76.4]",1,0 days 00:43:03.406000,0 days 00:43:08.788000
72,3943043,England,4,"[6.0, 43.8]","[91.5, 59.9]",1,0 days 00:43:46.936000,0 days 00:43:51.569000
73,3943043,Spain,12,"[27.8, 24.7]","[27.9, 60.7]",1,0 days 00:43:51.569000,0 days 00:44:00.251000
74,3943043,England,14,"[92.2, 19.4]","[91.3, 61.3]",1,0 days 00:44:00.251000,0 days 00:44:08.846000
75,3943043,England,6,"[91.1, 62.7]","[114.4, 29.9]",1,0 days 00:45:39.709000,0 days 00:45:41.987000
76,3943043,Spain,1,"[1.2, 41.4]","[1.2, 41.4]",1,0 days 00:45:42.515000,0 days 00:45:42.515000
77,3943043,Spain,4,"[3.6, 43.5]","[65.5, 6.2]",1,0 days 00:46:03.562000,0 days 00:46:11.414000
78,3943043,England,3,"[6.0, 42.8]","[87.4, 75.0]",1,0 days 00:46:40.055000,0 days 00:46:45.274000
79,3943043,Spain,9,"[32.7, 5.1]","[55.1, 76.2]",1,0 days 00:46:45.274000,0 days 00:46:57.629000
80,3943043,Spain,37,"[60.0, 40.0]","[66.9, 78.8]",2,0 days 00:00:00.293000,0 days 00:00:32.169000
81,3943043,Spain,32,"[40.7, 0.1]","[2.7, 43.0]",2,0 days 00:00:35.121000,0 days 00:01:10.521000
82,3943043,England,6,"[61.0, 40.1]","[94.7, 59.5]",2,0 days 00:02:21.608000,0 days 00:02:31.538000
83,3943043,Spain,41,"[25.4, 20.6]","[2.5, 41.7]",2,0 days 00:02:31.538000,0 days 00:03:20
84,3943043,England,39,"[5.8, 45.8]","[64.5, 28.1]",2,0 days 00:03:43.468000,0 days 00:04:13.487000
85,3943043,Spain,19,"[55.6, 52.0]","[57.6, 61.4]",2,0 days 00:04:13.487000,0 days 00:04:20.533000
86,3943043,England,9,"[62.5, 18.7]","[47.8, 75.0]",2,0 days 00:04:20.533000,0 days 00:04:23.818000
87,3943043,England,20,"[70.3, 0.1]","[102.2, 11.2]",2,0 days 00:04:33.938000,0 days 00:04:53.837000
88,3943043,Spain,6,"[5.4, 39.5]","[78.1, 60.5]",2,0 days 00:05:13.283000,0 days 00:05:23.072000
89,3943043,England,55,"[42.0, 19.6]","[102.2, 72.3]",2,0 days 00:05:23.072000,0 days 00:06:18.771000
90,3943043,Spain,40,"[11.2, 80.0]","[71.9, 36.9]",2,0 days 00:06:48.040000,0 days 00:07:31.372000
91,3943043,Spain,90,"[74.2, 34.8]","[2.4, 40.0]",2,0 days 00:07:54.822000,0 days 00:09:15.768000
92,3943043,Spain,55,"[94.0, 0.1]","[1.3, 40.4]",2,0 days 00:09:27.417000,0 days 00:10:24.200000
93,3943043,England,6,"[6.7, 43.5]","[44.6, 69.7]",2,0 days 00:10:42.907000,0 days 00:10:46.423000
94,3943043,England,50,"[37.0, 77.6]","[79.2, 9.1]",2,0 days 00:10:58.454000,0 days 00:11:48.639000
95,3943043,Spain,4,"[38.2, 80.0]","[73.4, 73.6]",2,0 days 00:12:07.066000,0 days 00:12:09.413000
96,3943043,England,29,"[46.7, 6.5]","[50.3, 78.5]",2,0 days 00:12:09.413000,0 days 00:12:30.718000
97,3943043,Spain,64,"[69.8, 0.1]","[17.2, 29.1]",2,0 days 00:12:47.862000,0 days 00:13:51.478000
98,3943043,England,71,"[8.4, 42.3]","[30.9, 71.7]",2,0 days 00:13:53.658000,0 days 00:15:00.851000
99,3943043,England,55,"[85.4, 0.1]","[99.5, 74.6]",2,0 days 00:15:42.158000,0 days 00:16:30.352000
100,3943043,England,25,"[99.0, 72.3]","[2.8, 40.5]",2,0 days 00:17:42.500000,0 days 00:18:13.667000
101,3943043,Spain,9,"[5.4, 30.5]","[64.7, 49.5]",2,0 days 00:19:13.070000,0 days 00:19:20.788000
102,3943043,England,17,"[58.7, 24.9]","[110.3, 29.1]",2,0 days 00:19:20.788000,0 days 00:19:37.732000
103,3943043,Spain,5,"[6.0, 31.1]","[4.5, 39.5]",2,0 days 00:20:05.804000,0 days 00:20:08.834000
104,3943043,England,10,"[55.1, 51.6]","[29.0, 25.6]",2,0 days 00:20:11.750000,0 days 00:20:35.267000
105,3943043,Spain,17,"[42.0, 16.7]","[6.3, 37.1]",2,0 days 00:20:37.857000,0 days 00:20:45.856000
106,3943043,Spain,15,"[120.0, 0.1]","[21.5, 14.8]",2,0 days 00:21:25.672000,0 days 00:21:33.337000
107,3943043,Spain,9,"[92.8, 80.0]","[111.4, 70.8]",2,0 days 00:22:38.600000,0 days 00:22:43.427000
108,3943043,England,9,"[4.7, 41.8]","[34.4, 70.6]",2,0 days 00:22:58.177000,0 days 00:23:04.441000
109,3943043,Spain,12,"[85.7, 9.5]","[11.7, 44.5]",2,0 days 00:23:04.441000,0 days 00:23:10.777000
110,3943043,Spain,25,"[120.0, 80.0]","[1.3, 40.5]",2,0 days 00:23:43.051000,0 days 00:24:08.603000
111,3943043,England,18,"[6.7, 40.9]","[26.8, 44.2]",2,0 days 00:24:54.999000,0 days 00:25:09.818000
112,3943043,England,16,"[74.4, 80.0]","[85.9, 67.1]",2,0 days 00:25:16.923000,0 days 00:25:29.590000
113,3943043,Spain,43,"[34.2, 13.0]","[63.6, 54.5]",2,0 days 00:25:29.590000,0 days 00:26:05.757000
114,3943043,England,9,"[55.3, 39.3]","[70.4, 32.0]",2,0 days 00:26:33.950000,0 days 00:26:44.045000
115,3943043,Spain,10,"[55.0, 46.9]","[112.0, 24.9]",2,0 days 00:26:44.045000,0 days 00:26:50.818000
116,3943043,England,1,"[1.7, 43.3]","[1.7, 43.3]",2,0 days 00:26:51.437000,0 days 00:26:51.437000
117,3943043,England,20,"[14.8, 48.8]","[98.4, 49.0]",2,0 days 00:26:53.760000,0 days 00:27:08.643000
118,3943043,Spain,2,"[13.8, 34.5]","[1.9, 39.4]",2,0 days 00:27:08.881000,0 days 00:27:09.484000
119,3943043,Spain,19,"[60.0, 40.0]","[55.7, 42.7]",2,0 days 00:28:21.737000,0 days 00:28:40.209000
120,3943043,England,38,"[63.6, 39.6]","[8.1, 34.5]",2,0 days 00:28:40.244000,0 days 00:29:14.333000
121,3943043,England,18,"[93.3, 80.0]","[12.5, 8.5]",2,0 days 00:29:31.228000,0 days 00:29:49.129000
122,3943043,England,10,"[107.3, 80.0]","[90.0, 48.1]",2,0 days 00:30:21.918000,0 days 00:30:35.610000
123,3943043,Spain,101,"[5.0, 35.0]","[6.2, 46.5]",2,0 days 00:30:41.956000,0 days 00:32:40.317000
124,3943043,Spain,6,"[120.0, 0.1]","[15.3, 34.5]",2,0 days 00:33:17.147000,0 days 00:33:23.106000
125,3943043,Spain,42,"[65.3, 80.0]","[118.2, 61.0]",2,0 days 00:33:44.546000,0 days 00:34:26.184000
126,3943043,England,1,"[7.0, 41.0]","[7.0, 41.0]",2,0 days 00:34:58.687000,0 days 00:34:58.687000
127,3943043,Spain,37,"[50.3, 38.3]","[42.6, 21.6]",2,0 days 00:35:01.325000,0 days 00:35:55.835000
128,3943043,England,11,"[42.2, 24.8]","[57.2, 52.9]",2,0 days 00:35:56.189000,0 days 00:36:01.027000
129,3943043,Spain,18,"[62.9, 27.2]","[14.2, 38.5]",2,0 days 00:36:01.027000,0 days 00:36:15.274000
130,3943043,Spain,47,"[78.7, 80.0]","[99.7, 13.3]",2,0 days 00:36:22.304000,0 days 00:37:09.913000
131,3943043,England,5,"[20.4, 66.8]","[92.3, 12.2]",2,0 days 00:37:09.913000,0 days 00:37:11.544000
132,3943043,England,14,"[30.6, 80.0]","[61.4, 54.1]",2,0 days 00:37:51.740000,0 days 00:38:03.278000
133,3943043,Spain,69,"[26.8, 31.3]","[18.7, 34.5]",2,0 days 00:38:03.278000,0 days 00:39:04.041000
134,3943043,Spain,20,"[120.0, 80.0]","[113.9, 38.3]",2,0 days 00:39:33.638000,0 days 00:39:58.447000
135,3943043,England,32,"[5.6, 39.0]","[80.8, 17.0]",2,0 days 00:39:58.447000,0 days 00:40:40.412000
136,3943043,Spain,20,"[34.3, 80.0]","[4.7, 42.2]",2,0 days 00:40:43.586000,0 days 00:40:57.297000
137,3943043,England,23,"[61.0, 40.1]","[10.0, 40.8]",2,0 days 00:42:40.388000,0 days 00:42:59.439000
138,3943043,England,12,"[120.0, 0.1]","[1.2, 40.2]",2,0 days 00:44:12.691000,0 days 00:44:17.758000
139,3943043,Spain,1,"[5.4, 43.8]","[5.4, 43.8]",2,0 days 00:44:57.594000,0 days 00:44:57.594000
140,3943043,England,5,"[42.9, 0.1]","[78.7, 5.7]",2,0 days 00:45:05.088000,0 days 00:45:13.464000
141,3943043,Spain,5,"[38.6, 80.0]","[84.2, 66.0]",2,0 days 00:45:25.157000,0 days 00:45:31.523000
142,3943043,England,6,"[7.0, 45.2]","[22.7, 20.3]",2,0 days 00:45:47.096000,0 days 00:45:54.151000
143,3943043,Spain,3,"[26.1, 21.1]","[81.1, 32.0]",2,0 days 00:46:55.502000,0 days 00:46:59.149000
144,3943043,England,11,"[39.0, 48.1]","[40.7, 71.3]",2,0 days 00:46:59.149000,0 days 00:47:08.964000
145,3943043,England,6,"[40.9, 66.3]","[57.9, 34.6]",2,0 days 00:47:12.613000,0 days 00:47:16.701000
146,3943043,England,9,"[57.5, 36.0]","[14.6, 2.4]",2,0 days 00:47:40.833000,0 days 00:47:47.318000
147,3943043,Spain,4,"[22.9, 5.5]","[21.7, 54.1]",2,0 days 00:48:45.183000,0 days 00:48:49.145000
2,3942752,France,20,"[61.0, 40.1]","[59.4, 70.7]",1,0 days 00:00:00.467000,0 days 00:00:14.413000
3,3942752,Spain,10,"[69.2, 11.0]","[64.7, 31.7]",1,0 days 00:00:15.888000,0 days 00:00:19.524000
4,3942752,France,18,"[55.4, 48.4]","[39.2, 11.5]",1,0 days 00:00:19.524000,0 days 00:00:37.028000
5,3942752,Spain,16,"[68.7, 80.0]","[88.2, 2.5]",1,0 days 00:00:50.874000,0 days 00:01:07.258000
6,3942752,France,7,"[34.2, 80.0]","[50.0, 75.9]",1,0 days 00:01:18.738000,0 days 00:01:20.932000
7,3942752,Spain,28,"[66.1, 0.1]","[113.9, 47.7]",1,0 days 00:01:27.665000,0 days 00:02:16.175000
8,3942752,France,32,"[6.2, 31.0]","[72.2, 19.6]",1,0 days 00:02:42.897000,0 days 00:03:07.415000
9,3942752,France,10,"[76.2, 20.1]","[107.5, 26.2]",1,0 days 00:03:20.551000,0 days 00:03:29.595000
10,3942752,Spain,12,"[24.3, 50.6]","[80.6, 21.9]",1,0 days 00:03:29.595000,0 days 00:03:38.394000
11,3942752,France,20,"[40.9, 62.6]","[53.9, 74.0]",1,0 days 00:03:38.734000,0 days 00:03:51.722000
12,3942752,Spain,66,"[66.8, 5.2]","[1.5, 42.4]",1,0 days 00:03:51.722000,0 days 00:04:50.209000
13,3942752,France,47,"[6.7, 40.2]","[99.8, 75.6]",1,0 days 00:05:12.933000,0 days 00:05:56.348000
14,3942752,Spain,22,"[19.2, 9.4]","[85.7, 12.4]",1,0 days 00:05:56.348000,0 days 00:06:11.999000
15,3942752,France,12,"[19.4, 62.4]","[23.1, 34.2]",1,0 days 00:06:11.999000,0 days 00:06:21.381000
16,3942752,France,38,"[110.9, 80.0]","[81.9, 24.9]",1,0 days 00:06:53.458000,0 days 00:07:25.406000
17,3942752,France,13,"[74.2, 25.9]","[1.3, 39.5]",1,0 days 00:07:43.694000,0 days 00:08:02.174000
18,3942752,Spain,37,"[60.0, 40.0]","[100.6, 22.0]",1,0 days 00:09:38.766000,0 days 00:10:17.232000
19,3942752,France,10,"[19.5, 58.1]","[33.3, 56.0]",1,0 days 00:10:17.232000,0 days 00:10:21.928000
20,3942752,Spain,105,"[88.9, 24.5]","[7.2, 44.1]",1,0 days 00:10:21.928000,0 days 00:11:48.873000
21,3942752,France,15,"[17.3, 39.0]","[57.2, 28.5]",1,0 days 00:11:50.865000,0 days 00:12:05.148000
22,3942752,Spain,23,"[52.5, 33.8]","[93.1, 5.0]",1,0 days 00:12:05.148000,0 days 00:12:31.449000
23,3942752,France,8,"[33.3, 80.0]","[87.8, 51.5]",1,0 days 00:12:55.357000,0 days 00:12:59.748000
24,3942752,France,18,"[88.6, 45.1]","[79.2, 78.8]",1,0 days 00:15:43.405000,0 days 00:16:02.204000
25,3942752,Spain,20,"[21.8, 0.1]","[63.7, 69.2]",1,0 days 00:16:22.822000,0 days 00:16:43.753000
26,3942752,France,17,"[39.0, 10.6]","[77.9, 2.0]",1,0 days 00:16:43.753000,0 days 00:17:00.362000
27,3942752,Spain,38,"[42.5, 80.0]","[15.9, 60.9]",1,0 days 00:17:06.435000,0 days 00:17:54.514000
28,3942752,France,28,"[8.9, 59.6]","[5.9, 41.7]",1,0 days 00:17:56.747000,0 days 00:18:20.243000
29,3942752,France,12,"[71.1, 80.0]","[85.1, 78.2]",1,0 days 00:18:37.518000,0 days 00:18:48.475000
30,3942752,Spain,10,"[25.4, 0.1]","[8.1, 2.4]",1,0 days 00:18:55.115000,0 days 00:18:59.468000
31,3942752,France,12,"[115.3, 80.0]","[107.9, 1.8]",1,0 days 00:19:21.629000,0 days 00:19:30.724000
32,3942752,Spain,37,"[6.0, 42.2]","[3.0, 39.3]",1,0 days 00:19:40.732000,0 days 00:20:17.048000
33,3942752,France,3,"[61.0, 40.1]","[43.4, 47.4]",1,0 days 00:21:39.063000,0 days 00:21:41.212000
34,3942752,Spain,29,"[40.9, 13.6]","[2.9, 18.2]",1,0 days 00:21:44.425000,0 days 00:22:09.091000
35,3942752,Spain,9,"[120.0, 80.0]","[112.6, 36.6]",1,0 days 00:22:39.798000,0 days 00:22:49.538000
36,3942752,France,1,"[7.0, 35.7]","[7.0, 35.7]",1,0 days 00:23:10.519000,0 days 00:23:10.519000
37,3942752,Spain,10,"[97.9, 31.9]","[108.4, 29.1]",1,0 days 00:23:12.495000,0 days 00:23:20.740000
38,3942752,France,8,"[10.8, 47.0]","[39.2, 53.7]",1,0 days 00:23:20.740000,0 days 00:23:25.202000
39,3942752,Spain,25,"[80.9, 26.4]","[24.8, 65.2]",1,0 days 00:23:25.202000,0 days 00:23:53.249000
40,3942752,Spain,31,"[80.6, 0.1]","[111.6, 50.8]",1,0 days 00:23:59.922000,0 days 00:24:23.917000
41,3942752,France,2,"[3.1, 38.6]","[1.9, 36.4]",1,0 days 00:24:24.295000,0 days 00:24:24.615000
42,3942752,France,13,"[61.0, 40.1]","[118.1, 46.3]",1,0 days 00:25:21.450000,0 days 00:26:01.656000
43,3942752,Spain,4,"[6.0, 34.9]","[32.0, 76.4]",1,0 days 00:26:21.420000,0 days 00:26:28.467000
44,3942752,France,19,"[83.9, 0.1]","[9.8, 46.7]",1,0 days 00:26:37.248000,0 days 00:26:55.873000
45,3942752,France,25,"[42.6, 80.0]","[91.9, 68.1]",1,0 days 00:27:04.480000,0 days 00:27:42.806000
46,3942752,France,1,"[87.2, 63.8]","[87.2, 63.8]",1,0 days 00:28:21.291000,0 days 00:28:21.291000
47,3942752,Spain,124,"[6.0, 36.3]","[105.7, 33.3]",1,0 days 00:28:51.247000,0 days 00:30:52.407000
48,3942752,France,57,"[14.4, 46.8]","[87.2, 77.1]",1,0 days 00:30:52.407000,0 days 00:32:02.907000
49,3942752,Spain,33,"[26.1, 3.1]","[81.4, 58.0]",1,0 days 00:32:27.935000,0 days 00:33:18.676000
50,3942752,France,30,"[31.2, 21.6]","[114.7, 23.7]",1,0 days 00:33:18.676000,0 days 00:33:52.160000
51,3942752,Spain,22,"[12.6, 80.0]","[34.3, 75.0]",1,0 days 00:34:15.904000,0 days 00:34:25.625000
52,3942752,Spain,30,"[40.1, 76.1]","[2.1, 40.0]",1,0 days 00:35:08.424000,0 days 00:35:35.767000
53,3942752,Spain,15,"[120.0, 0.1]","[108.1, 32.4]",1,0 days 00:36:26.663000,0 days 00:36:47.483000
54,3942752,France,21,"[6.2, 31.0]","[5.0, 24.4]",1,0 days 00:37:07.369000,0 days 00:37:27.079000
55,3942752,France,22,"[120.0, 80.0]","[99.5, 73.5]",1,0 days 00:38:04.721000,0 days 00:38:27.649000
56,3942752,France,3,"[98.9, 73.1]","[2.6, 46.6]",1,0 days 00:39:12.125000,0 days 00:39:14.007000
57,3942752,France,16,"[120.0, 0.1]","[100.1, 77.1]",1,0 days 00:39:29.867000,0 days 00:39:46.824000
58,3942752,Spain,10,"[17.2, 1.1]","[3.4, 38.1]",1,0 days 00:39:46.824000,0 days 00:40:00.726000
59,3942752,Spain,1,"[120.0, 0.1]","[120.0, 0.1]",1,0 days 00:40:41.928000,0 days 00:40:41.928000
60,3942752,France,51,"[3.6, 38.4]","[11.1, 45.0]",1,0 days 00:40:43.733000,0 days 00:41:34.279000
61,3942752,Spain,39,"[23.6, 40.5]","[80.6, 13.8]",1,0 days 00:41:36.204000,0 days 00:42:26.973000
62,3942752,France,21,"[39.8, 57.3]","[28.2, 75.6]",1,0 days 00:42:26.973000,0 days 00:42:37.544000
63,3942752,France,39,"[95.3, 5.1]","[9.2, 32.7]",1,0 days 00:43:21.460000,0 days 00:44:02.242000
64,3942752,Spain,8,"[19.7, 45.6]","[82.6, 65.1]",1,0 days 00:44:02.787000,0 days 00:44:09.122000
65,3942752,Spain,18,"[61.1, 0.1]","[80.9, 49.4]",1,0 days 00:44:37.613000,0 days 00:44:50.664000
66,3942752,France,19,"[33.1, 31.8]","[34.0, 1.9]",1,0 days 00:44:50.664000,0 days 00:45:13.316000
67,3942752,Spain,15,"[33.2, 3.8]","[56.4, 53.5]",1,0 days 00:45:31.874000,0 days 00:45:43.867000
68,3942752,Spain,15,"[54.8, 52.8]","[38.1, 59.2]",1,0 days 00:46:21.137000,0 days 00:46:38.615000
69,3942752,Spain,26,"[61.0, 40.1]","[2.2, 68.2]",2,0 days 00:00:00.430000,0 days 00:00:30.291000
70,3942752,France,8,"[111.7, 0.1]","[111.5, 2.2]",2,0 days 00:00:44.789000,0 days 00:00:47.316000
71,3942752,Spain,19,"[8.6, 77.9]","[91.1, 8.7]",2,0 days 00:00:47.316000,0 days 00:00:57.677000
72,3942752,France,8,"[28.2, 71.1]","[19.5, 3.7]",2,0 days 00:00:57.952000,0 days 00:01:06.966000
73,3942752,France,27,"[95.9, 80.0]","[9.1, 11.9]",2,0 days 00:01:27.651000,0 days 00:01:49.713000
74,3942752,Spain,15,"[3.4, 37.6]","[46.5, 75.5]",2,0 days 00:01:50.808000,0 days 00:02:16.648000
75,3942752,Spain,24,"[42.1, 74.5]","[98.6, 20.1]",2,0 days 00:02:31.969000,0 days 00:02:49.389000
76,3942752,France,31,"[15.0, 53.2]","[53.8, 9.9]",2,0 days 00:02:49.389000,0 days 00:03:17.354000
77,3942752,Spain,61,"[63.8, 80.0]","[5.3, 42.3]",2,0 days 00:03:35.617000,0 days 00:04:34.629000
78,3942752,Spain,13,"[105.9, 0.1]","[9.3, 73.6]",2,0 days 00:04:51.555000,0 days 00:04:56.511000
79,3942752,Spain,16,"[106.8, 0.1]","[116.3, 10.8]",2,0 days 00:05:14.926000,0 days 00:05:37.534000
80,3942752,France,23,"[12.2, 80.0]","[42.6, 2.6]",2,0 days 00:05:50.188000,0 days 00:06:01.183000
81,3942752,France,20,"[79.3, 80.0]","[115.0, 37.2]",2,0 days 00:06:14.379000,0 days 00:06:43.061000
82,3942752,Spain,9,"[2.5, 37.6]","[42.6, 5.7]",2,0 days 00:06:43.061000,0 days 00:07:06.242000
83,3942752,France,12,"[77.5, 74.4]","[8.0, 33.0]",2,0 days 00:07:06.242000,0 days 00:07:13.802000
84,3942752,France,3,"[120.0, 80.0]","[111.9, 37.4]",2,0 days 00:07:44.257000,0 days 00:07:45.929000
85,3942752,Spain,1,"[1.1, 40.9]","[1.1, 40.9]",2,0 days 00:07:46.727000,0 days 00:07:46.727000
86,3942752,Spain,19,"[6.4, 36.7]","[105.9, 68.0]",2,0 days 00:08:02.501000,0 days 00:08:27.265000
87,3942752,France,9,"[14.2, 12.1]","[18.9, 16.8]",2,0 days 00:08:27.265000,0 days 00:08:36.051000
88,3942752,France,46,"[18.4, 12.7]","[8.4, 43.3]",2,0 days 00:08:38.657000,0 days 00:09:22.871000
89,3942752,Spain,5,"[8.4, 57.9]","[117.4, 2.4]",2,0 days 00:09:23.593000,0 days 00:09:27.875000
90,3942752,Spain,10,"[4.6, 80.0]","[37.2, 77.3]",2,0 days 00:09:54.468000,0 days 00:09:58.988000
91,3942752,France,27,"[63.1, 4.4]","[29.3, 52.4]",2,0 days 00:10:02.026000,0 days 00:10:31.555000
92,3942752,Spain,14,"[29.3, 54.9]","[99.9, 25.3]",2,0 days 00:10:32.013000,0 days 00:10:41.339000
93,3942752,France,12,"[19.3, 54.8]","[111.3, 24.4]",2,0 days 00:10:41.339000,0 days 00:10:59.365000
94,3942752,Spain,1,"[1.6, 44.2]","[1.6, 44.2]",2,0 days 00:10:59.927000,0 days 00:10:59.927000
95,3942752,Spain,1,"[6.4, 47.5]","[6.4, 47.5]",2,0 days 00:12:36.454000,0 days 00:12:36.454000
97,3942752,Spain,39,"[15.1, 39.3]","[72.2, 48.2]",2,0 days 00:13:18.639000,0 days 00:13:54.105000
98,3942752,Spain,51,"[72.5, 48.6]","[37.5, 47.9]",2,0 days 00:14:00.265000,0 days 00:14:41.549000
99,3942752,Spain,6,"[40.5, 48.6]","[63.9, 6.4]",2,0 days 00:15:27.235000,0 days 00:15:30.864000
100,3942752,France,36,"[2.0, 52.5]","[5.6, 48.6]",2,0 days 00:15:35.032000,0 days 00:16:11.097000
101,3942752,France,5,"[120.0, 0.1]","[1.1, 38.0]",2,0 days 00:17:23.903000,0 days 00:17:27.048000
102,3942752,Spain,5,"[7.0, 40.5]","[89.3, 67.7]",2,0 days 00:17:47.512000,0 days 00:17:53.191000
103,3942752,France,21,"[31.7, 17.5]","[2.2, 52.7]",2,0 days 00:17:53.191000,0 days 00:18:08.917000
104,3942752,Spain,78,"[83.1, 0.1]","[64.9, 77.1]",2,0 days 00:18:31.808000,0 days 00:19:37.802000
105,3942752,France,17,"[48.8, 4.8]","[109.5, 19.0]",2,0 days 00:19:38.835000,0 days 00:19:48.481000
106,3942752,Spain,30,"[6.5, 40.7]","[110.3, 61.5]",2,0 days 00:20:17.226000,0 days 00:21:06.246000
107,3942752,France,28,"[8.3, 17.5]","[99.9, 56.7]",2,0 days 00:21:06.520000,0 days 00:21:31.879000
108,3942752,Spain,58,"[7.0, 43.8]","[63.8, 1.8]",2,0 days 00:21:52.174000,0 days 00:22:52.552000
109,3942752,France,23,"[63.6, 2.4]","[25.7, 28.0]",2,0 days 00:22:53.030000,0 days 00:23:19.787000
110,3942752,Spain,17,"[25.7, 28.0]","[78.7, 4.9]",2,0 days 00:23:42.781000,0 days 00:23:54.415000
111,3942752,Spain,43,"[45.7, 80.0]","[69.3, 70.4]",2,0 days 00:24:15.270000,0 days 00:25:00.812000
112,3942752,France,10,"[50.8, 9.7]","[9.3, 54.0]",2,0 days 00:25:00.812000,0 days 00:25:09.481000
113,3942752,Spain,14,"[12.4, 33.8]","[42.6, 22.9]",2,0 days 00:25:10.604000,0 days 00:25:20.014000
114,3942752,Spain,10,"[43.2, 22.7]","[75.3, 16.0]",2,0 days 00:25:51.262000,0 days 00:25:57.359000
115,3942752,France,5,"[38.3, 73.8]","[71.1, 3.5]",2,0 days 00:25:58.205000,0 days 00:25:59.508000
116,3942752,France,32,"[51.6, 80.0]","[6.4, 57.3]",2,0 days 00:26:08.470000,0 days 00:26:44.491000
117,3942752,France,42,"[70.4, 0.1]","[14.9, 14.1]",2,0 days 00:26:52.664000,0 days 00:27:30.913000
118,3942752,France,7,"[120.0, 80.0]","[91.3, 39.4]",2,0 days 00:27:51.789000,0 days 00:27:57.926000
119,3942752,Spain,106,"[23.5, 40.9]","[40.5, 24.8]",2,0 days 00:27:57.926000,0 days 00:29:39.191000
120,3942752,France,32,"[27.1, 33.7]","[1.4, 40.7]",2,0 days 00:29:41.175000,0 days 00:30:07.940000
121,3942752,Spain,39,"[7.0, 33.4]","[97.7, 57.0]",2,0 days 00:31:10.524000,0 days 00:31:49.096000
122,3942752,Spain,16,"[7.0, 34.6]","[99.2, 14.8]",2,0 days 00:32:20.202000,0 days 00:32:29.927000
123,3942752,France,26,"[20.9, 65.3]","[106.2, 7.3]",2,0 days 00:32:29.927000,0 days 00:32:51.818000
124,3942752,Spain,5,"[12.5, 72.8]","[108.3, 2.6]",2,0 days 00:32:51.818000,0 days 00:32:53.749000
125,3942752,Spain,18,"[9.1, 80.0]","[46.1, 75.2]",2,0 days 00:33:40.258000,0 days 00:33:46.606000
126,3942752,Spain,9,"[44.1, 69.2]","[79.6, 58.4]",2,0 days 00:34:08.808000,0 days 00:34:15.001000
127,3942752,France,6,"[39.5, 20.8]","[2.2, 56.9]",2,0 days 00:34:15.001000,0 days 00:34:24.663000
128,3942752,France,15,"[120.0, 0.1]","[8.9, 73.4]",2,0 days 00:34:48.950000,0 days 00:35:03.919000
129,3942752,Spain,51,"[6.8, 58.6]","[2.0, 38.2]",2,0 days 00:35:05.129000,0 days 00:35:57.370000
130,3942752,France,12,"[5.7, 30.2]","[84.6, 53.6]",2,0 days 00:36:22.544000,0 days 00:36:35.247000
131,3942752,Spain,10,"[35.7, 28.3]","[62.5, 58.6]",2,0 days 00:36:35.247000,0 days 00:36:59.210000
132,3942752,France,12,"[54.5, 19.8]","[48.5, 36.4]",2,0 days 00:36:59.678000,0 days 00:39:54.173000
133,3942752,Spain,3,"[39.4, 37.6]","[108.1, 74.8]",2,0 days 00:39:54.632000,0 days 00:40:08.291000
134,3942752,France,17,"[6.0, 36.4]","[2.1, 42.5]",2,0 days 00:40:08.886000,0 days 00:40:24.318000
135,3942752,Spain,2,"[6.3, 46.4]","[71.1, 78.5]",2,0 days 00:41:03.149000,0 days 00:41:07.065000
136,3942752,France,16,"[49.0, 0.1]","[99.7, 63.3]",2,0 days 00:41:13.077000,0 days 00:41:28.262000
137,3942752,Spain,23,"[21.7, 15.8]","[42.5, 26.1]",2,0 days 00:41:28.262000,0 days 00:41:41.927000
138,3942752,France,13,"[42.5, 26.3]","[78.5, 75.3]",2,0 days 00:41:55.702000,0 days 00:42:12.722000
139,3942752,Spain,5,"[34.6, 0.1]","[39.4, 2.6]",2,0 days 00:42:26.354000,0 days 00:42:28.029000
140,3942752,France,24,"[83.8, 80.0]","[104.2, 47.7]",2,0 days 00:42:40.419000,0 days 00:43:03.654000
141,3942752,Spain,35,"[12.9, 34.0]","[66.0, 7.3]",2,0 days 00:43:03.654000,0 days 00:43:30.919000
142,3942752,Spain,31,"[64.3, 11.0]","[5.3, 54.0]",2,0 days 00:44:02.927000,0 days 00:44:28.576000
143,3942752,Spain,3,"[120.0, 0.1]","[91.5, 36.4]",2,0 days 00:45:01.388000,0 days 00:45:04.289000
144,3942752,France,8,"[27.3, 44.3]","[76.9, 56.9]",2,0 days 00:45:05.395000,0 days 00:45:12.245000
145,3942752,France,4,"[76.8, 57.4]","[111.3, 25.9]",2,0 days 00:45:46.080000,0 days 00:45:48.585000
146,3942752,Spain,36,"[7.0, 42.7]","[106.5, 30.5]",2,0 days 00:46:40.330000,0 days 00:47:07.981000
147,3942752,France,12,"[4.5, 45.7]","[41.2, 75.3]",2,0 days 00:47:07.981000,0 days 00:47:20.493000
148,3942752,Spain,6,"[41.0, 76.3]","[57.4, 2.2]",2,0 days 00:47:22.361000,0 days 00:47:28.394000
149,3942752,Spain,63,"[62.7, 80.0]","[48.9, 4.1]",2,0 days 00:48:31.551000,0 days 00:49:17.798000
150,3942752,France,19,"[78.0, 80.0]","[1.8, 38.0]",2,0 days 00:49:22.665000,0 days 00:49:39.747000
151,3942752,Spain,9,"[7.0, 40.7]","[84.4, 4.5]",2,0 days 00:50:11.014000,0 days 00:50:20.072000
152,3942752,Spain,24,"[84.2, 4.5]","[110.3, 3.7]",2,0 days 00:50:41.562000,0 days 00:50:54.311000
2,3942382,Netherlands,7,"[61.0, 40.1]","[25.7, 73.8]",1,0 days 00:00:00.492000,0 days 00:00:06.297000
3,3942382,Netherlands,56,"[88.0, 0.1]","[2.7, 41.1]",1,0 days 00:00:19.298000,0 days 00:01:00.465000
4,3942382,Turkey,5,"[5.4, 45.9]","[70.5, 26.7]",1,0 days 00:01:25.245000,0 days 00:01:32.540000
5,3942382,Netherlands,14,"[42.3, 52.4]","[78.6, 23.0]",1,0 days 00:01:32.540000,0 days 00:01:47.043000
6,3942382,Netherlands,29,"[44.8, 40.3]","[98.4, 9.8]",1,0 days 00:02:01.834000,0 days 00:02:27.557000
7,3942382,Turkey,46,"[21.7, 70.3]","[27.1, 50.6]",1,0 days 00:02:27.557000,0 days 00:02:59.278000
8,3942382,Netherlands,42,"[91.8, 22.8]","[106.2, 57.8]",1,0 days 00:02:59.278000,0 days 00:03:41.952000
9,3942382,Turkey,23,"[13.9, 22.3]","[14.2, 56.7]",1,0 days 00:03:41.952000,0 days 00:03:58.122000
10,3942382,Turkey,66,"[77.3, 0.1]","[88.7, 22.3]",1,0 days 00:04:05.439000,0 days 00:05:14.889000
11,3942382,Netherlands,52,"[31.7, 55.5]","[107.4, 28.9]",1,0 days 00:05:14.889000,0 days 00:06:06.879000
12,3942382,Turkey,4,"[12.7, 46.6]","[32.9, 57.1]",1,0 days 00:06:37.822000,0 days 00:06:41.451000
13,3942382,Netherlands,60,"[34.2, 54.0]","[22.9, 26.7]",1,0 days 00:06:46.563000,0 days 00:07:27.530000
14,3942382,Turkey,13,"[24.2, 28.0]","[68.4, 6.6]",1,0 days 00:08:23.877000,0 days 00:08:30.176000
15,3942382,Turkey,38,"[50.5, 80.0]","[97.4, 32.0]",1,0 days 00:08:38.687000,0 days 00:09:12.191000
16,3942382,Netherlands,21,"[21.9, 49.7]","[95.3, 29.5]",1,0 days 00:09:13.858000,0 days 00:09:30.979000
17,3942382,Turkey,20,"[24.8, 50.6]","[2.7, 38.0]",1,0 days 00:09:30.979000,0 days 00:10:06.048000
18,3942382,Netherlands,33,"[3.8, 30.8]","[100.1, 73.6]",1,0 days 00:10:25.792000,0 days 00:11:01.159000
19,3942382,Turkey,5,"[6.0, 31.3]","[63.3, 23.7]",1,0 days 00:11:23.594000,0 days 00:11:29.520000
20,3942382,Netherlands,13,"[56.0, 52.7]","[4.0, 40.4]",1,0 days 00:11:29.520000,0 days 00:11:36.010000
21,3942382,Turkey,2,"[5.8, 33.8]","[63.5, 20.1]",1,0 days 00:12:07.958000,0 days 00:12:10.312000
22,3942382,Netherlands,130,"[54.9, 52.1]","[105.2, 37.3]",1,0 days 00:12:10.312000,0 days 00:16:04.413000
23,3942382,Turkey,129,"[14.5, 43.1]","[93.2, 79.7]",1,0 days 00:16:11.049000,0 days 00:18:13.541000
24,3942382,Netherlands,48,"[29.9, 0.1]","[110.9, 13.2]",1,0 days 00:18:30.996000,0 days 00:19:09.157000
25,3942382,Turkey,15,"[9.2, 66.9]","[91.5, 5.5]",1,0 days 00:19:09.157000,0 days 00:19:19.515000
26,3942382,Turkey,54,"[33.9, 80.0]","[3.0, 37.7]",1,0 days 00:19:35.867000,0 days 00:20:28.681000
27,3942382,Turkey,1,"[120.0, 80.0]","[120.0, 80.0]",1,0 days 00:20:57.278000,0 days 00:20:57.278000
28,3942382,Netherlands,26,"[5.0, 43.1]","[93.8, 3.4]",1,0 days 00:20:59.075000,0 days 00:21:39.703000
29,3942382,Turkey,49,"[26.6, 80.0]","[55.6, 9.7]",1,0 days 00:21:45.390000,0 days 00:22:37.900000
30,3942382,Turkey,24,"[51.7, 80.0]","[68.9, 52.8]",1,0 days 00:22:53.114000,0 days 00:23:16.430000
31,3942382,Netherlands,37,"[11.7, 32.6]","[8.6, 7.1]",1,0 days 00:23:16.430000,0 days 00:23:53.224000
32,3942382,Turkey,40,"[6.0, 33.6]","[5.4, 24.9]",1,0 days 00:24:13.578000,0 days 00:24:49.508000
33,3942382,Turkey,4,"[120.0, 80.0]","[5.4, 37.9]",1,0 days 00:25:13.388000,0 days 00:25:14.893000
34,3942382,Netherlands,58,"[14.3, 28.9]","[102.6, 78.4]",1,0 days 00:25:15.757000,0 days 00:26:31.596000
35,3942382,Turkey,20,"[6.0, 32.5]","[78.1, 50.9]",1,0 days 00:26:53.628000,0 days 00:27:11.272000
36,3942382,Turkey,5,"[78.6, 50.9]","[2.3, 41.5]",1,0 days 00:28:07.256000,0 days 00:28:09.615000
37,3942382,Netherlands,55,"[5.5, 33.6]","[32.0, 14.9]",1,0 days 00:28:22.366000,0 days 00:29:24.011000
38,3942382,Turkey,3,"[88.1, 65.2]","[88.1, 65.2]",1,0 days 00:29:24.011000,0 days 00:29:24.247000
39,3942382,Turkey,9,"[89.3, 65.6]","[116.7, 75.4]",1,0 days 00:31:04.578000,0 days 00:31:15.824000
40,3942382,Netherlands,19,"[10.3, 0.1]","[3.5, 37.4]",1,0 days 00:31:37.291000,0 days 00:31:49.504000
41,3942382,Netherlands,14,"[5.9, 46.0]","[98.4, 56.5]",1,0 days 00:31:59.516000,0 days 00:32:15.320000
42,3942382,Turkey,13,"[21.7, 23.6]","[5.7, 14.1]",1,0 days 00:32:15.320000,0 days 00:32:42.816000
43,3942382,Turkey,7,"[120.0, 80.0]","[3.0, 42.0]",1,0 days 00:33:05.518000,0 days 00:33:12.952000
44,3942382,Netherlands,7,"[6.5, 33.5]","[78.6, 10.6]",1,0 days 00:33:30.979000,0 days 00:33:36.096000
45,3942382,Turkey,31,"[74.7, 10.3]","[4.0, 55.2]",1,0 days 00:33:36.634000,0 days 00:34:03.653000
46,3942382,Turkey,9,"[120.0, 0.1]","[2.3, 42.8]",1,0 days 00:34:40.413000,0 days 00:34:48.130000
47,3942382,Netherlands,22,"[61.0, 40.1]","[103.0, 72.6]",1,0 days 00:35:51.676000,0 days 00:36:17.900000
48,3942382,Turkey,94,"[17.1, 7.5]","[55.2, 76.1]",1,0 days 00:36:17.900000,0 days 00:37:44.944000
49,3942382,Netherlands,45,"[62.9, 0.1]","[43.8, 37.6]",1,0 days 00:37:50.073000,0 days 00:38:41.844000
50,3942382,Turkey,34,"[35.8, 16.9]","[108.0, 38.1]",1,0 days 00:38:43.427000,0 days 00:39:29.670000
51,3942382,Turkey,45,"[14.6, 40.2]","[104.2, 21.0]",1,0 days 00:40:11.370000,0 days 00:40:55.465000
52,3942382,Netherlands,28,"[15.9, 59.1]","[86.1, 21.8]",1,0 days 00:40:55.465000,0 days 00:41:24.026000
53,3942382,Turkey,13,"[34.0, 58.3]","[55.4, 68.8]",1,0 days 00:41:24.026000,0 days 00:41:32.249000
54,3942382,Netherlands,12,"[63.9, 9.1]","[3.1, 39.4]",1,0 days 00:41:32.249000,0 days 00:41:40.470000
55,3942382,Turkey,13,"[6.0, 43.0]","[80.0, 70.3]",1,0 days 00:42:11.201000,0 days 00:42:22.836000
56,3942382,Netherlands,88,"[40.3, 11.0]","[49.9, 3.3]",1,0 days 00:42:22.836000,0 days 00:44:07.207000
57,3942382,Netherlands,31,"[63.3, 80.0]","[109.3, 74.0]",1,0 days 00:44:15.293000,0 days 00:44:50.019000
58,3942382,Turkey,4,"[13.3, 4.0]","[20.6, 5.2]",1,0 days 00:44:50.118000,0 days 00:44:51.788000
59,3942382,Turkey,5,"[27.3, 2.9]","[83.5, 2.6]",1,0 days 00:45:29.200000,0 days 00:45:33.560000
60,3942382,Netherlands,5,"[39.7, 76.6]","[55.8, 78.0]",1,0 days 00:45:34.057000,0 days 00:45:36.381000
61,3942382,Netherlands,52,"[61.7, 78.1]","[21.7, 70.4]",1,0 days 00:45:47.403000,0 days 00:46:41.904000
62,3942382,Turkey,12,"[22.5, 74.4]","[48.4, 75.5]",1,0 days 00:46:42.377000,0 days 00:46:49.715000
63,3942382,Turkey,14,"[61.0, 40.1]","[73.7, 15.6]",2,0 days 00:00:00.505000,0 days 00:00:15.274000
64,3942382,Netherlands,11,"[50.1, 80.0]","[71.4, 76.7]",2,0 days 00:00:36.742000,0 days 00:00:43.304000
65,3942382,Turkey,2,"[50.3, 0.1]","[69.8, 5.3]",2,0 days 00:01:10.110000,0 days 00:01:13.658000
66,3942382,Netherlands,20,"[28.5, 69.0]","[19.4, 53.1]",2,0 days 00:01:13.658000,0 days 00:01:39.711000
67,3942382,Netherlands,14,"[120.0, 0.1]","[116.4, 14.7]",2,0 days 00:02:08.323000,0 days 00:02:33.150000
68,3942382,Netherlands,31,"[6.0, 38.2]","[33.8, 5.7]",2,0 days 00:02:40.921000,0 days 00:03:15.979000
69,3942382,Netherlands,31,"[89.3, 80.0]","[29.4, 76.8]",2,0 days 00:03:32.446000,0 days 00:03:57.520000
70,3942382,Turkey,18,"[31.9, 76.3]","[66.8, 11.9]",2,0 days 00:04:22.876000,0 days 00:04:46.561000
71,3942382,Netherlands,23,"[61.2, 80.0]","[14.4, 14.7]",2,0 days 00:04:54.576000,0 days 00:05:12.752000
72,3942382,Netherlands,17,"[101.0, 80.0]","[113.4, 49.8]",2,0 days 00:05:22.853000,0 days 00:05:35.090000
73,3942382,Turkey,5,"[11.8, 38.7]","[53.1, 62.6]",2,0 days 00:06:07.611000,0 days 00:06:14.558000
74,3942382,Netherlands,51,"[63.4, 21.1]","[112.6, 7.6]",2,0 days 00:06:14.558000,0 days 00:07:17.401000
75,3942382,Turkey,9,"[6.5, 38.7]","[36.0, 69.3]",2,0 days 00:07:19.107000,0 days 00:07:23.631000
76,3942382,Netherlands,36,"[62.9, 11.1]","[12.7, 62.0]",2,0 days 00:07:26.532000,0 days 00:07:56.770000
77,3942382,Netherlands,13,"[93.1, 0.1]","[9.5, 42.7]",2,0 days 00:08:04.134000,0 days 00:08:15.679000
78,3942382,Turkey,9,"[7.0, 39.7]","[84.3, 51.7]",2,0 days 00:08:49.910000,0 days 00:08:56.094000
79,3942382,Turkey,2,"[90.2, 45.9]","[0.7, 40.7]",2,0 days 00:10:15.273000,0 days 00:10:16.394000
80,3942382,Netherlands,11,"[6.0, 30.3]","[55.7, 38.4]",2,0 days 00:10:26.250000,0 days 00:10:38.419000
81,3942382,Netherlands,11,"[57.0, 38.9]","[116.0, 18.8]",2,0 days 00:10:44.486000,0 days 00:10:53.136000
82,3942382,Turkey,36,"[7.0, 46.8]","[4.5, 40.6]",2,0 days 00:11:15.899000,0 days 00:13:27.553000
85,3942382,Turkey,33,"[14.6, 41.7]","[57.8, 70.8]",2,0 days 00:13:31.303000,0 days 00:13:59.143000
86,3942382,Netherlands,5,"[63.8, 8.7]","[62.9, 4.6]",2,0 days 00:13:59.143000,0 days 00:14:02.914000
87,3942382,Netherlands,19,"[61.2, 8.5]","[86.9, 40.4]",2,0 days 00:14:06.124000,0 days 00:14:25.466000
88,3942382,Turkey,10,"[32.1, 46.8]","[70.2, 54.5]",2,0 days 00:14:25.466000,0 days 00:14:35.083000
89,3942382,Netherlands,36,"[45.8, 17.5]","[117.9, 46.3]",2,0 days 00:14:35.083000,0 days 00:15:00.043000
90,3942382,Turkey,17,"[6.9, 37.6]","[63.1, 78.7]",2,0 days 00:15:16.195000,0 days 00:15:26.939000
91,3942382,Turkey,18,"[63.1, 78.7]","[60.4, 18.8]",2,0 days 00:15:29.488000,0 days 00:15:41.400000
92,3942382,Netherlands,123,"[58.2, 60.3]","[111.7, 44.0]",2,0 days 00:15:41.400000,0 days 00:17:31.995000
93,3942382,Turkey,21,"[3.5, 35.5]","[97.2, 79.1]",2,0 days 00:17:31.995000,0 days 00:18:08.797000
94,3942382,Turkey,6,"[95.9, 78.9]","[8.4, 32.2]",2,0 days 00:19:23.548000,0 days 00:19:28.861000
95,3942382,Turkey,11,"[120.0, 80.0]","[10.0, 40.5]",2,0 days 00:20:19.532000,0 days 00:20:29.987000
96,3942382,Netherlands,104,"[15.2, 42.9]","[44.7, 16.4]",2,0 days 00:20:40.632000,0 days 00:22:37.191000
97,3942382,Turkey,2,"[46.9, 16.0]","[84.7, 28.2]",2,0 days 00:23:16.890000,0 days 00:23:20.071000
98,3942382,Netherlands,80,"[14.0, 41.4]","[1.4, 36.7]",2,0 days 00:23:20.071000,0 days 00:24:21.508000
99,3942382,Netherlands,9,"[120.0, 80.0]","[1.5, 39.9]",2,0 days 00:24:47.722000,0 days 00:24:54.623000
100,3942382,Turkey,48,"[61.0, 40.1]","[67.8, 62.2]",2,0 days 00:25:53.590000,0 days 00:26:22.734000
101,3942382,Turkey,3,"[77.0, 66.3]","[20.4, 57.3]",2,0 days 00:27:17.955000,0 days 00:27:20.430000
102,3942382,Netherlands,58,"[28.3, 57.7]","[2.0, 50.6]",2,0 days 00:28:09.215000,0 days 00:29:11.553000
103,3942382,Netherlands,61,"[120.0, 0.1]","[114.5, 32.7]",2,0 days 00:29:37.146000,0 days 00:30:27.841000
104,3942382,Turkey,33,"[61.0, 40.1]","[109.6, 43.4]",2,0 days 00:32:07.924000,0 days 00:32:34.238000
105,3942382,Netherlands,28,"[3.7, 39.1]","[26.7, 61.9]",2,0 days 00:32:34.238000,0 days 00:33:16.791000
106,3942382,Turkey,28,"[34.1, 63.3]","[94.2, 78.0]",2,0 days 00:36:40.121000,0 days 00:37:16.645000
107,3942382,Netherlands,63,"[25.9, 2.1]","[92.3, 48.9]",2,0 days 00:37:16.645000,0 days 00:38:02.934000
108,3942382,Turkey,25,"[27.6, 26.0]","[2.8, 37.9]",2,0 days 00:38:02.934000,0 days 00:38:25.382000
109,3942382,Netherlands,4,"[6.0, 32.4]","[50.3, 66.3]",2,0 days 00:39:00.624000,0 days 00:39:04.395000
110,3942382,Turkey,23,"[49.2, 65.6]","[2.9, 43.7]",2,0 days 00:39:16.442000,0 days 00:39:38.474000
111,3942382,Turkey,9,"[120.0, 80.0]","[66.6, 58.1]",2,0 days 00:39:57.912000,0 days 00:40:06.845000
112,3942382,Turkey,46,"[37.7, 17.3]","[92.0, 4.9]",2,0 days 00:40:12.753000,0 days 00:40:58.392000
113,3942382,Netherlands,11,"[28.1, 75.2]","[59.3, 2.3]",2,0 days 00:40:58.392000,0 days 00:41:09.575000
114,3942382,Turkey,54,"[60.1, 0.1]","[9.5, 10.8]",2,0 days 00:41:53.322000,0 days 00:42:31.413000
115,3942382,Turkey,9,"[110.6, 80.0]","[1.8, 40.3]",2,0 days 00:42:55.470000,0 days 00:43:01.055000
116,3942382,Netherlands,24,"[6.0, 32.4]","[95.2, 11.7]",2,0 days 00:43:38.121000,0 days 00:43:58.223000
117,3942382,Turkey,8,"[25.1, 70.1]","[91.4, 75.7]",2,0 days 00:43:58.223000,0 days 00:44:04.158000
118,3942382,Turkey,6,"[91.8, 78.9]","[0.8, 38.8]",2,0 days 00:44:47.670000,0 days 00:44:50.238000
119,3942382,Netherlands,1,"[6.0, 42.5]","[6.0, 42.5]",2,0 days 00:45:23.803000,0 days 00:45:23.803000
120,3942382,Turkey,26,"[14.2, 18.1]","[3.5, 44.0]",2,0 days 00:45:30.033000,0 days 00:46:02.059000
121,3942382,Turkey,30,"[120.0, 0.1]","[116.2, 45.5]",2,0 days 00:46:21.598000,0 days 00:46:51.225000
122,3942382,Netherlands,5,"[6.0, 31.4]","[42.4, 59.0]",2,0 days 00:47:25.599000,0 days 00:47:29.507000
123,3942382,Turkey,21,"[42.6, 60.1]","[8.8, 57.9]",2,0 days 00:47:31.732000,0 days 00:47:53.463000
124,3942382,Netherlands,4,"[9.3, 58.1]","[90.8, 52.1]",2,0 days 00:48:27.620000,0 days 00:48:29.202000
125,3942382,Turkey,25,"[13.9, 35.2]","[102.7, 14.9]",2,0 days 00:48:30.902000,0 days 00:49:16.591000
126,3942382,Netherlands,5,"[24.4, 58.3]","[35.1, 9.1]",2,0 days 00:50:08.484000,0 days 00:50:21.891000
127,3942382,Turkey,6,"[37.8, 10.9]","[22.7, 27.3]",2,0 days 00:50:59.430000,0 days 00:51:04.525000
2,3942349,France,127,"[60.0, 40.0]","[71.7, 30.5]",1,0 days 00:00:00.455000,0 days 00:01:54.789000
3,3942349,France,63,"[69.6, 31.8]","[91.4, 64.4]",1,0 days 00:02:07.601000,0 days 00:02:56.122000
4,3942349,Portugal,93,"[32.9, 42.7]","[100.1, 52.3]",1,0 days 00:02:56.122000,0 days 00:04:11.972000
5,3942349,France,11,"[16.3, 31.0]","[50.7, 68.1]",1,0 days 00:04:13.422000,0 days 00:04:21.432000
6,3942349,Portugal,156,"[58.2, 0.1]","[6.2, 45.1]",1,0 days 00:04:31.246000,0 days 00:07:39.912000
7,3942349,Portugal,61,"[95.3, 0.1]","[92.6, 13.3]",1,0 days 00:07:49.161000,0 days 00:08:47.512000
8,3942349,Portugal,3,"[92.6, 6.6]","[11.4, 47.4]",1,0 days 00:09:28.810000,0 days 00:09:29.703000
9,3942349,Portugal,48,"[120.0, 0.1]","[100.9, 43.7]",1,0 days 00:10:10.808000,0 days 00:11:10.256000
10,3942349,France,59,"[5.5, 36.2]","[109.0, 13.8]",1,0 days 00:11:22.701000,0 days 00:12:20.041000
11,3942349,Portugal,5,"[15.2, 71.1]","[114.0, 8.8]",1,0 days 00:12:20.041000,0 days 00:12:21.865000
12,3942349,Portugal,56,"[6.3, 42.0]","[95.5, 5.8]",1,0 days 00:12:44.506000,0 days 00:13:53.367000
13,3942349,France,8,"[12.8, 80.0]","[79.8, 5.2]",1,0 days 00:14:07.245000,0 days 00:14:11.649000
14,3942349,France,7,"[35.3, 80.0]","[1.6, 51.3]",1,0 days 00:14:17.508000,0 days 00:14:20.977000
15,3942349,Portugal,1,"[120.0, 0.1]","[120.0, 0.1]",1,0 days 00:14:57.417000,0 days 00:14:57.417000
16,3942349,France,4,"[5.7, 38.3]","[65.6, 8.0]",1,0 days 00:14:59.073000,0 days 00:15:05.780000
17,3942349,Portugal,39,"[45.2, 73.8]","[1.9, 40.6]",1,0 days 00:15:05.780000,0 days 00:15:52.504000
18,3942349,Portugal,3,"[120.0, 80.0]","[7.6, 34.9]",1,0 days 00:16:31.814000,0 days 00:16:32.467000
19,3942349,France,59,"[9.0, 39.2]","[106.3, 12.7]",1,0 days 00:16:48.487000,0 days 00:17:35.980000
20,3942349,Portugal,22,"[13.8, 67.4]","[13.6, 47.6]",1,0 days 00:17:35.980000,0 days 00:17:52.766000
21,3942349,Portugal,25,"[94.4, 80.0]","[13.8, 69.9]",1,0 days 00:18:00.775000,0 days 00:18:27.073000
22,3942349,Portugal,2,"[120.0, 0.1]","[6.6, 39.7]",1,0 days 00:19:04.336000,0 days 00:19:05.689000
23,3942349,France,34,"[34.9, 58.8]","[14.1, 41.2]",1,0 days 00:19:09.112000,0 days 00:19:34.916000
24,3942349,Portugal,11,"[19.6, 39.0]","[55.3, 14.9]",1,0 days 00:19:35.552000,0 days 00:19:46.365000
25,3942349,France,18,"[65.3, 65.2]","[84.7, 43.0]",1,0 days 00:19:46.597000,0 days 00:19:57.238000
26,3942349,Portugal,50,"[29.4, 37.0]","[64.2, 10.5]",1,0 days 00:19:58.565000,0 days 00:20:53.003000
27,3942349,France,13,"[55.1, 67.1]","[2.6, 42.5]",1,0 days 00:20:53.006000,0 days 00:21:06.205000
28,3942349,Portugal,7,"[13.5, 43.6]","[45.0, 45.8]",1,0 days 00:21:06.916000,0 days 00:21:11.172000
29,3942349,France,65,"[84.1, 29.2]","[112.7, 23.7]",1,0 days 00:21:13.275000,0 days 00:22:07.065000
30,3942349,Portugal,19,"[7.0, 33.3]","[101.7, 70.9]",1,0 days 00:22:32.224000,0 days 00:22:54.380000
31,3942349,France,10,"[18.4, 9.0]","[20.5, 21.4]",1,0 days 00:22:54.580000,0 days 00:22:58.327000
34,3942349,France,29,"[19.8, 22.0]","[111.5, 66.0]",1,0 days 00:23:29.231000,0 days 00:23:56.308000
35,3942349,France,41,"[111.9, 69.9]","[105.4, 15.5]",1,0 days 00:24:44.158000,0 days 00:25:17.572000
36,3942349,Portugal,40,"[15.5, 57.8]","[5.1, 45.1]",1,0 days 00:25:34.019000,0 days 00:26:30.385000
37,3942349,Portugal,10,"[120.0, 0.1]","[8.5, 36.4]",1,0 days 00:27:05.341000,0 days 00:27:15.800000
38,3942349,France,28,"[13.4, 47.2]","[2.2, 42.2]",1,0 days 00:27:17.171000,0 days 00:27:41.857000
39,3942349,Portugal,53,"[7.0, 50.1]","[118.5, 12.8]",1,0 days 00:28:01.695000,0 days 00:29:11.395000
40,3942349,France,21,"[1.2, 43.6]","[17.6, 77.5]",1,0 days 00:29:12.247000,0 days 00:29:38.933000
41,3942349,France,25,"[85.3, 0.1]","[2.0, 2.7]",1,0 days 00:29:54.111000,0 days 00:30:23.269000
42,3942349,France,8,"[110.6, 80.0]","[108.0, 35.9]",1,0 days 00:30:31.678000,0 days 00:30:39.955000
43,3942349,Portugal,11,"[9.7, 47.7]","[57.3, 75.1]",1,0 days 00:30:39.955000,0 days 00:30:47.347000
44,3942349,Portugal,48,"[57.1, 77.5]","[85.3, 3.3]",1,0 days 00:30:52.448000,0 days 00:31:37.385000
45,3942349,France,14,"[34.8, 76.8]","[50.1, 64.6]",1,0 days 00:31:37.385000,0 days 00:31:52.486000
46,3942349,Portugal,23,"[69.8, 17.6]","[93.0, 58.8]",1,0 days 00:31:52.486000,0 days 00:32:20.723000
47,3942349,France,47,"[21.1, 21.1]","[11.7, 35.0]",1,0 days 00:32:20.723000,0 days 00:33:11.059000
48,3942349,France,37,"[120.0, 80.0]","[104.6, 60.2]",1,0 days 00:33:44.472000,0 days 00:34:20.834000
49,3942349,Portugal,5,"[14.3, 15.5]","[104.2, 77.0]",1,0 days 00:34:20.834000,0 days 00:34:24.639000
50,3942349,Portugal,13,"[17.4, 0.1]","[96.3, 19.8]",1,0 days 00:34:42.988000,0 days 00:34:54.240000
51,3942349,France,34,"[14.2, 57.9]","[105.4, 45.5]",1,0 days 00:34:54.240000,0 days 00:35:30.042000
52,3942349,Portugal,19,"[10.1, 34.6]","[76.9, 72.5]",1,0 days 00:35:30.042000,0 days 00:35:45.176000
53,3942349,Portugal,55,"[19.1, 0.1]","[111.8, 30.0]",1,0 days 00:36:01.087000,0 days 00:37:08.471000
54,3942349,France,16,"[7.9, 77.0]","[114.9, 18.1]",1,0 days 00:37:08.471000,0 days 00:37:34.443000
55,3942349,Portugal,34,"[5.8, 42.0]","[21.3, 76.6]",1,0 days 00:37:52.028000,0 days 00:38:21.220000
56,3942349,Portugal,25,"[101.3, 0.1]","[116.4, 63.8]",1,0 days 00:38:38.612000,0 days 00:39:08.615000
57,3942349,France,33,"[21.7, 62.1]","[9.7, 34.6]",1,0 days 00:39:12.814000,0 days 00:39:44.704000
58,3942349,Portugal,42,"[33.7, 25.7]","[93.0, 26.1]",1,0 days 00:39:47.368000,0 days 00:40:21.652000
59,3942349,Portugal,2,"[93.9, 26.0]","[0.9, 40.0]",1,0 days 00:41:32.637000,0 days 00:41:34.073000
60,3942349,France,10,"[6.0, 38.1]","[67.5, 69.6]",1,0 days 00:41:48.276000,0 days 00:41:58.598000
61,3942349,France,14,"[38.1, 0.1]","[82.7, 72.4]",1,0 days 00:42:24.568000,0 days 00:42:42.305000
62,3942349,Portugal,18,"[29.1, 0.1]","[81.8, 72.7]",1,0 days 00:42:47.706000,0 days 00:43:05.247000
63,3942349,France,13,"[28.6, 14.2]","[89.7, 73.3]",1,0 days 00:43:05.247000,0 days 00:43:20.264000
64,3942349,Portugal,66,"[30.4, 6.8]","[106.9, 34.0]",1,0 days 00:43:20.264000,0 days 00:44:24.222000
65,3942349,France,30,"[11.2, 42.2]","[66.5, 26.4]",1,0 days 00:44:24.222000,0 days 00:45:01.449000
66,3942349,Portugal,32,"[60.0, 40.0]","[49.1, 5.5]",2,0 days 00:00:00.391000,0 days 00:00:31.945000
67,3942349,France,14,"[71.0, 74.6]","[76.9, 75.1]",2,0 days 00:00:31.945000,0 days 00:00:38.271000
68,3942349,Portugal,9,"[36.3, 3.0]","[33.0, 2.9]",2,0 days 00:00:39.261000,0 days 00:00:45.013000
69,3942349,Portugal,35,"[28.9, 3.5]","[52.8, 5.5]",2,0 days 00:00:48.211000,0 days 00:01:18.662000
70,3942349,Portugal,34,"[53.8, 4.1]","[108.9, 37.7]",2,0 days 00:01:35.278000,0 days 00:02:10.376000
71,3942349,France,91,"[9.3, 32.1]","[23.4, 31.9]",2,0 days 00:02:10.376000,0 days 00:03:37.230000
72,3942349,France,23,"[87.2, 80.0]","[99.5, 28.3]",2,0 days 00:03:48.596000,0 days 00:04:06.297000
73,3942349,Portugal,1,"[1.4, 42.0]","[1.4, 42.0]",2,0 days 00:04:07.355000,0 days 00:04:07.355000
74,3942349,Portugal,12,"[12.4, 41.9]","[43.0, 75.8]",2,0 days 00:04:09.088000,0 days 00:04:17.383000
75,3942349,Portugal,35,"[69.7, 0.1]","[107.7, 22.8]",2,0 days 00:04:20.106000,0 days 00:04:44.163000
76,3942349,France,12,"[6.5, 44.5]","[54.2, 61.5]",2,0 days 00:04:48.812000,0 days 00:04:56.457000
77,3942349,France,100,"[51.6, 62.2]","[107.0, 5.9]",2,0 days 00:05:06.009000,0 days 00:06:52.165000
78,3942349,Portugal,8,"[13.8, 80.0]","[100.9, 3.6]",2,0 days 00:07:02.953000,0 days 00:07:06.461000
79,3942349,Portugal,10,"[18.2, 80.0]","[28.7, 74.7]",2,0 days 00:07:14.051000,0 days 00:07:18.370000
80,3942349,France,10,"[98.3, 8.3]","[94.6, 24.4]",2,0 days 00:07:18.370000,0 days 00:07:23.262000
81,3942349,Portugal,32,"[29.7, 52.9]","[28.0, 76.0]",2,0 days 00:07:23.262000,0 days 00:08:05.304000
82,3942349,Portugal,9,"[96.1, 0.1]","[20.3, 74.4]",2,0 days 00:08:15.199000,0 days 00:08:18.842000
83,3942349,Portugal,15,"[120.0, 0.1]","[104.4, 11.6]",2,0 days 00:08:51.249000,0 days 00:09:03.437000
84,3942349,France,10,"[15.7, 68.5]","[87.1, 63.1]",2,0 days 00:09:03.437000,0 days 00:09:12.911000
85,3942349,Portugal,2,"[37.0, 25.4]","[37.0, 25.4]",2,0 days 00:09:12.911000,0 days 00:11:08.406000
88,3942349,Portugal,20,"[34.4, 27.0]","[110.8, 10.6]",2,0 days 00:11:13.083000,0 days 00:11:38.458000
89,3942349,France,6,"[6.5, 37.7]","[55.9, 40.0]",2,0 days 00:11:58.643000,0 days 00:12:05.139000
90,3942349,Portugal,18,"[43.7, 45.2]","[56.5, 3.4]",2,0 days 00:12:06.786000,0 days 00:12:19.719000
91,3942349,France,16,"[63.6, 76.7]","[100.9, 77.2]",2,0 days 00:12:19.719000,0 days 00:12:29.289000
92,3942349,Portugal,70,"[22.7, 3.2]","[3.5, 53.6]",2,0 days 00:12:46.767000,0 days 00:13:48.769000
93,3942349,Portugal,19,"[120.0, 0.1]","[109.3, 33.5]",2,0 days 00:14:23.716000,0 days 00:14:45.655000
94,3942349,France,8,"[8.0, 44.0]","[62.2, 58.7]",2,0 days 00:14:45.655000,0 days 00:14:56.072000
95,3942349,Portugal,6,"[52.3, 25.4]","[63.3, 10.2]",2,0 days 00:14:56.072000,0 days 00:14:59.902000
96,3942349,Portugal,29,"[54.2, 3.9]","[2.8, 37.5]",2,0 days 00:15:13.336000,0 days 00:15:37.066000
97,3942349,France,58,"[7.0, 38.4]","[1.8, 41.5]",2,0 days 00:15:59.098000,0 days 00:17:03.336000
98,3942349,Portugal,23,"[5.8, 39.8]","[117.7, 48.3]",2,0 days 00:17:20.054000,0 days 00:17:39.587000
99,3942349,Portugal,79,"[120.0, 80.0]","[90.0, 41.2]",2,0 days 00:18:37.879000,0 days 00:20:15.951000
100,3942349,France,18,"[18.9, 28.4]","[6.2, 35.4]",2,0 days 00:20:16.919000,0 days 00:20:33.983000
101,3942349,France,42,"[120.0, 0.1]","[2.4, 35.9]",2,0 days 00:21:12.774000,0 days 00:21:54.431000
102,3942349,Portugal,62,"[3.8, 28.4]","[43.0, 71.8]",2,0 days 00:21:56.721000,0 days 00:23:10.159000
103,3942349,Portugal,57,"[69.9, 0.1]","[90.6, 27.7]",2,0 days 00:23:18.005000,0 days 00:24:19.280000
104,3942349,France,27,"[22.0, 56.8]","[2.6, 35.3]",2,0 days 00:24:20.483000,0 days 00:24:49.434000
105,3942349,Portugal,42,"[5.1, 38.9]","[50.4, 60.1]",2,0 days 00:25:18.539000,0 days 00:25:50.738000
106,3942349,France,69,"[56.6, 52.8]","[5.1, 36.1]",2,0 days 00:25:52.314000,0 days 00:27:08.107000
107,3942349,France,47,"[104.6, 80.0]","[2.0, 37.8]",2,0 days 00:27:22.636000,0 days 00:28:17.127000
108,3942349,Portugal,117,"[5.8, 37.8]","[104.8, 73.5]",2,0 days 00:29:10.225000,0 days 00:31:44.188000
109,3942349,France,17,"[16.3, 13.1]","[57.7, 18.3]",2,0 days 00:31:44.188000,0 days 00:32:00.963000
110,3942349,Portugal,5,"[65.6, 55.0]","[78.5, 30.7]",2,0 days 00:32:03.181000,0 days 00:32:07.898000
111,3942349,Portugal,38,"[82.2, 31.4]","[5.9, 11.0]",2,0 days 00:32:24.939000,0 days 00:33:00.018000
112,3942349,Portugal,11,"[120.0, 80.0]","[94.8, 15.6]",2,0 days 00:33:35.917000,0 days 00:33:48.452000
113,3942349,France,6,"[24.8, 56.6]","[52.2, 57.6]",2,0 days 00:33:48.452000,0 days 00:33:52.185000
114,3942349,France,53,"[45.1, 45.4]","[108.1, 32.1]",2,0 days 00:34:21.796000,0 days 00:35:15.151000
115,3942349,Portugal,44,"[8.7, 39.6]","[14.9, 66.6]",2,0 days 00:35:15.151000,0 days 00:36:31.766000
116,3942349,Portugal,61,"[92.5, 0.1]","[79.9, 73.5]",2,0 days 00:36:39.466000,0 days 00:37:40.035000
117,3942349,France,25,"[40.2, 6.6]","[64.2, 11.5]",2,0 days 00:37:40.035000,0 days 00:38:00.570000
118,3942349,Portugal,7,"[55.9, 68.6]","[98.4, 60.7]",2,0 days 00:38:00.570000,0 days 00:38:07.882000
119,3942349,Portugal,14,"[99.5, 61.1]","[4.1, 41.2]",2,0 days 00:39:57.192000,0 days 00:40:08.595000
120,3942349,Portugal,68,"[120.0, 80.0]","[11.5, 60.4]",2,0 days 00:40:58.993000,0 days 00:42:07.403000
121,3942349,France,12,"[28.0, 66.4]","[93.9, 33.2]",2,0 days 00:42:10.151000,0 days 00:42:22.948000
122,3942349,Portugal,1,"[2.1, 41.0]","[2.1, 41.0]",2,0 days 00:42:23.867000,0 days 00:42:23.867000
123,3942349,Portugal,26,"[9.6, 44.5]","[30.4, 30.7]",2,0 days 00:42:36.446000,0 days 00:43:09.878000
124,3942349,France,14,"[23.8, 35.8]","[58.7, 22.4]",2,0 days 00:43:11.202000,0 days 00:43:24.436000
125,3942349,France,8,"[55.4, 49.8]","[96.4, 33.1]",2,0 days 00:43:37.987000,0 days 00:43:44.545000
126,3942349,Portugal,1,"[2.0, 40.8]","[2.0, 40.8]",2,0 days 00:43:45.244000,0 days 00:43:45.244000
127,3942349,Portugal,47,"[6.1, 41.0]","[107.2, 27.2]",2,0 days 00:43:54.369000,0 days 00:45:04.543000
128,3942349,France,11,"[16.8, 54.0]","[2.3, 21.2]",2,0 days 00:45:04.543000,0 days 00:45:18.762000
129,3942349,France,5,"[120.0, 80.0]","[1.1, 41.3]",2,0 days 00:45:57.815000,0 days 00:46:03.145000
130,3942349,Portugal,45,"[4.9, 39.1]","[15.4, 29.3]",2,0 days 00:46:35.350000,0 days 00:47:28.889000
131,3942349,France,12,"[33.4, 36.3]","[99.9, 39.0]",2,0 days 00:47:30.613000,0 days 00:47:45.899000
132,3942349,Portugal,1,"[1.8, 40.0]","[1.8, 40.0]",2,0 days 00:47:46.716000,0 days 00:47:46.716000
133,3942349,Portugal,4,"[3.3, 39.6]","[14.0, 53.8]",2,0 days 00:47:58.884000,0 days 00:48:02.740000
134,3942349,France,64,"[60.0, 40.0]","[105.2, 20.6]",3,0 days 00:00:00.775000,0 days 00:01:05.709000
135,3942349,Portugal,59,"[14.9, 59.5]","[114.9, 65.2]",3,0 days 00:01:05.709000,0 days 00:02:09.452000
136,3942349,France,14,"[2.3, 16.8]","[44.3, 21.7]",3,0 days 00:02:09.452000,0 days 00:02:20.287000
137,3942349,Portugal,27,"[64.7, 49.0]","[1.2, 36.6]",3,0 days 00:02:20.287000,0 days 00:02:41.785000
138,3942349,France,67,"[4.5, 41.2]","[109.0, 42.4]",3,0 days 00:03:06.404000,0 days 00:03:58.236000
139,3942349,Portugal,11,"[7.7, 43.1]","[11.7, 62.8]",3,0 days 00:03:58.236000,0 days 00:04:15.959000
140,3942349,Portugal,40,"[92.0, 0.1]","[10.4, 3.7]",3,0 days 00:04:31.728000,0 days 00:05:13.843000
141,3942349,Portugal,18,"[111.1, 80.0]","[35.8, 20.6]",3,0 days 00:05:29.807000,0 days 00:05:41.207000
142,3942349,Portugal,24,"[79.2, 54.5]","[6.1, 42.4]",3,0 days 00:05:49.251000,0 days 00:06:09.026000
143,3942349,France,22,"[25.3, 32.0]","[3.8, 43.0]",3,0 days 00:06:11.062000,0 days 00:06:29.307000
144,3942349,France,19,"[94.5, 0.1]","[3.6, 40.2]",3,0 days 00:06:45.808000,0 days 00:06:58.220000
145,3942349,Portugal,69,"[7.0, 43.8]","[99.3, 57.5]",3,0 days 00:07:15.446000,0 days 00:08:20.842000
146,3942349,France,17,"[19.2, 25.9]","[56.3, 2.5]",3,0 days 00:08:20.842000,0 days 00:08:34.649000
147,3942349,Portugal,76,"[55.9, 0.1]","[68.4, 42.1]",3,0 days 00:08:44.169000,0 days 00:10:19.361000
148,3942349,Portugal,98,"[64.1, 40.2]","[13.9, 2.3]",3,0 days 00:10:28.616000,0 days 00:12:22.591000
149,3942349,Portugal,96,"[98.6, 80.0]","[1.9, 37.7]",3,0 days 00:12:30.098000,0 days 00:14:32.570000
150,3942349,France,6,"[6.0, 36.1]","[27.9, 22.3]",3,0 days 00:14:55.087000,0 days 00:15:01.459000
151,3942349,Portugal,20,"[60.0, 40.0]","[34.7, 67.5]",4,0 days 00:00:00.523000,0 days 00:00:25.833000
152,3942349,Portugal,59,"[97.7, 0.1]","[71.0, 73.6]",4,0 days 00:00:42.737000,0 days 00:01:43.754000
153,3942349,Portugal,32,"[52.2, 0.1]","[1.6, 43.4]",4,0 days 00:01:50.243000,0 days 00:02:25.380000
154,3942349,France,7,"[6.0, 42.4]","[25.3, 16.4]",4,0 days 00:02:31.086000,0 days 00:02:42.011000
155,3942349,France,52,"[90.7, 80.0]","[71.2, 6.9]",4,0 days 00:02:55.155000,0 days 00:03:46.540000
156,3942349,France,39,"[67.7, 5.7]","[78.7, 16.2]",4,0 days 00:03:53.914000,0 days 00:04:36.801000
157,3942349,Portugal,8,"[42.5, 60.5]","[13.1, 19.2]",4,0 days 00:04:37.485000,0 days 00:04:45.664000
158,3942349,France,1,"[13.0, 16.2]","[13.0, 16.2]",4,0 days 00:05:00.935000,0 days 00:05:00.935000
159,3942349,Portugal,14,"[55.1, 31.2]","[101.8, 24.6]",4,0 days 00:05:04.075000,0 days 00:05:16.149000
160,3942349,France,86,"[18.3, 55.5]","[1.8, 38.9]",4,0 days 00:05:16.149000,0 days 00:06:31.337000
161,3942349,Portugal,21,"[5.5, 38.0]","[28.4, 3.5]",4,0 days 00:06:58.803000,0 days 00:07:13.545000
162,3942349,Portugal,9,"[28.6, 3.9]","[53.7, 8.5]",4,0 days 00:07:16.702000,0 days 00:07:20.912000
163,3942349,Portugal,24,"[54.3, 9.8]","[20.9, 12.6]",4,0 days 00:07:29.396000,0 days 00:07:55.066000
164,3942349,Portugal,24,"[96.4, 80.0]","[111.7, 73.2]",4,0 days 00:07:58.395000,0 days 00:08:22.781000
165,3942349,France,24,"[7.0, 39.9]","[1.7, 44.0]",4,0 days 00:08:32.873000,0 days 00:09:00.146000
166,3942349,Portugal,11,"[6.0, 35.8]","[47.2, 2.0]",4,0 days 00:09:21.202000,0 days 00:09:34.636000
167,3942349,France,6,"[57.1, 80.0]","[58.1, 78.8]",4,0 days 00:09:45.636000,0 days 00:09:49.064000
168,3942349,Portugal,6,"[61.5, 0.1]","[37.3, 73.3]",4,0 days 00:10:14.008000,0 days 00:10:17.006000
169,3942349,France,13,"[40.9, 69.7]","[13.9, 24.8]",4,0 days 00:10:17.788000,0 days 00:10:27.103000
170,3942349,Portugal,3,"[120.0, 80.0]","[13.5, 45.9]",4,0 days 00:11:16.557000,0 days 00:11:19.032000
171,3942349,France,34,"[14.2, 47.0]","[7.6, 16.6]",4,0 days 00:11:43.691000,0 days 00:12:17.664000
172,3942349,France,7,"[120.0, 80.0]","[10.9, 35.0]",4,0 days 00:12:41.224000,0 days 00:12:44.977000
173,3942349,Portugal,10,"[15.9, 34.6]","[83.1, 19.1]",4,0 days 00:13:42.014000,0 days 00:13:54.400000
174,3942349,France,48,"[33.0, 55.8]","[103.8, 61.5]",4,0 days 00:13:54.400000,0 days 00:14:34.299000
175,3942349,Portugal,23,"[25.9, 27.3]","[103.1, 38.3]",4,0 days 00:14:34.299000,0 days 00:14:53.361000
176,3942349,France,1,"[1.8, 40.0]","[1.8, 40.0]",4,0 days 00:14:54.047000,0 days 00:14:54.047000
177,3942349,France,11,"[6.4, 41.9]","[111.9, 30.1]",4,0 days 00:15:01.992000,0 days 00:15:12.898000
178,3942349,France,2,"[108.1, 40.1]","[1.0, 40.0]",5,0 days 00:00:03.794000,0 days 00:00:04.480000
179,3942349,Portugal,2,"[108.1, 40.1]","[1.0, 40.0]",5,0 days 00:00:59.455000,0 days 00:00:59.878000
180,3942349,France,2,"[108.1, 40.1]","[1.0, 40.0]",5,0 days 00:01:51.867000,0 days 00:01:52.493000
181,3942349,Portugal,2,"[108.1, 40.1]","[1.0, 40.0]",5,0 days 00:02:34.746000,0 days 00:02:35.177000
182,3942349,France,2,"[108.1, 40.1]","[1.0, 40.0]",5,0 days 00:03:25.735000,0 days 00:03:26.524000
183,3942349,Portugal,2,"[108.1, 40.1]","[1.0, 40.0]",5,0 days 00:04:20.270000,0 days 00:04:20.829000
184,3942349,France,2,"[108.1, 40.1]","[1.0, 40.0]",5,0 days 00:05:22.188000,0 days 00:05:22.882000
185,3942349,Portugal,2,"[108.1, 40.1]","[1.0, 40.0]",5,0 days 00:06:22.607000,0 days 00:06:22.917000
186,3942349,France,2,"[108.1, 40.1]","[1.0, 40.0]",5,0 days 00:07:16.975000,0 days 00:07:17.555000
2,3930180,Austria,102,"[61.0, 40.1]","[28.4, 3.0]",1,0 days 00:00:01.688000,0 days 00:01:52.758000
3,3930180,Austria,59,"[86.4, 80.0]","[36.8, 3.0]",1,0 days 00:02:01.153000,0 days 00:03:00.667000
4,3930180,Austria,9,"[84.2, 80.0]","[32.2, 1.1]",1,0 days 00:03:29.882000,0 days 00:03:32.725000
5,3930180,Austria,5,"[91.7, 80.0]","[26.5, 20.5]",1,0 days 00:03:44.255000,0 days 00:03:46.178000
6,3930180,Austria,25,"[88.7, 80.0]","[36.5, 70.5]",1,0 days 00:03:52.773000,0 days 00:04:14.272000
7,3930180,Austria,40,"[69.5, 0.1]","[110.9, 46.5]",1,0 days 00:04:25.435000,0 days 00:05:01.130000
8,3930180,Netherlands,8,"[7.5, 43.0]","[45.3, 3.1]",1,0 days 00:05:01.130000,0 days 00:05:22.153000
9,3930180,Austria,25,"[74.8, 77.0]","[12.0, 46.9]",1,0 days 00:05:22.153000,0 days 00:05:49.293000
10,3930180,Netherlands,16,"[60.0, 40.0]","[89.0, 77.1]",1,0 days 00:06:53.751000,0 days 00:07:07.215000
11,3930180,Netherlands,19,"[39.8, 0.1]","[82.6, 75.7]",1,0 days 00:07:22.207000,0 days 00:07:31.153000
12,3930180,Austria,9,"[82.6, 75.7]","[110.8, 62.1]",1,0 days 00:07:31.777000,0 days 00:07:38.695000
13,3930180,Netherlands,7,"[7.3, 17.2]","[81.9, 77.1]",1,0 days 00:07:39.284000,0 days 00:07:42.569000
14,3930180,Netherlands,7,"[47.8, 0.1]","[58.6, 78.2]",1,0 days 00:08:10.020000,0 days 00:08:12.464000
15,3930180,Netherlands,4,"[63.7, 0.1]","[40.3, 78.8]",1,0 days 00:08:30.553000,0 days 00:08:31.873000
16,3930180,Netherlands,76,"[69.8, 0.1]","[33.1, 11.5]",1,0 days 00:08:36.638000,0 days 00:09:59.645000
17,3930180,Austria,18,"[42.3, 26.3]","[91.4, 8.5]",1,0 days 00:10:01.819000,0 days 00:10:15.938000
18,3930180,Netherlands,2,"[30.1, 80.0]","[62.8, 69.5]",1,0 days 00:10:34.306000,0 days 00:10:36.741000
19,3930180,Austria,11,"[57.3, 10.6]","[58.1, 71.6]",1,0 days 00:10:36.741000,0 days 00:10:46.466000
20,3930180,Austria,24,"[51.4, 0.1]","[65.8, 5.1]",1,0 days 00:11:04.048000,0 days 00:11:32.897000
21,3930180,Netherlands,35,"[13.7, 55.8]","[83.2, 4.2]",1,0 days 00:11:32.897000,0 days 00:12:16.900000
22,3930180,Austria,13,"[38.3, 75.6]","[41.1, 78.5]",1,0 days 00:12:16.939000,0 days 00:12:27.180000
23,3930180,Austria,1,"[39.2, 78.5]","[39.2, 78.5]",1,0 days 00:12:58.758000,0 days 00:12:58.758000
24,3930180,Netherlands,21,"[22.5, 25.8]","[2.4, 41.2]",1,0 days 00:13:02.080000,0 days 00:13:18.397000
25,3930180,Austria,35,"[7.0, 48.5]","[98.9, 26.8]",1,0 days 00:13:48.195000,0 days 00:14:18.287000
26,3930180,Netherlands,22,"[6.0, 30.5]","[28.0, 20.0]",1,0 days 00:14:37.652000,0 days 00:14:50.815000
27,3930180,Netherlands,14,"[28.1, 20.0]","[40.7, 73.8]",1,0 days 00:15:02.259000,0 days 00:15:18.214000
28,3930180,Austria,5,"[79.4, 6.3]","[73.7, 5.7]",1,0 days 00:15:18.214000,0 days 00:15:19.551000
29,3930180,Austria,19,"[73.7, 5.7]","[106.1, 6.3]",1,0 days 00:15:28.974000,0 days 00:15:54.129000
30,3930180,Netherlands,4,"[18.4, 80.0]","[49.2, 65.3]",1,0 days 00:16:17.572000,0 days 00:16:20.169000
31,3930180,Netherlands,17,"[49.2, 65.3]","[82.6, 19.5]",1,0 days 00:16:35.515000,0 days 00:16:58.533000
32,3930180,Austria,7,"[41.5, 80.0]","[74.8, 66.6]",1,0 days 00:17:16.687000,0 days 00:17:21.091000
33,3930180,Netherlands,47,"[42.2, 16.9]","[47.3, 42.7]",1,0 days 00:17:21.091000,0 days 00:18:03.092000
34,3930180,Austria,126,"[72.2, 36.5]","[82.6, 18.1]",1,0 days 00:18:03.222000,0 days 00:19:54.982000
35,3930180,Netherlands,61,"[6.0, 30.5]","[71.7, 28.5]",1,0 days 00:20:17.209000,0 days 00:21:05.510000
36,3930180,Austria,44,"[71.5, 29.5]","[62.0, 59.9]",1,0 days 00:21:05.966000,0 days 00:21:58.134000
37,3930180,Netherlands,6,"[58.1, 20.2]","[72.6, 45.5]",1,0 days 00:21:58.134000,0 days 00:22:02.451000
38,3930180,Netherlands,40,"[72.6, 45.3]","[7.7, 44.4]",1,0 days 00:22:16.816000,0 days 00:22:55.245000
39,3930180,Austria,10,"[7.0, 33.8]","[96.5, 12.3]",1,0 days 00:23:27.738000,0 days 00:23:50.417000
40,3930180,Netherlands,6,"[6.0, 31.6]","[67.0, 3.6]",1,0 days 00:24:06.832000,0 days 00:24:15.979000
41,3930180,Netherlands,27,"[67.0, 3.6]","[69.8, 50.8]",1,0 days 00:24:32.929000,0 days 00:25:04.746000
42,3930180,Netherlands,7,"[69.5, 50.0]","[6.5, 23.7]",1,0 days 00:25:18.990000,0 days 00:25:28.470000
43,3930180,Netherlands,2,"[120.0, 80.0]","[8.4, 34.1]",1,0 days 00:26:00.735000,0 days 00:26:02.062000
44,3930180,Netherlands,19,"[91.4, 80.0]","[98.7, 76.3]",1,0 days 00:26:08.890000,0 days 00:26:32.670000
45,3930180,Austria,95,"[28.6, 0.1]","[15.1, 13.6]",1,0 days 00:26:53.811000,0 days 00:28:38.285000
46,3930180,Austria,18,"[95.0, 80.0]","[24.2, 73.1]",1,0 days 00:28:48.629000,0 days 00:29:06.632000
47,3930180,Austria,13,"[101.9, 0.1]","[94.8, 24.0]",1,0 days 00:29:34.019000,0 days 00:29:40.353000
48,3930180,Netherlands,1,"[2.1, 42.4]","[2.1, 42.4]",1,0 days 00:29:41.267000,0 days 00:29:41.267000
49,3930180,Netherlands,8,"[8.1, 39.9]","[20.4, 22.0]",1,0 days 00:29:57.687000,0 days 00:30:02.875000
50,3930180,Austria,16,"[100.9, 58.1]","[89.8, 73.7]",1,0 days 00:30:03.069000,0 days 00:30:18.858000
51,3930180,Netherlands,7,"[30.3, 6.4]","[84.0, 75.9]",1,0 days 00:30:18.858000,0 days 00:30:22.380000
52,3930180,Netherlands,6,"[43.2, 0.1]","[67.5, 78.4]",1,0 days 00:31:05.900000,0 days 00:31:08.336000
53,3930180,Netherlands,11,"[51.7, 0.1]","[68.9, 6.3]",1,0 days 00:31:20.834000,0 days 00:31:24.784000
54,3930180,Netherlands,14,"[68.9, 6.3]","[31.5, 77.7]",1,0 days 00:31:56.557000,0 days 00:32:01.435000
55,3930180,Austria,5,"[35.0, 78.4]","[84.7, 1.1]",1,0 days 00:32:02.239000,0 days 00:32:03.959000
56,3930180,Austria,6,"[40.3, 80.0]","[47.0, 73.5]",1,0 days 00:32:19.064000,0 days 00:32:20.627000
57,3930180,Netherlands,22,"[73.1, 6.6]","[113.1, 64.5]",1,0 days 00:32:20.627000,0 days 00:32:36.126000
58,3930180,Austria,10,"[9.0, 15.6]","[72.6, 61.3]",1,0 days 00:32:36.532000,0 days 00:32:40.831000
59,3930180,Netherlands,8,"[77.3, 61.1]","[2.7, 39.4]",1,0 days 00:33:32.035000,0 days 00:33:38.654000
60,3930180,Austria,47,"[7.0, 50.1]","[7.5, 50.0]",1,0 days 00:35:36.020000,0 days 00:36:16.862000
61,3930180,Austria,22,"[120.0, 0.1]","[5.0, 32.7]",1,0 days 00:36:56.867000,0 days 00:37:11.715000
62,3930180,Netherlands,6,"[10.7, 26.7]","[23.9, 3.6]",1,0 days 00:37:13.142000,0 days 00:37:17.899000
63,3930180,Netherlands,31,"[26.1, 8.3]","[78.6, 63.5]",1,0 days 00:37:41.221000,0 days 00:38:14.448000
64,3930180,Netherlands,37,"[41.5, 16.6]","[63.4, 30.1]",1,0 days 00:38:31.081000,0 days 00:38:56.276000
65,3930180,Austria,6,"[57.2, 29.8]","[2.9, 40.1]",1,0 days 00:38:56.382000,0 days 00:39:02.583000
66,3930180,Netherlands,10,"[36.8, 33.3]","[84.5, 3.9]",1,0 days 00:39:03.975000,0 days 00:39:11.737000
67,3930180,Netherlands,6,"[85.7, 4.4]","[19.2, 78.8]",1,0 days 00:39:48.776000,0 days 00:39:52.601000
68,3930180,Netherlands,28,"[91.7, 0.1]","[2.0, 37.1]",1,0 days 00:39:59.872000,0 days 00:40:36.784000
69,3930180,Austria,10,"[14.4, 19.5]","[67.0, 14.3]",1,0 days 00:40:38.007000,0 days 00:40:44.064000
70,3930180,Netherlands,9,"[56.2, 51.9]","[1.5, 36.3]",1,0 days 00:40:46.103000,0 days 00:40:56.998000
71,3930180,Austria,54,"[3.7, 43.5]","[96.9, 56.8]",1,0 days 00:40:57.964000,0 days 00:42:30.103000
72,3930180,Netherlands,39,"[11.2, 23.9]","[72.8, 68.4]",1,0 days 00:42:30.103000,0 days 00:43:12.899000
73,3930180,Netherlands,20,"[3.6, 31.1]","[53.9, 69.6]",1,0 days 00:43:30.503000,0 days 00:43:49.856000
74,3930180,Netherlands,5,"[55.6, 0.1]","[64.2, 3.8]",1,0 days 00:44:00.771000,0 days 00:44:02.841000
75,3930180,Austria,117,"[55.9, 76.3]","[20.0, 16.6]",1,0 days 00:44:02.841000,0 days 00:45:58.820000
76,3930180,Austria,4,"[120.0, 80.0]","[0.9, 38.9]",1,0 days 00:46:53.133000,0 days 00:46:56.371000
77,3930180,Netherlands,5,"[61.0, 40.1]","[85.2, 2.8]",2,0 days 00:00:01.026000,0 days 00:00:07.476000
78,3930180,Austria,6,"[42.7, 80.0]","[58.5, 69.2]",2,0 days 00:00:23.696000,0 days 00:00:26.393000
79,3930180,Netherlands,23,"[65.1, 12.6]","[31.2, 3.3]",2,0 days 00:00:26.626000,0 days 00:00:57.255000
80,3930180,Austria,10,"[83.4, 74.1]","[80.5, 46.3]",2,0 days 00:00:58.271000,0 days 00:01:03.513000
81,3930180,Netherlands,8,"[39.6, 33.8]","[2.9, 42.7]",2,0 days 00:01:03.513000,0 days 00:01:12.751000
82,3930180,Austria,12,"[60.0, 40.0]","[73.2, 49.9]",2,0 days 00:02:13.689000,0 days 00:02:22.109000
83,3930180,Austria,1,"[72.5, 50.5]","[72.5, 50.5]",2,0 days 00:02:57.601000,0 days 00:02:57.601000
84,3930180,Netherlands,28,"[5.8, 34.0]","[9.0, 28.9]",2,0 days 00:03:21.849000,0 days 00:03:44.938000
85,3930180,Netherlands,19,"[94.5, 80.0]","[34.6, 2.4]",2,0 days 00:03:55.988000,0 days 00:04:08.154000
86,3930180,Netherlands,52,"[75.4, 80.0]","[14.7, 20.2]",2,0 days 00:04:30.936000,0 days 00:05:07.249000
87,3930180,Austria,13,"[5.7, 47.3]","[49.8, 17.0]",2,0 days 00:05:30.761000,0 days 00:05:40.571000
88,3930180,Netherlands,14,"[69.5, 66.0]","[89.1, 59.7]",2,0 days 00:05:41.031000,0 days 00:05:49.718000
89,3930180,Austria,9,"[33.3, 20.4]","[57.5, 20.4]",2,0 days 00:05:49.718000,0 days 00:05:52.383000
90,3930180,Austria,20,"[58.5, 20.7]","[64.9, 59.0]",2,0 days 00:06:13.678000,0 days 00:06:26.382000
91,3930180,Netherlands,19,"[55.2, 21.1]","[70.8, 59.4]",2,0 days 00:06:26.382000,0 days 00:06:38.386000
92,3930180,Netherlands,3,"[57.0, 0.1]","[39.6, 71.3]",2,0 days 00:07:00.912000,0 days 00:07:02.910000
93,3930180,Netherlands,29,"[71.2, 0.1]","[1.7, 57.4]",2,0 days 00:07:14.481000,0 days 00:07:42.762000
94,3930180,Netherlands,6,"[120.0, 0.1]","[0.8, 40.5]",2,0 days 00:08:11.466000,0 days 00:08:13.243000
95,3930180,Netherlands,3,"[120.0, 0.1]","[3.0, 39.6]",2,0 days 00:08:29.327000,0 days 00:08:30.802000
96,3930180,Austria,7,"[5.3, 39.5]","[2.2, 38.7]",2,0 days 00:10:37.598000,0 days 00:10:43.534000
97,3930180,Netherlands,7,"[56.5, 70.4]","[54.9, 8.0]",2,0 days 00:10:47.110000,0 days 00:10:50.369000
98,3930180,Netherlands,10,"[61.5, 80.0]","[77.0, 74.3]",2,0 days 00:11:03.261000,0 days 00:11:08.614000
99,3930180,Netherlands,4,"[76.6, 74.0]","[103.8, 42.5]",2,0 days 00:11:46.057000,0 days 00:11:47.487000
100,3930180,Austria,23,"[4.8, 48.1]","[48.4, 62.6]",2,0 days 00:12:06.646000,0 days 00:12:24.452000
101,3930180,Netherlands,12,"[35.1, 25.3]","[58.2, 62.6]",2,0 days 00:12:29.260000,0 days 00:12:37.595000
102,3930180,Netherlands,10,"[58.6, 61.8]","[99.8, 40.3]",2,0 days 00:12:57.114000,0 days 00:13:05.095000
103,3930180,Austria,20,"[12.7, 54.1]","[110.2, 40.7]",2,0 days 00:13:07.830000,0 days 00:13:31.088000
104,3930180,Netherlands,2,"[1.2, 42.6]","[1.3, 42.5]",2,0 days 00:13:31.512000,0 days 00:13:31.547000
105,3930180,Netherlands,24,"[61.0, 40.1]","[61.6, 6.9]",2,0 days 00:14:56.284000,0 days 00:15:14.889000
106,3930180,Austria,5,"[58.5, 75.5]","[61.0, 7.8]",2,0 days 00:15:15.070000,0 days 00:15:16.284000
107,3930180,Austria,14,"[72.1, 80.0]","[42.3, 74.4]",2,0 days 00:15:40.755000,0 days 00:15:49.707000
108,3930180,Netherlands,22,"[77.8, 5.7]","[2.4, 15.3]",2,0 days 00:15:49.707000,0 days 00:16:06.477000
109,3930180,Austria,3,"[3.8, 17.9]","[78.0, 23.0]",2,0 days 00:18:54.765000,0 days 00:18:58.355000
110,3930180,Netherlands,29,"[42.1, 57.1]","[97.3, 23.6]",2,0 days 00:18:58.355000,0 days 00:19:27.603000
111,3930180,Austria,6,"[33.3, 56.0]","[53.4, 33.6]",2,0 days 00:20:05.954000,0 days 00:20:12.634000
112,3930180,Netherlands,26,"[35.1, 50.8]","[77.8, 13.6]",2,0 days 00:20:15.498000,0 days 00:20:35.759000
113,3930180,Netherlands,46,"[37.9, 80.0]","[9.3, 32.7]",2,0 days 00:20:55.403000,0 days 00:21:56.032000
114,3930180,Netherlands,4,"[77.4, 80.0]","[96.9, 61.9]",2,0 days 00:22:13.481000,0 days 00:22:15.327000
115,3930180,Austria,9,"[4.5, 16.2]","[59.5, 20.4]",2,0 days 00:22:19.228000,0 days 00:22:24.796000
116,3930180,Austria,23,"[60.4, 19.4]","[72.0, 5.7]",2,0 days 00:22:38.597000,0 days 00:23:03.310000
117,3930180,Austria,11,"[49.8, 80.0]","[57.4, 50.8]",2,0 days 00:23:23.814000,0 days 00:23:28.478000
118,3930180,Netherlands,20,"[57.0, 48.3]","[57.5, 60.3]",2,0 days 00:23:31.244000,0 days 00:23:42.028000
119,3930180,Netherlands,9,"[56.6, 60.5]","[50.9, 34.2]",2,0 days 00:23:51.543000,0 days 00:25:09.181000
122,3930180,Netherlands,13,"[47.5, 32.8]","[91.7, 19.4]",2,0 days 00:25:24.703000,0 days 00:25:37.459000
123,3930180,Netherlands,19,"[90.7, 16.2]","[62.7, 5.3]",2,0 days 00:26:21.504000,0 days 00:26:40.679000
124,3930180,Austria,5,"[57.4, 74.8]","[64.7, 74.8]",2,0 days 00:26:40.679000,0 days 00:26:41.832000
125,3930180,Austria,33,"[56.9, 74.2]","[11.7, 54.9]",2,0 days 00:27:05.302000,0 days 00:27:32.526000
126,3930180,Austria,9,"[5.4, 47.6]","[67.7, 33.4]",2,0 days 00:27:55.571000,0 days 00:28:05.383000
127,3930180,Netherlands,29,"[51.0, 51.3]","[49.3, 11.5]",2,0 days 00:28:05.383000,0 days 00:28:19.228000
128,3930180,Netherlands,31,"[62.2, 80.0]","[25.1, 25.7]",2,0 days 00:28:34.301000,0 days 00:29:11.728000
129,3930180,Netherlands,46,"[25.1, 25.3]","[2.2, 40.1]",2,0 days 00:29:18.793000,0 days 00:29:53.678000
130,3930180,Austria,11,"[60.0, 40.0]","[76.9, 77.3]",2,0 days 00:32:50.789000,0 days 00:32:57.397000
131,3930180,Austria,11,"[48.9, 0.1]","[36.6, 2.9]",2,0 days 00:33:09.422000,0 days 00:33:18.715000
132,3930180,Austria,12,"[30.5, 1.9]","[66.7, 53.4]",2,0 days 00:33:28.480000,0 days 00:33:40.022000
133,3930180,Netherlands,14,"[46.9, 26.1]","[50.9, 70.4]",2,0 days 00:33:40.022000,0 days 00:33:54.745000
134,3930180,Netherlands,5,"[77.8, 0.1]","[4.0, 47.6]",2,0 days 00:33:58.224000,0 days 00:34:03.681000
135,3930180,Netherlands,1,"[120.0, 0.1]","[120.0, 0.1]",2,0 days 00:34:31.055000,0 days 00:34:31.055000
136,3930180,Austria,17,"[2.7, 36.4]","[1.7, 44.0]",2,0 days 00:34:32.856000,0 days 00:34:56.569000
137,3930180,Netherlands,21,"[61.0, 40.1]","[47.3, 9.4]",2,0 days 00:36:05.185000,0 days 00:36:21.057000
138,3930180,Austria,11,"[55.0, 52.9]","[8.6, 55.8]",2,0 days 00:36:23.125000,0 days 00:36:32.447000
139,3930180,Austria,9,"[91.7, 0.1]","[116.9, 22.8]",2,0 days 00:37:04.528000,0 days 00:37:09.935000
140,3930180,Netherlands,10,"[9.5, 52.6]","[112.0, 21.1]",2,0 days 00:37:59.258000,0 days 00:38:09.528000
141,3930180,Austria,15,"[5.3, 33.4]","[97.7, 26.8]",2,0 days 00:38:37.955000,0 days 00:38:51.158000
142,3930180,Netherlands,16,"[9.3, 55.8]","[25.7, 2.0]",2,0 days 00:38:51.158000,0 days 00:39:02.071000
143,3930180,Netherlands,7,"[100.1, 80.0]","[4.2, 8.4]",2,0 days 00:39:20.563000,0 days 00:39:24.894000
144,3930180,Austria,5,"[5.4, 32.4]","[75.2, 8.0]",2,0 days 00:39:49.125000,0 days 00:39:54.313000
145,3930180,Netherlands,4,"[41.4, 75.7]","[43.2, 75.2]",2,0 days 00:39:54.460000,0 days 00:39:55.904000
146,3930180,Netherlands,21,"[43.0, 77.3]","[3.3, 39.7]",2,0 days 00:40:06.136000,0 days 00:40:23.870000
147,3930180,Austria,37,"[5.4, 43.1]","[81.5, 47.1]",2,0 days 00:40:44.620000,0 days 00:41:23.493000
148,3930180,Netherlands,59,"[18.8, 30.9]","[11.0, 72.1]",2,0 days 00:41:23.493000,0 days 00:42:07.202000
149,3930180,Netherlands,23,"[107.5, 0.1]","[26.0, 49.5]",2,0 days 00:42:14.731000,0 days 00:42:32.864000
150,3930180,Austria,12,"[32.5, 42.6]","[46.7, 43.6]",2,0 days 00:42:33.576000,0 days 00:42:38.014000
151,3930180,Netherlands,19,"[73.4, 36.5]","[33.7, 77.5]",2,0 days 00:42:38.014000,0 days 00:42:50.798000
152,3930180,Netherlands,53,"[77.9, 0.1]","[104.7, 29.3]",2,0 days 00:42:58.196000,0 days 00:44:07.196000
153,3930180,Austria,17,"[14.7, 48.4]","[45.6, 67.5]",2,0 days 00:44:07.196000,0 days 00:44:31.283000
154,3930180,Netherlands,10,"[89.7, 0.1]","[100.1, 10.2]",2,0 days 00:44:47.071000,0 days 00:44:57.236000
155,3930180,Austria,36,"[7.4, 35.0]","[88.9, 46.7]",2,0 days 00:44:58.921000,0 days 00:45:41.526000
156,3930180,Netherlands,53,"[17.5, 0.1]","[2.2, 42.0]",2,0 days 00:46:30.043000,0 days 00:48:54.139000
157,3930180,Netherlands,14,"[120.0, 0.1]","[1.8, 43.6]",2,0 days 00:49:08.486000,0 days 00:49:21.316000
158,3930180,Netherlands,21,"[112.5, 0.1]","[28.4, 29.3]",2,0 days 00:49:35.618000,0 days 00:49:50.835000
159,3930180,Austria,8,"[28.4, 29.3]","[98.5, 57.1]",2,0 days 00:50:18.225000,0 days 00:50:37.414000
160,3930180,Austria,5,"[4.5, 37.1]","[70.1, 20.3]",2,0 days 00:50:56.679000,0 days 00:51:04.471000
161,3930180,Netherlands,41,"[21.0, 57.8]","[87.5, 37.3]",2,0 days 00:51:04.471000,0 days 00:51:52.171000
162,3930180,Austria,13,"[32.6, 42.8]","[92.4, 65.6]",2,0 days 00:51:52.171000,0 days 00:52:05.607000
2,3930171,England,4,"[60.0, 40.0]","[27.6, 33.9]",1,0 days 00:00:00.864000,0 days 00:00:05.090000
3,3930171,Denmark,16,"[16.0, 41.1]","[97.1, 27.4]",1,0 days 00:00:08.833000,0 days 00:00:23.738000
4,3930171,England,1,"[2.6, 42.0]","[2.6, 42.0]",1,0 days 00:00:24.687000,0 days 00:00:24.687000
5,3930171,England,42,"[15.5, 46.3]","[44.8, 3.6]",1,0 days 00:00:32.291000,0 days 00:01:09.535000
6,3930171,England,46,"[72.0, 80.0]","[3.5, 33.2]",1,0 days 00:01:15.292000,0 days 00:01:50.334000
7,3930171,England,85,"[100.4, 80.0]","[62.2, 74.2]",1,0 days 00:01:55.465000,0 days 00:03:25.344000
8,3930171,Denmark,67,"[56.3, 0.1]","[103.0, 49.6]",1,0 days 00:03:42.321000,0 days 00:04:36.406000
9,3930171,England,53,"[18.9, 30.9]","[80.0, 6.6]",1,0 days 00:04:36.406000,0 days 00:05:21.677000
10,3930171,England,61,"[34.3, 80.0]","[93.0, 62.9]",1,0 days 00:05:29.914000,0 days 00:06:22.617000
11,3930171,Denmark,55,"[6.3, 33.3]","[1.7, 15.6]",1,0 days 00:06:22.617000,0 days 00:08:55.381000
12,3930171,England,3,"[8.4, 21.1]","[83.8, 25.3]",1,0 days 00:09:14.320000,0 days 00:09:18.027000
13,3930171,Denmark,34,"[36.3, 54.8]","[90.2, 51.5]",1,0 days 00:09:18.027000,0 days 00:09:44.394000
14,3930171,England,63,"[28.7, 30.9]","[99.5, 65.4]",1,0 days 00:09:44.394000,0 days 00:10:38.682000
15,3930171,Denmark,3,"[20.6, 14.7]","[23.0, 2.9]",1,0 days 00:10:38.682000,0 days 00:10:43.014000
16,3930171,England,1,"[90.1, 80.0]","[90.1, 80.0]",1,0 days 00:10:58.306000,0 days 00:10:58.306000
17,3930171,Denmark,18,"[14.4, 45.7]","[85.8, 55.7]",1,0 days 00:11:04.947000,0 days 00:11:26.756000
18,3930171,England,65,"[34.1, 23.9]","[2.4, 37.8]",1,0 days 00:11:41.081000,0 days 00:12:43.944000
19,3930171,Denmark,5,"[6.0, 48.2]","[69.2, 3.0]",1,0 days 00:13:09.850000,0 days 00:13:17.597000
20,3930171,Denmark,6,"[63.3, 80.0]","[83.9, 74.8]",1,0 days 00:13:37.211000,0 days 00:13:39.762000
21,3930171,England,24,"[36.8, 3.9]","[77.8, 77.5]",1,0 days 00:13:39.762000,0 days 00:13:55.582000
22,3930171,Denmark,49,"[40.0, 0.1]","[89.3, 8.0]",1,0 days 00:14:02.942000,0 days 00:14:49.362000
23,3930171,England,7,"[30.8, 72.1]","[71.8, 10.4]",1,0 days 00:14:49.362000,0 days 00:14:51.104000
24,3930171,England,18,"[62.5, 80.0]","[82.9, 13.7]",1,0 days 00:15:16.725000,0 days 00:15:37.275000
25,3930171,Denmark,41,"[40.5, 55.6]","[31.5, 19.7]",1,0 days 00:15:37.275000,0 days 00:16:05.596000
26,3930171,England,82,"[96.3, 54.7]","[2.1, 39.9]",1,0 days 00:16:05.596000,0 days 00:17:21.583000
27,3930171,Denmark,133,"[61.0, 40.1]","[115.6, 57.0]",1,0 days 00:18:44.903000,0 days 00:21:00.794000
28,3930171,England,15,"[8.7, 24.2]","[67.6, 45.7]",1,0 days 00:21:27.818000,0 days 00:21:49.092000
29,3930171,Denmark,23,"[52.7, 36.2]","[15.9, 10.7]",1,0 days 00:21:49.092000,0 days 00:22:05.306000
30,3930171,Denmark,11,"[109.3, 80.0]","[4.8, 14.8]",1,0 days 00:22:20.178000,0 days 00:22:28.445000
31,3930171,Denmark,39,"[106.9, 80.0]","[11.1, 49.3]",1,0 days 00:22:33.868000,0 days 00:22:57.038000
32,3930171,Denmark,5,"[112.0, 0.1]","[95.9, 0.9]",1,0 days 00:23:10.314000,0 days 00:23:12.547000
33,3930171,England,1,"[26.6, 80.0]","[26.6, 80.0]",1,0 days 00:23:38.125000,0 days 00:23:38.125000
34,3930171,Denmark,44,"[84.5, 23.8]","[112.3, 34.5]",1,0 days 00:23:42.125000,0 days 00:24:18.768000
35,3930171,England,1,"[1.2, 42.4]","[1.2, 42.4]",1,0 days 00:24:20.126000,0 days 00:24:20.126000
36,3930171,England,15,"[10.5, 41.3]","[99.0, 56.6]",1,0 days 00:24:34.279000,0 days 00:24:51.616000
37,3930171,Denmark,70,"[14.7, 23.8]","[105.2, 53.2]",1,0 days 00:24:51.616000,0 days 00:25:44.413000
38,3930171,England,24,"[11.1, 23.2]","[68.1, 53.5]",1,0 days 00:25:45.011000,0 days 00:26:02.123000
39,3930171,England,6,"[72.1, 53.6]","[1.3, 36.7]",1,0 days 00:27:01.570000,0 days 00:27:07.067000
40,3930171,Denmark,61,"[6.9, 47.2]","[6.2, 32.6]",1,0 days 00:27:21.523000,0 days 00:28:15.253000
41,3930171,England,54,"[0.8, 34.5]","[78.2, 22.1]",1,0 days 00:28:16.224000,0 days 00:29:37.992000
42,3930171,Denmark,96,"[75.2, 22.1]","[1.8, 36.6]",1,0 days 00:29:38.476000,0 days 00:31:09.799000
43,3930171,Denmark,4,"[120.0, 80.0]","[10.0, 44.5]",1,0 days 00:32:26.348000,0 days 00:32:28.310000
44,3930171,England,13,"[13.2, 45.5]","[97.9, 67.0]",1,0 days 00:32:57.503000,0 days 00:33:08.235000
45,3930171,England,4,"[15.2, 0.1]","[99.1, 73.7]",1,0 days 00:33:26.485000,0 days 00:33:30.274000
46,3930171,Denmark,7,"[84.5, 27.5]","[1.2, 40.3]",1,0 days 00:33:32.585000,0 days 00:33:38.184000
47,3930171,England,9,"[60.0, 40.0]","[35.1, 52.9]",1,0 days 00:34:42.817000,0 days 00:34:55.501000
48,3930171,Denmark,2,"[34.5, 51.7]","[100.3, 74.7]",1,0 days 00:35:32.631000,0 days 00:35:39.072000
49,3930171,England,24,"[20.3, 0.1]","[48.9, 25.7]",1,0 days 00:35:51.506000,0 days 00:36:10.708000
50,3930171,Denmark,11,"[51.9, 25.4]","[64.4, 53.2]",1,0 days 00:36:12.182000,0 days 00:36:17.848000
51,3930171,Denmark,56,"[63.8, 52.9]","[3.0, 37.5]",1,0 days 00:36:36.315000,0 days 00:37:31.717000
52,3930171,Denmark,5,"[120.0, 80.0]","[0.7, 43.0]",1,0 days 00:38:02.460000,0 days 00:38:06.696000
53,3930171,England,8,"[4.4, 43.1]","[56.0, 52.3]",1,0 days 00:38:31.185000,0 days 00:38:37.243000
54,3930171,Denmark,44,"[63.8, 26.8]","[110.3, 75.7]",1,0 days 00:38:37.243000,0 days 00:39:14.747000
55,3930171,England,29,"[5.4, 41.3]","[94.2, 31.4]",1,0 days 00:39:40.971000,0 days 00:40:15.133000
56,3930171,Denmark,1,"[3.2, 41.7]","[3.2, 41.7]",1,0 days 00:40:16.198000,0 days 00:40:16.198000
57,3930171,Denmark,22,"[6.7, 41.8]","[78.5, 44.5]",1,0 days 00:40:19.508000,0 days 00:40:42.738000
58,3930171,England,89,"[41.6, 35.6]","[109.5, 48.5]",1,0 days 00:40:42.738000,0 days 00:42:00.393000
59,3930171,Denmark,9,"[6.6, 46.6]","[72.8, 59.6]",1,0 days 00:42:36.096000,0 days 00:42:44.818000
60,3930171,England,7,"[44.9, 20.5]","[47.6, 23.9]",1,0 days 00:42:44.818000,0 days 00:42:47.316000
61,3930171,Denmark,87,"[71.0, 56.2]","[93.1, 54.1]",1,0 days 00:42:47.316000,0 days 00:43:43.941000
62,3930171,England,1,"[1.5, 37.6]","[1.5, 37.6]",1,0 days 00:43:44.942000,0 days 00:43:44.942000
63,3930171,England,121,"[5.4, 45.7]","[2.4, 38.3]",1,0 days 00:43:54.360000,0 days 00:46:05.781000
64,3930171,Denmark,18,"[60.0, 40.0]","[78.3, 47.0]",2,0 days 00:00:00.100000,0 days 00:00:15.741000
65,3930171,England,18,"[42.0, 28.8]","[68.7, 77.6]",2,0 days 00:00:27.071000,0 days 00:00:47.458000
66,3930171,Denmark,32,"[56.1, 0.1]","[4.2, 24.0]",2,0 days 00:00:56.652000,0 days 00:01:22.302000
67,3930171,England,8,"[4.4, 25.4]","[32.9, 42.9]",2,0 days 00:01:25.151000,0 days 00:01:35.475000
68,3930171,England,22,"[32.5, 39.6]","[77.6, 15.1]",2,0 days 00:01:45.679000,0 days 00:02:03.038000
69,3930171,Denmark,40,"[42.5, 65.0]","[86.5, 19.5]",2,0 days 00:02:03.038000,0 days 00:02:37.125000
70,3930171,England,60,"[34.8, 62.4]","[64.4, 52.3]",2,0 days 00:02:37.125000,0 days 00:03:23.604000
71,3930171,Denmark,94,"[25.4, 74.9]","[87.1, 56.5]",2,0 days 00:03:29.640000,0 days 00:04:41.942000
72,3930171,England,67,"[29.4, 28.4]","[25.2, 53.2]",2,0 days 00:04:41.942000,0 days 00:05:40.311000
73,3930171,Denmark,1,"[2.4, 42.1]","[2.4, 42.1]",2,0 days 00:05:41.264000,0 days 00:05:41.264000
74,3930171,Denmark,19,"[3.9, 32.5]","[84.3, 41.1]",2,0 days 00:05:57.334000,0 days 00:06:21.336000
75,3930171,England,41,"[9.4, 37.4]","[4.1, 32.3]",2,0 days 00:06:21.336000,0 days 00:07:01.460000
76,3930171,Denmark,43,"[4.7, 42.2]","[94.2, 56.7]",2,0 days 00:07:28.689000,0 days 00:08:09.967000
77,3930171,England,45,"[27.8, 25.2]","[9.3, 42.4]",2,0 days 00:08:43.366000,0 days 00:09:30.986000
78,3930171,England,39,"[103.1, 0.1]","[2.9, 36.0]",2,0 days 00:09:53.632000,0 days 00:10:24.880000
79,3930171,Denmark,17,"[2.8, 38.9]","[68.1, 77.4]",2,0 days 00:11:31.194000,0 days 00:11:55.770000
80,3930171,England,16,"[46.4, 0.1]","[64.2, 69.7]",2,0 days 00:12:14.759000,0 days 00:12:19.865000
81,3930171,Denmark,32,"[63.4, 71.6]","[16.5, 11.0]",2,0 days 00:12:19.900000,0 days 00:12:44.478000
82,3930171,Denmark,9,"[106.5, 80.0]","[72.5, 63.6]",2,0 days 00:12:57.919000,0 days 00:13:09.830000
83,3930171,England,17,"[49.8, 11.5]","[2.5, 36.7]",2,0 days 00:13:09.830000,0 days 00:13:23.028000
84,3930171,Denmark,21,"[5.3, 31.3]","[72.2, 24.1]",2,0 days 00:13:54.269000,0 days 00:14:14.557000
85,3930171,England,46,"[55.9, 58.2]","[21.4, 76.8]",2,0 days 00:14:14.557000,0 days 00:14:51.731000
86,3930171,Denmark,5,"[89.8, 3.3]","[89.5, 2.5]",2,0 days 00:14:51.731000,0 days 00:14:53.142000
87,3930171,Denmark,2,"[92.5, 3.0]","[21.5, 64.8]",2,0 days 00:15:34.949000,0 days 00:15:35.349000
88,3930171,Denmark,19,"[43.1, 5.2]","[55.4, 26.0]",2,0 days 00:15:42.401000,0 days 00:15:55.725000
89,3930171,Denmark,76,"[47.8, 27.2]","[111.2, 60.6]",2,0 days 00:16:34.247000,0 days 00:17:44.805000
90,3930171,England,29,"[8.9, 19.5]","[2.1, 39.3]",2,0 days 00:17:44.805000,0 days 00:18:02.469000
91,3930171,England,7,"[3.7, 44.5]","[48.7, 73.8]",2,0 days 00:18:15.406000,0 days 00:18:28.364000
92,3930171,Denmark,8,"[54.5, 0.1]","[57.2, 1.7]",2,0 days 00:18:38.809000,0 days 00:18:41.931000
93,3930171,England,81,"[42.3, 69.0]","[106.7, 61.3]",2,0 days 00:18:43.494000,0 days 00:19:48.069000
94,3930171,Denmark,16,"[5.3, 46.0]","[62.8, 53.9]",2,0 days 00:20:19.768000,0 days 00:20:38.369000
95,3930171,England,15,"[48.6, 27.6]","[11.7, 16.8]",2,0 days 00:20:38.369000,0 days 00:20:52.996000
96,3930171,Denmark,11,"[120.0, 80.0]","[96.1, 28.0]",2,0 days 00:21:51.802000,0 days 00:21:58.502000
97,3930171,England,1,"[1.1, 41.8]","[1.1, 41.8]",2,0 days 00:21:59.633000,0 days 00:21:59.633000
98,3930171,England,19,"[14.7, 43.2]","[47.5, 9.1]",2,0 days 00:22:10.210000,0 days 00:22:25.186000
99,3930171,Denmark,28,"[71.4, 72.8]","[99.5, 3.0]",2,0 days 00:22:25.186000,0 days 00:22:43.030000
100,3930171,England,12,"[27.6, 80.0]","[64.5, 64.5]",2,0 days 00:24:14.568000,0 days 00:24:21.467000
101,3930171,England,54,"[69.7, 65.4]","[23.6, 0.5]",2,0 days 00:24:33.114000,0 days 00:25:22.076000
102,3930171,England,38,"[97.6, 80.0]","[3.8, 31.8]",2,0 days 00:25:24.653000,0 days 00:25:58.535000
103,3930171,England,9,"[120.0, 80.0]","[84.2, 67.7]",2,0 days 00:26:32.684000,0 days 00:26:40.319000
104,3930171,Denmark,68,"[35.6, 17.2]","[12.3, 72.4]",2,0 days 00:26:40.319000,0 days 00:27:33.700000
105,3930171,England,2,"[14.8, 76.2]","[86.7, 70.7]",2,0 days 00:28:16.413000,0 days 00:28:19.930000
106,3930171,Denmark,9,"[36.2, 5.2]","[27.8, 22.8]",2,0 days 00:28:19.930000,0 days 00:28:26.546000
107,3930171,England,5,"[88.4, 54.6]","[28.9, 27.7]",2,0 days 00:28:26.546000,0 days 00:28:27.455000
108,3930171,England,2,"[120.0, 80.0]","[4.4, 29.9]",2,0 days 00:29:02.917000,0 days 00:29:03.899000
109,3930171,England,6,"[82.8, 80.0]","[92.0, 76.2]",2,0 days 00:29:16.473000,0 days 00:29:21.043000
110,3930171,Denmark,23,"[30.7, 0.1]","[62.2, 13.6]",2,0 days 00:29:42.264000,0 days 00:29:57.171000
111,3930171,Denmark,8,"[50.0, 80.0]","[64.2, 53.8]",2,0 days 00:30:12.853000,0 days 00:30:16.556000
112,3930171,England,17,"[17.3, 11.8]","[55.0, 23.1]",2,0 days 00:30:20.303000,0 days 00:30:33.800000
113,3930171,Denmark,14,"[62.6, 23.8]","[85.4, 47.2]",2,0 days 00:31:01.196000,0 days 00:31:13.367000
114,3930171,England,1,"[2.0, 39.4]","[2.0, 39.4]",2,0 days 00:31:14.602000,0 days 00:31:14.602000
115,3930171,England,7,"[8.9, 51.8]","[44.8, 75.1]",2,0 days 00:31:16.830000,0 days 00:31:23.561000
116,3930171,Denmark,33,"[75.7, 8.8]","[110.0, 72.2]",2,0 days 00:31:23.561000,0 days 00:31:55.168000
117,3930171,England,5,"[7.0, 39.0]","[40.3, 57.7]",2,0 days 00:32:23.443000,0 days 00:32:27.236000
118,3930171,Denmark,22,"[36.2, 56.1]","[93.7, 61.3]",2,0 days 00:32:29.328000,0 days 00:32:49.669000
119,3930171,England,30,"[10.3, 28.7]","[118.4, 12.4]",2,0 days 00:32:49.669000,0 days 00:33:25.549000
120,3930171,Denmark,3,"[6.0, 41.1]","[71.2, 73.7]",2,0 days 00:34:01.378000,0 days 00:34:05.140000
121,3930171,England,6,"[40.1, 0.1]","[40.1, 8.5]",2,0 days 00:34:17.890000,0 days 00:34:20.336000
122,3930171,England,24,"[40.8, 16.3]","[76.1, 22.6]",2,0 days 00:34:31.306000,0 days 00:34:56.912000
123,3930171,Denmark,42,"[44.0, 57.5]","[22.3, 5.6]",2,0 days 00:34:56.912000,0 days 00:35:31.040000
124,3930171,England,35,"[92.6, 80.0]","[15.3, 30.3]",2,0 days 00:35:43.853000,0 days 00:36:11.430000
125,3930171,England,20,"[106.4, 80.0]","[91.1, 27.6]",2,0 days 00:37:15.232000,0 days 00:37:36.086000
126,3930171,Denmark,24,"[31.4, 54.2]","[7.2, 26.8]",2,0 days 00:37:36.538000,0 days 00:37:52.834000
127,3930171,Denmark,5,"[120.0, 80.0]","[0.8, 39.9]",2,0 days 00:38:27.971000,0 days 00:38:30.772000
128,3930171,England,18,"[7.0, 45.6]","[1.7, 41.1]",2,0 days 00:38:48.657000,0 days 00:39:05.727000
129,3930171,England,6,"[7.0, 36.2]","[88.2, 23.8]",2,0 days 00:39:43.939000,0 days 00:39:48.548000
130,3930171,Denmark,8,"[31.9, 56.3]","[62.8, 50.6]",2,0 days 00:39:48.548000,0 days 00:39:55.478000
131,3930171,England,18,"[43.7, 45.1]","[85.9, 33.1]",2,0 days 00:39:58.147000,0 days 00:40:23.085000
132,3930171,Denmark,19,"[34.2, 47.0]","[84.7, 75.5]",2,0 days 00:40:23.085000,0 days 00:40:42.622000
133,3930171,England,3,"[26.1, 0.1]","[50.0, 5.4]",2,0 days 00:41:09.948000,0 days 00:41:11.181000
134,3930171,Denmark,7,"[70.1, 74.7]","[39.2, 17.1]",2,0 days 00:41:11.181000,0 days 00:41:13.469000
135,3930171,England,14,"[43.7, 11.8]","[54.6, 17.9]",2,0 days 00:41:14.838000,0 days 00:41:21.225000
136,3930171,England,8,"[57.0, 22.9]","[81.2, 58.5]",2,0 days 00:41:31.724000,0 days 00:41:41.087000
137,3930171,Denmark,54,"[38.9, 21.6]","[61.9, 38.5]",2,0 days 00:41:41.087000,0 days 00:42:26.517000
138,3930171,England,5,"[56.1, 37.3]","[111.9, 24.1]",2,0 days 00:43:08.173000,0 days 00:43:14.187000
139,3930171,Denmark,5,"[6.0, 45.3]","[96.1, 51.6]",2,0 days 00:43:44.056000,0 days 00:43:51.060000
140,3930171,England,36,"[12.8, 37.0]","[112.9, 6.9]",2,0 days 00:43:51.060000,0 days 00:44:23.703000
141,3930171,England,7,"[22.6, 80.0]","[61.4, 54.8]",2,0 days 00:44:45.620000,0 days 00:44:49.807000
142,3930171,England,6,"[65.1, 58.5]","[55.1, 28.1]",2,0 days 00:45:05.063000,0 days 00:45:08.436000
143,3930171,England,6,"[56.4, 29.8]","[106.4, 23.5]",2,0 days 00:45:38.072000,0 days 00:45:44.450000
144,3930171,Denmark,11,"[13.7, 56.6]","[65.2, 26.9]",2,0 days 00:45:44.450000,0 days 00:45:50.929000
145,3930171,England,13,"[63.3, 36.3]","[96.5, 69.0]",2,0 days 00:46:34.054000,0 days 00:46:49.870000
146,3930171,Denmark,27,"[22.9, 10.2]","[30.1, 14.8]",2,0 days 00:46:49.870000,0 days 00:47:06.612000
147,3930171,England,39,"[30.6, 21.5]","[77.3, 62.9]",2,0 days 00:47:23.821000,0 days 00:48:04.119000
2,3942227,England,4,"[60.0, 40.0]","[28.9, 37.7]",1,0 days 00:00:00.235000,0 days 00:00:04.496000
3,3942227,Switzerland,6,"[12.0, 0.1]","[76.7, 23.6]",1,0 days 00:00:24.205000,0 days 00:00:33.179000
4,3942227,England,30,"[27.7, 60.5]","[104.0, 5.1]",1,0 days 00:00:33.179000,0 days 00:01:02.611000
5,3942227,England,5,"[27.7, 80.0]","[48.3, 52.5]",1,0 days 00:01:16.646000,0 days 00:01:20.371000
6,3942227,Switzerland,66,"[67.4, 32.0]","[75.4, 19.2]",1,0 days 00:01:20.371000,0 days 00:02:21.210000
7,3942227,Switzerland,16,"[54.9, 80.0]","[51.9, 22.8]",1,0 days 00:02:40.013000,0 days 00:02:48.703000
8,3942227,England,53,"[78.3, 80.0]","[100.6, 64.0]",1,0 days 00:02:59.053000,0 days 00:03:44.183000
9,3942227,Switzerland,35,"[7.0, 44.2]","[81.2, 20.0]",1,0 days 00:03:56.917000,0 days 00:04:29.528000
10,3942227,England,8,"[42.8, 80.0]","[82.2, 3.1]",1,0 days 00:04:55.771000,0 days 00:04:58.781000
11,3942227,England,40,"[38.3, 80.0]","[58.6, 5.7]",1,0 days 00:05:11.514000,0 days 00:05:43.978000
12,3942227,England,41,"[61.9, 80.0]","[116.1, 57.3]",1,0 days 00:05:47.121000,0 days 00:06:22.871000
13,3942227,Switzerland,60,"[5.6, 23.2]","[6.9, 39.0]",1,0 days 00:06:49.241000,0 days 00:07:40.322000
14,3942227,Switzerland,143,"[110.2, 80.0]","[1.6, 36.3]",1,0 days 00:07:53.008000,0 days 00:09:59.560000
15,3942227,England,176,"[6.0, 40.3]","[5.0, 24.1]",1,0 days 00:10:25.553000,0 days 00:13:09.678000
16,3942227,England,30,"[110.8, 80.0]","[73.2, 2.6]",1,0 days 00:13:36.376000,0 days 00:14:15.141000
17,3942227,Switzerland,12,"[44.0, 75.5]","[51.5, 65.8]",1,0 days 00:14:52.395000,0 days 00:15:10.391000
18,3942227,England,21,"[71.3, 15.7]","[109.6, 19.1]",1,0 days 00:15:10.391000,0 days 00:15:25.397000
19,3942227,Switzerland,4,"[7.0, 41.1]","[100.3, 40.6]",1,0 days 00:16:10.408000,0 days 00:16:15.967000
20,3942227,England,11,"[11.2, 42.6]","[60.1, 23.2]",1,0 days 00:16:15.967000,0 days 00:16:36.144000
21,3942227,Switzerland,24,"[59.6, 59.2]","[107.4, 25.7]",1,0 days 00:16:36.144000,0 days 00:16:58.646000
22,3942227,Switzerland,26,"[9.6, 53.8]","[53.0, 18.9]",1,0 days 00:16:59.865000,0 days 00:17:38.669000
23,3942227,Switzerland,27,"[54.3, 17.6]","[104.7, 27.9]",1,0 days 00:17:46.287000,0 days 00:18:10.867000
24,3942227,England,7,"[11.0, 52.7]","[2.6, 56.4]",1,0 days 00:18:11.030000,0 days 00:18:15.088000
25,3942227,England,13,"[8.3, 50.1]","[99.3, 75.8]",1,0 days 00:18:48.158000,0 days 00:18:59.817000
26,3942227,Switzerland,17,"[20.8, 4.3]","[48.4, 30.5]",1,0 days 00:18:59.817000,0 days 00:19:12.742000
27,3942227,England,57,"[71.7, 49.6]","[6.2, 40.6]",1,0 days 00:19:12.742000,0 days 00:20:17.790000
28,3942227,England,4,"[120.0, 80.0]","[1.4, 40.7]",1,0 days 00:21:02.023000,0 days 00:21:06.607000
29,3942227,Switzerland,5,"[5.4, 35.8]","[34.5, 12.4]",1,0 days 00:21:25.005000,0 days 00:21:32.820000
30,3942227,England,8,"[81.5, 66.8]","[113.9, 19.2]",1,0 days 00:21:32.820000,0 days 00:21:41.812000
31,3942227,Switzerland,8,"[11.3, 42.8]","[49.3, 66.7]",1,0 days 00:21:42.657000,0 days 00:21:47.549000
32,3942227,England,15,"[69.9, 13.6]","[75.6, 8.1]",1,0 days 00:21:48.014000,0 days 00:21:58.775000
33,3942227,England,1,"[76.1, 8.8]","[76.1, 8.8]",1,0 days 00:22:48.600000,0 days 00:22:48.600000
34,3942227,Switzerland,23,"[7.0, 38.0]","[68.3, 15.1]",1,0 days 00:23:13.186000,0 days 00:23:35.626000
35,3942227,England,20,"[39.3, 53.6]","[41.2, 28.9]",1,0 days 00:23:35.626000,0 days 00:24:01.968000
36,3942227,Switzerland,87,"[70.6, 33.6]","[24.7, 48.5]",1,0 days 00:24:03.658000,0 days 00:25:10.839000
37,3942227,England,5,"[29.1, 49.9]","[30.2, 45.8]",1,0 days 00:25:12.350000,0 days 00:25:13.397000
38,3942227,England,36,"[30.0, 45.2]","[41.2, 2.4]",1,0 days 00:25:39.573000,0 days 00:26:15.806000
39,3942227,England,62,"[43.0, 0.1]","[4.8, 40.2]",1,0 days 00:26:19.396000,0 days 00:27:23.108000
40,3942227,Switzerland,13,"[23.3, 4.9]","[114.9, 74.4]",1,0 days 00:27:25.151000,0 days 00:27:33.655000
41,3942227,Switzerland,5,"[6.7, 0.1]","[12.7, 2.5]",1,0 days 00:28:02.453000,0 days 00:28:07.509000
42,3942227,England,36,"[93.1, 80.0]","[17.0, 29.0]",1,0 days 00:28:26.835000,0 days 00:28:57.556000
43,3942227,England,24,"[120.0, 80.0]","[76.6, 72.6]",1,0 days 00:29:38.641000,0 days 00:30:00.504000
44,3942227,Switzerland,93,"[43.5, 7.5]","[9.0, 34.6]",1,0 days 00:30:00.504000,0 days 00:31:35.620000
45,3942227,England,6,"[27.5, 21.0]","[64.6, 1.8]",1,0 days 00:31:37.954000,0 days 00:31:42.931000
46,3942227,England,24,"[69.7, 1.5]","[20.9, 27.1]",1,0 days 00:32:28.247000,0 days 00:32:55.891000
47,3942227,Switzerland,34,"[20.9, 27.1]","[100.7, 73.3]",1,0 days 00:33:24.563000,0 days 00:34:10.859000
48,3942227,England,4,"[5.1, 43.2]","[49.9, 76.6]",1,0 days 00:34:36.227000,0 days 00:34:40.093000
49,3942227,Switzerland,4,"[70.6, 0.1]","[92.6, 18.6]",1,0 days 00:35:04.383000,0 days 00:35:06.896000
50,3942227,England,39,"[25.8, 56.2]","[100.6, 66.0]",1,0 days 00:35:06.896000,0 days 00:35:43.125000
51,3942227,Switzerland,56,"[2.3, 41.1]","[101.4, 53.9]",1,0 days 00:35:45.349000,0 days 00:37:02.064000
52,3942227,England,10,"[19.1, 29.9]","[6.3, 72.8]",1,0 days 00:37:02.064000,0 days 00:37:10.670000
53,3942227,Switzerland,25,"[95.9, 0.1]","[63.1, 73.6]",1,0 days 00:37:24.028000,0 days 00:37:42.866000
54,3942227,Switzerland,44,"[57.0, 0.1]","[111.5, 73.2]",1,0 days 00:38:00.244000,0 days 00:38:23.442000
55,3942227,England,5,"[4.1, 44.6]","[34.2, 23.5]",1,0 days 00:38:55.503000,0 days 00:38:59.168000
56,3942227,Switzerland,30,"[29.7, 27.8]","[90.1, 27.6]",1,0 days 00:39:00.746000,0 days 00:39:45.611000
57,3942227,England,160,"[30.7, 58.0]","[2.8, 38.3]",1,0 days 00:39:45.611000,0 days 00:42:20.509000
58,3942227,England,103,"[55.6, 80.0]","[1.5, 36.5]",1,0 days 00:42:30.672000,0 days 00:44:07.904000
59,3942227,England,1,"[120.0, 80.0]","[120.0, 80.0]",1,0 days 00:44:45.484000,0 days 00:44:45.484000
60,3942227,Switzerland,9,"[3.4, 41.4]","[2.0, 22.2]",1,0 days 00:44:47.529000,0 days 00:45:02.189000
61,3942227,Switzerland,53,"[60.0, 40.0]","[57.9, 5.1]",2,0 days 00:00:00.404000,0 days 00:00:53.187000
62,3942227,England,112,"[58.3, 74.3]","[102.6, 4.0]",2,0 days 00:00:53.187000,0 days 00:02:28.181000
63,3942227,Switzerland,14,"[17.5, 76.1]","[47.5, 43.8]",2,0 days 00:02:28.181000,0 days 00:02:36.878000
64,3942227,England,13,"[62.8, 44.1]","[97.0, 55.6]",2,0 days 00:02:38.229000,0 days 00:02:55.925000
65,3942227,Switzerland,9,"[21.2, 24.3]","[76.2, 3.4]",2,0 days 00:02:56.434000,0 days 00:03:03.620000
66,3942227,England,6,"[47.3, 74.6]","[56.5, 76.6]",2,0 days 00:03:03.620000,0 days 00:03:05.548000
67,3942227,England,21,"[50.7, 75.8]","[99.2, 1.8]",2,0 days 00:03:12.637000,0 days 00:03:37.117000
68,3942227,Switzerland,11,"[4.8, 57.2]","[47.9, 18.1]",2,0 days 00:03:40.529000,0 days 00:03:50.212000
69,3942227,Switzerland,57,"[48.2, 19.2]","[1.4, 43.6]",2,0 days 00:04:45.442000,0 days 00:05:42.786000
70,3942227,England,1,"[10.7, 51.9]","[10.7, 51.9]",2,0 days 00:05:49.527000,0 days 00:05:49.527000
71,3942227,Switzerland,23,"[86.0, 0.1]","[43.9, 29.2]",2,0 days 00:06:28.747000,0 days 00:07:05.820000
72,3942227,England,8,"[76.2, 50.9]","[107.2, 64.3]",2,0 days 00:07:05.820000,0 days 00:07:12.005000
73,3942227,Switzerland,31,"[14.6, 14.5]","[70.7, 11.8]",2,0 days 00:07:32.263000,0 days 00:07:59.192000
74,3942227,England,42,"[71.9, 2.5]","[59.3, 0.4]",2,0 days 00:08:18.778000,0 days 00:08:50.793000
75,3942227,England,3,"[54.7, 80.0]","[85.0, 68.8]",2,0 days 00:08:57.840000,0 days 00:09:00.607000
76,3942227,Switzerland,22,"[27.2, 21.3]","[85.1, 25.2]",2,0 days 00:09:01.356000,0 days 00:09:16.230000
77,3942227,England,11,"[35.0, 54.9]","[63.7, 4.1]",2,0 days 00:09:16.230000,0 days 00:09:25.250000
78,3942227,England,5,"[55.0, 80.0]","[70.2, 53.0]",2,0 days 00:10:20.066000,0 days 00:10:22.363000
79,3942227,Switzerland,5,"[49.9, 27.1]","[46.9, 28.1]",2,0 days 00:10:22.583000,0 days 00:10:24.265000
80,3942227,Switzerland,1,"[42.7, 25.2]","[42.7, 25.2]",2,0 days 00:10:30.031000,0 days 00:10:30.031000
83,3942227,Switzerland,26,"[57.6, 32.7]","[2.1, 38.7]",2,0 days 00:10:46.396000,0 days 00:11:03.875000
84,3942227,England,24,"[2.9, 37.3]","[58.9, 10.5]",2,0 days 00:11:04.830000,0 days 00:11:42.075000
85,3942227,England,31,"[58.9, 9.7]","[20.9, 65.6]",2,0 days 00:11:52.466000,0 days 00:12:31.197000
86,3942227,England,22,"[85.6, 0.1]","[99.3, 69.9]",2,0 days 00:12:56.199000,0 days 00:13:16.257000
87,3942227,Switzerland,30,"[16.3, 27.9]","[11.0, 24.3]",2,0 days 00:13:17.451000,0 days 00:13:38.957000
88,3942227,Switzerland,11,"[120.0, 80.0]","[7.7, 24.2]",2,0 days 00:14:38.066000,0 days 00:14:45.195000
89,3942227,Switzerland,2,"[120.0, 80.0]","[5.5, 27.9]",2,0 days 00:15:14.073000,0 days 00:15:15.351000
90,3942227,Switzerland,19,"[110.0, 80.0]","[70.7, 4.0]",2,0 days 00:15:21.938000,0 days 00:15:36.939000
91,3942227,Switzerland,91,"[50.8, 80.0]","[96.7, 31.7]",2,0 days 00:15:40.992000,0 days 00:17:27.026000
92,3942227,England,10,"[22.8, 51.5]","[42.7, 51.1]",2,0 days 00:17:27.026000,0 days 00:17:30.182000
93,3942227,England,37,"[47.8, 52.5]","[109.0, 50.0]",2,0 days 00:18:40.233000,0 days 00:19:16.443000
94,3942227,Switzerland,45,"[5.5, 39.3]","[0.8, 40.6]",2,0 days 00:19:46.766000,0 days 00:20:47.022000
95,3942227,England,31,"[6.6, 43.4]","[60.5, 50.6]",2,0 days 00:21:10.052000,0 days 00:21:36.492000
96,3942227,Switzerland,33,"[56.3, 51.6]","[102.5, 37.6]",2,0 days 00:22:28.384000,0 days 00:23:03.113000
97,3942227,England,18,"[15.6, 38.2]","[37.3, 69.9]",2,0 days 00:23:03.869000,0 days 00:23:18.949000
98,3942227,Switzerland,70,"[79.1, 8.5]","[110.3, 7.7]",2,0 days 00:23:19.848000,0 days 00:24:26.713000
99,3942227,England,10,"[9.8, 72.4]","[102.8, 4.5]",2,0 days 00:24:26.713000,0 days 00:24:29.220000
100,3942227,England,4,"[22.8, 80.0]","[49.5, 71.2]",2,0 days 00:24:54.472000,0 days 00:24:56.705000
101,3942227,England,35,"[49.7, 71.8]","[104.6, 72.4]",2,0 days 00:25:03.993000,0 days 00:25:51.179000
102,3942227,Switzerland,10,"[15.7, 23.3]","[65.1, 1.9]",2,0 days 00:25:51.876000,0 days 00:26:00.827000
103,3942227,England,35,"[53.3, 80.0]","[114.2, 7.1]",2,0 days 00:26:09.065000,0 days 00:26:47.873000
104,3942227,England,23,"[112.5, 0.1]","[2.9, 69.8]",2,0 days 00:26:56.299000,0 days 00:27:18.431000
105,3942227,Switzerland,57,"[3.9, 69.2]","[2.1, 37.7]",2,0 days 00:28:09.012000,0 days 00:29:14.716000
106,3942227,England,44,"[61.0, 40.1]","[105.4, 60.1]",2,0 days 00:30:38.695000,0 days 00:31:31.724000
107,3942227,Switzerland,33,"[2.0, 34.4]","[55.9, 20.7]",2,0 days 00:31:33.978000,0 days 00:32:07.865000
108,3942227,Switzerland,9,"[66.5, 80.0]","[83.3, 69.9]",2,0 days 00:33:26.143000,0 days 00:33:29.024000
109,3942227,England,20,"[34.6, 9.6]","[9.0, 20.3]",2,0 days 00:33:29.617000,0 days 00:33:42.709000
110,3942227,England,45,"[104.8, 80.0]","[2.4, 36.7]",2,0 days 00:34:00.188000,0 days 00:34:47.678000
111,3942227,Switzerland,17,"[60.0, 40.0]","[90.8, 34.7]",2,0 days 00:35:59.638000,0 days 00:36:13.373000
112,3942227,England,23,"[29.3, 45.4]","[99.8, 9.0]",2,0 days 00:36:13.373000,0 days 00:36:47.488000
113,3942227,Switzerland,17,"[16.3, 80.0]","[12.0, 66.0]",2,0 days 00:37:09.539000,0 days 00:37:17.266000
114,3942227,England,32,"[99.2, 0.1]","[41.4, 30.3]",2,0 days 00:37:23.336000,0 days 00:37:50.315000
115,3942227,Switzerland,7,"[41.1, 27.9]","[42.2, 53.2]",2,0 days 00:37:55.842000,0 days 00:38:01.243000
116,3942227,Switzerland,48,"[55.7, 80.0]","[8.7, 36.3]",2,0 days 00:38:26.947000,0 days 00:39:20.264000
117,3942227,England,5,"[20.7, 35.0]","[51.1, 14.8]",2,0 days 00:39:21.992000,0 days 00:39:27.099000
118,3942227,England,96,"[49.5, 15.8]","[114.2, 57.8]",2,0 days 00:39:56.376000,0 days 00:41:22.258000
119,3942227,Switzerland,4,"[14.4, 80.0]","[9.0, 73.5]",2,0 days 00:42:03.246000,0 days 00:42:05.346000
120,3942227,England,34,"[79.5, 0.1]","[1.9, 44.0]",2,0 days 00:42:19.440000,0 days 00:42:54.583000
121,3942227,Switzerland,7,"[6.0, 41.6]","[19.5, 68.5]",2,0 days 00:43:11.574000,0 days 00:43:25.555000
122,3942227,England,4,"[100.9, 9.0]","[100.9, 7.7]",2,0 days 00:43:25.673000,0 days 00:43:26.861000
123,3942227,England,8,"[101.0, 5.8]","[89.8, 59.5]",2,0 days 00:44:11.563000,0 days 00:44:19.205000
124,3942227,Switzerland,12,"[11.3, 35.3]","[2.7, 42.5]",2,0 days 00:44:20.599000,0 days 00:44:36.460000
125,3942227,England,4,"[7.0, 47.0]","[48.8, 24.6]",2,0 days 00:45:15.457000,0 days 00:45:19.388000
126,3942227,Switzerland,57,"[49.4, 23.3]","[10.6, 35.6]",2,0 days 00:45:20.217000,0 days 00:46:11.764000
127,3942227,Switzerland,42,"[70.4, 80.0]","[1.8, 43.6]",2,0 days 00:46:18.799000,0 days 00:47:05.489000
128,3942227,England,7,"[7.0, 46.4]","[85.8, 60.1]",2,0 days 00:47:47.249000,0 days 00:47:53.210000
129,3942227,Switzerland,3,"[29.4, 20.7]","[28.1, 23.2]",2,0 days 00:47:53.482000,0 days 00:47:54.641000
130,3942227,Switzerland,88,"[61.0, 40.1]","[104.6, 61.2]",3,0 days 00:00:00.294000,0 days 00:01:33.479000
131,3942227,England,3,"[6.0, 44.5]","[76.1, 43.4]",3,0 days 00:02:04.283000,0 days 00:02:08.372000
132,3942227,Switzerland,44,"[44.0, 36.7]","[53.9, 56.0]",3,0 days 00:02:08.372000,0 days 00:02:54.439000
133,3942227,England,89,"[53.5, 56.3]","[1.8, 40.5]",3,0 days 00:02:54.515000,0 days 00:04:29.765000
134,3942227,England,26,"[120.0, 80.0]","[9.8, 79.0]",3,0 days 00:05:07.642000,0 days 00:05:39.261000
135,3942227,England,64,"[104.9, 0.1]","[65.0, 1.7]",3,0 days 00:05:41.039000,0 days 00:06:47.500000
136,3942227,Switzerland,30,"[56.7, 58.5]","[18.9, 72.1]",3,0 days 00:06:49.596000,0 days 00:07:11.916000
137,3942227,Switzerland,56,"[99.2, 0.1]","[85.6, 77.0]",3,0 days 00:07:59.861000,0 days 00:08:59.638000
138,3942227,England,14,"[30.3, 3.4]","[69.1, 11.5]",3,0 days 00:08:59.638000,0 days 00:09:06.238000
139,3942227,England,64,"[69.5, 11.5]","[103.8, 44.8]",3,0 days 00:09:48.613000,0 days 00:11:06.027000
140,3942227,Switzerland,1,"[2.7, 38.3]","[2.7, 38.3]",3,0 days 00:11:06.974000,0 days 00:11:06.974000
141,3942227,Switzerland,70,"[6.9, 45.3]","[86.5, 27.7]",3,0 days 00:11:24.620000,0 days 00:12:54.223000
142,3942227,England,5,"[33.6, 52.4]","[29.5, 51.7]",3,0 days 00:12:54.223000,0 days 00:12:56.107000
143,3942227,England,74,"[29.5, 51.7]","[68.3, 1.4]",3,0 days 00:13:23.674000,0 days 00:14:46.285000
144,3942227,Switzerland,5,"[19.3, 66.9]","[8.5, 44.1]",3,0 days 00:14:48.418000,0 days 00:14:57.501000
145,3942227,England,11,"[61.0, 40.1]","[20.8, 24.2]",4,0 days 00:00:00.654000,0 days 00:00:16.358000
146,3942227,England,4,"[75.8, 80.0]","[96.7, 76.3]",4,0 days 00:00:46.802000,0 days 00:00:50.388000
147,3942227,Switzerland,104,"[4.8, 23.7]","[68.4, 2.8]",4,0 days 00:00:54.313000,0 days 00:02:53.393000
148,3942227,Switzerland,2,"[29.0, 77.3]","[28.5, 77.3]",4,0 days 00:02:59.284000,0 days 00:02:59.855000
149,3942227,England,116,"[80.5, 0.1]","[15.5, 25.2]",4,0 days 00:04:13.368000,0 days 00:06:22.422000
150,3942227,Switzerland,97,"[22.5, 25.5]","[2.0, 36.8]",4,0 days 00:06:23.601000,0 days 00:07:54.618000
151,3942227,England,1,"[7.0, 46.6]","[7.0, 46.6]",4,0 days 00:08:34.966000,0 days 00:08:34.966000
152,3942227,Switzerland,6,"[51.1, 22.6]","[64.4, 24.9]",4,0 days 00:08:39.147000,0 days 00:08:41.061000
153,3942227,England,6,"[52.8, 48.4]","[57.5, 0.8]",4,0 days 00:08:42.889000,0 days 00:08:45.725000
154,3942227,England,54,"[56.6, 80.0]","[105.7, 55.8]",4,0 days 00:09:42.928000,0 days 00:10:42.127000
155,3942227,Switzerland,14,"[15.3, 27.3]","[9.7, 23.0]",4,0 days 00:10:42.127000,0 days 00:10:59.625000
156,3942227,Switzerland,4,"[119.3, 79.1]","[8.1, 43.5]",4,0 days 00:11:40.450000,0 days 00:11:42.435000
157,3942227,England,10,"[10.4, 60.7]","[73.3, 11.0]",4,0 days 00:11:45.210000,0 days 00:12:01.744000
158,3942227,Switzerland,6,"[46.8, 69.1]","[50.8, 74.5]",4,0 days 00:12:01.744000,0 days 00:12:05.224000
159,3942227,Switzerland,52,"[49.4, 74.0]","[1.6, 38.7]",4,0 days 00:13:06.704000,0 days 00:13:51.598000
160,3942227,England,67,"[7.0, 47.4]","[64.1, 22.6]",4,0 days 00:14:26.730000,0 days 00:15:50.465000
161,3942227,England,2,"[108.1, 40.1]","[1.0, 40.0]",5,0 days 00:00:01.872000,0 days 00:00:02.307000
162,3942227,Switzerland,2,"[108.1, 40.1]","[1.0, 40.0]",5,0 days 00:01:03.467000,0 days 00:01:03.902000
163,3942227,England,2,"[108.1, 40.1]","[1.0, 40.0]",5,0 days 00:01:59.218000,0 days 00:01:59.894000
164,3942227,Switzerland,2,"[108.1, 40.1]","[1.0, 40.0]",5,0 days 00:02:52.864000,0 days 00:02:53.420000
165,3942227,England,2,"[108.1, 40.1]","[1.0, 40.0]",5,0 days 00:03:53.477000,0 days 00:03:54.236000
166,3942227,Switzerland,2,"[108.1, 40.1]","[1.0, 40.0]",5,0 days 00:04:38.614000,0 days 00:04:39.166000
167,3942227,England,2,"[108.1, 40.1]","[1.0, 40.0]",5,0 days 00:05:30.907000,0 days 00:05:31.437000
168,3942227,Switzerland,2,"[108.1, 40.1]","[1.0, 40.0]",5,0 days 00:06:25.591000,0 days 00:06:26.187000
169,3942227,England,2,"[108.1, 40.1]","[1.0, 40.0]",5,0 days 00:07:21.049000,0 days 00:07:21.552000
2,3942226,Germany,30,"[60.0, 40.0]","[85.1, 38.2]",1,0 days 00:00:01.291000,0 days 00:00:20.866000
3,3942226,Spain,18,"[16.3, 36.7]","[72.8, 24.7]",1,0 days 00:00:20.866000,0 days 00:00:36.052000
4,3942226,Germany,12,"[44.9, 54.6]","[56.0, 77.1]",1,0 days 00:00:36.052000,0 days 00:00:41.441000
5,3942226,Spain,13,"[71.1, 4.6]","[1.5, 39.7]",1,0 days 00:00:42.521000,0 days 00:00:53.462000
6,3942226,Germany,3,"[9.5, 45.6]","[68.6, 6.0]",1,0 days 00:01:00.775000,0 days 00:01:11.711000
7,3942226,Spain,12,"[63.4, 14.1]","[73.9, 5.5]",1,0 days 00:02:27.286000,0 days 00:02:33.301000
8,3942226,Germany,14,"[49.3, 80.0]","[21.3, 13.7]",1,0 days 00:02:51.205000,0 days 00:02:58.346000
9,3942226,Germany,13,"[92.0, 80.0]","[88.0, 64.2]",1,0 days 00:03:15.127000,0 days 00:03:20.151000
10,3942226,Spain,9,"[28.3, 16.7]","[35.3, 19.3]",1,0 days 00:03:20.151000,0 days 00:04:41.125000
11,3942226,Spain,22,"[42.9, 20.1]","[63.4, 29.3]",1,0 days 00:04:47.154000,0 days 00:05:06.408000
12,3942226,Spain,31,"[63.4, 29.3]","[88.7, 18.3]",1,0 days 00:05:14.609000,0 days 00:05:36.864000
13,3942226,Germany,84,"[38.9, 80.0]","[110.6, 19.8]",1,0 days 00:08:00.731000,0 days 00:09:18.648000
14,3942226,Germany,42,"[14.2, 55.9]","[80.5, 2.3]",1,0 days 00:09:57.664000,0 days 00:10:30.214000
15,3942226,Spain,55,"[37.1, 80.0]","[1.4, 42.1]",1,0 days 00:10:53.583000,0 days 00:11:46.582000
16,3942226,Germany,6,"[2.8, 43.8]","[28.7, 73.2]",1,0 days 00:11:52.768000,0 days 00:11:57.535000
17,3942226,Germany,16,"[29.2, 73.2]","[55.8, 17.7]",1,0 days 00:12:28.325000,0 days 00:12:42.947000
18,3942226,Spain,13,"[64.3, 62.4]","[96.3, 51.5]",1,0 days 00:12:42.947000,0 days 00:12:49.591000
19,3942226,Spain,2,"[98.9, 48.6]","[0.8, 40.8]",1,0 days 00:14:05.116000,0 days 00:14:05.974000
20,3942226,Germany,25,"[4.1, 38.3]","[87.6, 34.9]",1,0 days 00:14:27.710000,0 days 00:14:46.170000
21,3942226,Spain,49,"[32.5, 45.2]","[89.9, 77.5]",1,0 days 00:14:46.170000,0 days 00:15:29.211000
22,3942226,Germany,15,"[30.2, 2.6]","[5.1, 57.6]",1,0 days 00:15:29.211000,0 days 00:15:43.838000
23,3942226,Spain,12,"[4.3, 45.5]","[1.4, 39.0]",1,0 days 00:15:45.505000,0 days 00:16:09.594000
24,3942226,Germany,96,"[2.9, 37.7]","[1.2, 26.1]",1,0 days 00:16:34.403000,0 days 00:18:11.404000
25,3942226,Germany,11,"[104.8, 80.0]","[100.2, 72.1]",1,0 days 00:18:18.055000,0 days 00:18:27.501000
26,3942226,Spain,37,"[14.1, 9.1]","[61.7, 62.6]",1,0 days 00:18:55.143000,0 days 00:19:29.707000
27,3942226,Germany,50,"[70.4, 63.8]","[0.9, 39.9]",1,0 days 00:19:31.568000,0 days 00:20:11.669000
28,3942226,Spain,2,"[14.4, 41.9]","[77.9, 54.2]",1,0 days 00:20:36.689000,0 days 00:20:41.145000
29,3942226,Germany,19,"[14.5, 30.5]","[73.3, 9.4]",1,0 days 00:20:41.145000,0 days 00:20:58.263000
30,3942226,Spain,22,"[46.8, 70.7]","[54.4, 25.3]",1,0 days 00:20:58.263000,0 days 00:21:30.953000
31,3942226,Germany,21,"[20.5, 65.2]","[77.9, 43.6]",1,0 days 00:21:34.897000,0 days 00:21:47.900000
32,3942226,Spain,22,"[82.6, 43.4]","[95.6, 23.8]",1,0 days 00:21:49.022000,0 days 00:22:09.736000
33,3942226,Germany,1,"[2.8, 42.4]","[2.8, 42.4]",1,0 days 00:22:10.443000,0 days 00:22:10.443000
34,3942226,Germany,31,"[7.7, 38.7]","[82.4, 76.2]",1,0 days 00:22:23.377000,0 days 00:23:18.661000
35,3942226,Spain,11,"[34.1, 0.1]","[64.3, 8.2]",1,0 days 00:23:29.588000,0 days 00:23:34.707000
36,3942226,Germany,10,"[55.8, 68.3]","[97.0, 73.5]",1,0 days 00:23:34.707000,0 days 00:23:44.727000
37,3942226,Germany,11,"[97.0, 73.5]","[77.6, 12.2]",1,0 days 00:24:37.993000,0 days 00:24:46.816000
38,3942226,Germany,2,"[77.8, 12.6]","[11.4, 27.9]",1,0 days 00:25:38.442000,0 days 00:25:41.122000
39,3942226,Germany,3,"[120.0, 80.0]","[104.8, 32.1]",1,0 days 00:26:27.211000,0 days 00:26:29.975000
40,3942226,Spain,21,"[4.2, 44.4]","[96.9, 77.1]",1,0 days 00:26:31.744000,0 days 00:27:06.567000
41,3942226,Spain,10,"[98.8, 76.7]","[15.3, 30.7]",1,0 days 00:28:02.301000,0 days 00:28:07.164000
42,3942226,Germany,15,"[15.3, 37.5]","[61.7, 44.7]",1,0 days 00:28:43.374000,0 days 00:28:52.611000
43,3942226,Germany,51,"[61.7, 44.7]","[15.3, 21.9]",1,0 days 00:29:25.120000,0 days 00:30:05.241000
44,3942226,Germany,43,"[91.8, 80.0]","[93.1, 27.3]",1,0 days 00:30:10.412000,0 days 00:30:45.069000
45,3942226,Spain,8,"[29.5, 52.8]","[69.1, 60.4]",1,0 days 00:30:45.950000,0 days 00:30:51.584000
46,3942226,Spain,48,"[67.6, 65.5]","[63.4, 78.1]",1,0 days 00:31:09.015000,0 days 00:31:54.977000
47,3942226,Germany,95,"[45.5, 7.5]","[111.5, 38.9]",1,0 days 00:31:56.590000,0 days 00:33:17.982000
48,3942226,Spain,6,"[4.6, 38.4]","[64.2, 38.4]",1,0 days 00:33:17.982000,0 days 00:33:56.376000
49,3942226,Germany,20,"[53.9, 39.5]","[102.7, 39.0]",1,0 days 00:33:56.376000,0 days 00:34:13.673000
50,3942226,Spain,1,"[4.9, 40.5]","[4.9, 40.5]",1,0 days 00:34:14.220000,0 days 00:34:14.220000
51,3942226,Spain,38,"[12.8, 42.6]","[47.6, 20.6]",1,0 days 00:34:23.432000,0 days 00:35:02.459000
52,3942226,Spain,7,"[76.6, 59.5]","[111.1, 24.9]",1,0 days 00:35:02.459000,0 days 00:35:20.933000
53,3942226,Germany,7,"[24.3, 65.3]","[34.4, 6.1]",1,0 days 00:35:52.353000,0 days 00:35:59.620000
54,3942226,Spain,23,"[33.3, 56.4]","[73.6, 56.0]",1,0 days 00:36:03.723000,0 days 00:36:44.591000
55,3942226,Germany,6,"[46.5, 24.1]","[54.2, 34.9]",1,0 days 00:36:44.591000,0 days 00:36:47.777000
56,3942226,Germany,9,"[54.2, 35.5]","[66.3, 0.6]",1,0 days 00:37:04.262000,0 days 00:37:11.257000
57,3942226,Spain,91,"[57.2, 80.0]","[7.3, 46.6]",1,0 days 00:37:19.542000,0 days 00:38:53.321000
58,3942226,Germany,13,"[2.7, 44.4]","[61.9, 2.8]",1,0 days 00:38:54.643000,0 days 00:39:20.067000
59,3942226,Germany,14,"[60.5, 2.8]","[16.1, 56.8]",1,0 days 00:39:39.695000,0 days 00:39:48.351000
60,3942226,Spain,61,"[52.2, 73.5]","[49.4, 30.1]",1,0 days 00:39:51.077000,0 days 00:40:54.333000
61,3942226,Spain,4,"[49.2, 26.7]","[88.3, 14.0]",1,0 days 00:41:15.291000,0 days 00:41:21.406000
62,3942226,Germany,9,"[9.6, 53.4]","[47.9, 72.1]",1,0 days 00:41:21.406000,0 days 00:41:31.628000
63,3942226,Spain,21,"[9.2, 22.5]","[93.1, 54.8]",1,0 days 00:41:36.363000,0 days 00:41:57.360000
64,3942226,Germany,32,"[28.7, 16.5]","[108.4, 14.8]",1,0 days 00:41:57.360000,0 days 00:42:45.070000
65,3942226,Germany,9,"[8.2, 0.1]","[25.0, 19.0]",1,0 days 00:43:19.613000,0 days 00:43:24.602000
66,3942226,Spain,50,"[86.1, 61.6]","[110.0, 53.2]",1,0 days 00:43:25.937000,0 days 00:44:20.463000
67,3942226,Germany,13,"[10.1, 26.9]","[56.1, 13.8]",1,0 days 00:44:20.463000,0 days 00:44:31.381000
68,3942226,Spain,20,"[55.0, 56.4]","[89.1, 49.3]",1,0 days 00:44:31.381000,0 days 00:44:51.531000
69,3942226,Germany,1,"[1.7, 40.2]","[1.7, 40.2]",1,0 days 00:44:52.447000,0 days 00:44:52.447000
70,3942226,Germany,17,"[6.8, 39.7]","[46.5, 3.0]",1,0 days 00:45:02.623000,0 days 00:45:15.037000
71,3942226,Spain,63,"[72.8, 78.9]","[94.3, 36.5]",1,0 days 00:45:15.037000,0 days 00:46:13.848000
72,3942226,Germany,13,"[25.8, 38.5]","[40.7, 48.3]",1,0 days 00:46:14,0 days 00:46:17.513000
73,3942226,Germany,4,"[41.5, 48.1]","[49.0, 60.4]",1,0 days 00:46:59.426000,0 days 00:47:04.175000
74,3942226,Spain,18,"[60.0, 40.0]","[48.0, 18.9]",2,0 days 00:00:00.812000,0 days 00:00:18.533000
75,3942226,Spain,37,"[43.9, 18.3]","[0.8, 38.5]",2,0 days 00:01:07.099000,0 days 00:01:49.004000
76,3942226,Germany,34,"[7.0, 44.1]","[1.1, 38.0]",2,0 days 00:02:13.345000,0 days 00:02:52.689000
77,3942226,Spain,7,"[6.0, 30.0]","[75.3, 8.6]",2,0 days 00:03:08.775000,0 days 00:03:21.239000
78,3942226,Germany,4,"[40.7, 80.0]","[59.2, 71.5]",2,0 days 00:03:41.549000,0 days 00:03:42.866000
79,3942226,Spain,7,"[52.3, 5.2]","[52.7, 77.5]",2,0 days 00:03:43.716000,0 days 00:03:45.769000
80,3942226,Spain,14,"[66.5, 0.1]","[48.9, 15.4]",2,0 days 00:04:03.623000,0 days 00:04:22.760000
81,3942226,Germany,13,"[50.3, 18.1]","[47.0, 73.6]",2,0 days 00:04:43.757000,0 days 00:04:49.547000
82,3942226,Germany,6,"[69.8, 0.1]","[35.5, 52.5]",2,0 days 00:05:02.454000,0 days 00:05:04.225000
83,3942226,Spain,11,"[34.8, 64.7]","[50.8, 29.3]",2,0 days 00:05:05.742000,0 days 00:05:16.682000
84,3942226,Spain,12,"[50.8, 29.3]","[1.3, 38.6]",2,0 days 00:05:46.557000,0 days 00:06:01.305000
85,3942226,Germany,63,"[61.0, 40.1]","[92.6, 41.3]",2,0 days 00:07:29.454000,0 days 00:08:34.832000
86,3942226,Spain,10,"[23.3, 34.3]","[83.5, 52.0]",2,0 days 00:08:35.448000,0 days 00:08:44.666000
87,3942226,Germany,44,"[27.7, 35.2]","[98.2, 44.9]",2,0 days 00:08:44.666000,0 days 00:09:23.954000
88,3942226,Spain,43,"[20.6, 29.7]","[3.2, 37.1]",2,0 days 00:09:25.168000,0 days 00:09:54.279000
89,3942226,Germany,31,"[6.2, 47.1]","[107.9, 71.9]",2,0 days 00:09:55.704000,0 days 00:10:36.134000
90,3942226,Spain,8,"[12.4, 22.8]","[28.8, 14.2]",2,0 days 00:10:36.633000,0 days 00:10:39.732000
91,3942226,Spain,9,"[33.0, 14.1]","[55.6, 65.8]",2,0 days 00:11:57.014000,0 days 00:12:02.990000
92,3942226,Spain,20,"[56.0, 65.8]","[107.9, 56.0]",2,0 days 00:12:19.431000,0 days 00:12:42.571000
93,3942226,Germany,46,"[11.8, 44.2]","[29.7, 27.2]",2,0 days 00:12:43.492000,0 days 00:13:12.879000
94,3942226,Spain,24,"[87.6, 54.7]","[81.3, 72.0]",2,0 days 00:13:12.879000,0 days 00:13:31.893000
95,3942226,Germany,12,"[39.0, 22.5]","[26.9, 4.2]",2,0 days 00:13:33.739000,0 days 00:13:51.495000
96,3942226,Germany,49,"[89.5, 80.0]","[1.2, 38.7]",2,0 days 00:13:57.923000,0 days 00:14:43.477000
97,3942226,Germany,5,"[120.0, 80.0]","[93.7, 54.6]",2,0 days 00:15:27.412000,0 days 00:15:33.398000
98,3942226,Spain,19,"[6.0, 40.8]","[36.2, 54.8]",2,0 days 00:15:57.794000,0 days 00:16:11.495000
99,3942226,Germany,14,"[76.8, 32.8]","[21.3, 6.7]",2,0 days 00:16:12.991000,0 days 00:16:28.455000
100,3942226,Germany,18,"[88.6, 80.0]","[11.6, 17.5]",2,0 days 00:16:33.196000,0 days 00:16:44.786000
101,3942226,Germany,5,"[120.0, 80.0]","[0.6, 39.6]",2,0 days 00:18:05.376000,0 days 00:18:08.266000
102,3942226,Spain,1,"[6.0, 45.8]","[6.0, 45.8]",2,0 days 00:18:42.549000,0 days 00:18:42.549000
103,3942226,Germany,6,"[41.4, 23.0]","[49.0, 77.5]",2,0 days 00:18:46.138000,0 days 00:18:51.129000
104,3942226,Germany,7,"[70.3, 0.1]","[77.8, 63.7]",2,0 days 00:19:03.033000,0 days 00:19:14.270000
105,3942226,Spain,3,"[8.5, 42.3]","[15.0, 46.3]",2,0 days 00:19:16.665000,0 days 00:19:19.394000
106,3942226,Germany,27,"[57.2, 18.3]","[92.6, 34.4]",2,0 days 00:19:23.234000,0 days 00:19:42.112000
107,3942226,Spain,4,"[29.7, 42.1]","[30.0, 43.6]",2,0 days 00:19:42.697000,0 days 00:19:42.737000
108,3942226,Spain,13,"[39.2, 44.5]","[56.4, 66.6]",2,0 days 00:20:10.819000,0 days 00:20:16.506000
109,3942226,Spain,24,"[56.4, 66.6]","[78.0, 50.1]",2,0 days 00:20:33.649000,0 days 00:20:55.607000
110,3942226,Germany,16,"[29.5, 29.1]","[95.2, 44.0]",2,0 days 00:20:56.736000,0 days 00:21:05.506000
111,3942226,Spain,8,"[8.3, 44.3]","[73.9, 39.1]",2,0 days 00:21:08.185000,0 days 00:21:31.041000
112,3942226,Spain,6,"[84.1, 34.1]","[15.9, 33.6]",2,0 days 00:22:20.779000,0 days 00:22:24.091000
113,3942226,Germany,12,"[25.4, 40.9]","[41.4, 23.9]",2,0 days 00:22:24.894000,0 days 00:22:30.164000
114,3942226,Spain,43,"[15.1, 53.4]","[107.9, 19.7]",2,0 days 00:22:35.805000,0 days 00:23:33.098000
115,3942226,Germany,44,"[12.2, 60.4]","[118.1, 60.7]",2,0 days 00:23:33.098000,0 days 00:24:04.205000
116,3942226,Spain,71,"[3.1, 27.9]","[65.8, 73.2]",2,0 days 00:24:05.998000,0 days 00:25:24.919000
117,3942226,Germany,66,"[58.2, 14.3]","[109.2, 59.7]",2,0 days 00:25:24.919000,0 days 00:26:15.502000
118,3942226,Spain,21,"[9.8, 30.5]","[31.0, 10.9]",2,0 days 00:26:15.502000,0 days 00:26:24.921000
119,3942226,Germany,19,"[71.5, 69.0]","[0.5, 40.1]",2,0 days 00:26:27.089000,0 days 00:26:42.743000
120,3942226,Spain,7,"[6.0, 30.0]","[53.2, 14.9]",2,0 days 00:27:08.574000,0 days 00:27:14.207000
121,3942226,Germany,15,"[66.9, 65.2]","[97.0, 32.2]",2,0 days 00:27:14.207000,0 days 00:27:22.255000
122,3942226,Spain,14,"[23.1, 47.9]","[98.0, 63.9]",2,0 days 00:27:22.255000,0 days 00:27:42.064000
123,3942226,Spain,6,"[100.9, 64.6]","[9.1, 39.1]",2,0 days 00:28:41.009000,0 days 00:28:44.395000
124,3942226,Germany,6,"[21.5, 34.4]","[29.5, 16.4]",2,0 days 00:28:45.835000,0 days 00:28:49.723000
125,3942226,Germany,4,"[29.5, 16.6]","[97.5, 31.0]",2,0 days 00:28:59.820000,0 days 00:29:14.633000
126,3942226,Spain,43,"[21.1, 51.4]","[66.5, 76.9]",2,0 days 00:29:14.633000,0 days 00:29:48.270000
127,3942226,Germany,49,"[57.0, 0.1]","[2.2, 37.8]",2,0 days 00:29:58.479000,0 days 00:31:16.294000
128,3942226,Spain,16,"[9.8, 22.2]","[63.4, 5.1]",2,0 days 00:31:17.166000,0 days 00:31:27.163000
129,3942226,Spain,1,"[54.8, 80.0]","[54.8, 80.0]",2,0 days 00:31:54.586000,0 days 00:31:54.586000
130,3942226,Germany,61,"[45.4, 12.3]","[101.5, 59.3]",2,0 days 00:31:57.096000,0 days 00:32:57.240000
131,3942226,Spain,4,"[18.6, 20.8]","[57.6, 26.7]",2,0 days 00:32:57.240000,0 days 00:33:02.837000
132,3942226,Spain,38,"[42.9, 80.0]","[103.2, 23.9]",2,0 days 00:34:45.473000,0 days 00:35:09.751000
133,3942226,Germany,31,"[24.6, 80.0]","[1.4, 42.8]",2,0 days 00:35:18.252000,0 days 00:36:20.666000
134,3942226,Spain,8,"[6.0, 45.0]","[13.9, 50.3]",2,0 days 00:36:45.884000,0 days 00:36:52.716000
135,3942226,Spain,4,"[6.0, 41.8]","[41.6, 15.6]",2,0 days 00:37:28.322000,0 days 00:37:30.449000
136,3942226,Germany,14,"[27.0, 15.6]","[76.6, 34.0]",2,0 days 00:37:31.505000,0 days 00:37:47.616000
137,3942226,Spain,16,"[32.6, 30.3]","[52.2, 40.9]",2,0 days 00:37:49.039000,0 days 00:37:56.408000
138,3942226,Spain,43,"[51.4, 40.6]","[1.2, 41.2]",2,0 days 00:38:07.346000,0 days 00:38:31.824000
139,3942226,Germany,14,"[4.2, 41.8]","[74.7, 2.8]",2,0 days 00:38:41.912000,0 days 00:38:51.871000
140,3942226,Germany,16,"[40.4, 80.0]","[91.9, 30.7]",2,0 days 00:38:56.286000,0 days 00:39:16.219000
141,3942226,Germany,3,"[91.9, 30.7]","[7.3, 31.5]",2,0 days 00:40:37.402000,0 days 00:40:39.130000
142,3942226,Spain,14,"[13.1, 33.2]","[84.2, 25.2]",2,0 days 00:41:10.534000,0 days 00:41:19.917000
143,3942226,Germany,7,"[35.9, 54.9]","[4.2, 48.7]",2,0 days 00:41:19.917000,0 days 00:41:29.510000
144,3942226,Germany,16,"[120.0, 0.1]","[20.2, 40.6]",2,0 days 00:42:01.013000,0 days 00:42:10.358000
145,3942226,Germany,21,"[75.6, 0.1]","[64.7, 46.3]",2,0 days 00:42:22.132000,0 days 00:42:49.497000
146,3942226,Germany,39,"[30.1, 0.1]","[1.2, 36.8]",2,0 days 00:42:50.875000,0 days 00:43:22.245000
147,3942226,Spain,6,"[60.0, 40.0]","[68.8, 2.6]",2,0 days 00:44:53.849000,0 days 00:45:00.369000
148,3942226,Germany,5,"[51.3, 77.5]","[86.7, 74.8]",2,0 days 00:45:00.369000,0 days 00:45:05.321000
149,3942226,Spain,28,"[33.4, 5.3]","[12.9, 11.4]",2,0 days 00:45:05.321000,0 days 00:45:29.754000
150,3942226,Germany,1,"[7.0, 41.5]","[7.0, 41.5]",2,0 days 00:46:03.644000,0 days 00:46:03.644000
151,3942226,Spain,21,"[69.4, 15.9]","[11.1, 46.2]",2,0 days 00:46:06.798000,0 days 00:46:21.443000
152,3942226,Germany,10,"[19.3, 58.7]","[39.4, 60.9]",2,0 days 00:46:22.610000,0 days 00:46:26.136000
153,3942226,Spain,18,"[79.7, 23.7]","[95.9, 38.8]",2,0 days 00:46:26.371000,0 days 00:46:33.827000
154,3942226,Germany,10,"[24.2, 41.3]","[27.7, 38.0]",2,0 days 00:46:33.827000,0 days 00:46:46.973000
155,3942226,Germany,14,"[40.8, 34.2]","[84.9, 12.6]",2,0 days 00:47:13.719000,0 days 00:47:25.495000
156,3942226,Spain,17,"[13.1, 54.7]","[96.1, 68.9]",2,0 days 00:47:25.495000,0 days 00:47:53.415000
157,3942226,Germany,4,"[5.1, 25.1]","[3.2, 23.8]",2,0 days 00:47:53.415000,0 days 00:47:54.108000
158,3942226,Germany,21,"[14.0, 24.7]","[1.3, 37.9]",2,0 days 00:48:25.248000,0 days 00:48:49.589000
159,3942226,Spain,31,"[61.0, 40.1]","[1.3, 40.6]",3,0 days 00:00:00.278000,0 days 00:00:28.293000
160,3942226,Germany,11,"[3.6, 39.2]","[49.0, 27.9]",3,0 days 00:00:47.004000,0 days 00:00:54.486000
161,3942226,Spain,11,"[79.0, 51.6]","[73.2, 63.6]",3,0 days 00:00:56.233000,0 days 00:01:01.800000
162,3942226,Germany,12,"[43.4, 18.5]","[6.0, 45.3]",3,0 days 00:01:02.053000,0 days 00:01:12.913000
163,3942226,Germany,1,"[120.0, 0.1]","[120.0, 0.1]",3,0 days 00:02:05.361000,0 days 00:02:05.361000
164,3942226,Spain,7,"[7.1, 37.1]","[34.1, 39.1]",3,0 days 00:02:07.234000,0 days 00:02:11.256000
165,3942226,Germany,19,"[86.0, 41.0]","[108.2, 45.5]",3,0 days 00:02:11.256000,0 days 00:02:34.051000
166,3942226,Spain,21,"[12.2, 30.4]","[77.6, 10.1]",3,0 days 00:02:53.742000,0 days 00:03:10.680000
167,3942226,Spain,22,"[80.5, 8.5]","[98.1, 12.1]",3,0 days 00:03:43.109000,0 days 00:04:06.077000
168,3942226,Germany,4,"[3.0, 39.9]","[12.7, 14.2]",3,0 days 00:04:23.937000,0 days 00:04:27.252000
169,3942226,Spain,32,"[76.4, 60.6]","[63.4, 8.2]",3,0 days 00:04:29.017000,0 days 00:04:53.436000
170,3942226,Spain,119,"[64.2, 8.5]","[31.2, 51.5]",3,0 days 00:05:00.927000,0 days 00:06:58.915000
171,3942226,Germany,17,"[38.5, 60.1]","[42.0, 4.2]",3,0 days 00:07:00.162000,0 days 00:07:09.486000
172,3942226,Germany,6,"[76.9, 80.0]","[88.3, 56.0]",3,0 days 00:07:12.109000,0 days 00:07:18.563000
173,3942226,Spain,10,"[31.8, 24.1]","[39.2, 36.0]",3,0 days 00:07:18.563000,0 days 00:07:25.342000
174,3942226,Spain,12,"[40.4, 41.1]","[52.0, 59.3]",3,0 days 00:08:24.382000,0 days 00:08:33.679000
175,3942226,Germany,68,"[35.7, 62.6]","[59.6, 68.4]",3,0 days 00:08:36.556000,0 days 00:09:30.227000
176,3942226,Germany,32,"[54.7, 20.0]","[1.8, 37.3]",3,0 days 00:10:02.097000,0 days 00:10:27.604000
177,3942226,Spain,26,"[7.0, 37.1]","[40.8, 76.2]",3,0 days 00:12:08.273000,0 days 00:12:32.799000
178,3942226,Spain,24,"[75.4, 0.1]","[2.0, 38.6]",3,0 days 00:12:46.496000,0 days 00:13:08.257000
179,3942226,Germany,3,"[4.7, 37.5]","[63.6, 33.6]",3,0 days 00:13:42.589000,0 days 00:13:46.024000
180,3942226,Spain,11,"[28.2, 28.6]","[63.0, 66.7]",3,0 days 00:13:49.728000,0 days 00:13:58.809000
181,3942226,Germany,76,"[52.8, 17.7]","[2.3, 42.1]",3,0 days 00:13:59.211000,0 days 00:15:04.579000
182,3942226,Spain,13,"[7.0, 37.9]","[32.6, 64.4]",3,0 days 00:15:45.705000,0 days 00:15:59.475000
183,3942226,Germany,24,"[61.0, 40.1]","[68.1, 9.8]",4,0 days 00:00:00.512000,0 days 00:00:17.940000
184,3942226,Spain,8,"[52.0, 70.3]","[63.8, 61.7]",4,0 days 00:00:17.940000,0 days 00:00:22.138000
185,3942226,Germany,21,"[56.3, 18.4]","[9.9, 42.3]",4,0 days 00:00:22.138000,0 days 00:00:36.978000
186,3942226,Germany,15,"[94.9, 0.1]","[116.5, 24.3]",4,0 days 00:01:11.727000,0 days 00:01:20.859000
187,3942226,Spain,51,"[3.6, 43.3]","[9.6, 45.3]",4,0 days 00:01:21.678000,0 days 00:02:19.359000
188,3942226,Spain,4,"[120.0, 0.1]","[8.3, 35.6]",4,0 days 00:02:46.447000,0 days 00:02:49.575000
189,3942226,Germany,12,"[14.2, 33.2]","[1.8, 41.4]",4,0 days 00:02:50.317000,0 days 00:03:05.555000
190,3942226,Spain,2,"[6.0, 32.8]","[91.4, 5.2]",4,0 days 00:03:59.065000,0 days 00:04:04.126000
191,3942226,Germany,11,"[28.4, 74.6]","[43.0, 63.2]",4,0 days 00:04:05.334000,0 days 00:04:15.013000
192,3942226,Germany,13,"[42.6, 63.0]","[9.4, 1.9]",4,0 days 00:04:42.984000,0 days 00:04:57.665000
193,3942226,Spain,52,"[9.4, 1.9]","[7.5, 44.5]",4,0 days 00:05:50.636000,0 days 00:06:23.937000
194,3942226,Germany,5,"[9.4, 56.7]","[88.6, 7.5]",4,0 days 00:06:25.846000,0 days 00:06:29.243000
195,3942226,Germany,6,"[43.0, 80.0]","[75.1, 54.2]",4,0 days 00:06:33.118000,0 days 00:06:37.686000
196,3942226,Spain,15,"[34.4, 35.3]","[1.5, 41.2]",4,0 days 00:06:37.686000,0 days 00:07:18.419000
197,3942226,Germany,3,"[7.0, 36.6]","[64.2, 22.0]",4,0 days 00:08:46.052000,0 days 00:08:49.510000
198,3942226,Spain,76,"[47.7, 55.0]","[21.2, 48.1]",4,0 days 00:08:50.809000,0 days 00:10:03.646000
199,3942226,Germany,1,"[9.6, 24.3]","[9.6, 24.3]",4,0 days 00:10:09.314000,0 days 00:10:09.314000
201,3942226,Germany,17,"[10.3, 24.6]","[1.7, 38.4]",4,0 days 00:10:58.852000,0 days 00:11:20.253000
202,3942226,Spain,1,"[13.5, 39.2]","[13.5, 39.2]",4,0 days 00:11:43.758000,0 days 00:11:43.758000
203,3942226,Germany,7,"[57.6, 0.1]","[101.3, 49.7]",4,0 days 00:12:26.286000,0 days 00:12:47.835000
204,3942226,Germany,12,"[14.2, 36.0]","[8.0, 18.9]",4,0 days 00:12:48.774000,0 days 00:13:02.390000
205,3942226,Spain,33,"[78.3, 80.0]","[0.8, 40.6]",4,0 days 00:13:30.915000,0 days 00:15:33.071000
206,3942226,Germany,21,"[61.0, 40.1]","[32.1, 57.1]",4,0 days 00:15:52.302000,0 days 00:16:20.211000
207,3942226,Germany,23,"[86.4, 0.1]","[55.6, 64.4]",4,0 days 00:16:27.227000,0 days 00:16:48.399000
208,3942226,Spain,5,"[57.5, 57.5]","[6.4, 31.8]",4,0 days 00:16:50.174000,0 days 00:16:56.432000
209,3942226,Germany,23,"[2.9, 47.6]","[100.0, 21.6]",4,0 days 00:16:58.281000,0 days 00:17:32.245000
210,3942226,Germany,14,"[10.3, 48.8]","[1.2, 38.3]",4,0 days 00:17:33.284000,0 days 00:17:55.979000
211,3942226,Spain,5,"[6.0, 35.3]","[84.8, 9.4]",4,0 days 00:18:51.757000,0 days 00:18:56.409000
212,3942226,Spain,6,"[84.5, 9.4]","[105.9, 3.2]",4,0 days 00:19:35.283000,0 days 00:19:38.776000
213,3942226,Germany,16,"[4.0, 76.6]","[91.8, 9.0]",4,0 days 00:19:43.965000,0 days 00:19:55.585000
214,3942226,Germany,1,"[97.4, 9.8]","[97.4, 9.8]",4,0 days 00:21:02.542000,0 days 00:21:02.542000
215,3942226,Spain,1,"[6.1, 39.5]","[6.1, 39.5]",4,0 days 00:21:04.342000,0 days 00:21:04.342000
2,3938645,Belgium,16,"[60.0, 40.0]","[57.5, 61.9]",1,0 days 00:00:01.181000,0 days 00:00:18.369000
3,3938645,Ukraine,9,"[65.5, 18.6]","[3.2, 56.0]",1,0 days 00:00:18.369000,0 days 00:00:23.997000
4,3938645,Ukraine,10,"[120.0, 0.1]","[89.3, 62.0]",1,0 days 00:00:41.283000,0 days 00:00:50.366000
5,3938645,Belgium,36,"[3.8, 46.8]","[96.7, 15.2]",1,0 days 00:01:07.834000,0 days 00:01:50.710000
6,3938645,Ukraine,11,"[14.2, 52.9]","[5.5, 43.3]",1,0 days 00:01:50.710000,0 days 00:02:03.153000
8,3938645,Belgium,59,"[12.9, 47.5]","[20.4, 65.5]",1,0 days 00:02:36.917000,0 days 00:03:14.440000
9,3938645,Ukraine,10,"[103.2, 14.4]","[111.4, 15.0]",1,0 days 00:03:14.563000,0 days 00:03:21.850000
10,3938645,Belgium,34,"[2.6, 40.6]","[8.9, 58.4]",1,0 days 00:03:23.206000,0 days 00:03:53.751000
11,3938645,Belgium,74,"[104.5, 0.1]","[103.8, 49.9]",1,0 days 00:04:00.214000,0 days 00:05:07.096000
12,3938645,Ukraine,14,"[2.2, 29.1]","[45.9, 17.1]",1,0 days 00:05:07.096000,0 days 00:05:34.419000
13,3938645,Ukraine,6,"[42.6, 13.3]","[82.6, 5.6]",1,0 days 00:05:45.121000,0 days 00:05:53.916000
14,3938645,Belgium,26,"[33.9, 56.0]","[5.6, 45.7]",1,0 days 00:05:53.916000,0 days 00:06:29.278000
15,3938645,Ukraine,3,"[10.1, 44.3]","[66.6, 42.6]",1,0 days 00:06:51.032000,0 days 00:06:53.651000
16,3938645,Belgium,41,"[54.6, 68.6]","[46.8, 75.1]",1,0 days 00:06:57.939000,0 days 00:07:33.713000
17,3938645,Belgium,81,"[78.2, 0.1]","[22.5, 6.2]",1,0 days 00:07:40.411000,0 days 00:08:36.162000
18,3938645,Belgium,54,"[96.1, 80.0]","[48.4, 6.3]",1,0 days 00:08:48.810000,0 days 00:09:28.481000
19,3938645,Belgium,15,"[51.0, 8.5]","[102.4, 10.7]",1,0 days 00:09:43.737000,0 days 00:10:03.288000
20,3938645,Ukraine,14,"[11.6, 68.3]","[45.9, 71.1]",1,0 days 00:10:03.288000,0 days 00:10:12.900000
21,3938645,Belgium,17,"[96.7, 0.1]","[96.7, 4.8]",1,0 days 00:10:17.148000,0 days 00:10:28.777000
22,3938645,Ukraine,56,"[19.4, 72.3]","[62.8, 44.9]",1,0 days 00:10:28.777000,0 days 00:11:29.551000
23,3938645,Belgium,31,"[62.4, 24.4]","[116.5, 55.0]",1,0 days 00:11:29.551000,0 days 00:12:02.442000
24,3938645,Ukraine,5,"[7.0, 32.3]","[62.0, 34.0]",1,0 days 00:12:29.161000,0 days 00:12:36.098000
25,3938645,Belgium,12,"[63.8, 42.1]","[27.4, 51.5]",1,0 days 00:12:36.098000,0 days 00:12:41.566000
26,3938645,Belgium,4,"[120.0, 0.1]","[2.2, 45.1]",1,0 days 00:13:14.821000,0 days 00:13:15.916000
27,3938645,Belgium,1,"[120.0, 0.1]","[120.0, 0.1]",1,0 days 00:13:33.052000,0 days 00:13:33.052000
28,3938645,Ukraine,50,"[5.9, 31.8]","[9.1, 67.8]",1,0 days 00:13:56.693000,0 days 00:14:46.542000
29,3938645,Ukraine,29,"[105.1, 0.1]","[68.7, 76.7]",1,0 days 00:14:51.342000,0 days 00:15:19.438000
30,3938645,Belgium,38,"[49.3, 0.1]","[30.8, 33.3]",1,0 days 00:15:27.887000,0 days 00:16:06.126000
31,3938645,Belgium,16,"[100.7, 80.0]","[76.0, 58.1]",1,0 days 00:16:18.474000,0 days 00:16:31.174000
32,3938645,Ukraine,29,"[41.5, 26.8]","[95.7, 30.4]",1,0 days 00:16:31.174000,0 days 00:17:09.059000
33,3938645,Belgium,7,"[20.5, 50.7]","[21.1, 66.5]",1,0 days 00:17:09.059000,0 days 00:17:11.199000
34,3938645,Belgium,25,"[21.1, 69.1]","[74.2, 5.0]",1,0 days 00:17:29.236000,0 days 00:17:58.023000
35,3938645,Ukraine,12,"[39.8, 70.2]","[87.6, 47.2]",1,0 days 00:17:58.023000,0 days 00:18:18.453000
36,3938645,Belgium,23,"[65.3, 18.7]","[21.9, 59.7]",1,0 days 00:18:20.961000,0 days 00:18:39.347000
37,3938645,Ukraine,69,"[3.4, 59.1]","[91.1, 43.1]",1,0 days 00:18:41.407000,0 days 00:19:50.779000
38,3938645,Belgium,1,"[1.6, 39.4]","[1.6, 39.4]",1,0 days 00:19:51.648000,0 days 00:19:51.648000
39,3938645,Belgium,21,"[9.3, 24.4]","[77.7, 54.1]",1,0 days 00:19:56.544000,0 days 00:20:20.127000
40,3938645,Ukraine,9,"[45.9, 23.3]","[2.4, 40.9]",1,0 days 00:20:20.127000,0 days 00:20:27.938000
41,3938645,Belgium,21,"[4.7, 44.8]","[86.6, 11.2]",1,0 days 00:21:01.230000,0 days 00:21:24.514000
42,3938645,Ukraine,16,"[39.2, 80.0]","[95.2, 34.6]",1,0 days 00:21:34.364000,0 days 00:21:59.484000
43,3938645,Belgium,62,"[26.5, 25.7]","[2.6, 42.9]",1,0 days 00:22:01.458000,0 days 00:22:54.748000
44,3938645,Ukraine,15,"[5.8, 43.9]","[78.2, 75.9]",1,0 days 00:23:04.061000,0 days 00:23:25.606000
45,3938645,Belgium,118,"[34.8, 11.8]","[117.9, 57.9]",1,0 days 00:23:25.606000,0 days 00:25:01.701000
46,3938645,Ukraine,34,"[4.4, 41.0]","[1.6, 38.5]",1,0 days 00:25:16.784000,0 days 00:25:55.849000
47,3938645,Belgium,29,"[2.6, 2.1]","[3.6, 47.3]",1,0 days 00:26:00.298000,0 days 00:26:28.371000
48,3938645,Ukraine,16,"[14.2, 78.0]","[0.8, 39.6]",1,0 days 00:26:33.815000,0 days 00:27:01.247000
49,3938645,Belgium,3,"[6.0, 39.9]","[79.2, 54.3]",1,0 days 00:27:44.104000,0 days 00:27:47.870000
50,3938645,Ukraine,20,"[40.9, 25.8]","[0.6, 41.1]",1,0 days 00:27:47.870000,0 days 00:28:11.613000
51,3938645,Belgium,12,"[6.0, 42.1]","[62.8, 17.4]",1,0 days 00:28:52.477000,0 days 00:29:05.336000
52,3938645,Belgium,44,"[56.0, 80.0]","[87.0, 61.3]",1,0 days 00:29:34.998000,0 days 00:30:21.229000
53,3938645,Belgium,2,"[88.1, 69.5]","[4.2, 39.3]",1,0 days 00:32:31.510000,0 days 00:32:32.985000
54,3938645,Ukraine,19,"[7.0, 35.7]","[87.4, 79.3]",1,0 days 00:32:50.544000,0 days 00:33:12.830000
55,3938645,Belgium,5,"[25.7, 0.1]","[40.2, 3.4]",1,0 days 00:33:27.175000,0 days 00:33:28.744000
56,3938645,Ukraine,27,"[77.3, 80.0]","[14.9, 49.6]",1,0 days 00:33:31.470000,0 days 00:33:57.933000
57,3938645,Belgium,1,"[1.8, 42.1]","[1.8, 42.1]",1,0 days 00:33:58.740000,0 days 00:33:58.740000
58,3938645,Belgium,42,"[2.5, 39.4]","[76.0, 73.1]",1,0 days 00:34:10.938000,0 days 00:34:47.802000
59,3938645,Ukraine,33,"[35.8, 4.3]","[45.3, 36.8]",1,0 days 00:34:47.802000,0 days 00:35:16.662000
60,3938645,Belgium,10,"[42.9, 42.6]","[76.2, 57.5]",1,0 days 00:35:16.809000,0 days 00:35:23.785000
61,3938645,Belgium,32,"[75.1, 60.3]","[37.9, 17.4]",1,0 days 00:35:32.344000,0 days 00:36:02.843000
62,3938645,Belgium,11,"[90.6, 80.0]","[113.1, 11.2]",1,0 days 00:36:10.290000,0 days 00:36:22.957000
63,3938645,Ukraine,35,"[4.5, 40.9]","[108.7, 22.8]",1,0 days 00:36:40.587000,0 days 00:37:37.550000
64,3938645,Belgium,57,"[5.1, 34.5]","[84.3, 46.8]",1,0 days 00:37:49.301000,0 days 00:38:30.575000
65,3938645,Belgium,10,"[81.7, 48.2]","[104.1, 24.8]",1,0 days 00:40:35.390000,0 days 00:40:47.767000
66,3938645,Ukraine,27,"[13.5, 58.4]","[116.9, 67.0]",1,0 days 00:40:47.767000,0 days 00:41:22.802000
67,3938645,Belgium,3,"[10.1, 0.1]","[31.6, 1.5]",1,0 days 00:41:53.535000,0 days 00:41:57.363000
68,3938645,Ukraine,17,"[81.8, 80.0]","[91.9, 18.2]",1,0 days 00:42:03.746000,0 days 00:42:18.989000
69,3938645,Ukraine,1,"[89.8, 17.6]","[89.8, 17.6]",1,0 days 00:43:19.035000,0 days 00:43:19.035000
70,3938645,Belgium,1,"[1.1, 40.4]","[1.1, 40.4]",1,0 days 00:43:20.408000,0 days 00:43:20.408000
71,3938645,Belgium,26,"[12.9, 42.9]","[62.4, 61.3]",1,0 days 00:43:32.436000,0 days 00:43:57.695000
72,3938645,Belgium,32,"[55.4, 62.7]","[50.8, 58.7]",1,0 days 00:44:04.376000,0 days 00:44:36.438000
73,3938645,Ukraine,7,"[72.1, 20.1]","[86.6, 27.2]",1,0 days 00:44:36.438000,0 days 00:44:41.151000
74,3938645,Belgium,21,"[36.2, 55.0]","[1.4, 42.6]",1,0 days 00:44:41.221000,0 days 00:45:04.652000
75,3938645,Ukraine,4,"[8.3, 42.6]","[91.9, 59.7]",1,0 days 00:45:21.622000,0 days 00:45:34.181000
76,3938645,Belgium,14,"[10.3, 6.3]","[71.2, 61.3]",1,0 days 00:45:47.607000,0 days 00:46:05.675000
77,3938645,Ukraine,29,"[48.9, 18.8]","[83.4, 19.3]",1,0 days 00:46:05.675000,0 days 00:46:49.254000
78,3938645,Ukraine,30,"[60.0, 40.0]","[90.9, 70.9]",2,0 days 00:00:00.181000,0 days 00:00:28.929000
79,3938645,Belgium,6,"[20.9, 10.4]","[51.2, 5.3]",2,0 days 00:00:30.108000,0 days 00:00:35.403000
80,3938645,Belgium,115,"[51.2, 5.3]","[92.3, 3.9]",2,0 days 00:00:49.627000,0 days 00:02:29.350000
81,3938645,Ukraine,41,"[5.8, 32.3]","[16.3, 58.5]",2,0 days 00:02:41.822000,0 days 00:03:20.737000
82,3938645,Belgium,10,"[27.2, 54.0]","[65.4, 58.5]",2,0 days 00:03:22.296000,0 days 00:03:29.165000
83,3938645,Ukraine,12,"[57.1, 21.2]","[42.5, 55.7]",2,0 days 00:03:29.165000,0 days 00:03:39.788000
84,3938645,Belgium,42,"[42.9, 56.2]","[22.0, 46.7]",2,0 days 00:03:40.229000,0 days 00:04:06.626000
85,3938645,Ukraine,21,"[21.0, 47.7]","[100.3, 56.4]",2,0 days 00:04:46.768000,0 days 00:05:09.624000
86,3938645,Belgium,8,"[19.8, 23.7]","[2.8, 17.4]",2,0 days 00:05:09.624000,0 days 00:05:14.540000
87,3938645,Ukraine,17,"[108.2, 80.0]","[95.3, 13.9]",2,0 days 00:05:41.073000,0 days 00:05:58.209000
88,3938645,Belgium,25,"[25.3, 63.1]","[1.1, 40.8]",2,0 days 00:05:58.209000,0 days 00:06:25.077000
89,3938645,Belgium,7,"[120.0, 0.1]","[1.0, 38.5]",2,0 days 00:06:55.923000,0 days 00:06:59.806000
90,3938645,Ukraine,8,"[5.8, 39.1]","[56.7, 5.9]",2,0 days 00:07:27.271000,0 days 00:07:39.471000
91,3938645,Belgium,27,"[60.6, 80.0]","[53.3, 12.9]",2,0 days 00:07:45.263000,0 days 00:08:11.139000
92,3938645,Ukraine,19,"[64.5, 67.2]","[118.2, 19.0]",2,0 days 00:08:11.193000,0 days 00:08:31.797000
93,3938645,Belgium,41,"[4.6, 50.1]","[10.0, 12.8]",2,0 days 00:08:48.475000,0 days 00:09:32.086000
94,3938645,Belgium,19,"[120.0, 80.0]","[116.6, 58.9]",2,0 days 00:09:50.960000,0 days 00:11:03.225000
95,3938645,Ukraine,2,"[6.0, 41.0]","[69.6, 48.1]",2,0 days 00:11:25.148000,0 days 00:11:30.937000
96,3938645,Belgium,33,"[28.2, 30.7]","[116.2, 40.8]",2,0 days 00:11:30.937000,0 days 00:12:23.117000
97,3938645,Ukraine,20,"[21.3, 0.1]","[64.7, 76.4]",2,0 days 00:12:40.582000,0 days 00:12:53.812000
98,3938645,Ukraine,18,"[48.0, 0.1]","[45.4, 13.9]",2,0 days 00:12:58.454000,0 days 00:13:16.547000
99,3938645,Belgium,12,"[71.4, 66.9]","[25.3, 25.3]",2,0 days 00:13:16.547000,0 days 00:13:31.589000
100,3938645,Ukraine,11,"[30.7, 25.7]","[111.2, 16.7]",2,0 days 00:13:32.810000,0 days 00:13:43.197000
101,3938645,Belgium,39,"[27.2, 28.3]","[34.5, 24.0]",2,0 days 00:13:57.496000,0 days 00:14:41.708000
102,3938645,Ukraine,14,"[33.0, 24.7]","[43.1, 18.1]",2,0 days 00:14:42.681000,0 days 00:14:47.666000
103,3938645,Belgium,56,"[77.0, 60.9]","[32.0, 74.9]",2,0 days 00:14:48.108000,0 days 00:15:39.209000
104,3938645,Belgium,8,"[81.5, 0.1]","[93.2, 30.1]",2,0 days 00:16:26.974000,0 days 00:16:41.194000
105,3938645,Ukraine,6,"[26.9, 55.4]","[37.3, 43.1]",2,0 days 00:16:41.194000,0 days 00:16:42.857000
106,3938645,Ukraine,11,"[42.0, 42.8]","[35.9, 69.0]",2,0 days 00:17:02.100000,0 days 00:17:10.735000
107,3938645,Belgium,22,"[79.7, 12.9]","[5.9, 69.9]",2,0 days 00:17:10.735000,0 days 00:17:23.619000
108,3938645,Ukraine,18,"[5.8, 80.0]","[71.8, 76.9]",2,0 days 00:17:32.235000,0 days 00:17:42.416000
109,3938645,Ukraine,57,"[76.2, 75.5]","[55.7, 49.8]",2,0 days 00:17:58.445000,0 days 00:18:55.140000
110,3938645,Belgium,5,"[63.8, 35.3]","[105.3, 54.2]",2,0 days 00:18:55.140000,0 days 00:19:00.342000
111,3938645,Ukraine,1,"[1.7, 36.9]","[1.7, 36.9]",2,0 days 00:19:01.034000,0 days 00:19:01.034000
112,3938645,Ukraine,5,"[5.2, 39.7]","[56.3, 58.2]",2,0 days 00:19:16.521000,0 days 00:19:25.139000
113,3938645,Belgium,58,"[50.5, 17.4]","[80.9, 8.1]",2,0 days 00:19:26.378000,0 days 00:20:20.028000
114,3938645,Ukraine,5,"[36.9, 70.9]","[28.3, 71.7]",2,0 days 00:20:20.869000,0 days 00:20:22.258000
115,3938645,Ukraine,12,"[23.5, 68.0]","[98.3, 44.2]",2,0 days 00:21:01.090000,0 days 00:21:10.988000
116,3938645,Belgium,33,"[25.3, 21.5]","[17.0, 45.3]",2,0 days 00:21:10.988000,0 days 00:23:06.619000
117,3938645,Ukraine,5,"[17.0, 45.3]","[63.3, 64.7]",2,0 days 00:23:06.679000,0 days 00:23:11.040000
118,3938645,Belgium,25,"[57.1, 36.2]","[72.1, 37.0]",2,0 days 00:23:12.760000,0 days 00:23:38.183000
119,3938645,Belgium,41,"[73.9, 35.8]","[81.1, 27.1]",2,0 days 00:24:55.040000,0 days 00:25:28.261000
120,3938645,Ukraine,11,"[39.0, 53.0]","[96.9, 33.7]",2,0 days 00:25:28.261000,0 days 00:25:37.230000
121,3938645,Belgium,16,"[15.7, 46.3]","[63.7, 58.1]",2,0 days 00:25:37.230000,0 days 00:25:58.908000
122,3938645,Ukraine,17,"[58.2, 22.0]","[104.1, 32.3]",2,0 days 00:25:58.908000,0 days 00:26:19.676000
123,3938645,Belgium,16,"[18.4, 48.7]","[106.6, 34.4]",2,0 days 00:26:19.676000,0 days 00:26:36.973000
124,3938645,Ukraine,16,"[14.2, 37.1]","[48.0, 28.2]",2,0 days 00:26:36.973000,0 days 00:26:57.252000
125,3938645,Belgium,86,"[56.1, 50.6]","[5.2, 53.0]",2,0 days 00:26:58.390000,0 days 00:28:11.825000
126,3938645,Ukraine,20,"[104.8, 0.1]","[13.5, 58.6]",2,0 days 00:28:59.933000,0 days 00:29:13.694000
127,3938645,Belgium,7,"[1.9, 47.7]","[62.6, 3.7]",2,0 days 00:29:15.216000,0 days 00:29:32.842000
128,3938645,Belgium,7,"[64.8, 80.0]","[77.7, 2.1]",2,0 days 00:29:39.184000,0 days 00:29:48.557000
129,3938645,Ukraine,25,"[41.5, 80.0]","[74.8, 61.5]",2,0 days 00:29:52.318000,0 days 00:30:21.453000
130,3938645,Belgium,17,"[47.7, 17.2]","[43.1, 63.0]",2,0 days 00:30:21.453000,0 days 00:30:27.644000
131,3938645,Belgium,3,"[98.1, 0.1]","[10.0, 73.5]",2,0 days 00:31:00.041000,0 days 00:31:01.234000
132,3938645,Belgium,9,"[98.8, 0.1]","[30.6, 73.7]",2,0 days 00:31:08.904000,0 days 00:31:13.406000
133,3938645,Ukraine,5,"[33.6, 72.2]","[84.6, 76.2]",2,0 days 00:32:00.765000,0 days 00:32:09.680000
134,3938645,Belgium,1,"[37.1, 0.1]","[37.1, 0.1]",2,0 days 00:32:27.430000,0 days 00:32:27.430000
135,3938645,Ukraine,55,"[54.7, 80.0]","[1.9, 36.7]",2,0 days 00:32:33.251000,0 days 00:33:51.074000
136,3938645,Belgium,4,"[7.0, 41.2]","[65.8, 29.7]",2,0 days 00:34:32.854000,0 days 00:34:35.871000
137,3938645,Belgium,23,"[65.8, 29.7]","[70.3, 12.0]",2,0 days 00:35:17.948000,0 days 00:35:44.906000
138,3938645,Ukraine,9,"[45.6, 65.7]","[44.9, 3.5]",2,0 days 00:35:44.906000,0 days 00:35:49.512000
139,3938645,Ukraine,21,"[70.0, 80.0]","[11.5, 5.6]",2,0 days 00:35:58.781000,0 days 00:36:31.070000
140,3938645,Ukraine,3,"[119.0, 79.3]","[2.8, 33.4]",2,0 days 00:37:10.885000,0 days 00:37:12.824000
141,3938645,Ukraine,4,"[120.0, 80.0]","[0.8, 38.2]",2,0 days 00:37:38.425000,0 days 00:37:40.574000
142,3938645,Belgium,6,"[7.0, 39.8]","[12.9, 75.9]",2,0 days 00:38:13.883000,0 days 00:38:23.847000
143,3938645,Belgium,21,"[112.7, 0.1]","[66.8, 51.0]",2,0 days 00:39:00.831000,0 days 00:39:24.352000
144,3938645,Ukraine,32,"[48.4, 34.5]","[70.0, 77.6]",2,0 days 00:39:24.352000,0 days 00:39:49.605000
145,3938645,Ukraine,15,"[64.1, 80.0]","[80.0, 22.6]",2,0 days 00:39:51.836000,0 days 00:40:11.469000
146,3938645,Belgium,16,"[41.7, 51.0]","[3.5, 31.7]",2,0 days 00:40:11.469000,0 days 00:40:21.310000
147,3938645,Belgium,14,"[120.0, 80.0]","[38.9, 41.4]",2,0 days 00:40:54.897000,0 days 00:41:06.183000
148,3938645,Ukraine,25,"[34.0, 31.7]","[90.9, 54.2]",2,0 days 00:41:10.375000,0 days 00:41:39.756000
149,3938645,Belgium,13,"[29.2, 25.9]","[2.3, 38.0]",2,0 days 00:41:39.756000,0 days 00:41:52.757000
150,3938645,Ukraine,29,"[4.2, 37.9]","[78.0, 22.9]",2,0 days 00:42:04.172000,0 days 00:42:45.492000
152,3938645,Ukraine,1,"[52.2, 40.1]","[52.2, 40.1]",2,0 days 00:43:27.067000,0 days 00:43:27.067000
153,3938645,Belgium,18,"[63.5, 47.6]","[111.8, 20.6]",2,0 days 00:43:31.099000,0 days 00:43:52.284000
154,3938645,Belgium,3,"[7.0, 42.2]","[85.3, 59.3]",2,0 days 00:44:39.605000,0 days 00:44:43.194000
155,3938645,Ukraine,15,"[34.8, 20.8]","[79.0, 78.8]",2,0 days 00:44:43.194000,0 days 00:44:57.150000
156,3938645,Ukraine,2,"[48.0, 0.1]","[65.8, 11.9]",2,0 days 00:45:04.196000,0 days 00:45:05.855000
157,3938645,Belgium,20,"[57.8, 67.6]","[105.1, 27.5]",2,0 days 00:45:05.855000,0 days 00:45:18.506000
158,3938645,Ukraine,9,"[15.0, 52.6]","[1.5, 38.8]",2,0 days 00:45:18.506000,0 days 00:45:38.198000
159,3938645,Belgium,1,"[15.6, 41.0]","[15.6, 41.0]",2,0 days 00:46:04.230000,0 days 00:46:04.230000
160,3938645,Ukraine,10,"[16.3, 80.0]","[84.4, 36.3]",2,0 days 00:46:17.292000,0 days 00:46:35.129000
161,3938645,Belgium,29,"[35.7, 43.8]","[1.3, 43.6]",2,0 days 00:46:35.129000,0 days 00:47:00.768000
162,3938645,Belgium,11,"[97.4, 0.1]","[8.6, 67.1]",2,0 days 00:47:28.944000,0 days 00:47:32.499000
163,3938645,Belgium,6,"[120.0, 0.1]","[3.0, 74.8]",2,0 days 00:47:57.898000,0 days 00:48:02.263000
164,3938645,Belgium,13,"[120.0, 0.1]","[117.3, 9.0]",2,0 days 00:48:13.561000,0 days 00:48:24.352000
165,3938645,Ukraine,14,"[6.0, 40.1]","[79.1, 76.2]",2,0 days 00:48:40.364000,0 days 00:48:52.602000
166,3938645,Ukraine,4,"[39.2, 0.1]","[24.1, 22.6]",2,0 days 00:49:00.251000,0 days 00:49:03.767000
2,3930184,Czech Republic,9,"[60.0, 40.0]","[100.6, 58.8]",1,0 days 00:00:00.489000,0 days 00:00:10.585000
3,3930184,Turkey,11,"[19.5, 21.3]","[19.9, 15.4]",1,0 days 00:00:10.585000,0 days 00:00:16.577000
4,3930184,Czech Republic,5,"[100.0, 80.0]","[11.7, 37.2]",1,0 days 00:00:31.411000,0 days 00:00:33.991000
5,3930184,Turkey,5,"[10.4, 34.7]","[83.6, 71.1]",1,0 days 00:01:18.688000,0 days 00:01:25.767000
6,3930184,Czech Republic,6,"[19.1, 0.1]","[55.2, 7.0]",1,0 days 00:01:35.431000,0 days 00:01:41.591000
7,3930184,Turkey,13,"[62.8, 72.4]","[74.9, 63.0]",1,0 days 00:01:41.591000,0 days 00:01:47.322000
8,3930184,Czech Republic,16,"[46.9, 13.9]","[2.1, 40.3]",1,0 days 00:01:47.322000,0 days 00:01:57.650000
9,3930184,Czech Republic,6,"[120.0, 80.0]","[114.4, 46.8]",1,0 days 00:02:20.545000,0 days 00:02:28.480000
10,3930184,Turkey,6,"[5.2, 34.7]","[42.3, 61.1]",1,0 days 00:02:28.480000,0 days 00:02:37.071000
11,3930184,Turkey,9,"[78.4, 0.1]","[34.3, 76.6]",1,0 days 00:02:58.917000,0 days 00:03:01.769000
12,3930184,Turkey,2,"[81.7, 0.1]","[104.2, 26.9]",1,0 days 00:03:13.245000,0 days 00:03:14.925000
13,3930184,Czech Republic,8,"[18.2, 71.5]","[57.5, 77.1]",1,0 days 00:03:14.925000,0 days 00:03:20.886000
14,3930184,Czech Republic,13,"[61.4, 75.7]","[77.1, 74.1]",1,0 days 00:03:34.853000,0 days 00:03:49.525000
15,3930184,Turkey,7,"[42.3, 7.9]","[64.0, 17.4]",1,0 days 00:03:49.525000,0 days 00:03:54.615000
16,3930184,Czech Republic,11,"[56.1, 62.7]","[96.6, 18.8]",1,0 days 00:03:54.615000,0 days 00:04:08.135000
17,3930184,Turkey,34,"[3.6, 58.2]","[117.9, 30.1]",1,0 days 00:04:08.135000,0 days 00:04:55.742000
18,3930184,Czech Republic,16,"[6.0, 43.5]","[78.5, 46.5]",1,0 days 00:05:17.081000,0 days 00:05:29.358000
19,3930184,Turkey,18,"[42.6, 34.2]","[73.8, 15.7]",1,0 days 00:05:30.068000,0 days 00:05:36.250000
20,3930184,Turkey,22,"[51.4, 80.0]","[55.9, 77.3]",1,0 days 00:05:40.435000,0 days 00:06:02.333000
21,3930184,Czech Republic,12,"[65.4, 2.5]","[99.2, 32.5]",1,0 days 00:06:03.221000,0 days 00:06:09.055000
22,3930184,Turkey,14,"[17.9, 48.0]","[1.7, 43.2]",1,0 days 00:06:09.055000,0 days 00:06:30.249000
23,3930184,Turkey,2,"[120.0, 0.1]","[6.1, 36.6]",1,0 days 00:07:14.955000,0 days 00:07:16.516000
24,3930184,Czech Republic,14,"[2.0, 20.6]","[79.4, 72.8]",1,0 days 00:07:20.594000,0 days 00:07:36.913000
25,3930184,Turkey,91,"[36.5, 0.1]","[108.3, 10.6]",1,0 days 00:07:55.424000,0 days 00:09:19.469000
26,3930184,Czech Republic,32,"[16.9, 65.5]","[35.5, 69.9]",1,0 days 00:09:20.123000,0 days 00:10:00.046000
27,3930184,Turkey,42,"[69.0, 0.1]","[45.2, 5.9]",1,0 days 00:10:10.643000,0 days 00:10:43.504000
28,3930184,Turkey,23,"[43.5, 5.7]","[64.1, 54.0]",1,0 days 00:11:16.643000,0 days 00:11:37.289000
29,3930184,Czech Republic,9,"[70.9, 48.6]","[40.9, 5.3]",1,0 days 00:11:38.147000,0 days 00:11:44.334000
30,3930184,Czech Republic,14,"[90.9, 80.0]","[84.7, 47.6]",1,0 days 00:11:49.112000,0 days 00:11:59.591000
31,3930184,Turkey,42,"[36.1, 35.6]","[1.7, 40.3]",1,0 days 00:11:59.591000,0 days 00:12:39.793000
32,3930184,Czech Republic,24,"[5.9, 30.0]","[66.2, 5.6]",1,0 days 00:13:06.406000,0 days 00:13:24.582000
33,3930184,Czech Republic,8,"[55.4, 80.0]","[17.3, 10.2]",1,0 days 00:13:47.212000,0 days 00:13:51.944000
34,3930184,Czech Republic,15,"[102.5, 80.0]","[1.0, 40.4]",1,0 days 00:14:05.323000,0 days 00:14:16.159000
35,3930184,Turkey,4,"[15.6, 44.5]","[25.0, 13.7]",1,0 days 00:14:28.526000,0 days 00:14:33.073000
36,3930184,Czech Republic,17,"[81.5, 70.4]","[111.6, 42.9]",1,0 days 00:14:35.078000,0 days 00:14:44.980000
37,3930184,Turkey,8,"[7.5, 57.5]","[33.5, 65.8]",1,0 days 00:14:44.980000,0 days 00:14:48.478000
38,3930184,Turkey,6,"[33.1, 67.6]","[63.1, 6.0]",1,0 days 00:15:17.632000,0 days 00:15:30.978000
39,3930184,Czech Republic,15,"[49.4, 80.0]","[13.2, 4.7]",1,0 days 00:15:39.417000,0 days 00:16:00.754000
40,3930184,Czech Republic,7,"[108.4, 80.0]","[0.9, 40.5]",1,0 days 00:16:18.331000,0 days 00:16:22.202000
41,3930184,Turkey,115,"[7.0, 44.4]","[67.7, 52.6]",1,0 days 00:16:43.410000,0 days 00:18:16.543000
42,3930184,Czech Republic,72,"[45.9, 26.2]","[60.2, 30.8]",1,0 days 00:18:16.543000,0 days 00:19:17.565000
43,3930184,Turkey,27,"[63.8, 32.8]","[97.4, 58.1]",1,0 days 00:21:15.356000,0 days 00:21:43.690000
44,3930184,Czech Republic,8,"[6.0, 43.1]","[43.3, 32.3]",1,0 days 00:22:09.868000,0 days 00:22:16.083000
45,3930184,Czech Republic,13,"[76.4, 48.3]","[112.2, 29.5]",1,0 days 00:22:53.152000,0 days 00:22:59.672000
46,3930184,Turkey,43,"[6.7, 43.5]","[100.4, 56.0]",1,0 days 00:23:16.766000,0 days 00:24:10.997000
47,3930184,Czech Republic,13,"[21.9, 24.3]","[75.5, 4.9]",1,0 days 00:24:42.732000,0 days 00:24:55.011000
48,3930184,Turkey,123,"[44.6, 75.2]","[0.6, 40.4]",1,0 days 00:24:55.011000,0 days 00:26:34.981000
49,3930184,Turkey,4,"[120.0, 0.1]","[1.6, 40.9]",1,0 days 00:27:03.469000,0 days 00:27:05.367000
50,3930184,Czech Republic,4,"[6.0, 48.0]","[70.3, 69.2]",1,0 days 00:27:33.629000,0 days 00:27:37.525000
51,3930184,Czech Republic,6,"[77.7, 76.1]","[88.2, 73.7]",1,0 days 00:27:52.131000,0 days 00:27:53.943000
52,3930184,Turkey,16,"[31.9, 6.4]","[114.3, 44.4]",1,0 days 00:27:53.943000,0 days 00:28:11.823000
53,3930184,Czech Republic,15,"[1.3, 38.5]","[43.7, 9.1]",1,0 days 00:28:11.823000,0 days 00:28:41.702000
54,3930184,Turkey,41,"[39.3, 6.2]","[104.7, 38.8]",1,0 days 00:28:50.681000,0 days 00:29:29.899000
55,3930184,Czech Republic,12,"[14.7, 48.3]","[31.2, 51.8]",1,0 days 00:29:29.899000,0 days 00:29:36.265000
56,3930184,Turkey,44,"[86.6, 19.0]","[90.8, 52.2]",1,0 days 00:29:36.265000,0 days 00:30:13.921000
57,3930184,Czech Republic,6,"[26.4, 28.9]","[37.3, 24.3]",1,0 days 00:30:13.921000,0 days 00:30:15.974000
58,3930184,Czech Republic,10,"[44.2, 18.3]","[79.7, 7.7]",1,0 days 00:30:45.468000,0 days 00:30:51.729000
59,3930184,Turkey,23,"[81.0, 2.6]","[9.4, 30.3]",1,0 days 00:30:53.216000,0 days 00:31:16.357000
60,3930184,Turkey,11,"[120.0, 80.0]","[3.4, 32.0]",1,0 days 00:31:43.714000,0 days 00:31:55.629000
61,3930184,Turkey,13,"[120.0, 80.0]","[92.3, 14.2]",1,0 days 00:32:14.653000,0 days 00:32:30.090000
62,3930184,Czech Republic,39,"[33.5, 80.0]","[4.8, 73.7]",1,0 days 00:32:45.335000,0 days 00:34:42.175000
65,3930184,Turkey,61,"[67.3, 26.2]","[115.3, 22.1]",1,0 days 00:34:54.022000,0 days 00:36:04.836000
66,3930184,Czech Republic,7,"[6.0, 42.3]","[45.6, 3.6]",1,0 days 00:37:14.722000,0 days 00:38:47.996000
67,3930184,Czech Republic,21,"[74.5, 80.0]","[72.4, 40.9]",1,0 days 00:39:01.113000,0 days 00:39:21.859000
68,3930184,Czech Republic,4,"[75.0, 40.2]","[5.9, 59.1]",1,0 days 00:40:15.552000,0 days 00:40:18.387000
69,3930184,Turkey,92,"[7.6, 54.1]","[1.5, 38.7]",1,0 days 00:40:58.848000,0 days 00:42:30.173000
70,3930184,Czech Republic,7,"[5.2, 44.2]","[42.2, 7.4]",1,0 days 00:43:00.246000,0 days 00:43:06.908000
71,3930184,Turkey,25,"[43.6, 10.1]","[87.6, 56.0]",1,0 days 00:43:34.378000,0 days 00:44:07.168000
72,3930184,Czech Republic,9,"[31.5, 28.8]","[6.4, 50.1]",1,0 days 00:44:07.725000,0 days 00:44:17.269000
73,3930184,Czech Republic,7,"[106.1, 0.1]","[6.6, 57.2]",1,0 days 00:44:41.316000,0 days 00:44:45.042000
74,3930184,Czech Republic,39,"[120.0, 0.1]","[48.8, 78.1]",1,0 days 00:45:17.320000,0 days 00:45:55.503000
75,3930184,Czech Republic,26,"[84.4, 0.1]","[103.2, 65.2]",1,0 days 00:46:06.833000,0 days 00:46:39.221000
76,3930184,Turkey,7,"[16.9, 14.9]","[90.2, 73.2]",1,0 days 00:46:39.221000,0 days 00:46:42.721000
77,3930184,Turkey,57,"[41.2, 0.1]","[3.1, 38.4]",1,0 days 00:47:00.593000,0 days 00:48:03.245000
78,3930184,Turkey,30,"[60.0, 40.0]","[1.9, 24.7]",2,0 days 00:00:00.195000,0 days 00:00:34.271000
79,3930184,Turkey,16,"[100.0, 80.0]","[1.9, 49.9]",2,0 days 00:00:40.646000,0 days 00:00:55.861000
80,3930184,Turkey,22,"[107.3, 0.1]","[5.4, 33.1]",2,0 days 00:01:02.112000,0 days 00:01:19.750000
81,3930184,Turkey,7,"[120.0, 80.0]","[2.4, 40.5]",2,0 days 00:01:46.866000,0 days 00:01:50.485000
82,3930184,Czech Republic,4,"[7.0, 44.8]","[49.7, 1.6]",2,0 days 00:02:22.420000,0 days 00:02:27.302000
83,3930184,Czech Republic,2,"[71.1, 80.0]","[100.5, 64.5]",2,0 days 00:02:35.509000,0 days 00:02:39.248000
84,3930184,Turkey,50,"[13.5, 25.8]","[58.6, 11.1]",2,0 days 00:02:39.248000,0 days 00:03:31.063000
85,3930184,Turkey,9,"[50.1, 80.0]","[76.6, 73.1]",2,0 days 00:03:40.054000,0 days 00:03:50.917000
86,3930184,Czech Republic,5,"[47.0, 22.6]","[64.0, 25.9]",2,0 days 00:03:50.917000,0 days 00:03:53.707000
87,3930184,Czech Republic,31,"[66.4, 26.6]","[19.6, 32.2]",2,0 days 00:04:17.248000,0 days 00:04:50.531000
88,3930184,Turkey,1,"[2.7, 38.2]","[2.7, 38.2]",2,0 days 00:04:51.455000,0 days 00:04:51.455000
89,3930184,Turkey,36,"[12.3, 34.5]","[1.9, 43.4]",2,0 days 00:05:15.506000,0 days 00:05:49.196000
90,3930184,Czech Republic,9,"[61.0, 40.1]","[68.1, 38.3]",2,0 days 00:10:14.555000,0 days 00:10:28.580000
91,3930184,Turkey,14,"[56.5, 43.8]","[87.2, 24.3]",2,0 days 00:10:29.260000,0 days 00:11:07.021000
92,3930184,Czech Republic,6,"[32.9, 55.8]","[63.2, 30.5]",2,0 days 00:11:07.021000,0 days 00:11:25.732000
93,3930184,Czech Republic,20,"[57.0, 46.0]","[4.2, 56.0]",2,0 days 00:11:56.210000,0 days 00:12:11.333000
94,3930184,Turkey,3,"[10.6, 51.8]","[12.8, 27.9]",2,0 days 00:12:41.899000,0 days 00:12:45.654000
95,3930184,Czech Republic,8,"[12.3, 27.3]","[72.8, 3.0]",2,0 days 00:12:47.892000,0 days 00:12:55.688000
96,3930184,Czech Republic,26,"[57.0, 80.0]","[109.5, 72.6]",2,0 days 00:13:06.204000,0 days 00:13:40.514000
97,3930184,Turkey,4,"[11.4, 4.2]","[7.5, 2.4]",2,0 days 00:13:40.872000,0 days 00:13:41.524000
98,3930184,Turkey,9,"[7.1, 2.4]","[21.5, 8.7]",2,0 days 00:14:07.900000,0 days 00:14:12.931000
99,3930184,Czech Republic,11,"[30.5, 80.0]","[27.4, 42.8]",2,0 days 00:14:18.824000,0 days 00:14:44.130000
100,3930184,Turkey,17,"[11.4, 36.2]","[7.5, 35.0]",2,0 days 00:14:46.553000,0 days 00:15:06.395000
101,3930184,Turkey,16,"[120.0, 80.0]","[26.3, 40.7]",2,0 days 00:15:22.764000,0 days 00:15:41.142000
102,3930184,Czech Republic,6,"[11.3, 23.8]","[100.7, 24.5]",2,0 days 00:15:47.219000,0 days 00:17:36.602000
103,3930184,Czech Republic,8,"[99.5, 24.5]","[16.1, 3.4]",2,0 days 00:18:11.062000,0 days 00:18:21.402000
104,3930184,Czech Republic,7,"[111.1, 80.0]","[115.6, 58.1]",2,0 days 00:18:25.086000,0 days 00:19:00.132000
105,3930184,Turkey,8,"[5.4, 32.4]","[6.0, 42.2]",2,0 days 00:19:07.193000,0 days 00:19:19.133000
106,3930184,Czech Republic,13,"[12.2, 55.7]","[37.8, 1.6]",2,0 days 00:19:21.161000,0 days 00:19:33.777000
107,3930184,Czech Republic,17,"[90.6, 80.0]","[5.0, 36.2]",2,0 days 00:20:18.493000,0 days 00:22:31.346000
108,3930184,Turkey,23,"[60.0, 40.0]","[61.2, 31.7]",2,0 days 00:23:15.062000,0 days 00:23:35.279000
109,3930184,Czech Republic,16,"[46.3, 55.1]","[15.3, 14.9]",2,0 days 00:23:35.279000,0 days 00:23:55.365000
110,3930184,Czech Republic,7,"[103.5, 80.0]","[9.0, 43.5]",2,0 days 00:24:10.736000,0 days 00:24:15.021000
111,3930184,Turkey,37,"[9.5, 43.7]","[66.4, 46.3]",2,0 days 00:24:28.054000,0 days 00:25:22.523000
112,3930184,Turkey,2,"[26.2, 80.0]","[68.5, 9.6]",2,0 days 00:25:43.316000,0 days 00:25:45.566000
113,3930184,Turkey,18,"[50.3, 71.6]","[19.1, 1.9]",2,0 days 00:26:06.353000,0 days 00:26:28.520000
114,3930184,Turkey,24,"[21.1, 2.1]","[2.4, 42.3]",2,0 days 00:26:56.741000,0 days 00:27:15.277000
115,3930184,Turkey,19,"[120.0, 0.1]","[70.4, 63.9]",2,0 days 00:27:44.261000,0 days 00:28:04.376000
116,3930184,Czech Republic,6,"[48.0, 3.7]","[106.9, 14.4]",2,0 days 00:28:07.718000,0 days 00:28:13.598000
117,3930184,Turkey,2,"[6.0, 44.0]","[68.6, 16.5]",2,0 days 00:28:48.650000,0 days 00:28:52.524000
118,3930184,Czech Republic,25,"[49.1, 63.6]","[63.5, 73.1]",2,0 days 00:28:52.524000,0 days 00:29:19.843000
119,3930184,Czech Republic,8,"[42.5, 0.1]","[101.8, 30.1]",2,0 days 00:30:28.341000,0 days 00:30:34.394000
120,3930184,Turkey,68,"[19.8, 52.9]","[76.2, 12.8]",2,0 days 00:30:34.394000,0 days 00:31:35.073000
121,3930184,Czech Republic,19,"[42.3, 67.8]","[4.9, 75.2]",2,0 days 00:31:35.073000,0 days 00:31:59.520000
122,3930184,Czech Republic,1,"[120.0, 0.1]","[120.0, 0.1]",2,0 days 00:32:38.188000,0 days 00:32:38.188000
123,3930184,Turkey,4,"[8.4, 35.2]","[59.3, 9.5]",2,0 days 00:32:40.052000,0 days 00:32:45.862000
124,3930184,Czech Republic,8,"[56.5, 69.5]","[100.5, 28.1]",2,0 days 00:32:46.306000,0 days 00:33:00.370000
125,3930184,Turkey,16,"[6.0, 41.6]","[55.1, 54.9]",2,0 days 00:33:14.464000,0 days 00:33:24.534000
126,3930184,Czech Republic,9,"[54.3, 29.7]","[6.2, 36.2]",2,0 days 00:33:25.777000,0 days 00:33:33.703000
127,3930184,Czech Republic,59,"[108.5, 0.1]","[1.6, 40.6]",2,0 days 00:33:50.585000,0 days 00:35:01.876000
128,3930184,Turkey,23,"[5.9, 40.7]","[73.8, 4.6]",2,0 days 00:35:35.755000,0 days 00:36:01.588000
129,3930184,Czech Republic,17,"[49.4, 75.0]","[23.8, 21.1]",2,0 days 00:36:01.588000,0 days 00:36:20.821000
130,3930184,Turkey,12,"[20.2, 22.2]","[12.2, 74.2]",2,0 days 00:37:04.694000,0 days 00:37:17.244000
131,3930184,Turkey,53,"[99.6, 0.1]","[92.0, 43.5]",2,0 days 00:37:27.843000,0 days 00:38:31.729000
132,3930184,Czech Republic,9,"[13.4, 33.3]","[73.3, 1.2]",2,0 days 00:38:31.729000,0 days 00:39:17.360000
133,3930184,Turkey,18,"[66.8, 80.0]","[65.2, 25.2]",2,0 days 00:39:38.154000,0 days 00:39:43.450000
134,3930184,Czech Republic,1,"[70.7, 24.2]","[70.7, 24.2]",2,0 days 00:40:15.015000,0 days 00:40:15.015000
135,3930184,Turkey,34,"[6.0, 30.5]","[1.8, 40.5]",2,0 days 00:40:34.286000,0 days 00:41:09.035000
136,3930184,Czech Republic,4,"[7.0, 34.4]","[76.4, 28.0]",2,0 days 00:41:54.799000,0 days 00:41:58.448000
137,3930184,Turkey,52,"[31.8, 51.5]","[67.7, 55.1]",2,0 days 00:41:59.620000,0 days 00:42:40.010000
138,3930184,Turkey,31,"[67.7, 55.1]","[92.3, 37.7]",2,0 days 00:42:59.774000,0 days 00:43:30.013000
139,3930184,Czech Republic,16,"[25.3, 43.0]","[101.6, 58.4]",2,0 days 00:43:30.013000,0 days 00:43:49.089000
140,3930184,Turkey,16,"[18.5, 20.6]","[109.8, 51.7]",2,0 days 00:43:49.183000,0 days 00:44:04.872000
141,3930184,Czech Republic,39,"[4.2, 34.9]","[40.3, 77.1]",2,0 days 00:44:14.786000,0 days 00:45:05.633000
142,3930184,Turkey,13,"[40.5, 77.3]","[1.6, 39.3]",2,0 days 00:46:23.831000,0 days 00:46:51.144000
143,3930184,Czech Republic,19,"[21.6, 57.6]","[102.6, 4.5]",2,0 days 00:47:03.244000,0 days 00:47:28.647000
144,3930184,Turkey,3,"[5.5, 37.1]","[80.3, 60.2]",2,0 days 00:47:55.478000,0 days 00:47:59.053000
145,3930184,Czech Republic,30,"[39.8, 19.9]","[99.9, 26.7]",2,0 days 00:47:59.053000,0 days 00:48:29.887000
146,3930184,Turkey,13,"[20.2, 53.4]","[1.7, 41.4]",2,0 days 00:48:29.887000,0 days 00:50:17.525000
147,3930184,Czech Republic,6,"[61.0, 40.1]","[105.8, 11.2]",2,0 days 00:50:25.957000,0 days 00:50:34.533000
148,3930184,Turkey,4,"[16.5, 80.0]","[37.6, 74.1]",2,0 days 00:50:55.772000,0 days 00:50:57.773000
149,3930184,Turkey,4,"[43.4, 73.9]","[27.9, 61.8]",2,0 days 00:51:24.842000,0 days 00:51:29.085000
150,3930184,Turkey,81,"[77.5, 0.1]","[41.0, 18.7]",2,0 days 00:51:35.932000,0 days 00:52:40.841000
2,3941022,Austria,10,"[61.0, 40.1]","[80.5, 42.0]",1,0 days 00:00:00.704000,0 days 00:00:06.627000
3,3941022,Turkey,14,"[41.0, 39.2]","[109.1, 33.3]",1,0 days 00:00:06.627000,0 days 00:00:14.865000
4,3941022,Turkey,14,"[7.6, 46.0]","[4.4, 27.0]",1,0 days 00:00:14.865000,0 days 00:00:29.860000
5,3941022,Turkey,7,"[120.0, 80.0]","[1.0, 40.3]",1,0 days 00:00:55.059000,0 days 00:00:58.449000
6,3941022,Austria,26,"[61.0, 40.1]","[2.5, 38.0]",1,0 days 00:01:56.165000,0 days 00:02:11.893000
7,3941022,Turkey,9,"[6.0, 33.4]","[70.0, 3.3]",1,0 days 00:02:38.809000,0 days 00:02:46.830000
8,3941022,Austria,28,"[55.3, 74.5]","[78.1, 27.8]",1,0 days 00:02:46.830000,0 days 00:03:08.410000
9,3941022,Turkey,5,"[30.9, 80.0]","[75.0, 69.9]",1,0 days 00:03:31.865000,0 days 00:03:34.835000
10,3941022,Austria,65,"[52.4, 14.0]","[8.1, 63.9]",1,0 days 00:03:34.835000,0 days 00:04:17.095000
11,3941022,Austria,5,"[120.0, 0.1]","[2.3, 36.0]",1,0 days 00:04:50.257000,0 days 00:06:06.682000
12,3941022,Austria,5,"[120.0, 80.0]","[1.2, 37.8]",1,0 days 00:06:38.767000,0 days 00:07:03.357000
13,3941022,Turkey,5,"[6.0, 31.1]","[85.7, 29.4]",1,0 days 00:07:25.260000,0 days 00:07:33.634000
14,3941022,Austria,17,"[35.9, 53.8]","[96.0, 1.7]",1,0 days 00:07:33.634000,0 days 00:07:44.614000
15,3941022,Austria,6,"[19.1, 80.0]","[19.3, 13.9]",1,0 days 00:07:49.178000,0 days 00:07:54.355000
16,3941022,Turkey,27,"[107.8, 80.0]","[48.3, 2.4]",1,0 days 00:08:12.345000,0 days 00:08:36.042000
17,3941022,Austria,38,"[76.1, 80.0]","[107.2, 47.0]",1,0 days 00:08:41.256000,0 days 00:09:17.846000
18,3941022,Turkey,42,"[1.8, 37.0]","[75.6, 45.4]",1,0 days 00:09:17.846000,0 days 00:10:07.232000
19,3941022,Austria,20,"[46.2, 22.6]","[89.9, 40.2]",1,0 days 00:10:07.232000,0 days 00:10:14.753000
20,3941022,Austria,3,"[89.9, 35.2]","[1.4, 39.4]",1,0 days 00:11:13.683000,0 days 00:11:14.101000
21,3941022,Austria,16,"[120.0, 80.0]","[6.6, 29.4]",1,0 days 00:11:47.228000,0 days 00:11:57.386000
22,3941022,Austria,8,"[107.7, 80.0]","[9.9, 21.8]",1,0 days 00:12:17.671000,0 days 00:12:22.867000
23,3941022,Turkey,54,"[14.5, 22.6]","[113.3, 41.5]",1,0 days 00:12:52.039000,0 days 00:13:31.548000
24,3941022,Austria,10,"[3.6, 37.3]","[35.3, 32.2]",1,0 days 00:13:31.548000,0 days 00:13:36.914000
25,3941022,Turkey,36,"[85.3, 51.8]","[56.2, 74.8]",1,0 days 00:13:36.914000,0 days 00:14:09.970000
26,3941022,Turkey,7,"[56.4, 75.4]","[83.2, 10.6]",1,0 days 00:14:15.764000,0 days 00:14:25.758000
27,3941022,Austria,18,"[8.6, 60.9]","[77.3, 73.8]",1,0 days 00:14:25.758000,0 days 00:14:47.614000
28,3941022,Turkey,7,"[42.8, 6.3]","[84.2, 12.4]",1,0 days 00:14:47.614000,0 days 00:14:53.424000
29,3941022,Austria,165,"[37.5, 61.7]","[28.9, 3.7]",1,0 days 00:14:55.426000,0 days 00:17:31.500000
30,3941022,Austria,14,"[89.2, 80.0]","[6.9, 74.0]",1,0 days 00:17:37.958000,0 days 00:17:52.489000
31,3941022,Austria,34,"[103.8, 0.1]","[85.8, 42.0]",1,0 days 00:17:59.556000,0 days 00:18:32.450000
32,3941022,Turkey,7,"[35.4, 38.6]","[19.3, 39.3]",1,0 days 00:18:32.730000,0 days 00:18:40.445000
33,3941022,Austria,25,"[7.0, 43.5]","[25.0, 74.1]",1,0 days 00:18:43.874000,0 days 00:19:06.475000
34,3941022,Austria,23,"[95.1, 0.1]","[79.9, 69.6]",1,0 days 00:19:11.560000,0 days 00:19:45.415000
35,3941022,Turkey,75,"[35.2, 15.5]","[60.9, 49.6]",1,0 days 00:19:45.415000,0 days 00:20:41.860000
36,3941022,Turkey,2,"[56.4, 48.3]","[74.7, 2.9]",1,0 days 00:21:23.056000,0 days 00:21:26.540000
37,3941022,Austria,3,"[44.3, 80.0]","[63.2, 12.7]",1,0 days 00:21:44.044000,0 days 00:21:45.720000
38,3941022,Turkey,55,"[48.5, 5.0]","[85.8, 7.5]",1,0 days 00:21:47.634000,0 days 00:22:31.355000
39,3941022,Turkey,7,"[85.8, 7.5]","[8.4, 15.8]",1,0 days 00:23:15.941000,0 days 00:23:21.891000
40,3941022,Turkey,2,"[120.0, 80.0]","[3.9, 37.0]",1,0 days 00:23:41.803000,0 days 00:23:43
41,3941022,Turkey,5,"[120.0, 80.0]","[0.7, 38.0]",1,0 days 00:24:02.646000,0 days 00:24:04.670000
42,3941022,Austria,84,"[7.0, 45.2]","[90.7, 34.1]",1,0 days 00:24:15.977000,0 days 00:25:26.633000
43,3941022,Turkey,21,"[29.4, 46.0]","[8.3, 40.9]",1,0 days 00:25:26.633000,0 days 00:25:49.213000
44,3941022,Turkey,33,"[105.0, 0.1]","[113.8, 40.4]",1,0 days 00:26:08.504000,0 days 00:26:48.144000
45,3941022,Turkey,76,"[6.8, 42.8]","[51.3, 75.8]",1,0 days 00:26:48.144000,0 days 00:28:11.281000
46,3941022,Turkey,21,"[63.8, 0.1]","[76.6, 3.3]",1,0 days 00:28:23.755000,0 days 00:28:51.076000
47,3941022,Turkey,12,"[76.9, 3.0]","[26.2, 57.6]",1,0 days 00:29:03.649000,0 days 00:29:14.199000
48,3941022,Turkey,25,"[26.0, 56.7]","[80.6, 2.9]",1,0 days 00:29:27.402000,0 days 00:29:52.025000
49,3941022,Austria,17,"[40.4, 80.0]","[87.3, 61.9]",1,0 days 00:30:06.702000,0 days 00:30:27.335000
50,3941022,Turkey,54,"[29.3, 17.4]","[97.5, 19.7]",1,0 days 00:30:27.335000,0 days 00:31:30.412000
51,3941022,Austria,16,"[6.8, 53.6]","[45.4, 77.4]",1,0 days 00:31:32.960000,0 days 00:31:52.067000
52,3941022,Turkey,6,"[70.8, 0.1]","[65.0, 6.1]",1,0 days 00:31:55.481000,0 days 00:31:59.303000
53,3941022,Austria,10,"[51.4, 73.8]","[56.1, 76.9]",1,0 days 00:31:59.303000,0 days 00:32:03.734000
54,3941022,Turkey,14,"[63.4, 0.1]","[65.3, 36.0]",1,0 days 00:32:22.245000,0 days 00:32:28.958000
55,3941022,Austria,77,"[54.3, 46.4]","[34.7, 49.6]",1,0 days 00:32:29.109000,0 days 00:34:10.043000
56,3941022,Turkey,8,"[34.1, 55.5]","[36.0, 65.7]",1,0 days 00:34:11.119000,0 days 00:34:14.500000
57,3941022,Turkey,28,"[37.3, 80.0]","[61.8, 77.4]",1,0 days 00:34:23.984000,0 days 00:34:47.954000
58,3941022,Turkey,20,"[56.4, 0.1]","[69.4, 8.6]",1,0 days 00:34:56.593000,0 days 00:35:10.065000
59,3941022,Austria,18,"[63.9, 26.8]","[37.7, 75.1]",1,0 days 00:35:12.428000,0 days 00:35:27.613000
60,3941022,Austria,30,"[70.3, 0.1]","[107.2, 29.6]",1,0 days 00:35:31.669000,0 days 00:36:11.701000
61,3941022,Turkey,8,"[16.5, 49.7]","[78.1, 23.7]",1,0 days 00:36:11.701000,0 days 00:36:17.098000
62,3941022,Austria,47,"[76.6, 33.6]","[11.8, 4.0]",1,0 days 00:36:18.750000,0 days 00:36:55.370000
63,3941022,Austria,10,"[108.5, 80.0]","[8.1, 43.4]",1,0 days 00:37:13.124000,0 days 00:37:17.470000
64,3941022,Turkey,9,"[5.0, 43.7]","[40.9, 2.4]",1,0 days 00:37:19.779000,0 days 00:37:36.694000
65,3941022,Turkey,19,"[41.0, 2.2]","[97.3, 10.0]",1,0 days 00:37:58.897000,0 days 00:38:19.991000
66,3941022,Austria,15,"[22.8, 70.1]","[83.7, 37.2]",1,0 days 00:38:19.991000,0 days 00:38:28.881000
67,3941022,Turkey,54,"[36.4, 42.9]","[19.3, 62.2]",1,0 days 00:38:28.881000,0 days 00:39:29.130000
68,3941022,Turkey,55,"[95.5, 0.1]","[11.2, 51.3]",1,0 days 00:39:47.830000,0 days 00:40:30.412000
69,3941022,Austria,27,"[12.0, 50.9]","[65.5, 50.4]",1,0 days 00:40:59.611000,0 days 00:41:19.266000
70,3941022,Austria,24,"[71.8, 53.5]","[58.0, 56.4]",1,0 days 00:42:01.631000,0 days 00:42:30.738000
71,3941022,Turkey,17,"[62.1, 23.7]","[103.9, 38.1]",1,0 days 00:42:30.738000,0 days 00:42:43.570000
72,3941022,Austria,25,"[17.5, 36.0]","[99.3, 6.6]",1,0 days 00:42:43.570000,0 days 00:43:15.336000
73,3941022,Turkey,13,"[6.0, 42.8]","[79.5, 62.2]",1,0 days 00:43:47.707000,0 days 00:43:57.211000
74,3941022,Turkey,17,"[80.0, 61.5]","[109.6, 30.2]",1,0 days 00:44:53.947000,0 days 00:45:07.873000
75,3941022,Austria,45,"[1.3, 39.4]","[1.4, 37.3]",1,0 days 00:45:07.873000,0 days 00:45:57.962000
76,3941022,Turkey,20,"[61.0, 40.1]","[87.2, 71.2]",2,0 days 00:00:00.578000,0 days 00:00:15.596000
77,3941022,Austria,30,"[32.9, 8.9]","[104.2, 4.0]",2,0 days 00:00:15.596000,0 days 00:00:42.886000
78,3941022,Austria,30,"[20.2, 80.0]","[68.8, 50.1]",2,0 days 00:00:50.794000,0 days 00:01:16.979000
79,3941022,Turkey,2,"[6.8, 42.8]","[59.4, 47.6]",2,0 days 00:01:48.932000,0 days 00:01:52.412000
80,3941022,Austria,30,"[41.4, 32.2]","[93.5, 12.7]",2,0 days 00:01:52.412000,0 days 00:02:24.462000
81,3941022,Turkey,5,"[28.8, 63.7]","[71.8, 19.9]",2,0 days 00:02:52.217000,0 days 00:02:58.126000
82,3941022,Austria,33,"[47.3, 65.3]","[110.9, 2.4]",2,0 days 00:02:58.126000,0 days 00:03:28.096000
83,3941022,Turkey,20,"[6.8, 45.7]","[91.3, 36.4]",2,0 days 00:03:52.542000,0 days 00:04:13.682000
84,3941022,Austria,25,"[19.5, 32.9]","[1.9, 41.2]",2,0 days 00:04:13.682000,0 days 00:04:34.128000
85,3941022,Turkey,8,"[6.7, 40.2]","[56.6, 41.7]",2,0 days 00:04:49.880000,0 days 00:04:59.553000
86,3941022,Austria,60,"[42.2, 52.1]","[17.3, 11.7]",2,0 days 00:04:59.553000,0 days 00:05:42.684000
87,3941022,Austria,8,"[105.4, 80.0]","[9.0, 3.2]",2,0 days 00:05:49.956000,0 days 00:05:55.184000
88,3941022,Austria,2,"[111.9, 80.0]","[110.7, 58.8]",2,0 days 00:05:57.660000,0 days 00:05:58.810000
89,3941022,Turkey,8,"[6.3, 17.0]","[23.4, 3.8]",2,0 days 00:05:58.810000,0 days 00:06:02.812000
90,3941022,Austria,22,"[89.1, 80.0]","[6.3, 13.8]",2,0 days 00:06:07.615000,0 days 00:06:26.703000
91,3941022,Turkey,29,"[2.9, 13.3]","[52.7, 17.3]",2,0 days 00:06:28.044000,0 days 00:06:43.017000
92,3941022,Turkey,4,"[52.0, 23.7]","[63.9, 2.9]",2,0 days 00:07:10.609000,0 days 00:07:13.849000
93,3941022,Austria,9,"[63.4, 80.0]","[4.8, 40.8]",2,0 days 00:07:17.763000,0 days 00:07:25.883000
94,3941022,Turkey,8,"[7.0, 44.8]","[44.6, 63.7]",2,0 days 00:07:42.363000,0 days 00:07:47.939000
95,3941022,Austria,19,"[78.4, 18.1]","[75.2, 7.0]",2,0 days 00:07:48.340000,0 days 00:08:01.020000
96,3941022,Austria,27,"[30.2, 80.0]","[1.6, 38.5]",2,0 days 00:08:10.891000,0 days 00:08:40.194000
97,3941022,Austria,1,"[120.0, 80.0]","[120.0, 80.0]",2,0 days 00:09:07.959000,0 days 00:09:07.959000
98,3941022,Turkey,2,"[6.8, 38.9]","[62.2, 2.9]",2,0 days 00:09:33.984000,0 days 00:09:37.812000
99,3941022,Austria,25,"[59.4, 66.6]","[105.4, 52.9]",2,0 days 00:09:37.812000,0 days 00:10:00.428000
100,3941022,Turkey,16,"[16.9, 37.3]","[72.4, 7.0]",2,0 days 00:10:25.517000,0 days 00:10:37.362000
101,3941022,Austria,8,"[48.7, 76.3]","[74.5, 20.6]",2,0 days 00:10:37.749000,0 days 00:10:55.081000
102,3941022,Turkey,53,"[36.8, 60.9]","[15.0, 61.9]",2,0 days 00:10:55.081000,0 days 00:11:54.745000
103,3941022,Turkey,7,"[99.0, 0.1]","[22.5, 5.2]",2,0 days 00:12:39.460000,0 days 00:12:46.232000
104,3941022,Turkey,19,"[101.8, 80.0]","[118.4, 71.6]",2,0 days 00:13:04.824000,0 days 00:13:14.652000
105,3941022,Turkey,5,"[120.0, 80.0]","[0.7, 38.1]",2,0 days 00:13:50.476000,0 days 00:13:52.368000
106,3941022,Austria,14,"[60.0, 40.0]","[85.5, 56.6]",2,0 days 00:15:25.914000,0 days 00:15:44.801000
107,3941022,Turkey,15,"[43.7, 26.5]","[70.8, 54.0]",2,0 days 00:15:44.801000,0 days 00:15:51.423000
108,3941022,Austria,30,"[41.4, 31.7]","[100.9, 35.8]",2,0 days 00:15:51.423000,0 days 00:16:16.469000
109,3941022,Turkey,8,"[7.7, 36.6]","[50.5, 2.6]",2,0 days 00:16:16.469000,0 days 00:16:34.050000
110,3941022,Austria,6,"[61.6, 72.1]","[68.1, 72.1]",2,0 days 00:16:34.050000,0 days 00:16:35.547000
111,3941022,Austria,12,"[65.0, 70.4]","[89.4, 47.4]",2,0 days 00:16:45.367000,0 days 00:16:55.501000
112,3941022,Turkey,6,"[33.1, 23.9]","[73.8, 27.3]",2,0 days 00:16:55.501000,0 days 00:17:00.600000
113,3941022,Turkey,8,"[77.0, 26.8]","[101.4, 29.2]",2,0 days 00:17:58.887000,0 days 00:18:05.115000
114,3941022,Austria,5,"[10.1, 43.5]","[66.9, 18.4]",2,0 days 00:18:05.115000,0 days 00:18:12.181000
115,3941022,Turkey,30,"[70.8, 19.9]","[81.1, 58.2]",2,0 days 00:18:13.531000,0 days 00:18:44.403000
116,3941022,Austria,7,"[19.5, 0.1]","[49.6, 50.3]",2,0 days 00:19:13.895000,0 days 00:19:22.234000
117,3941022,Turkey,2,"[50.1, 51.2]","[93.9, 62.5]",2,0 days 00:19:47.182000,0 days 00:19:49.201000
118,3941022,Austria,38,"[22.8, 19.5]","[6.0, 9.4]",2,0 days 00:19:49.201000,0 days 00:20:30.332000
119,3941022,Austria,5,"[120.0, 80.0]","[116.2, 36.5]",2,0 days 00:20:51.374000,0 days 00:20:53.375000
120,3941022,Turkey,2,"[1.2, 39.8]","[1.0, 41.1]",2,0 days 00:20:53.377000,0 days 00:20:53.697000
121,3941022,Turkey,33,"[61.0, 40.1]","[90.8, 20.3]",2,0 days 00:21:35.190000,0 days 00:22:06.881000
122,3941022,Austria,60,"[29.3, 59.8]","[109.4, 39.1]",2,0 days 00:22:06.881000,0 days 00:23:02.715000
123,3941022,Turkey,1,"[1.6, 39.9]","[1.6, 39.9]",2,0 days 00:23:03.516000,0 days 00:23:03.516000
124,3941022,Turkey,20,"[11.4, 50.0]","[76.5, 78.5]",2,0 days 00:23:16.651000,0 days 00:23:46.767000
125,3941022,Austria,26,"[36.6, 0.1]","[96.0, 39.5]",2,0 days 00:23:55.676000,0 days 00:24:26.285000
126,3941022,Turkey,6,"[21.0, 28.7]","[46.4, 30.0]",2,0 days 00:24:26.285000,0 days 00:24:29.498000
127,3941022,Turkey,20,"[45.1, 33.8]","[83.3, 78.6]",2,0 days 00:24:52.122000,0 days 00:25:05.285000
128,3941022,Turkey,15,"[39.5, 0.1]","[69.1, 18.6]",2,0 days 00:25:18.192000,0 days 00:25:24.078000
129,3941022,Austria,11,"[21.5, 49.2]","[68.6, 72.2]",2,0 days 00:25:27.357000,0 days 00:25:38.841000
130,3941022,Turkey,54,"[21.0, 18.0]","[118.5, 56.8]",2,0 days 00:25:38.841000,0 days 00:26:19.523000
131,3941022,Austria,67,"[20.1, 43.2]","[8.9, 48.1]",2,0 days 00:26:21.595000,0 days 00:27:33.664000
132,3941022,Austria,8,"[120.0, 0.1]","[3.0, 39.7]",2,0 days 00:27:57.963000,0 days 00:28:02.755000
133,3941022,Austria,11,"[74.7, 80.0]","[8.2, 50.0]",2,0 days 00:28:12.414000,0 days 00:28:23.703000
134,3941022,Austria,37,"[107.0, 0.1]","[94.4, 51.1]",2,0 days 00:28:40.933000,0 days 00:29:21.968000
135,3941022,Turkey,1,"[2.7, 39.2]","[2.7, 39.2]",2,0 days 00:29:22.793000,0 days 00:29:22.793000
136,3941022,Turkey,8,"[7.7, 46.8]","[64.0, 76.1]",2,0 days 00:29:40.380000,0 days 00:29:46.773000
137,3941022,Austria,22,"[62.1, 8.0]","[104.6, 16.9]",2,0 days 00:29:46.773000,0 days 00:30:05.296000
138,3941022,Turkey,3,"[7.0, 46.2]","[76.3, 45.8]",2,0 days 00:30:38.017000,0 days 00:30:41.328000
139,3941022,Austria,18,"[43.8, 34.3]","[76.9, 27.2]",2,0 days 00:30:41.328000,0 days 00:30:55.913000
140,3941022,Austria,16,"[15.4, 59.3]","[103.3, 53.3]",2,0 days 00:30:55.913000,0 days 00:31:12.019000
141,3941022,Turkey,11,"[4.4, 31.6]","[34.0, 18.4]",2,0 days 00:31:12.019000,0 days 00:31:20.234000
142,3941022,Austria,6,"[92.7, 64.8]","[31.3, 5.0]",2,0 days 00:31:20.234000,0 days 00:31:21.697000
143,3941022,Austria,13,"[100.1, 80.0]","[11.8, 34.7]",2,0 days 00:31:28.516000,0 days 00:31:41.430000
144,3941022,Austria,2,"[120.0, 80.0]","[3.5, 32.8]",2,0 days 00:33:06.917000,0 days 00:33:08.131000
145,3941022,Austria,11,"[120.0, 80.0]","[91.3, 10.9]",2,0 days 00:33:24.165000,0 days 00:33:37.340000
146,3941022,Turkey,27,"[28.8, 69.2]","[66.2, 76.1]",2,0 days 00:33:37.340000,0 days 00:33:58.982000
147,3941022,Austria,68,"[37.6, 0.1]","[66.6, 56.6]",2,0 days 00:34:02.244000,0 days 00:35:13.164000
148,3941022,Austria,38,"[55.1, 53.3]","[113.8, 33.3]",2,0 days 00:35:17.242000,0 days 00:35:48.570000
149,3941022,Turkey,15,"[7.0, 46.2]","[90.7, 70.2]",2,0 days 00:37:42.388000,0 days 00:37:53.268000
150,3941022,Austria,60,"[27.6, 14.1]","[4.7, 41.2]",2,0 days 00:37:53.268000,0 days 00:38:42.153000
151,3941022,Turkey,11,"[7.0, 46.7]","[72.2, 78.4]",2,0 days 00:39:10.397000,0 days 00:39:24.869000
152,3941022,Austria,7,"[42.7, 4.8]","[45.8, 77.7]",2,0 days 00:39:24.869000,0 days 00:39:31.867000
153,3941022,Austria,32,"[75.4, 0.1]","[94.9, 75.8]",2,0 days 00:39:36.195000,0 days 00:40:04.933000
154,3941022,Turkey,4,"[23.4, 0.1]","[38.9, 13.4]",2,0 days 00:40:20.737000,0 days 00:40:23.045000
155,3941022,Austria,6,"[77.9, 57.1]","[33.6, 28.3]",2,0 days 00:40:23.045000,0 days 00:40:24.556000
156,3941022,Austria,4,"[120.0, 80.0]","[0.9, 39.8]",2,0 days 00:40:42.706000,0 days 00:40:44.849000
157,3941022,Turkey,11,"[7.0, 45.7]","[55.6, 78.5]",2,0 days 00:41:11.342000,0 days 00:41:18.845000
158,3941022,Austria,72,"[60.9, 1.0]","[104.3, 16.2]",2,0 days 00:41:18.845000,0 days 00:42:40.269000
159,3941022,Turkey,27,"[15.8, 63.9]","[104.2, 59.6]",2,0 days 00:42:40.269000,0 days 00:43:02.674000
160,3941022,Austria,39,"[7.8, 40.4]","[95.3, 66.7]",2,0 days 00:43:16.496000,0 days 00:44:15.295000
161,3941022,Turkey,10,"[11.0, 0.1]","[53.8, 34.7]",2,0 days 00:44:34.629000,0 days 00:44:46.569000
162,3941022,Austria,34,"[55.6, 40.4]","[11.4, 11.2]",2,0 days 00:44:48.175000,0 days 00:45:18.846000
163,3941022,Austria,24,"[100.1, 80.0]","[93.0, 20.6]",2,0 days 00:45:23.005000,0 days 00:45:46.084000
164,3941022,Turkey,5,"[28.9, 80.0]","[40.5, 77.7]",2,0 days 00:46:40.398000,0 days 00:46:41.807000
165,3941022,Austria,26,"[73.8, 2.8]","[92.5, 6.1]",2,0 days 00:46:42.610000,0 days 00:47:09.728000
166,3941022,Turkey,2,"[43.7, 80.0]","[68.6, 76.3]",2,0 days 00:47:31.142000,0 days 00:47:33.072000
167,3941022,Austria,40,"[56.9, 3.4]","[25.5, 14.3]",2,0 days 00:47:33.072000,0 days 00:47:58.334000
168,3941022,Turkey,15,"[8.4, 34.2]","[6.4, 41.0]",2,0 days 00:47:59.825000,0 days 00:48:13.791000
169,3941022,Austria,14,"[17.3, 25.7]","[75.0, 55.5]",2,0 days 00:48:15.735000,0 days 00:48:33.584000
170,3941022,Austria,23,"[20.2, 25.1]","[0.9, 38.8]",2,0 days 00:48:33.584000,0 days 00:49:01.427000
171,3941022,Austria,6,"[120.0, 0.1]","[85.1, 71.8]",2,0 days 00:49:53.890000,0 days 00:50:00.840000
2,3941021,Netherlands,16,"[60.0, 40.0]","[2.6, 63.9]",1,0 days 00:00:00.313000,0 days 00:00:11.129000
3,3941021,Romania,5,"[6.7, 60.3]","[10.6, 64.4]",1,0 days 00:00:12.127000,0 days 00:00:13.292000
4,3941021,Romania,42,"[15.7, 58.8]","[71.9, 78.7]",1,0 days 00:00:40.354000,0 days 00:01:03.086000
5,3941021,Netherlands,32,"[42.0, 0.1]","[21.9, 6.6]",1,0 days 00:01:08.271000,0 days 00:01:46.044000
6,3941021,Romania,14,"[98.2, 73.5]","[77.9, 60.3]",1,0 days 00:01:46.044000,0 days 00:01:59.337000
7,3941021,Netherlands,5,"[40.5, 18.3]","[41.0, 20.9]",1,0 days 00:01:59.337000,0 days 00:04:08.475000
8,3941021,Netherlands,20,"[48.6, 31.6]","[103.8, 68.2]",1,0 days 00:04:19.030000,0 days 00:04:31.972000
9,3941021,Romania,2,"[18.4, 11.9]","[82.4, 4.2]",1,0 days 00:05:05.285000,0 days 00:05:09.117000
10,3941021,Netherlands,12,"[19.7, 80.0]","[1.8, 41.4]",1,0 days 00:05:14.785000,0 days 00:05:42.257000
11,3941021,Romania,3,"[15.2, 46.2]","[107.8, 24.3]",1,0 days 00:05:51.251000,0 days 00:05:55.312000
12,3941021,Netherlands,27,"[8.0, 56.0]","[97.6, 24.3]",1,0 days 00:05:55.589000,0 days 00:06:32.752000
13,3941021,Romania,27,"[10.7, 57.5]","[15.2, 44.0]",1,0 days 00:06:32.752000,0 days 00:07:06.615000
14,3941021,Romania,6,"[95.4, 0.1]","[21.9, 72.0]",1,0 days 00:07:22.406000,0 days 00:07:24.096000
15,3941021,Romania,7,"[105.3, 0.1]","[4.6, 75.0]",1,0 days 00:07:33.140000,0 days 00:07:37.714000
16,3941021,Netherlands,12,"[14.6, 80.0]","[77.7, 3.6]",1,0 days 00:08:11.549000,0 days 00:08:19.168000
17,3941021,Netherlands,16,"[43.3, 80.0]","[2.4, 9.3]",1,0 days 00:08:29.716000,0 days 00:08:41.983000
18,3941021,Romania,7,"[117.7, 80.0]","[4.1, 2.7]",1,0 days 00:08:57.978000,0 days 00:09:01.751000
19,3941021,Romania,57,"[112.3, 80.0]","[96.3, 60.9]",1,0 days 00:09:09.659000,0 days 00:09:55.628000
20,3941021,Netherlands,12,"[23.8, 19.2]","[9.3, 32.2]",1,0 days 00:09:55.628000,0 days 00:10:01.901000
21,3941021,Romania,4,"[93.1, 80.0]","[70.0, 59.6]",1,0 days 00:10:16.889000,0 days 00:10:20.862000
22,3941021,Netherlands,37,"[40.5, 14.9]","[109.8, 27.5]",1,0 days 00:10:22.385000,0 days 00:10:42.964000
23,3941021,Romania,8,"[15.9, 47.7]","[34.7, 73.5]",1,0 days 00:11:33.398000,0 days 00:11:38.487000
24,3941021,Romania,25,"[78.1, 0.1]","[105.7, 3.8]",1,0 days 00:11:52.504000,0 days 00:12:22.611000
25,3941021,Netherlands,4,"[21.2, 80.0]","[58.0, 48.5]",1,0 days 00:12:41.115000,0 days 00:12:44.566000
26,3941021,Romania,48,"[61.6, 29.5]","[1.5, 38.9]",1,0 days 00:12:44.566000,0 days 00:13:53.772000
27,3941021,Netherlands,20,"[6.0, 38.9]","[13.9, 11.3]",1,0 days 00:14:11.861000,0 days 00:14:30.643000
28,3941021,Netherlands,13,"[103.8, 80.0]","[106.4, 68.4]",1,0 days 00:14:54.690000,0 days 00:14:59.769000
29,3941021,Romania,2,"[7.0, 39.5]","[57.6, 4.2]",1,0 days 00:15:25.570000,0 days 00:15:29.739000
30,3941021,Netherlands,29,"[56.7, 80.0]","[11.6, 15.6]",1,0 days 00:15:46.015000,0 days 00:16:15.342000
31,3941021,Netherlands,6,"[120.0, 80.0]","[1.0, 40.0]",1,0 days 00:16:43.396000,0 days 00:16:45.123000
32,3941021,Netherlands,7,"[120.0, 80.0]","[3.3, 25.2]",1,0 days 00:17:02.259000,0 days 00:17:07.571000
33,3941021,Romania,4,"[3.9, 37.8]","[76.0, 68.2]",1,0 days 00:17:09.210000,0 days 00:17:15.235000
34,3941021,Netherlands,29,"[46.0, 16.8]","[9.3, 60.8]",1,0 days 00:17:15.235000,0 days 00:17:40.614000
35,3941021,Netherlands,63,"[120.0, 0.1]","[2.1, 42.5]",1,0 days 00:18:07.025000,0 days 00:19:07.936000
36,3941021,Romania,9,"[61.0, 40.1]","[2.7, 41.6]",1,0 days 00:20:00.222000,0 days 00:20:18.926000
37,3941021,Netherlands,44,"[5.6, 31.4]","[9.0, 44.0]",1,0 days 00:20:44.389000,0 days 00:21:23.332000
38,3941021,Netherlands,19,"[120.0, 80.0]","[116.0, 70.7]",1,0 days 00:22:03.331000,0 days 00:22:19.140000
39,3941021,Romania,1,"[5.0, 30.1]","[5.0, 30.1]",1,0 days 00:22:40.878000,0 days 00:22:40.878000
40,3941021,Netherlands,23,"[44.1, 53.4]","[78.1, 34.2]",1,0 days 00:22:49.236000,0 days 00:23:05.599000
41,3941021,Romania,13,"[33.8, 50.4]","[2.6, 41.9]",1,0 days 00:23:06.768000,0 days 00:23:22.903000
42,3941021,Netherlands,97,"[5.8, 30.1]","[3.0, 39.2]",1,0 days 00:23:49.094000,0 days 00:25:14.002000
43,3941021,Netherlands,4,"[120.0, 0.1]","[0.9, 37.7]",1,0 days 00:25:44.225000,0 days 00:25:46.518000
44,3941021,Romania,3,"[6.3, 37.8]","[72.6, 10.4]",1,0 days 00:26:32.110000,0 days 00:26:35.293000
45,3941021,Netherlands,7,"[47.5, 69.7]","[14.2, 25.6]",1,0 days 00:26:35.293000,0 days 00:26:42.119000
46,3941021,Netherlands,22,"[120.0, 80.0]","[112.4, 73.3]",1,0 days 00:27:11.018000,0 days 00:27:36.159000
47,3941021,Netherlands,38,"[110.6, 71.2]","[11.8, 31.6]",1,0 days 00:28:14.510000,0 days 00:28:58.386000
48,3941021,Netherlands,60,"[120.0, 80.0]","[6.2, 40.6]",1,0 days 00:29:31.956000,0 days 00:30:38.675000
49,3941021,Netherlands,3,"[120.0, 80.0]","[8.1, 45.2]",1,0 days 00:31:18.505000,0 days 00:31:19.942000
50,3941021,Romania,10,"[7.5, 41.7]","[36.8, 5.7]",1,0 days 00:31:34.798000,0 days 00:33:32.023000
51,3941021,Romania,10,"[35.8, 5.9]","[64.0, 3.8]",1,0 days 00:33:32.753000,0 days 00:33:47.332000
52,3941021,Romania,15,"[51.6, 80.0]","[80.3, 27.3]",1,0 days 00:33:49.094000,0 days 00:34:09.247000
53,3941021,Netherlands,26,"[37.7, 55.1]","[101.0, 74.2]",1,0 days 00:34:10.838000,0 days 00:34:33.318000
54,3941021,Netherlands,29,"[101.0, 80.0]","[14.4, 11.3]",1,0 days 00:34:38.233000,0 days 00:35:10.348000
55,3941021,Romania,3,"[7.0, 40.0]","[55.5, 53.0]",1,0 days 00:35:40.252000,0 days 00:35:43.562000
56,3941021,Romania,2,"[7.0, 40.0]","[66.6, 14.1]",1,0 days 00:36:07.310000,0 days 00:36:12.226000
57,3941021,Netherlands,86,"[46.0, 70.5]","[14.4, 38.5]",1,0 days 00:36:12.226000,0 days 00:37:48.409000
58,3941021,Netherlands,53,"[81.3, 0.1]","[3.5, 51.3]",1,0 days 00:37:51.647000,0 days 00:38:43.360000
59,3941021,Netherlands,94,"[120.0, 0.1]","[4.3, 27.8]",1,0 days 00:39:20.316000,0 days 00:40:48.563000
60,3941021,Netherlands,8,"[106.2, 80.0]","[2.8, 11.3]",1,0 days 00:41:14.605000,0 days 00:41:20.735000
61,3941021,Netherlands,2,"[119.2, 79.2]","[4.2, 40.5]",1,0 days 00:42:02.239000,0 days 00:42:03.720000
62,3941021,Romania,15,"[7.0, 40.0]","[91.4, 75.4]",1,0 days 00:42:12.754000,0 days 00:42:28.256000
63,3941021,Romania,5,"[34.7, 0.1]","[27.4, 40.0]",1,0 days 00:42:43.579000,0 days 00:42:46.439000
64,3941021,Netherlands,46,"[75.8, 62.2]","[2.4, 40.7]",1,0 days 00:42:48.105000,0 days 00:43:25.801000
65,3941021,Romania,3,"[7.0, 41.0]","[63.4, 21.3]",1,0 days 00:43:59.701000,0 days 00:44:03.499000
66,3941021,Netherlands,5,"[42.6, 80.0]","[68.7, 50.4]",1,0 days 00:44:22.426000,0 days 00:44:28.112000
67,3941021,Romania,26,"[18.9, 34.8]","[48.4, 78.0]",1,0 days 00:44:28.112000,0 days 00:44:46.050000
68,3941021,Netherlands,21,"[55.9, 0.1]","[49.0, 3.8]",1,0 days 00:44:51.121000,0 days 00:45:09.300000
69,3941021,Netherlands,7,"[48.4, 5.9]","[92.0, 52.3]",1,0 days 00:45:25.080000,0 days 00:45:38.091000
70,3941021,Romania,19,"[26.4, 28.2]","[2.3, 39.9]",1,0 days 00:45:38.091000,0 days 00:46:07.417000
71,3941021,Netherlands,7,"[17.4, 45.1]","[95.9, 49.3]",1,0 days 00:46:29.417000,0 days 00:46:39.967000
72,3941021,Romania,9,"[14.6, 22.0]","[78.8, 43.2]",1,0 days 00:46:39.967000,0 days 00:46:51.425000
73,3941021,Netherlands,26,"[34.9, 41.6]","[85.8, 26.9]",1,0 days 00:46:52.603000,0 days 00:47:28.338000
74,3941021,Romania,21,"[36.0, 53.0]","[9.0, 42.9]",1,0 days 00:47:28.338000,0 days 00:47:49.392000
75,3941021,Romania,12,"[120.0, 0.1]","[113.8, 77.2]",1,0 days 00:48:19.538000,0 days 00:48:31.781000
76,3941021,Romania,25,"[60.0, 40.0]","[1.7, 23.5]",2,0 days 00:00:00.689000,0 days 00:00:23.882000
77,3941021,Romania,5,"[113.6, 80.0]","[90.4, 67.2]",2,0 days 00:00:31.317000,0 days 00:00:35.139000
78,3941021,Netherlands,11,"[6.0, 45.0]","[36.0, 75.7]",2,0 days 00:00:37.349000,0 days 00:00:54.723000
79,3941021,Romania,14,"[72.1, 0.1]","[90.3, 20.8]",2,0 days 00:01:00.096000,0 days 00:01:12.289000
80,3941021,Netherlands,16,"[27.5, 59.9]","[88.5, 17.2]",2,0 days 00:01:12.289000,0 days 00:01:21.847000
81,3941021,Netherlands,14,"[6.8, 34.0]","[90.0, 18.2]",2,0 days 00:01:38.077000,0 days 00:01:50.635000
82,3941021,Romania,2,"[89.5, 18.4]","[7.5, 38.5]",2,0 days 00:02:39.008000,0 days 00:02:40.452000
83,3941021,Romania,8,"[77.2, 80.0]","[92.4, 76.9]",2,0 days 00:02:49.523000,0 days 00:03:02.487000
84,3941021,Netherlands,9,"[22.1, 0.1]","[45.0, 22.9]",2,0 days 00:03:24.460000,0 days 00:03:31.042000
85,3941021,Netherlands,53,"[49.2, 12.9]","[0.9, 39.2]",2,0 days 00:03:43.030000,0 days 00:04:45.102000
86,3941021,Romania,14,"[5.9, 35.5]","[77.2, 17.5]",2,0 days 00:05:24.330000,0 days 00:05:32.361000
87,3941021,Romania,20,"[77.1, 18.4]","[79.2, 66.7]",2,0 days 00:06:16.911000,0 days 00:06:37.911000
88,3941021,Netherlands,18,"[44.0, 12.5]","[70.1, 76.3]",2,0 days 00:06:37.911000,0 days 00:06:42.917000
89,3941021,Netherlands,88,"[41.1, 0.1]","[9.8, 33.4]",2,0 days 00:06:53.177000,0 days 00:08:39.271000
90,3941021,Netherlands,39,"[43.4, 80.0]","[117.4, 49.4]",2,0 days 00:09:01.272000,0 days 00:09:49.210000
91,3941021,Romania,25,"[5.7, 31.6]","[84.9, 72.4]",2,0 days 00:10:21.602000,0 days 00:10:47.039000
92,3941021,Netherlands,9,"[46.4, 7.1]","[91.7, 7.5]",2,0 days 00:10:47.039000,0 days 00:10:58.526000
93,3941021,Romania,11,"[19.1, 80.0]","[42.7, 56.6]",2,0 days 00:11:07.329000,0 days 00:11:18.517000
94,3941021,Netherlands,10,"[78.9, 23.5]","[4.0, 40.4]",2,0 days 00:11:18.517000,0 days 00:11:23.967000
95,3941021,Romania,13,"[5.7, 34.0]","[25.3, 35.8]",2,0 days 00:11:31.671000,0 days 00:11:52.952000
96,3941021,Netherlands,12,"[28.3, 35.5]","[9.8, 30.6]",2,0 days 00:11:54.166000,0 days 00:12:06.320000
97,3941021,Netherlands,4,"[120.0, 80.0]","[1.3, 39.4]",2,0 days 00:12:45.455000,0 days 00:12:48.207000
98,3941021,Romania,12,"[5.3, 33.7]","[51.2, 7.6]",2,0 days 00:13:15.413000,0 days 00:13:28.050000
99,3941021,Netherlands,20,"[65.2, 72.2]","[112.5, 27.9]",2,0 days 00:13:28.050000,0 days 00:13:42.902000
100,3941021,Romania,1,"[1.9, 43.0]","[1.9, 43.0]",2,0 days 00:13:43.454000,0 days 00:13:43.454000
101,3941021,Romania,20,"[4.4, 35.7]","[2.2, 37.9]",2,0 days 00:13:47.803000,0 days 00:14:09.092000
102,3941021,Romania,15,"[85.9, 80.0]","[16.4, 16.4]",2,0 days 00:14:18.494000,0 days 00:14:28.183000
103,3941021,Romania,8,"[120.0, 80.0]","[6.9, 35.5]",2,0 days 00:14:46.281000,0 days 00:14:51.582000
104,3941021,Romania,2,"[120.0, 80.0]","[9.3, 37.2]",2,0 days 00:15:14.223000,0 days 00:15:15.696000
105,3941021,Romania,16,"[60.9, 80.0]","[9.9, 71.5]",2,0 days 00:15:29.898000,0 days 00:15:46.024000
106,3941021,Romania,31,"[93.5, 0.1]","[33.6, 6.2]",2,0 days 00:16:06.897000,0 days 00:16:33.682000
107,3941021,Netherlands,9,"[24.1, 16.1]","[5.1, 38.7]",2,0 days 00:16:34.958000,0 days 00:16:46.272000
108,3941021,Netherlands,9,"[120.0, 0.1]","[113.8, 40.2]",2,0 days 00:17:22.253000,0 days 00:17:30.437000
109,3941021,Romania,11,"[6.2, 40.4]","[87.6, 9.8]",2,0 days 00:19:00.887000,0 days 00:19:15.310000
110,3941021,Netherlands,103,"[6.9, 47.1]","[98.6, 26.3]",2,0 days 00:19:37.872000,0 days 00:21:16.709000
111,3941021,Romania,13,"[21.5, 53.8]","[49.1, 65.2]",2,0 days 00:21:16.709000,0 days 00:21:26.412000
112,3941021,Netherlands,21,"[85.2, 6.6]","[92.0, 34.6]",2,0 days 00:21:27.762000,0 days 00:21:43.919000
113,3941021,Netherlands,2,"[94.3, 33.1]","[1.3, 39.4]",2,0 days 00:22:42.212000,0 days 00:22:43.134000
114,3941021,Romania,3,"[5.4, 34.9]","[65.3, 4.5]",2,0 days 00:23:38.007000,0 days 00:23:41.444000
115,3941021,Netherlands,15,"[54.8, 75.6]","[56.6, 3.9]",2,0 days 00:23:41.444000,0 days 00:23:51.443000
116,3941021,Netherlands,17,"[76.3, 80.0]","[93.0, 49.4]",2,0 days 00:23:56.611000,0 days 00:24:18.272000
117,3941021,Romania,6,"[30.7, 22.8]","[44.4, 5.6]",2,0 days 00:24:18.272000,0 days 00:24:38.288000
118,3941021,Romania,29,"[42.3, 80.0]","[62.9, 34.0]",2,0 days 00:24:53.130000,0 days 00:25:41.498000
119,3941021,Romania,16,"[55.8, 26.4]","[89.8, 37.2]",2,0 days 00:26:38.992000,0 days 00:26:54.191000
120,3941021,Netherlands,42,"[9.5, 46.7]","[1.5, 44.2]",2,0 days 00:26:54.191000,0 days 00:27:30.866000
121,3941021,Romania,14,"[5.4, 44.4]","[23.0, 64.6]",2,0 days 00:27:56.508000,0 days 00:28:14.446000
122,3941021,Netherlands,8,"[92.6, 0.1]","[81.4, 13.8]",2,0 days 00:28:37.414000,0 days 00:28:47.522000
123,3941021,Romania,20,"[39.3, 57.7]","[74.3, 18.7]",2,0 days 00:28:56.957000,0 days 00:29:19.247000
124,3941021,Netherlands,18,"[45.8, 61.4]","[78.4, 78.0]",2,0 days 00:29:19.247000,0 days 00:29:32.508000
125,3941021,Netherlands,49,"[74.4, 79.0]","[2.2, 48.5]",2,0 days 00:29:44.976000,0 days 00:30:34.234000
126,3941021,Romania,16,"[9.3, 51.5]","[85.2, 1.5]",2,0 days 00:31:10.318000,0 days 00:32:03.414000
127,3941021,Netherlands,20,"[44.3, 80.0]","[22.1, 1.7]",2,0 days 00:32:13.160000,0 days 00:32:27.071000
128,3941021,Netherlands,9,"[100.5, 80.0]","[98.8, 61.9]",2,0 days 00:32:29.580000,0 days 00:32:33.324000
129,3941021,Romania,11,"[21.3, 18.2]","[67.0, 2.6]",2,0 days 00:32:33.324000,0 days 00:32:41.821000
130,3941021,Netherlands,33,"[53.4, 72.2]","[106.0, 35.1]",2,0 days 00:32:41.821000,0 days 00:33:10.642000
131,3941021,Romania,32,"[5.7, 32.5]","[10.4, 75.1]",2,0 days 00:33:22.668000,0 days 00:34:03.707000
132,3941021,Romania,26,"[92.6, 0.1]","[99.5, 6.5]",2,0 days 00:34:09.867000,0 days 00:34:36.817000
133,3941021,Netherlands,13,"[14.8, 49.8]","[2.9, 37.0]",2,0 days 00:34:37.774000,0 days 00:34:49.677000
134,3941021,Netherlands,10,"[120.0, 0.1]","[70.1, 57.8]",2,0 days 00:35:32.422000,0 days 00:35:47.724000
135,3941021,Netherlands,23,"[70.1, 57.8]","[29.0, 72.1]",2,0 days 00:36:22.372000,0 days 00:36:51.184000
136,3941021,Netherlands,16,"[93.0, 0.1]","[0.7, 44.9]",2,0 days 00:37:13.788000,0 days 00:37:23.657000
137,3941021,Romania,30,"[60.0, 40.0]","[2.8, 49.4]",2,0 days 00:38:39.334000,0 days 00:39:13.888000
138,3941021,Netherlands,7,"[97.2, 62.8]","[1.9, 43.4]",2,0 days 00:39:16.392000,0 days 00:39:23.974000
139,3941021,Romania,5,"[5.9, 32.5]","[51.9, 0.5]",2,0 days 00:39:41.371000,0 days 00:39:53.394000
140,3941021,Netherlands,37,"[67.1, 80.0]","[64.1, 10.7]",2,0 days 00:40:00.448000,0 days 00:40:25.486000
141,3941021,Netherlands,24,"[63.7, 14.2]","[105.7, 64.6]",2,0 days 00:40:31.175000,0 days 00:41:09.824000
142,3941021,Romania,12,"[14.4, 16.9]","[48.2, 1.7]",2,0 days 00:41:09.824000,0 days 00:41:19.731000
143,3941021,Netherlands,38,"[71.9, 78.4]","[88.4, 38.7]",2,0 days 00:41:19.731000,0 days 00:41:50.236000
144,3941021,Romania,16,"[12.5, 38.6]","[33.9, 56.9]",2,0 days 00:41:52.865000,0 days 00:42:14.825000
145,3941021,Netherlands,3,"[45.9, 80.0]","[68.9, 71.0]",2,0 days 00:42:55.194000,0 days 00:42:56.860000
146,3941021,Romania,21,"[51.2, 9.1]","[104.6, 17.9]",2,0 days 00:42:56.860000,0 days 00:43:20.249000
147,3941021,Netherlands,10,"[7.0, 43.6]","[113.0, 33.7]",2,0 days 00:43:41.564000,0 days 00:43:58.323000
148,3941021,Romania,8,"[4.2, 39.0]","[62.5, 59.2]",2,0 days 00:43:58.323000,0 days 00:44:07.046000
149,3941021,Romania,16,"[66.2, 63.2]","[19.6, 27.3]",2,0 days 00:44:21.066000,0 days 00:44:36.801000
151,3941021,Romania,8,"[56.0, 20.8]","[63.5, 69.0]",2,0 days 00:45:02.386000,0 days 00:45:12.538000
152,3941021,Netherlands,4,"[12.8, 45.0]","[81.3, 43.5]",2,0 days 00:45:15.433000,0 days 00:45:36.795000
153,3941021,Romania,18,"[38.8, 36.6]","[58.1, 57.2]",2,0 days 00:45:36.795000,0 days 00:45:53.841000
154,3941021,Romania,4,"[63.5, 50.0]","[17.5, 59.9]",2,0 days 00:46:27.656000,0 days 00:46:30.754000
155,3941021,Romania,9,"[120.0, 0.1]","[93.9, 48.8]",2,0 days 00:47:20.538000,0 days 00:47:31.389000
156,3941021,Netherlands,9,"[35.2, 26.6]","[5.3, 42.0]",2,0 days 00:47:33.258000,0 days 00:47:42.762000
157,3941021,Romania,2,"[60.0, 40.0]","[60.0, 40.0]",2,0 days 00:49:14.393000,0 days 00:49:15.489000
2,3941020,Portugal,11,"[61.0, 40.1]","[11.6, 5.3]",1,0 days 00:00:00.547000,0 days 00:00:10.214000
3,3941020,Portugal,8,"[107.3, 80.0]","[114.2, 78.6]",1,0 days 00:00:15.514000,0 days 00:00:18.723000
4,3941020,Slovenia,4,"[8.1, 5.7]","[54.1, 60.9]",1,0 days 00:00:39.335000,0 days 00:00:42.847000
5,3941020,Slovenia,22,"[72.6, 0.1]","[103.7, 2.8]",1,0 days 00:01:00.489000,0 days 00:01:19.440000
6,3941020,Portugal,5,"[18.8, 59.2]","[9.3, 75.1]",1,0 days 00:01:21.023000,0 days 00:01:23.941000
7,3941020,Portugal,60,"[18.0, 69.5]","[87.3, 76.4]",1,0 days 00:01:39.914000,0 days 00:02:33.491000
8,3941020,Slovenia,18,"[31.5, 0.1]","[57.8, 26.0]",1,0 days 00:02:45.983000,0 days 00:03:10.171000
9,3941020,Portugal,15,"[70.6, 53.8]","[5.3, 41.2]",1,0 days 00:03:10.171000,0 days 00:03:19.440000
10,3941020,Portugal,7,"[120.0, 0.1]","[1.0, 37.2]",1,0 days 00:04:04.162000,0 days 00:04:08.094000
11,3941020,Slovenia,37,"[6.5, 38.7]","[105.9, 67.5]",1,0 days 00:04:36.933000,0 days 00:05:04.792000
12,3941020,Portugal,18,"[22.5, 23.0]","[81.0, 8.2]",1,0 days 00:05:25.871000,0 days 00:05:44.095000
13,3941020,Portugal,1,"[83.3, 11.5]","[83.3, 11.5]",1,0 days 00:06:27.348000,0 days 00:06:27.348000
14,3941020,Slovenia,12,"[5.1, 39.7]","[83.3, 77.5]",1,0 days 00:06:41.360000,0 days 00:06:51.469000
15,3941020,Slovenia,22,"[36.8, 0.1]","[34.2, 72.1]",1,0 days 00:07:01.880000,0 days 00:07:23.365000
16,3941020,Portugal,67,"[86.7, 8.0]","[87.9, 15.7]",1,0 days 00:07:23.365000,0 days 00:08:20.313000
17,3941020,Slovenia,16,"[27.5, 61.1]","[56.6, 67.9]",1,0 days 00:08:21.622000,0 days 00:08:26.510000
18,3941020,Portugal,53,"[55.1, 13.1]","[91.0, 23.0]",1,0 days 00:08:27.423000,0 days 00:09:15.461000
19,3941020,Slovenia,12,"[29.1, 57.1]","[11.6, 64.4]",1,0 days 00:09:15.461000,0 days 00:09:21.253000
20,3941020,Portugal,56,"[120.0, 0.1]","[63.0, 7.5]",1,0 days 00:09:57.461000,0 days 00:10:48.168000
21,3941020,Portugal,101,"[63.4, 7.5]","[98.9, 69.1]",1,0 days 00:11:05.947000,0 days 00:12:41.943000
22,3941020,Slovenia,12,"[6.0, 42.1]","[72.9, 31.6]",1,0 days 00:13:17.026000,0 days 00:13:28.785000
23,3941020,Portugal,9,"[72.0, 32.5]","[10.4, 64.4]",1,0 days 00:13:29.059000,0 days 00:13:40.398000
24,3941020,Slovenia,5,"[10.3, 67.0]","[88.4, 3.5]",1,0 days 00:13:41.209000,0 days 00:13:45.880000
25,3941020,Slovenia,20,"[32.2, 80.0]","[10.3, 55.4]",1,0 days 00:14:03.492000,0 days 00:14:17.212000
26,3941020,Slovenia,7,"[104.5, 0.1]","[70.3, 26.9]",1,0 days 00:14:41.108000,0 days 00:14:49.339000
27,3941020,Portugal,99,"[49.8, 53.2]","[84.9, 69.5]",1,0 days 00:14:49.339000,0 days 00:16:35.506000
28,3941020,Slovenia,11,"[24.9, 23.8]","[83.6, 23.6]",1,0 days 00:16:37.334000,0 days 00:16:45.743000
29,3941020,Portugal,10,"[36.5, 56.5]","[36.5, 73.0]",1,0 days 00:16:45.743000,0 days 00:16:50.226000
30,3941020,Portugal,19,"[36.0, 63.0]","[61.6, 76.4]",1,0 days 00:17:27.913000,0 days 00:17:46.742000
31,3941020,Slovenia,49,"[65.5, 3.3]","[71.1, 19.6]",1,0 days 00:17:46.929000,0 days 00:19:33.049000
32,3941020,Portugal,4,"[53.3, 80.0]","[48.6, 65.2]",1,0 days 00:19:40.759000,0 days 00:19:42.809000
33,3941020,Slovenia,24,"[19.8, 40.6]","[96.6, 51.8]",1,0 days 00:19:47.616000,0 days 00:20:11.704000
34,3941020,Portugal,32,"[13.5, 29.8]","[115.9, 10.2]",1,0 days 00:20:11.704000,0 days 00:20:52.338000
35,3941020,Slovenia,56,"[6.0, 41.0]","[85.4, 43.8]",1,0 days 00:21:14.069000,0 days 00:22:07.598000
36,3941020,Portugal,4,"[34.1, 34.3]","[34.7, 34.3]",1,0 days 00:22:07.598000,0 days 00:22:08.047000
37,3941020,Portugal,52,"[41.3, 34.2]","[111.6, 5.5]",1,0 days 00:23:09.585000,0 days 00:24:10.255000
38,3941020,Slovenia,5,"[8.5, 74.6]","[96.3, 13.3]",1,0 days 00:24:10.255000,0 days 00:24:13.425000
39,3941020,Slovenia,20,"[23.0, 67.2]","[61.3, 72.8]",1,0 days 00:24:40.122000,0 days 00:25:01.564000
40,3941020,Slovenia,15,"[61.3, 73.0]","[93.1, 45.2]",1,0 days 00:25:42.200000,0 days 00:25:51.057000
41,3941020,Portugal,12,"[27.0, 34.9]","[22.0, 10.3]",1,0 days 00:25:51.057000,0 days 00:26:03.401000
42,3941020,Portugal,30,"[89.0, 80.0]","[7.3, 41.0]",1,0 days 00:26:09.731000,0 days 00:26:27.525000
43,3941020,Portugal,3,"[115.5, 0.1]","[84.8, 37.5]",1,0 days 00:27:00.883000,0 days 00:27:05.233000
44,3941020,Slovenia,33,"[37.5, 42.6]","[45.3, 5.1]",1,0 days 00:27:05.283000,0 days 00:27:27.631000
45,3941020,Slovenia,4,"[74.8, 80.0]","[83.8, 5.7]",1,0 days 00:27:39.169000,0 days 00:27:47.018000
46,3941020,Portugal,15,"[34.5, 75.0]","[16.1, 23.6]",1,0 days 00:27:47.018000,0 days 00:28:01.872000
47,3941020,Portugal,6,"[120.0, 80.0]","[111.1, 22.6]",1,0 days 00:28:35.565000,0 days 00:28:45.965000
48,3941020,Slovenia,34,"[9.0, 56.9]","[85.6, 12.3]",1,0 days 00:29:15.591000,0 days 00:29:52.895000
49,3941020,Portugal,33,"[34.5, 67.8]","[14.3, 27.9]",1,0 days 00:29:52.895000,0 days 00:30:20.121000
50,3941020,Portugal,16,"[106.0, 80.0]","[1.6, 37.8]",1,0 days 00:30:27.523000,0 days 00:30:43.920000
51,3941020,Slovenia,8,"[7.9, 35.3]","[8.2, 56.5]",1,0 days 00:30:47.405000,0 days 00:30:56.691000
52,3941020,Slovenia,5,"[72.6, 0.1]","[85.0, 22.2]",1,0 days 00:31:27.911000,0 days 00:31:30.752000
53,3941020,Portugal,7,"[35.1, 57.9]","[98.9, 33.2]",1,0 days 00:31:30.752000,0 days 00:31:38.211000
54,3941020,Portugal,2,"[96.9, 35.6]","[1.4, 39.3]",1,0 days 00:33:32.659000,0 days 00:33:33.415000
55,3941020,Slovenia,6,"[6.0, 39.0]","[64.8, 8.5]",1,0 days 00:34:03.604000,0 days 00:34:11.108000
56,3941020,Portugal,8,"[54.9, 76.9]","[64.3, 71.5]",1,0 days 00:34:11.108000,0 days 00:34:13.996000
57,3941020,Slovenia,11,"[55.8, 8.6]","[49.6, 51.9]",1,0 days 00:34:13.996000,0 days 00:34:18.514000
58,3941020,Portugal,12,"[51.0, 30.5]","[7.3, 53.4]",1,0 days 00:34:20.337000,0 days 00:34:28.270000
59,3941020,Portugal,7,"[120.0, 0.1]","[107.1, 13.3]",1,0 days 00:35:13.917000,0 days 00:35:17.897000
60,3941020,Slovenia,4,"[6.0, 37.0]","[57.0, 74.4]",1,0 days 00:35:51.519000,0 days 00:35:53.089000
61,3941020,Slovenia,7,"[48.1, 0.1]","[75.8, 9.9]",1,0 days 00:36:09.396000,0 days 00:36:15.042000
62,3941020,Portugal,27,"[35.4, 77.1]","[15.9, 70.1]",1,0 days 00:36:15.042000,0 days 00:36:39.281000
63,3941020,Portugal,2,"[105.0, 10.5]","[1.1, 40.7]",1,0 days 00:38:00.284000,0 days 00:38:01.389000
64,3941020,Slovenia,14,"[5.9, 39.9]","[12.9, 32.5]",1,0 days 00:38:16.890000,0 days 00:38:32.084000
65,3941020,Slovenia,6,"[120.0, 80.0]","[116.5, 62.6]",1,0 days 00:39:18.830000,0 days 00:39:22.161000
66,3941020,Portugal,5,"[37.4, 80.0]","[100.3, 53.6]",1,0 days 00:39:49.480000,0 days 00:39:56.050000
67,3941020,Slovenia,6,"[21.0, 26.5]","[51.1, 4.1]",1,0 days 00:40:16.211000,0 days 00:40:24.127000
68,3941020,Portugal,13,"[65.1, 80.0]","[15.6, 2.4]",1,0 days 00:40:29.975000,0 days 00:40:44.464000
69,3941020,Portugal,33,"[104.2, 80.0]","[32.4, 11.6]",1,0 days 00:40:49.699000,0 days 00:41:17.040000
70,3941020,Portugal,8,"[75.9, 80.0]","[78.0, 77.9]",1,0 days 00:41:46.080000,0 days 00:41:48.662000
71,3941020,Slovenia,14,"[41.0, 0.1]","[73.0, 31.8]",1,0 days 00:42:09.071000,0 days 00:42:19.238000
72,3941020,Portugal,9,"[47.1, 48.3]","[85.7, 23.0]",1,0 days 00:42:19.238000,0 days 00:42:24.653000
73,3941020,Slovenia,7,"[34.4, 57.1]","[63.5, 15.9]",1,0 days 00:42:24.653000,0 days 00:42:32.142000
74,3941020,Slovenia,12,"[63.5, 80.0]","[99.2, 54.6]",1,0 days 00:42:35.322000,0 days 00:42:42.919000
75,3941020,Portugal,38,"[20.9, 25.5]","[70.7, 76.4]",1,0 days 00:42:42.919000,0 days 00:43:19.968000
76,3941020,Slovenia,16,"[24.7, 9.9]","[89.8, 31.3]",1,0 days 00:43:22.376000,0 days 00:43:36.508000
77,3941020,Portugal,1,"[4.2, 41.1]","[4.2, 41.1]",1,0 days 00:43:37.301000,0 days 00:43:37.301000
78,3941020,Portugal,6,"[59.0, 54.6]","[76.9, 25.9]",1,0 days 00:43:40.101000,0 days 00:43:49.815000
79,3941020,Slovenia,12,"[21.0, 54.8]","[6.7, 42.9]",1,0 days 00:43:51.203000,0 days 00:44:04.742000
80,3941020,Slovenia,5,"[120.0, 0.1]","[1.0, 42.0]",1,0 days 00:44:56.278000,0 days 00:44:58.342000
81,3941020,Portugal,34,"[7.0, 41.7]","[93.1, 2.9]",1,0 days 00:45:18.048000,0 days 00:46:08.845000
82,3941020,Slovenia,5,"[27.0, 77.2]","[24.1, 76.6]",1,0 days 00:46:08.845000,0 days 00:46:09.779000
83,3941020,Slovenia,11,"[25.0, 73.0]","[73.5, 63.3]",1,0 days 00:46:39.743000,0 days 00:46:48.970000
84,3941020,Portugal,20,"[39.3, 16.0]","[0.7, 39.4]",1,0 days 00:46:48.970000,0 days 00:47:07.208000
85,3941020,Slovenia,7,"[61.0, 40.1]","[35.6, 11.8]",2,0 days 00:00:00.298000,0 days 00:00:07.008000
86,3941020,Slovenia,20,"[59.8, 80.0]","[52.9, 9.7]",2,0 days 00:00:21.162000,0 days 00:00:41.718000
87,3941020,Portugal,5,"[56.6, 48.5]","[56.8, 52.6]",2,0 days 00:00:43.239000,0 days 00:00:46.861000
88,3941020,Portugal,45,"[63.4, 55.5]","[1.5, 39.7]",2,0 days 00:01:00.380000,0 days 00:01:43.463000
89,3941020,Slovenia,10,"[7.0, 47.2]","[3.4, 30.1]",2,0 days 00:02:13.974000,0 days 00:02:25.425000
90,3941020,Slovenia,6,"[120.0, 80.0]","[111.7, 25.4]",2,0 days 00:02:58.554000,0 days 00:03:03.491000
91,3941020,Portugal,15,"[1.1, 41.4]","[60.7, 1.2]",2,0 days 00:03:04.691000,0 days 00:03:30.770000
92,3941020,Slovenia,8,"[76.0, 80.0]","[93.0, 69.1]",2,0 days 00:03:44.629000,0 days 00:03:50.064000
93,3941020,Portugal,5,"[25.4, 6.4]","[24.4, 1.2]",2,0 days 00:03:50.064000,0 days 00:03:51.181000
94,3941020,Portugal,50,"[27.3, 4.5]","[104.9, 53.4]",2,0 days 00:04:23.744000,0 days 00:05:18.228000
95,3941020,Portugal,58,"[16.0, 32.8]","[13.9, 27.0]",2,0 days 00:05:43.350000,0 days 00:06:39.896000
96,3941020,Portugal,24,"[64.3, 80.0]","[99.6, 41.2]",2,0 days 00:07:08.394000,0 days 00:07:33.962000
97,3941020,Slovenia,12,"[23.2, 37.8]","[80.0, 44.6]",2,0 days 00:07:33.962000,0 days 00:07:43.524000
98,3941020,Portugal,42,"[14.8, 29.6]","[99.6, 47.7]",2,0 days 00:07:43.524000,0 days 00:08:32.984000
99,3941020,Portugal,18,"[95.8, 44.3]","[73.0, 61.5]",2,0 days 00:09:47.846000,0 days 00:10:07.377000
100,3941020,Slovenia,6,"[50.5, 0.1]","[79.0, 60.1]",2,0 days 00:10:24.673000,0 days 00:10:37.145000
101,3941020,Portugal,63,"[30.0, 13.6]","[43.4, 79.7]",2,0 days 00:10:37.145000,0 days 00:11:21.431000
102,3941020,Portugal,28,"[71.1, 0.1]","[1.7, 20.7]",2,0 days 00:11:32.935000,0 days 00:12:03.130000
103,3941020,Portugal,31,"[120.0, 80.0]","[1.2, 40.2]",2,0 days 00:12:41.640000,0 days 00:13:04.748000
104,3941020,Slovenia,7,"[3.7, 32.4]","[106.0, 5.2]",2,0 days 00:13:05.700000,0 days 00:13:19.934000
105,3941020,Slovenia,7,"[113.8, 0.1]","[1.1, 40.3]",2,0 days 00:13:52.309000,0 days 00:13:56.501000
106,3941020,Portugal,1,"[6.0, 44.1]","[6.0, 44.1]",2,0 days 00:14:08.678000,0 days 00:14:08.678000
107,3941020,Slovenia,20,"[16.4, 25.4]","[55.3, 7.3]",2,0 days 00:14:16.120000,0 days 00:14:41.303000
108,3941020,Portugal,5,"[66.1, 67.9]","[50.0, 3.1]",2,0 days 00:14:41.303000,0 days 00:14:42.819000
109,3941020,Portugal,67,"[65.9, 80.0]","[13.2, 35.2]",2,0 days 00:14:51.043000,0 days 00:15:47.651000
110,3941020,Slovenia,14,"[21.6, 30.4]","[6.7, 43.9]",2,0 days 00:15:49.257000,0 days 00:16:01.472000
111,3941020,Portugal,97,"[6.0, 31.7]","[40.1, 1.8]",2,0 days 00:16:08.344000,0 days 00:17:40.873000
112,3941020,Portugal,89,"[75.2, 80.0]","[2.5, 67.3]",2,0 days 00:17:46.818000,0 days 00:19:15.680000
113,3941020,Slovenia,3,"[7.0, 44.3]","[81.2, 60.2]",2,0 days 00:19:57.994000,0 days 00:20:02.606000
114,3941020,Portugal,48,"[31.7, 20.7]","[93.7, 20.7]",2,0 days 00:20:03.544000,0 days 00:20:47.347000
115,3941020,Slovenia,9,"[12.0, 56.3]","[68.9, 1.8]",2,0 days 00:20:49.076000,0 days 00:20:56.974000
116,3941020,Slovenia,21,"[53.5, 80.0]","[55.6, 48.2]",2,0 days 00:21:13.642000,0 days 00:21:31.585000
117,3941020,Portugal,10,"[64.5, 31.9]","[19.7, 14.5]",2,0 days 00:21:31.585000,0 days 00:21:40.064000
118,3941020,Slovenia,5,"[34.2, 4.8]","[91.2, 76.6]",2,0 days 00:21:43.062000,0 days 00:21:46.059000
119,3941020,Slovenia,14,"[36.1, 0.1]","[99.5, 55.2]",2,0 days 00:22:09.315000,0 days 00:22:27.192000
120,3941020,Portugal,56,"[24.2, 20.1]","[77.5, 64.0]",2,0 days 00:22:41.232000,0 days 00:23:52.906000
121,3941020,Slovenia,36,"[42.6, 16.1]","[100.1, 39.5]",2,0 days 00:23:52.906000,0 days 00:24:28.896000
122,3941020,Portugal,12,"[16.4, 48.9]","[29.4, 4.0]",2,0 days 00:24:28.896000,0 days 00:24:41.902000
123,3941020,Portugal,27,"[96.8, 80.0]","[90.7, 30.2]",2,0 days 00:24:47.640000,0 days 00:25:09.851000
124,3941020,Portugal,2,"[88.9, 37.9]","[1.5, 39.5]",2,0 days 00:26:10.495000,0 days 00:26:11.219000
125,3941020,Slovenia,19,"[7.0, 32.9]","[40.9, 51.0]",2,0 days 00:26:32.684000,0 days 00:26:43.939000
126,3941020,Portugal,11,"[53.2, 9.0]","[116.8, 9.8]",2,0 days 00:26:47.228000,0 days 00:27:07.168000
127,3941020,Slovenia,7,"[5.0, 41.9]","[81.9, 22.5]",2,0 days 00:27:08.504000,0 days 00:27:36.022000
128,3941020,Portugal,16,"[28.0, 48.0]","[107.5, 67.1]",2,0 days 00:27:36.022000,0 days 00:28:06.771000
129,3941020,Slovenia,44,"[7.0, 45.5]","[87.9, 58.1]",2,0 days 00:29:15.006000,0 days 00:29:46.583000
130,3941020,Portugal,7,"[32.2, 22.0]","[64.7, 13.6]",2,0 days 00:29:46.583000,0 days 00:29:55.914000
131,3941020,Slovenia,10,"[48.9, 64.0]","[92.1, 55.0]",2,0 days 00:30:55.665000,0 days 00:31:03.809000
132,3941020,Portugal,40,"[24.2, 23.8]","[106.0, 58.9]",2,0 days 00:31:03.809000,0 days 00:31:48.858000
133,3941020,Slovenia,11,"[7.0, 45.8]","[22.9, 7.9]",2,0 days 00:32:22.066000,0 days 00:32:34.083000
134,3941020,Slovenia,8,"[101.6, 80.0]","[10.8, 2.1]",2,0 days 00:32:43.979000,0 days 00:32:47.657000
135,3941020,Portugal,51,"[10.8, 4.8]","[114.4, 57.9]",2,0 days 00:33:06.658000,0 days 00:34:18.299000
136,3941020,Slovenia,4,"[5.7, 22.2]","[104.0, 63.9]",2,0 days 00:34:18.299000,0 days 00:34:20.173000
137,3941020,Slovenia,4,"[33.2, 0.1]","[66.4, 72.4]",2,0 days 00:34:45.704000,0 days 00:34:47.242000
138,3941020,Portugal,43,"[69.1, 70.7]","[117.6, 52.8]",2,0 days 00:34:47.911000,0 days 00:35:34.593000
139,3941020,Slovenia,5,"[14.7, 20.1]","[70.0, 72.0]",2,0 days 00:35:37.236000,0 days 00:35:42.286000
140,3941020,Slovenia,5,"[47.5, 0.1]","[14.0, 51.2]",2,0 days 00:36:57.923000,0 days 00:37:06.271000
141,3941020,Portugal,98,"[63.9, 9.8]","[85.1, 57.6]",2,0 days 00:37:08.875000,0 days 00:38:53.523000
142,3941020,Slovenia,6,"[9.9, 27.9]","[79.8, 39.5]",2,0 days 00:38:53.523000,0 days 00:39:20.134000
143,3941020,Portugal,28,"[42.7, 44.4]","[18.7, 72.6]",2,0 days 00:39:43.076000,0 days 00:40:22.690000
144,3941020,Slovenia,4,"[7.0, 46.6]","[52.1, 3.9]",2,0 days 00:41:11.062000,0 days 00:41:14.636000
145,3941020,Slovenia,6,"[64.0, 80.0]","[83.5, 76.4]",2,0 days 00:41:25.188000,0 days 00:41:26.845000
146,3941020,Slovenia,5,"[84.6, 74.3]","[8.9, 44.9]",2,0 days 00:42:05.404000,0 days 00:42:12.167000
147,3941020,Portugal,26,"[21.8, 23.0]","[77.3, 9.0]",2,0 days 00:42:14.317000,0 days 00:42:45.288000
148,3941020,Slovenia,6,"[33.8, 72.8]","[45.9, 66.7]",2,0 days 00:42:45.288000,0 days 00:42:48.272000
149,3941020,Slovenia,6,"[38.0, 65.3]","[89.6, 24.5]",2,0 days 00:43:17.476000,0 days 00:43:24.056000
150,3941020,Portugal,33,"[9.2, 65.6]","[3.9, 44.2]",2,0 days 00:43:24.056000,0 days 00:43:53.765000
151,3941020,Slovenia,4,"[15.7, 34.4]","[78.5, 19.1]",2,0 days 00:44:20.300000,0 days 00:44:26.191000
152,3941020,Portugal,7,"[34.9, 64.0]","[73.2, 2.9]",2,0 days 00:44:26.191000,0 days 00:44:29.682000
153,3941020,Portugal,33,"[48.1, 80.0]","[90.0, 65.9]",2,0 days 00:44:36.009000,0 days 00:45:09.052000
154,3941020,Portugal,3,"[35.9, 13.2]","[9.2, 69.0]",2,0 days 00:45:36.004000,0 days 00:45:39.443000
155,3941020,Portugal,3,"[120.0, 0.1]","[4.4, 41.9]",2,0 days 00:46:46.808000,0 days 00:46:48.552000
156,3941020,Slovenia,21,"[9.0, 36.7]","[109.4, 49.7]",2,0 days 00:47:19.733000,0 days 00:47:44.402000
157,3941020,Portugal,32,"[10.7, 30.4]","[94.7, 21.6]",2,0 days 00:47:44.402000,0 days 00:48:14.657000
158,3941020,Slovenia,14,"[35.2, 64.4]","[99.9, 53.7]",2,0 days 00:48:15.917000,0 days 00:48:29.119000
159,3941020,Portugal,15,"[20.2, 26.4]","[2.1, 70.3]",2,0 days 00:48:29.119000,0 days 00:48:52.148000
160,3941020,Portugal,2,"[120.0, 0.1]","[6.9, 43.7]",2,0 days 00:49:22.752000,0 days 00:49:24.142000
161,3941020,Portugal,38,"[61.0, 40.1]","[84.4, 3.9]",3,0 days 00:00:00.670000,0 days 00:00:44.174000
162,3941020,Portugal,32,"[84.4, 3.9]","[21.7, 62.1]",3,0 days 00:00:56.364000,0 days 00:01:25.012000
163,3941020,Portugal,16,"[101.3, 0.1]","[92.6, 16.9]",3,0 days 00:01:29.292000,0 days 00:01:46.670000
164,3941020,Slovenia,50,"[6.0, 34.2]","[76.0, 28.5]",3,0 days 00:02:05.461000,0 days 00:02:55.435000
165,3941020,Portugal,19,"[8.8, 41.3]","[10.3, 32.6]",3,0 days 00:02:57.909000,0 days 00:03:29.604000
166,3941020,Slovenia,14,"[11.1, 18.1]","[35.9, 18.7]",3,0 days 00:03:31.327000,0 days 00:03:37.975000
167,3941020,Portugal,10,"[84.2, 61.4]","[115.6, 73.9]",3,0 days 00:03:37.975000,0 days 00:03:45.885000
168,3941020,Slovenia,17,"[6.0, 45.8]","[3.3, 41.4]",3,0 days 00:04:17.592000,0 days 00:04:29.945000
169,3941020,Slovenia,14,"[120.0, 80.0]","[2.5, 39.1]",3,0 days 00:05:08.181000,0 days 00:05:21.218000
170,3941020,Portugal,72,"[7.0, 37.4]","[84.4, 73.5]",3,0 days 00:05:29.290000,0 days 00:06:56.540000
171,3941020,Slovenia,3,"[29.1, 0.1]","[66.0, 77.7]",3,0 days 00:07:15.090000,0 days 00:07:16.813000
172,3941020,Portugal,21,"[66.5, 73.5]","[82.4, 9.3]",3,0 days 00:07:18.155000,0 days 00:07:38.494000
173,3941020,Slovenia,22,"[37.7, 70.8]","[59.2, 75.5]",3,0 days 00:07:38.494000,0 days 00:07:46.054000
174,3941020,Portugal,10,"[64.4, 0.1]","[35.3, 68.7]",3,0 days 00:07:54.560000,0 days 00:08:06.475000
175,3941020,Portugal,24,"[82.7, 0.1]","[9.7, 45.0]",3,0 days 00:08:17.188000,0 days 00:08:44.714000
176,3941020,Portugal,13,"[120.0, 0.1]","[112.9, 46.6]",3,0 days 00:09:19.396000,0 days 00:09:28.219000
177,3941020,Slovenia,1,"[1.0, 38.6]","[1.0, 38.6]",3,0 days 00:09:29.254000,0 days 00:09:29.254000
178,3941020,Slovenia,20,"[15.7, 48.9]","[43.9, 44.6]",3,0 days 00:09:48.428000,0 days 00:09:58.944000
179,3941020,Portugal,5,"[47.2, 45.0]","[55.2, 48.5]",3,0 days 00:09:59.605000,0 days 00:10:01.201000
180,3941020,Portugal,6,"[63.7, 45.9]","[117.3, 62.8]",3,0 days 00:10:24.410000,0 days 00:10:30.878000
181,3941020,Slovenia,1,"[5.6, 41.1]","[5.6, 41.1]",3,0 days 00:11:04.037000,0 days 00:11:04.037000
182,3941020,Portugal,21,"[73.4, 0.1]","[11.5, 6.2]",3,0 days 00:11:12.366000,0 days 00:11:38.976000
183,3941020,Portugal,11,"[108.6, 80.0]","[18.7, 6.2]",3,0 days 00:11:44.955000,0 days 00:11:54.300000
184,3941020,Slovenia,15,"[24.0, 0.1]","[56.6, 43.8]",3,0 days 00:12:17.946000,0 days 00:12:30.527000
185,3941020,Portugal,5,"[69.5, 30.4]","[105.0, 37.8]",3,0 days 00:12:31.251000,0 days 00:12:35.707000
186,3941020,Portugal,2,"[108.1, 40.1]","[1.0, 40.0]",3,0 days 00:14:50.595000,0 days 00:14:50.896000
187,3941020,Portugal,7,"[120.0, 80.0]","[8.0, 44.2]",3,0 days 00:15:27.144000,0 days 00:15:33.790000
188,3941020,Slovenia,5,"[61.0, 40.1]","[88.6, 68.7]",4,0 days 00:00:00.378000,0 days 00:00:11.082000
189,3941020,Portugal,8,"[15.8, 0.1]","[59.5, 1.6]",4,0 days 00:00:27.683000,0 days 00:00:32.079000
190,3941020,Portugal,43,"[57.3, 1.6]","[82.6, 78.2]",4,0 days 00:00:56.532000,0 days 00:01:52.208000
191,3941020,Portugal,4,"[89.1, 76.6]","[1.2, 40.6]",4,0 days 00:02:25.807000,0 days 00:02:28.209000
192,3941020,Portugal,8,"[120.0, 0.1]","[3.0, 44.7]",4,0 days 00:02:55.636000,0 days 00:02:59.367000
193,3941020,Slovenia,30,"[9.9, 45.7]","[94.3, 20.9]",4,0 days 00:03:43.185000,0 days 00:04:10.343000
194,3941020,Portugal,37,"[34.8, 61.7]","[38.1, 31.7]",4,0 days 00:04:18.389000,0 days 00:05:05.142000
195,3941020,Slovenia,15,"[89.6, 50.1]","[99.1, 29.4]",4,0 days 00:05:05.822000,0 days 00:05:15.375000
196,3941020,Slovenia,3,"[95.3, 28.0]","[0.9, 40.1]",4,0 days 00:06:49.830000,0 days 00:06:50.214000
197,3941020,Slovenia,6,"[100.3, 0.1]","[106.8, 3.8]",4,0 days 00:07:02.282000,0 days 00:07:06.937000
198,3941020,Portugal,5,"[3.5, 76.1]","[118.5, 6.0]",4,0 days 00:07:06.937000,0 days 00:07:08.476000
199,3941020,Portugal,14,"[6.0, 42.8]","[96.4, 1.2]",4,0 days 00:07:14.010000,0 days 00:07:33.574000
200,3941020,Slovenia,46,"[23.7, 78.9]","[102.0, 68.7]",4,0 days 00:07:33.574000,0 days 00:08:15.753000
201,3941020,Portugal,50,"[6.0, 35.4]","[45.9, 58.2]",4,0 days 00:08:25.465000,0 days 00:09:25.080000
202,3941020,Slovenia,7,"[78.0, 23.8]","[13.4, 42.7]",4,0 days 00:09:25.811000,0 days 00:09:31.508000
203,3941020,Portugal,27,"[6.0, 34.8]","[98.8, 50.4]",4,0 days 00:09:41.968000,0 days 00:10:11.039000
204,3941020,Slovenia,11,"[21.3, 29.7]","[85.2, 75.1]",4,0 days 00:10:11.039000,0 days 00:10:16.458000
205,3941020,Slovenia,7,"[41.6, 0.1]","[9.7, 37.1]",4,0 days 00:10:51.005000,0 days 00:10:57.391000
206,3941020,Portugal,32,"[53.4, 37.9]","[104.4, 1.6]",4,0 days 00:11:01.024000,0 days 00:11:27.156000
207,3941020,Slovenia,2,"[26.2, 80.0]","[60.6, 71.9]",4,0 days 00:12:08.417000,0 days 00:12:10.004000
208,3941020,Portugal,41,"[57.4, 13.9]","[29.9, 8.5]",4,0 days 00:12:10.004000,0 days 00:12:50.860000
209,3941020,Portugal,24,"[78.2, 80.0]","[99.6, 19.7]",4,0 days 00:13:01.820000,0 days 00:13:32.519000
210,3941020,Slovenia,4,"[13.6, 50.1]","[79.5, 57.4]",4,0 days 00:13:32.519000,0 days 00:13:54.191000
211,3941020,Portugal,16,"[40.6, 22.7]","[19.6, 45.3]",4,0 days 00:13:54.191000,0 days 00:14:16.300000
212,3941020,Portugal,18,"[120.0, 80.0]","[1.8, 40.4]",4,0 days 00:14:29.822000,0 days 00:14:44.183000
213,3941020,Slovenia,4,"[7.0, 45.7]","[42.1, 64.5]",4,0 days 00:15:09.631000,0 days 00:15:15.638000
214,3941020,Portugal,29,"[85.4, 0.1]","[1.9, 13.3]",4,0 days 00:15:20.367000,0 days 00:15:48.135000
215,3941020,Slovenia,2,"[108.1, 40.1]","[1.0, 40.0]",5,0 days 00:00:08.495000,0 days 00:00:08.898000
216,3941020,Portugal,2,"[108.1, 40.1]","[1.0, 40.0]",5,0 days 00:00:58.279000,0 days 00:00:58.789000
217,3941020,Slovenia,2,"[108.1, 40.1]","[1.0, 40.0]",5,0 days 00:01:40.229000,0 days 00:01:40.602000
218,3941020,Portugal,2,"[108.2, 40.1]","[1.0, 40.0]",5,0 days 00:02:34.158000,0 days 00:02:34.787000
219,3941020,Slovenia,2,"[108.1, 40.1]","[1.0, 40.0]",5,0 days 00:03:21.802000,0 days 00:03:22.256000
220,3941020,Portugal,2,"[108.1, 40.1]","[1.0, 40.0]",5,0 days 00:04:13.802000,0 days 00:04:14.245000
2,3941019,France,89,"[60.0, 40.0]","[3.0, 40.3]",1,0 days 00:00:00.356000,0 days 00:01:07.071000
3,3941019,Belgium,29,"[7.0, 46.6]","[80.6, 6.2]",1,0 days 00:01:29.842000,0 days 00:02:12.610000
4,3941019,France,21,"[42.2, 75.5]","[56.6, 11.5]",1,0 days 00:02:12.610000,0 days 00:02:31.654000
5,3941019,Belgium,20,"[63.5, 68.6]","[60.7, 29.4]",1,0 days 00:02:31.654000,0 days 00:02:51.169000
6,3941019,Belgium,35,"[45.9, 52.0]","[96.1, 1.6]",1,0 days 00:03:05.950000,0 days 00:03:46.670000
7,3941019,France,37,"[21.7, 80.0]","[2.6, 67.7]",1,0 days 00:04:02.206000,0 days 00:04:35.668000
8,3941019,France,15,"[92.1, 0.1]","[25.3, 70.3]",1,0 days 00:04:45.118000,0 days 00:05:01.693000
9,3941019,Belgium,74,"[70.8, 0.1]","[6.0, 14.3]",1,0 days 00:05:10.658000,0 days 00:06:25.566000
10,3941019,Belgium,29,"[7.0, 48.7]","[62.8, 70.0]",1,0 days 00:06:47.606000,0 days 00:07:07.546000
11,3941019,France,4,"[57.3, 6.3]","[63.9, 74.4]",1,0 days 00:07:07.982000,0 days 00:07:08.058000
12,3941019,France,146,"[49.7, 0.1]","[95.5, 36.4]",1,0 days 00:07:13.685000,0 days 00:09:12.585000
13,3941019,Belgium,1,"[2.9, 41.0]","[2.9, 41.0]",1,0 days 00:09:13.909000,0 days 00:09:13.909000
14,3941019,Belgium,52,"[12.2, 35.7]","[24.2, 77.6]",1,0 days 00:09:16.870000,0 days 00:10:22.462000
15,3941019,France,53,"[25.7, 80.0]","[95.9, 72.4]",1,0 days 00:10:39.323000,0 days 00:11:28.148000
16,3941019,Belgium,5,"[9.1, 0.1]","[43.9, 3.1]",1,0 days 00:12:01.730000,0 days 00:12:04.445000
17,3941019,France,52,"[77.1, 80.0]","[2.4, 49.6]",1,0 days 00:12:08.356000,0 days 00:13:01.262000
18,3941019,France,16,"[120.0, 0.1]","[3.1, 43.0]",1,0 days 00:13:45.137000,0 days 00:13:59.204000
19,3941019,Belgium,32,"[7.0, 31.9]","[105.0, 57.2]",1,0 days 00:14:26.983000,0 days 00:14:57.087000
20,3941019,France,99,"[15.1, 22.9]","[10.5, 27.6]",1,0 days 00:14:57.087000,0 days 00:16:35.351000
21,3941019,France,4,"[120.0, 80.0]","[1.7, 38.1]",1,0 days 00:17:02.255000,0 days 00:17:03.957000
22,3941019,Belgium,9,"[7.0, 49.4]","[50.5, 8.5]",1,0 days 00:17:19.547000,0 days 00:17:32.489000
23,3941019,France,78,"[33.7, 45.5]","[3.0, 40.2]",1,0 days 00:17:34.657000,0 days 00:19:09.916000
24,3941019,Belgium,30,"[7.0, 42.6]","[114.4, 68.8]",1,0 days 00:19:21.877000,0 days 00:19:48.991000
25,3941019,France,21,"[9.5, 48.6]","[31.1, 70.9]",1,0 days 00:19:51.251000,0 days 00:20:15.877000
26,3941019,France,24,"[77.9, 0.1]","[111.2, 41.4]",1,0 days 00:20:22.361000,0 days 00:20:49.371000
27,3941019,Belgium,45,"[8.2, 41.1]","[53.8, 75.8]",1,0 days 00:20:49.371000,0 days 00:21:42.764000
28,3941019,Belgium,29,"[59.2, 0.1]","[98.5, 17.0]",1,0 days 00:22:03.626000,0 days 00:22:36.999000
29,3941019,Belgium,2,"[99.8, 16.1]","[2.2, 42.0]",1,0 days 00:23:31.985000,0 days 00:23:33.399000
30,3941019,France,23,"[9.5, 61.4]","[57.8, 9.5]",1,0 days 00:23:36.362000,0 days 00:23:48.285000
31,3941019,Belgium,47,"[52.2, 12.2]","[105.7, 67.0]",1,0 days 00:25:34.747000,0 days 00:26:15.482000
32,3941019,France,23,"[6.0, 41.1]","[79.5, 63.4]",1,0 days 00:26:31.327000,0 days 00:26:52.713000
33,3941019,Belgium,60,"[42.8, 16.7]","[108.1, 31.5]",1,0 days 00:26:52.713000,0 days 00:27:54.380000
34,3941019,France,24,"[15.6, 39.4]","[26.6, 41.5]",1,0 days 00:27:54.380000,0 days 00:28:16.916000
35,3941019,France,10,"[71.3, 5.3]","[91.8, 9.4]",1,0 days 00:28:17.514000,0 days 00:28:38.152000
36,3941019,Belgium,61,"[31.5, 58.9]","[91.4, 3.6]",1,0 days 00:28:38.152000,0 days 00:29:38.910000
37,3941019,France,23,"[27.2, 80.0]","[98.6, 49.9]",1,0 days 00:29:50.165000,0 days 00:30:13.651000
38,3941019,Belgium,16,"[2.3, 25.9]","[97.1, 26.9]",1,0 days 00:30:13.651000,0 days 00:30:42.544000
39,3941019,France,38,"[12.5, 56.0]","[112.5, 43.7]",1,0 days 00:30:42.544000,0 days 00:31:22.911000
40,3941019,Belgium,45,"[7.0, 48.2]","[95.6, 5.7]",1,0 days 00:31:37.705000,0 days 00:32:38.161000
41,3941019,France,6,"[21.1, 71.4]","[29.5, 74.4]",1,0 days 00:32:38.161000,0 days 00:32:40.696000
42,3941019,France,28,"[30.7, 72.7]","[3.0, 38.0]",1,0 days 00:32:51.803000,0 days 00:33:27.917000
43,3941019,Belgium,34,"[7.0, 48.7]","[51.2, 4.5]",1,0 days 00:33:45,0 days 00:34:17.207000
44,3941019,Belgium,22,"[49.7, 2.6]","[14.6, 77.5]",1,0 days 00:34:38.152000,0 days 00:35:05.618000
45,3941019,Belgium,2,"[107.8, 0.1]","[111.4, 24.9]",1,0 days 00:35:14.780000,0 days 00:35:16.293000
46,3941019,France,4,"[6.6, 58.1]","[1.7, 70.2]",1,0 days 00:35:16.293000,0 days 00:35:18.084000
47,3941019,France,34,"[5.9, 69.5]","[115.0, 39.9]",1,0 days 00:35:33.247000,0 days 00:36:14.969000
48,3941019,Belgium,25,"[4.3, 41.3]","[17.3, 73.5]",1,0 days 00:36:14.969000,0 days 00:36:56.616000
49,3941019,France,31,"[41.0, 19.9]","[101.5, 4.2]",1,0 days 00:36:59.572000,0 days 00:37:33.197000
50,3941019,Belgium,11,"[14.3, 74.6]","[41.4, 71.4]",1,0 days 00:37:33.197000,0 days 00:37:39.554000
51,3941019,France,17,"[78.7, 8.7]","[10.0, 48.7]",1,0 days 00:37:39.554000,0 days 00:37:56.130000
52,3941019,France,73,"[93.7, 0.1]","[3.0, 38.8]",1,0 days 00:38:02.283000,0 days 00:38:52.375000
53,3941019,Belgium,29,"[7.0, 30.1]","[82.0, 77.0]",1,0 days 00:38:59.973000,0 days 00:39:30.552000
54,3941019,Belgium,15,"[35.8, 0.1]","[98.6, 61.2]",1,0 days 00:39:40.206000,0 days 00:39:57.390000
55,3941019,France,31,"[23.1, 11.5]","[11.2, 3.7]",1,0 days 00:39:57.390000,0 days 00:40:28.362000
56,3941019,France,153,"[106.0, 80.0]","[4.5, 37.1]",1,0 days 00:40:33.383000,0 days 00:42:39.737000
57,3941019,France,11,"[106.0, 40.6]","[21.0, 23.8]",1,0 days 00:43:42.488000,0 days 00:43:50.088000
58,3941019,France,11,"[17.4, 24.2]","[8.7, 62.5]",1,0 days 00:44:06.103000,0 days 00:44:25.726000
59,3941019,France,26,"[120.0, 0.1]","[2.5, 41.2]",1,0 days 00:44:51.595000,0 days 00:45:14.273000
60,3941019,Belgium,11,"[7.0, 48.1]","[65.6, 3.7]",1,0 days 00:45:51.475000,0 days 00:46:01.159000
61,3941019,Belgium,6,"[60.0, 40.0]","[36.4, 40.9]",2,0 days 00:00:00.980000,0 days 00:00:05.005000
62,3941019,France,30,"[39.7, 62.8]","[113.7, 37.9]",2,0 days 00:00:07.840000,0 days 00:00:32.613000
63,3941019,Belgium,20,"[4.0, 36.3]","[54.8, 64.2]",2,0 days 00:00:47.931000,0 days 00:01:18.688000
64,3941019,Belgium,45,"[64.9, 0.1]","[107.3, 72.5]",2,0 days 00:01:31.126000,0 days 00:02:15.588000
65,3941019,France,45,"[8.7, 53.7]","[82.6, 59.9]",2,0 days 00:02:17.362000,0 days 00:03:06.032000
66,3941019,Belgium,13,"[25.6, 19.8]","[25.4, 22.2]",2,0 days 00:03:06.788000,0 days 00:03:11.588000
67,3941019,France,14,"[64.1, 26.9]","[2.6, 40.0]",2,0 days 00:03:13.730000,0 days 00:03:24.519000
68,3941019,France,14,"[120.0, 80.0]","[88.1, 5.3]",2,0 days 00:03:57.071000,0 days 00:04:08.320000
69,3941019,France,9,"[88.1, 5.3]","[2.3, 41.7]",2,0 days 00:04:53.324000,0 days 00:05:00.443000
70,3941019,Belgium,10,"[6.0, 38.8]","[43.8, 72.5]",2,0 days 00:05:48.501000,0 days 00:06:01.315000
71,3941019,France,60,"[42.7, 9.4]","[89.7, 48.5]",2,0 days 00:06:02.676000,0 days 00:07:05.335000
72,3941019,Belgium,23,"[7.9, 26.7]","[82.1, 56.2]",2,0 days 00:07:05.335000,0 days 00:07:28.179000
73,3941019,France,45,"[39.8, 21.2]","[3.0, 42.7]",2,0 days 00:07:29.493000,0 days 00:08:05.822000
74,3941019,Belgium,20,"[5.3, 34.4]","[53.7, 13.9]",2,0 days 00:08:30.292000,0 days 00:08:45.443000
75,3941019,France,13,"[46.9, 30.2]","[87.7, 4.1]",2,0 days 00:08:47.584000,0 days 00:08:54.245000
76,3941019,Belgium,27,"[33.2, 73.4]","[105.5, 3.9]",2,0 days 00:08:54.245000,0 days 00:09:26.810000
77,3941019,France,50,"[15.1, 76.9]","[3.0, 38.0]",2,0 days 00:09:27.351000,0 days 00:10:19.055000
78,3941019,Belgium,32,"[5.7, 34.4]","[47.5, 59.1]",2,0 days 00:10:31.358000,0 days 00:11:06.708000
79,3941019,France,76,"[39.4, 55.2]","[5.5, 23.4]",2,0 days 00:11:08.634000,0 days 00:12:04.375000
80,3941019,Belgium,5,"[6.8, 13.2]","[3.2, 2.0]",2,0 days 00:12:07.811000,0 days 00:12:14.449000
81,3941019,Belgium,9,"[13.2, 14.3]","[22.5, 35.8]",2,0 days 00:12:58.527000,0 days 00:13:06.930000
82,3941019,Belgium,27,"[83.3, 0.1]","[76.6, 6.7]",2,0 days 00:13:30.151000,0 days 00:13:57.232000
83,3941019,France,5,"[43.5, 73.4]","[48.0, 75.8]",2,0 days 00:13:57.232000,0 days 00:13:59.058000
84,3941019,France,55,"[49.6, 76.4]","[70.6, 9.8]",2,0 days 00:14:14.943000,0 days 00:14:58.666000
85,3941019,France,10,"[68.9, 9.4]","[66.9, 26.5]",2,0 days 00:15:05.579000,0 days 00:15:17.406000
86,3941019,Belgium,13,"[53.8, 54.0]","[2.9, 35.6]",2,0 days 00:15:17.896000,0 days 00:15:24.138000
87,3941019,Belgium,4,"[120.0, 80.0]","[93.5, 17.4]",2,0 days 00:16:06.579000,0 days 00:16:11.962000
88,3941019,France,4,"[7.0, 33.4]","[86.3, 24.5]",2,0 days 00:16:43.459000,0 days 00:16:50.989000
89,3941019,Belgium,17,"[11.0, 46.5]","[47.9, 49.6]",2,0 days 00:16:50.989000,0 days 00:17:10.360000
90,3941019,France,25,"[72.2, 30.5]","[95.4, 72.0]",2,0 days 00:17:10.360000,0 days 00:17:25.957000
91,3941019,Belgium,4,"[29.7, 0.1]","[61.7, 76.8]",2,0 days 00:18:29.339000,0 days 00:18:31.309000
92,3941019,France,57,"[55.1, 75.5]","[3.6, 39.9]",2,0 days 00:18:34.401000,0 days 00:19:25.473000
93,3941019,Belgium,45,"[5.3, 37.3]","[16.4, 78.1]",2,0 days 00:19:40.435000,0 days 00:20:26.914000
94,3941019,Belgium,7,"[99.2, 0.1]","[38.4, 78.3]",2,0 days 00:20:32.723000,0 days 00:20:36.316000
95,3941019,Belgium,47,"[78.1, 0.1]","[90.0, 29.7]",2,0 days 00:20:46.659000,0 days 00:21:45.615000
96,3941019,France,16,"[30.1, 50.4]","[23.8, 9.0]",2,0 days 00:21:45.615000,0 days 00:22:03.858000
97,3941019,France,56,"[99.8, 80.0]","[2.7, 39.1]",2,0 days 00:22:21.001000,0 days 00:23:15.484000
98,3941019,Belgium,40,"[5.7, 36.1]","[52.1, 29.1]",2,0 days 00:23:34.224000,0 days 00:24:20.546000
99,3941019,France,13,"[66.5, 52.8]","[64.3, 50.8]",2,0 days 00:24:20.546000,0 days 00:24:26.693000
100,3941019,Belgium,41,"[53.4, 26.3]","[2.3, 43.2]",2,0 days 00:24:27.869000,0 days 00:25:03.123000
101,3941019,France,21,"[16.8, 44.9]","[107.7, 34.0]",2,0 days 00:25:05.388000,0 days 00:25:29.653000
102,3941019,Belgium,16,"[12.4, 46.1]","[53.2, 64.2]",2,0 days 00:25:29.653000,0 days 00:25:55.143000
104,3941019,Belgium,1,"[38.9, 34.4]","[38.9, 34.4]",2,0 days 00:26:18.206000,0 days 00:26:18.206000
105,3941019,France,34,"[38.5, 34.2]","[1.0, 21.6]",2,0 days 00:26:28.679000,0 days 00:27:01.619000
106,3941019,France,53,"[104.4, 80.0]","[5.9, 16.1]",2,0 days 00:27:13.953000,0 days 00:27:59.646000
107,3941019,France,15,"[120.0, 80.0]","[3.1, 37.4]",2,0 days 00:28:32.657000,0 days 00:28:43.313000
108,3941019,Belgium,73,"[6.0, 30.0]","[115.8, 64.4]",2,0 days 00:29:09.754000,0 days 00:30:23.751000
109,3941019,France,14,"[4.3, 15.7]","[72.3, 70.7]",2,0 days 00:30:23.751000,0 days 00:30:45.599000
110,3941019,France,103,"[51.2, 0.1]","[3.0, 38.3]",2,0 days 00:31:08.818000,0 days 00:32:51.883000
111,3941019,Belgium,13,"[5.7, 36.6]","[41.2, 31.3]",2,0 days 00:33:10.067000,0 days 00:33:21.850000
112,3941019,Belgium,18,"[41.2, 31.3]","[81.7, 19.8]",2,0 days 00:33:29.174000,0 days 00:33:53.100000
113,3941019,France,39,"[12.3, 56.5]","[24.5, 75.4]",2,0 days 00:33:53.100000,0 days 00:34:40.863000
114,3941019,France,14,"[100.3, 0.1]","[106.3, 40.0]",2,0 days 00:34:51.970000,0 days 00:35:05.625000
115,3941019,Belgium,21,"[5.1, 38.3]","[24.8, 28.2]",2,0 days 00:35:05.625000,0 days 00:35:43.886000
116,3941019,France,28,"[23.5, 33.6]","[11.0, 19.6]",2,0 days 00:35:49.768000,0 days 00:36:26.912000
117,3941019,Belgium,5,"[31.3, 12.0]","[37.7, 3.5]",2,0 days 00:36:30.315000,0 days 00:36:33.369000
118,3941019,Belgium,25,"[38.3, 3.0]","[12.9, 25.7]",2,0 days 00:36:46.526000,0 days 00:37:12.110000
119,3941019,Belgium,9,"[109.9, 80.0]","[13.3, 7.1]",2,0 days 00:37:37.610000,0 days 00:37:39.212000
120,3941019,Belgium,50,"[103.9, 80.0]","[51.0, 78.1]",2,0 days 00:37:45.706000,0 days 00:38:27.309000
121,3941019,Belgium,14,"[68.0, 0.1]","[25.2, 24.9]",2,0 days 00:38:35.428000,0 days 00:38:51.122000
122,3941019,France,46,"[34.9, 26.5]","[10.6, 31.0]",2,0 days 00:38:53.025000,0 days 00:39:30.038000
123,3941019,Belgium,30,"[60.0, 40.0]","[97.5, 29.3]",2,0 days 00:40:59.641000,0 days 00:41:32.289000
124,3941019,France,9,"[22.6, 50.8]","[64.5, 23.6]",2,0 days 00:41:32.289000,0 days 00:41:37.602000
125,3941019,Belgium,37,"[55.6, 56.5]","[113.9, 54.6]",2,0 days 00:41:37.602000,0 days 00:42:13.016000
126,3941019,France,9,"[7.0, 37.7]","[41.9, 63.3]",2,0 days 00:43:03.724000,0 days 00:43:10.789000
127,3941019,France,6,"[85.7, 0.1]","[20.3, 78.1]",2,0 days 00:43:35.331000,0 days 00:43:38.972000
128,3941019,France,10,"[100.0, 0.1]","[37.0, 76.8]",2,0 days 00:43:48.643000,0 days 00:43:52.543000
129,3941019,Belgium,31,"[37.7, 76.0]","[2.6, 41.0]",2,0 days 00:44:01.046000,0 days 00:44:40.446000
131,3941019,Belgium,71,"[74.3, 24.5]","[5.0, 14.1]",2,0 days 00:44:56.196000,0 days 00:46:21.210000
132,3941019,Belgium,22,"[99.5, 80.0]","[5.2, 51.6]",2,0 days 00:46:27.204000,0 days 00:46:48.198000
133,3941019,Belgium,5,"[120.0, 0.1]","[91.7, 31.6]",2,0 days 00:47:08.756000,0 days 00:47:14.309000
134,3941019,France,8,"[26.6, 34.7]","[37.4, 7.8]",2,0 days 00:47:15.936000,0 days 00:47:19.550000
135,3941019,Belgium,18,"[78.1, 80.0]","[70.6, 78.6]",2,0 days 00:47:23.862000,0 days 00:47:42.865000
2,3941018,Spain,44,"[61.0, 40.1]","[110.3, 39.5]",1,0 days 00:00:00.662000,0 days 00:00:50.128000
3,3941018,Georgia,11,"[9.8, 40.4]","[62.2, 36.0]",1,0 days 00:00:50.598000,0 days 00:00:59.504000
4,3941018,Spain,115,"[57.2, 47.2]","[16.7, 52.8]",1,0 days 00:00:59.504000,0 days 00:02:35.160000
5,3941018,Spain,24,"[85.2, 0.1]","[105.5, 21.0]",1,0 days 00:02:39.866000,0 days 00:02:59.884000
6,3941018,Georgia,9,"[15.5, 56.8]","[75.1, 72.8]",1,0 days 00:03:42.305000,0 days 00:03:49.719000
7,3941018,Spain,17,"[42.1, 9.9]","[109.5, 47.0]",1,0 days 00:03:49.719000,0 days 00:04:04.348000
8,3941018,Georgia,1,"[2.1, 38.0]","[2.1, 38.0]",1,0 days 00:04:05.056000,0 days 00:04:05.056000
9,3941018,Georgia,7,"[6.1, 36.9]","[55.4, 18.2]",1,0 days 00:04:17.396000,0 days 00:04:22.845000
10,3941018,Spain,102,"[60.8, 59.6]","[112.2, 37.0]",1,0 days 00:04:22.845000,0 days 00:05:59.634000
11,3941018,Georgia,35,"[6.0, 38.3]","[103.6, 75.4]",1,0 days 00:06:19.346000,0 days 00:06:44.540000
12,3941018,Spain,5,"[16.5, 4.7]","[12.4, 6.6]",1,0 days 00:06:44.540000,0 days 00:06:44.944000
13,3941018,Spain,48,"[11.7, 8.6]","[9.0, 44.6]",1,0 days 00:06:57.543000,0 days 00:07:42.103000
14,3941018,Spain,77,"[120.0, 0.1]","[9.0, 62.8]",1,0 days 00:08:07.126000,0 days 00:09:34.356000
15,3941018,Spain,7,"[120.0, 0.1]","[3.4, 42.7]",1,0 days 00:09:56.093000,0 days 00:09:58.967000
16,3941018,Spain,5,"[120.0, 0.1]","[13.2, 54.6]",1,0 days 00:10:11.999000,0 days 00:10:15.717000
17,3941018,Spain,30,"[103.4, 0.1]","[2.2, 40.7]",1,0 days 00:10:33.686000,0 days 00:11:00.327000
18,3941018,Spain,112,"[120.0, 80.0]","[4.5, 53.2]",1,0 days 00:11:12.956000,0 days 00:12:50.568000
19,3941018,Spain,5,"[120.0, 0.1]","[12.2, 47.7]",1,0 days 00:13:12.852000,0 days 00:14:04.751000
20,3941018,Georgia,2,"[14.2, 50.6]","[14.2, 50.6]",1,0 days 00:14:23.645000,0 days 00:14:25.572000
21,3941018,Spain,43,"[33.9, 14.4]","[3.1, 9.4]",1,0 days 00:14:28.657000,0 days 00:15:17.053000
22,3941018,Spain,6,"[120.0, 80.0]","[1.0, 41.1]",1,0 days 00:15:39.422000,0 days 00:15:41.927000
23,3941018,Georgia,4,"[6.0, 44.8]","[81.0, 6.9]",1,0 days 00:15:57.050000,0 days 00:15:58.717000
24,3941018,Georgia,6,"[35.4, 80.0]","[43.6, 68.1]",1,0 days 00:16:17.301000,0 days 00:16:19.506000
25,3941018,Georgia,43,"[46.5, 69.1]","[112.7, 36.6]",1,0 days 00:16:44.302000,0 days 00:17:14.265000
26,3941018,Spain,13,"[61.0, 40.1]","[77.2, 10.5]",1,0 days 00:18:24.751000,0 days 00:18:40.555000
27,3941018,Georgia,2,"[42.3, 80.0]","[54.8, 73.8]",1,0 days 00:19:00.310000,0 days 00:19:00.756000
28,3941018,Spain,108,"[65.3, 6.3]","[95.8, 57.7]",1,0 days 00:19:00.912000,0 days 00:20:22.749000
29,3941018,Georgia,51,"[24.3, 22.4]","[45.3, 62.7]",1,0 days 00:20:22.749000,0 days 00:20:49.195000
30,3941018,Spain,30,"[77.2, 13.7]","[103.7, 54.8]",1,0 days 00:20:49.195000,0 days 00:21:16.703000
31,3941018,Georgia,1,"[2.4, 37.2]","[2.4, 37.2]",1,0 days 00:21:17.350000,0 days 00:21:17.350000
32,3941018,Georgia,6,"[5.0, 41.2]","[44.0, 58.5]",1,0 days 00:21:35.468000,0 days 00:21:40.423000
33,3941018,Spain,104,"[54.8, 20.2]","[98.8, 40.6]",1,0 days 00:21:42.616000,0 days 00:23:23.258000
34,3941018,Georgia,19,"[24.9, 35.2]","[55.1, 4.2]",1,0 days 00:23:23.258000,0 days 00:23:31.352000
35,3941018,Georgia,23,"[55.4, 4.2]","[95.0, 48.0]",1,0 days 00:23:50.913000,0 days 00:24:08.894000
36,3941018,Spain,19,"[25.1, 32.1]","[10.4, 4.8]",1,0 days 00:24:08.894000,0 days 00:24:27.748000
37,3941018,Spain,49,"[109.7, 80.0]","[112.2, 23.3]",1,0 days 00:24:33.506000,0 days 00:25:19.513000
38,3941018,Georgia,5,"[14.0, 55.7]","[87.6, 69.1]",1,0 days 00:26:01.528000,0 days 00:26:05.761000
39,3941018,Spain,38,"[21.7, 8.4]","[2.5, 40.8]",1,0 days 00:26:07.276000,0 days 00:26:38.565000
40,3941018,Georgia,18,"[6.0, 41.1]","[55.9, 52.2]",1,0 days 00:27:01.279000,0 days 00:27:15.674000
41,3941018,Spain,20,"[64.2, 27.9]","[83.3, 13.9]",1,0 days 00:27:15.674000,0 days 00:27:28.304000
42,3941018,Georgia,5,"[22.4, 80.0]","[74.2, 39.0]",1,0 days 00:27:38.860000,0 days 00:27:42.398000
43,3941018,Spain,14,"[63.2, 41.4]","[98.1, 51.4]",1,0 days 00:27:44.158000,0 days 00:27:52.717000
44,3941018,Georgia,12,"[22.0, 10.8]","[44.9, 76.4]",1,0 days 00:27:52.717000,0 days 00:28:04.209000
45,3941018,Spain,29,"[51.5, 80.0]","[3.2, 40.7]",1,0 days 00:28:09.192000,0 days 00:28:40.157000
46,3941018,Georgia,5,"[6.0, 41.1]","[55.8, 51.5]",1,0 days 00:29:00.848000,0 days 00:29:03.033000
47,3941018,Georgia,9,"[55.1, 48.0]","[66.9, 61.1]",1,0 days 00:29:05.763000,0 days 00:29:13.050000
48,3941018,Spain,21,"[54.3, 15.4]","[20.8, 54.6]",1,0 days 00:29:13.050000,0 days 00:29:29.764000
49,3941018,Georgia,11,"[98.0, 24.7]","[2.4, 39.9]",1,0 days 00:29:29.981000,0 days 00:29:33.487000
50,3941018,Spain,52,"[12.2, 47.8]","[105.9, 27.3]",1,0 days 00:29:34.485000,0 days 00:30:39.085000
51,3941018,Georgia,10,"[10.8, 50.9]","[101.9, 55.3]",1,0 days 00:30:39.349000,0 days 00:30:50.320000
52,3941018,Spain,47,"[15.9, 30.7]","[8.5, 34.9]",1,0 days 00:30:51.102000,0 days 00:31:45.330000
53,3941018,Spain,6,"[105.2, 80.0]","[98.6, 77.0]",1,0 days 00:31:59.526000,0 days 00:32:03.570000
54,3941018,Georgia,2,"[32.5, 0.1]","[50.5, 13.0]",1,0 days 00:32:32.159000,0 days 00:32:33.637000
55,3941018,Spain,11,"[75.1, 70.1]","[78.4, 65.9]",1,0 days 00:32:33.637000,0 days 00:32:38.709000
56,3941018,Georgia,49,"[47.0, 10.6]","[16.3, 57.7]",1,0 days 00:32:39.607000,0 days 00:33:08.660000
57,3941018,Georgia,1,"[120.0, 0.1]","[120.0, 0.1]",1,0 days 00:33:46.638000,0 days 00:33:46.638000
58,3941018,Spain,41,"[4.4, 37.0]","[109.7, 77.6]",1,0 days 00:34:02.502000,0 days 00:34:42.617000
59,3941018,Spain,6,"[109.9, 80.0]","[2.7, 14.2]",1,0 days 00:34:51.874000,0 days 00:34:56.233000
60,3941018,Spain,1,"[120.0, 80.0]","[120.0, 80.0]",1,0 days 00:35:21.789000,0 days 00:35:21.789000
61,3941018,Georgia,4,"[6.0, 46.9]","[68.6, 77.3]",1,0 days 00:35:57.795000,0 days 00:36:03.294000
62,3941018,Spain,14,"[50.9, 0.1]","[111.4, 67.8]",1,0 days 00:36:08.250000,0 days 00:36:24.037000
63,3941018,Georgia,39,"[6.0, 33.1]","[86.3, 63.3]",1,0 days 00:36:56.366000,0 days 00:37:33.764000
64,3941018,Spain,43,"[28.7, 19.8]","[1.4, 40.6]",1,0 days 00:37:33.951000,0 days 00:38:11.501000
65,3941018,Georgia,4,"[60.0, 40.0]","[4.5, 39.5]",1,0 days 00:40:43.733000,0 days 00:40:48.535000
66,3941018,Spain,18,"[7.0, 43.2]","[105.1, 10.5]",1,0 days 00:40:57.102000,0 days 00:41:20.680000
67,3941018,Spain,28,"[91.2, 0.1]","[45.9, 69.1]",1,0 days 00:41:27.546000,0 days 00:42:00.576000
68,3941018,Spain,13,"[71.1, 0.1]","[98.1, 3.2]",1,0 days 00:42:04.683000,0 days 00:42:21.012000
69,3941018,Georgia,4,"[23.0, 80.0]","[35.8, 75.5]",1,0 days 00:42:42.061000,0 days 00:42:43.090000
70,3941018,Spain,22,"[80.5, 9.9]","[91.2, 33.8]",1,0 days 00:42:44.271000,0 days 00:43:01.874000
71,3941018,Georgia,36,"[29.1, 44.0]","[36.5, 9.7]",1,0 days 00:43:01.874000,0 days 00:43:20.722000
72,3941018,Georgia,20,"[36.8, 7.9]","[91.2, 8.5]",1,0 days 00:44:04.211000,0 days 00:44:17.912000
73,3941018,Spain,28,"[78.4, 21.0]","[9.6, 45.4]",1,0 days 00:44:20.324000,0 days 00:44:42.073000
74,3941018,Georgia,1,"[6.0, 45.1]","[6.0, 45.1]",1,0 days 00:45:16.871000,0 days 00:45:16.871000
75,3941018,Spain,87,"[35.0, 0.1]","[3.1, 23.1]",1,0 days 00:45:24.652000,0 days 00:46:46.418000
76,3941018,Spain,2,"[120.0, 80.0]","[2.7, 46.5]",1,0 days 00:47:08.674000,0 days 00:47:10.760000
77,3941018,Spain,2,"[120.0, 0.1]","[9.0, 48.3]",1,0 days 00:47:29.534000,0 days 00:47:30.520000
78,3941018,Georgia,16,"[61.0, 40.1]","[48.0, 2.2]",2,0 days 00:00:00.800000,0 days 00:00:15.540000
79,3941018,Spain,11,"[57.2, 77.5]","[3.9, 39.2]",2,0 days 00:00:16.653000,0 days 00:00:23.372000
80,3941018,Georgia,11,"[6.1, 42.8]","[49.2, 78.4]",2,0 days 00:00:43.972000,0 days 00:00:51.731000
81,3941018,Spain,84,"[64.1, 0.1]","[7.2, 48.9]",2,0 days 00:00:55.214000,0 days 00:02:17.496000
82,3941018,Spain,31,"[109.3, 0.1]","[93.0, 41.2]",2,0 days 00:02:24.441000,0 days 00:02:49.577000
83,3941018,Georgia,9,"[26.6, 35.1]","[23.5, 42.4]",2,0 days 00:02:50.456000,0 days 00:02:58.496000
84,3941018,Spain,61,"[6.0, 41.3]","[99.7, 42.6]",2,0 days 00:03:14.676000,0 days 00:04:02.488000
85,3941018,Spain,17,"[99.6, 43.0]","[1.2, 41.5]",2,0 days 00:05:25.952000,0 days 00:05:40.975000
86,3941018,Georgia,18,"[61.0, 40.1]","[31.2, 47.2]",2,0 days 00:06:58.217000,0 days 00:07:09.515000
87,3941018,Spain,7,"[92.5, 26.0]","[3.9, 39.2]",2,0 days 00:07:09.515000,0 days 00:07:14.080000
88,3941018,Georgia,8,"[4.0, 35.5]","[24.1, 75.3]",2,0 days 00:07:29.506000,0 days 00:07:33.895000
89,3941018,Georgia,9,"[26.6, 75.4]","[60.8, 11.1]",2,0 days 00:07:47.239000,0 days 00:07:56.106000
90,3941018,Spain,111,"[53.2, 73.9]","[3.2, 40.3]",2,0 days 00:07:56.106000,0 days 00:09:40.221000
91,3941018,Georgia,22,"[5.8, 43.8]","[79.1, 12.5]",2,0 days 00:10:04.166000,0 days 00:10:19.087000
92,3941018,Spain,37,"[16.0, 80.0]","[17.8, 35.1]",2,0 days 00:10:41.782000,0 days 00:11:10.139000
93,3941018,Spain,65,"[20.5, 27.4]","[25.2, 61.3]",2,0 days 00:11:47.180000,0 days 00:12:55.334000
94,3941018,Spain,48,"[97.3, 0.1]","[9.0, 12.4]",2,0 days 00:13:01.903000,0 days 00:13:43.268000
95,3941018,Spain,53,"[120.0, 80.0]","[20.6, 41.2]",2,0 days 00:13:57.887000,0 days 00:14:55.937000
96,3941018,Georgia,9,"[19.6, 36.6]","[52.0, 61.9]",2,0 days 00:14:56.603000,0 days 00:15:04.751000
97,3941018,Spain,164,"[69.6, 13.0]","[13.5, 48.6]",2,0 days 00:15:04.751000,0 days 00:17:10.015000
98,3941018,Georgia,13,"[8.4, 57.8]","[24.4, 41.4]",2,0 days 00:17:10.950000,0 days 00:17:18.609000
99,3941018,Spain,5,"[100.1, 41.8]","[3.7, 39.7]",2,0 days 00:17:18.609000,0 days 00:17:20.756000
100,3941018,Georgia,3,"[6.1, 42.8]","[64.9, 68.7]",2,0 days 00:18:12.209000,0 days 00:18:15.319000
101,3941018,Spain,68,"[55.2, 11.4]","[115.2, 18.3]",2,0 days 00:18:15.319000,0 days 00:19:17.961000
102,3941018,Spain,5,"[120.0, 0.1]","[8.9, 65.3]",2,0 days 00:19:41.797000,0 days 00:19:47.185000
103,3941018,Spain,3,"[120.0, 0.1]","[113.1, 35.7]",2,0 days 00:20:06.165000,0 days 00:20:07.548000
104,3941018,Georgia,9,"[6.1, 46.2]","[57.1, 28.0]",2,0 days 00:21:27.598000,0 days 00:21:35.462000
105,3941018,Spain,42,"[55.1, 56.6]","[97.3, 25.1]",2,0 days 00:21:36.979000,0 days 00:22:21.236000
106,3941018,Georgia,26,"[20.9, 46.7]","[2.4, 44.2]",2,0 days 00:22:22.535000,0 days 00:22:49.152000
107,3941018,Spain,57,"[4.6, 45.0]","[3.2, 41.2]",2,0 days 00:23:05.848000,0 days 00:24:10.349000
108,3941018,Georgia,9,"[5.3, 36.9]","[24.7, 15.6]",2,0 days 00:24:22.827000,0 days 00:24:27.340000
109,3941018,Georgia,20,"[24.3, 16.3]","[105.7, 6.6]",2,0 days 00:24:41.840000,0 days 00:24:57.220000
110,3941018,Spain,16,"[16.0, 74.1]","[67.2, 70.4]",2,0 days 00:24:57.439000,0 days 00:25:10.338000
111,3941018,Spain,40,"[67.2, 70.0]","[109.4, 3.4]",2,0 days 00:25:41.209000,0 days 00:26:15.131000
112,3941018,Georgia,27,"[5.8, 38.8]","[46.5, 7.6]",2,0 days 00:26:16.667000,0 days 00:26:39.707000
113,3941018,Georgia,8,"[58.4, 80.0]","[63.2, 78.4]",2,0 days 00:26:53.068000,0 days 00:26:55.143000
114,3941018,Spain,82,"[55.4, 8.5]","[109.8, 51.5]",2,0 days 00:26:56.752000,0 days 00:28:10.544000
115,3941018,Georgia,33,"[9.2, 31.8]","[103.8, 42.8]",2,0 days 00:28:59.749000,0 days 00:29:27.249000
116,3941018,Spain,17,"[16.8, 36.1]","[2.8, 43.7]",2,0 days 00:29:27.249000,0 days 00:31:14.683000
117,3941018,Georgia,9,"[61.0, 40.1]","[75.0, 47.5]",2,0 days 00:31:18.083000,0 days 00:31:27.506000
118,3941018,Spain,39,"[12.3, 26.5]","[108.3, 38.6]",2,0 days 00:31:27.506000,0 days 00:31:59.114000
119,3941018,Georgia,1,"[3.3, 40.4]","[3.3, 40.4]",2,0 days 00:31:59.794000,0 days 00:31:59.794000
120,3941018,Georgia,7,"[6.8, 38.2]","[75.4, 4.0]",2,0 days 00:32:02.087000,0 days 00:32:08.603000
121,3941018,Georgia,47,"[48.0, 80.0]","[62.2, 27.6]",2,0 days 00:32:11.386000,0 days 00:32:39.169000
122,3941018,Georgia,2,"[63.5, 27.2]","[91.3, 36.1]",2,0 days 00:33:39.542000,0 days 00:33:43.599000
123,3941018,Spain,65,"[11.3, 60.2]","[3.5, 34.8]",2,0 days 00:33:43.599000,0 days 00:34:58.920000
124,3941018,Spain,3,"[120.0, 80.0]","[5.9, 40.6]",2,0 days 00:35:59.963000,0 days 00:36:01.803000
125,3941018,Georgia,41,"[14.7, 39.2]","[41.5, 70.1]",2,0 days 00:36:17.402000,0 days 00:36:49.125000
126,3941018,Spain,11,"[63.1, 27.0]","[2.8, 37.6]",2,0 days 00:36:50.755000,0 days 00:36:58.357000
127,3941018,Georgia,10,"[5.4, 41.5]","[54.2, 57.8]",2,0 days 00:37:13.909000,0 days 00:37:24.604000
128,3941018,Spain,21,"[57.0, 28.9]","[3.7, 39.7]",2,0 days 00:37:25.546000,0 days 00:37:36.523000
129,3941018,Georgia,33,"[61.0, 40.1]","[78.1, 56.3]",2,0 days 00:38:46.484000,0 days 00:39:20.259000
130,3941018,Spain,58,"[28.4, 18.6]","[112.4, 77.2]",2,0 days 00:39:20.259000,0 days 00:40:14.974000
131,3941018,Georgia,17,"[9.2, 0.1]","[42.2, 9.8]",2,0 days 00:40:22.393000,0 days 00:40:33.387000
132,3941018,Spain,18,"[77.9, 76.9]","[86.7, 18.8]",2,0 days 00:40:33.387000,0 days 00:40:49.722000
133,3941018,Georgia,73,"[25.7, 58.1]","[11.9, 55.5]",2,0 days 00:40:50.354000,0 days 00:41:54.164000
134,3941018,Georgia,4,"[120.0, 0.1]","[7.8, 39.9]",2,0 days 00:42:14.591000,0 days 00:42:16.231000
135,3941018,Georgia,7,"[120.0, 80.0]","[93.0, 78.4]",2,0 days 00:42:37.014000,0 days 00:42:45.026000
136,3941018,Spain,6,"[25.7, 8.5]","[85.3, 73.7]",2,0 days 00:42:45.026000,0 days 00:42:46.405000
137,3941018,Spain,107,"[12.9, 21.0]","[99.5, 41.3]",2,0 days 00:42:49.367000,0 days 00:44:38.580000
138,3941018,Georgia,1,"[3.2, 39.4]","[3.2, 39.4]",2,0 days 00:44:39.202000,0 days 00:44:39.202000
139,3941018,Georgia,30,"[9.9, 38.5]","[58.0, 28.6]",2,0 days 00:44:49.336000,0 days 00:45:12.732000
140,3941018,Spain,18,"[54.7, 80.0]","[7.2, 19.0]",2,0 days 00:45:13.840000,0 days 00:45:31.927000
141,3941018,Georgia,3,"[9.6, 17.9]","[81.1, 6.2]",2,0 days 00:46:02.192000,0 days 00:46:04.266000
142,3941018,Spain,36,"[39.0, 73.9]","[100.8, 77.7]",2,0 days 00:46:04.266000,0 days 00:46:32.503000
143,3941018,Spain,16,"[96.7, 77.7]","[3.4, 39.8]",2,0 days 00:47:07.264000,0 days 00:47:20.839000
144,3941018,Georgia,2,"[7.0, 36.1]","[23.3, 74.1]",2,0 days 00:48:00.952000,0 days 00:48:02.452000
2,3941017,Slovakia,29,"[61.0, 40.1]","[86.1, 2.7]",1,0 days 00:00:00.372000,0 days 00:00:29.487000
3,3941017,England,70,"[33.6, 80.0]","[70.9, 51.1]",1,0 days 00:00:33.788000,0 days 00:01:52.206000
4,3941017,Slovakia,11,"[44.0, 39.5]","[75.9, 78.6]",1,0 days 00:01:53.657000,0 days 00:02:01.901000
5,3941017,England,45,"[34.0, 0.1]","[51.2, 18.3]",1,0 days 00:02:05.325000,0 days 00:02:49.564000
6,3941017,Slovakia,4,"[66.3, 62.7]","[68.2, 65.5]",1,0 days 00:02:49.564000,0 days 00:02:50.165000
7,3941017,Slovakia,4,"[75.9, 60.1]","[2.4, 41.8]",1,0 days 00:03:47.137000,0 days 00:03:50.674000
8,3941017,England,21,"[6.0, 38.1]","[62.9, 62.4]",1,0 days 00:04:01.991000,0 days 00:04:24.196000
9,3941017,Slovakia,28,"[55.3, 20.0]","[117.1, 47.3]",1,0 days 00:04:24.196000,0 days 00:04:43.298000
10,3941017,England,70,"[6.0, 38.3]","[12.7, 26.1]",1,0 days 00:05:10.470000,0 days 00:06:07.084000
11,3941017,Slovakia,58,"[12.3, 26.9]","[108.7, 38.2]",1,0 days 00:06:40.220000,0 days 00:07:33.620000
12,3941017,England,49,"[6.0, 39.3]","[2.4, 41.5]",1,0 days 00:07:46.332000,0 days 00:08:51.562000
13,3941017,Slovakia,33,"[7.0, 33.6]","[58.4, 42.8]",1,0 days 00:09:17.128000,0 days 00:09:39.428000
14,3941017,England,84,"[54.8, 44.0]","[113.9, 51.6]",1,0 days 00:09:39.428000,0 days 00:10:43.254000
15,3941017,Slovakia,28,"[7.0, 50.1]","[89.4, 17.7]",1,0 days 00:11:07.501000,0 days 00:11:29.652000
16,3941017,Slovakia,3,"[90.2, 18.6]","[97.1, 55.4]",1,0 days 00:12:26.056000,0 days 00:12:29.830000
17,3941017,England,5,"[26.7, 26.9]","[30.0, 27.7]",1,0 days 00:12:30.747000,0 days 00:12:31.514000
18,3941017,England,32,"[31.3, 27.7]","[6.7, 16.1]",1,0 days 00:12:57.239000,0 days 00:13:29.180000
19,3941017,England,45,"[104.8, 80.0]","[57.4, 18.5]",1,0 days 00:13:33.979000,0 days 00:14:15.388000
20,3941017,England,71,"[65.6, 17.6]","[59.5, 55.8]",1,0 days 00:14:26.734000,0 days 00:15:46.011000
21,3941017,Slovakia,13,"[8.2, 0.1]","[48.4, 21.2]",1,0 days 00:15:59.245000,0 days 00:16:05.279000
22,3941017,Slovakia,2,"[51.9, 21.4]","[100.0, 31.4]",1,0 days 00:16:59.252000,0 days 00:17:01.889000
23,3941017,England,11,"[21.0, 64.2]","[71.0, 21.4]",1,0 days 00:17:01.889000,0 days 00:17:06.289000
24,3941017,Slovakia,39,"[72.2, 25.9]","[83.7, 4.9]",1,0 days 00:17:06.818000,0 days 00:17:48.187000
25,3941017,England,45,"[21.2, 70.1]","[15.5, 62.5]",1,0 days 00:17:48.187000,0 days 00:18:42.432000
26,3941017,England,24,"[97.0, 0.1]","[13.1, 39.1]",1,0 days 00:18:47.256000,0 days 00:19:14.300000
27,3941017,Slovakia,24,"[40.9, 29.0]","[57.8, 44.8]",1,0 days 00:19:16.276000,0 days 00:19:40.402000
28,3941017,England,7,"[54.0, 0.1]","[60.2, 79.2]",1,0 days 00:19:57.069000,0 days 00:20:09.524000
29,3941017,England,47,"[53.3, 0.1]","[60.1, 74.8]",1,0 days 00:20:12.436000,0 days 00:20:59.348000
30,3941017,Slovakia,10,"[60.0, 5.3]","[89.8, 26.7]",1,0 days 00:20:59.348000,0 days 00:21:06.216000
31,3941017,England,77,"[30.3, 53.4]","[1.3, 38.7]",1,0 days 00:21:06.216000,0 days 00:22:14.614000
32,3941017,England,11,"[120.0, 80.0]","[1.4, 40.1]",1,0 days 00:23:01.856000,0 days 00:23:10.700000
33,3941017,Slovakia,61,"[7.0, 40.8]","[3.8, 37.1]",1,0 days 00:23:35.520000,0 days 00:26:30.312000
34,3941017,England,136,"[60.0, 40.0]","[31.7, 3.1]",1,0 days 00:26:50.081000,0 days 00:29:21.533000
35,3941017,England,24,"[93.3, 80.0]","[102.5, 23.9]",1,0 days 00:29:28.112000,0 days 00:29:45.840000
36,3941017,Slovakia,9,"[14.7, 57.7]","[37.8, 63.5]",1,0 days 00:29:46.119000,0 days 00:29:53.799000
37,3941017,England,9,"[83.4, 13.8]","[44.0, 79.8]",1,0 days 00:29:53.799000,0 days 00:29:58.003000
38,3941017,England,21,"[72.6, 0.1]","[28.4, 78.4]",1,0 days 00:30:00.224000,0 days 00:30:23.782000
39,3941017,England,54,"[91.0, 0.1]","[118.6, 46.9]",1,0 days 00:30:35.283000,0 days 00:31:29.411000
40,3941017,Slovakia,23,"[7.0, 31.2]","[57.2, 45.9]",1,0 days 00:31:55.572000,0 days 00:32:20.227000
41,3941017,England,21,"[47.1, 25.3]","[82.7, 10.1]",1,0 days 00:32:20.227000,0 days 00:32:38.026000
42,3941017,Slovakia,15,"[38.2, 73.2]","[72.2, 58.3]",1,0 days 00:32:38.026000,0 days 00:32:46.816000
43,3941017,England,60,"[49.7, 21.4]","[4.0, 55.0]",1,0 days 00:32:46.816000,0 days 00:33:34.597000
44,3941017,England,4,"[120.0, 0.1]","[2.3, 44.7]",1,0 days 00:34:11.322000,0 days 00:34:12.787000
45,3941017,England,4,"[120.0, 0.1]","[2.1, 41.1]",1,0 days 00:34:34.140000,0 days 00:34:35.625000
46,3941017,Slovakia,2,"[6.9, 42.3]","[77.7, 54.2]",1,0 days 00:35:14.962000,0 days 00:35:18.318000
47,3941017,England,25,"[42.5, 25.9]","[54.3, 75.8]",1,0 days 00:35:26.770000,0 days 00:36:11.941000
48,3941017,England,40,"[57.4, 0.1]","[77.6, 64.3]",1,0 days 00:36:21.957000,0 days 00:37:16.098000
49,3941017,Slovakia,9,"[42.5, 15.8]","[44.8, 28.7]",1,0 days 00:37:16.098000,0 days 00:37:19.776000
50,3941017,England,15,"[75.3, 51.4]","[97.9, 76.2]",1,0 days 00:37:19.776000,0 days 00:37:27.653000
51,3941017,England,21,"[98.5, 74.7]","[61.8, 61.4]",1,0 days 00:38:10.078000,0 days 00:40:06.376000
52,3941017,England,57,"[54.6, 60.0]","[101.3, 20.1]",1,0 days 00:40:32.783000,0 days 00:41:31.407000
53,3941017,Slovakia,5,"[7.0, 48.2]","[80.1, 78.6]",1,0 days 00:42:01.117000,0 days 00:42:09.402000
54,3941017,England,21,"[37.5, 0.1]","[93.9, 77.2]",1,0 days 00:42:25.015000,0 days 00:42:52.088000
55,3941017,Slovakia,7,"[21.9, 0.1]","[31.3, 54.4]",1,0 days 00:43:09.432000,0 days 00:43:19.047000
56,3941017,England,15,"[62.6, 5.2]","[43.9, 70.1]",1,0 days 00:43:19.047000,0 days 00:43:33.146000
57,3941017,England,25,"[47.1, 73.0]","[61.2, 71.9]",1,0 days 00:43:48.192000,0 days 00:44:11.323000
58,3941017,England,60,"[59.9, 71.2]","[60.7, 53.3]",1,0 days 00:44:17.914000,0 days 00:45:11.491000
59,3941017,England,29,"[58.9, 53.4]","[100.5, 71.9]",1,0 days 00:45:28.774000,0 days 00:45:57.652000
60,3941017,England,17,"[99.5, 70.9]","[2.0, 41.2]",1,0 days 00:47:00.400000,0 days 00:47:16.501000
61,3941017,England,27,"[120.0, 0.1]","[4.4, 67.2]",1,0 days 00:47:44.097000,0 days 00:48:07.490000
62,3941017,England,4,"[120.0, 0.1]","[8.7, 40.2]",1,0 days 00:48:27.682000,0 days 00:48:29.327000
63,3941017,England,47,"[61.0, 40.1]","[39.0, 15.9]",2,0 days 00:00:00.250000,0 days 00:00:42.683000
64,3941017,Slovakia,24,"[81.4, 43.8]","[116.9, 68.2]",2,0 days 00:00:44.589000,0 days 00:01:02.341000
65,3941017,England,47,"[3.6, 34.8]","[67.6, 77.0]",2,0 days 00:01:08.048000,0 days 00:02:00.685000
66,3941017,Slovakia,5,"[52.5, 3.1]","[70.2, 78.0]",2,0 days 00:02:00.685000,0 days 00:02:02.038000
67,3941017,Slovakia,25,"[42.7, 0.1]","[54.6, 76.9]",2,0 days 00:02:21.496000,0 days 00:02:44.116000
68,3941017,Slovakia,13,"[57.5, 0.1]","[49.8, 31.1]",2,0 days 00:02:52.523000,0 days 00:03:05.587000
69,3941017,England,56,"[50.7, 31.7]","[114.3, 40.9]",2,0 days 00:03:12.774000,0 days 00:04:10.729000
70,3941017,Slovakia,2,"[7.8, 41.0]","[56.3, 62.8]",2,0 days 00:05:53.154000,0 days 00:05:55.586000
71,3941017,England,7,"[61.5, 17.8]","[2.2, 42.0]",2,0 days 00:05:55.586000,0 days 00:06:02.350000
72,3941017,England,32,"[120.0, 0.1]","[71.0, 26.5]",2,0 days 00:06:28.847000,0 days 00:07:10.018000
73,3941017,England,9,"[80.7, 80.0]","[34.5, 25.5]",2,0 days 00:07:18.676000,0 days 00:07:29.191000
74,3941017,England,30,"[93.8, 80.0]","[68.4, 4.1]",2,0 days 00:07:46.011000,0 days 00:08:10.932000
75,3941017,Slovakia,8,"[27.9, 69.9]","[76.5, 69.8]",2,0 days 00:08:12.397000,0 days 00:08:22.037000
76,3941017,England,33,"[29.6, 8.8]","[71.6, 77.6]",2,0 days 00:08:22.037000,0 days 00:08:50.493000
77,3941017,England,1,"[55.9, 69.3]","[55.9, 69.3]",2,0 days 00:08:55.717000,0 days 00:08:55.717000
78,3941017,Slovakia,4,"[65.7, 28.2]","[27.7, 41.7]",2,0 days 00:08:56.821000,0 days 00:09:03.041000
79,3941017,England,29,"[7.0, 46.8]","[83.7, 28.5]",2,0 days 00:09:11.134000,0 days 00:09:48.827000
80,3941017,Slovakia,15,"[15.0, 47.6]","[57.9, 26.8]",2,0 days 00:09:48.827000,0 days 00:10:09.704000
81,3941017,England,69,"[62.2, 53.3]","[86.7, 28.8]",2,0 days 00:10:09.704000,0 days 00:11:03.047000
82,3941017,Slovakia,16,"[44.2, 42.2]","[38.3, 76.7]",2,0 days 00:11:05.398000,0 days 00:11:15.734000
83,3941017,England,28,"[83.1, 5.6]","[111.9, 32.8]",2,0 days 00:11:15.734000,0 days 00:11:42.552000
84,3941017,Slovakia,10,"[2.0, 48.6]","[77.1, 5.8]",2,0 days 00:11:44.304000,0 days 00:12:25.988000
85,3941017,England,16,"[38.7, 71.2]","[63.1, 16.5]",2,0 days 00:12:25.988000,0 days 00:12:42.026000
86,3941017,Slovakia,15,"[45.0, 19.0]","[74.3, 42.5]",2,0 days 00:12:43.874000,0 days 00:12:50.600000
87,3941017,England,64,"[38.0, 40.6]","[99.9, 27.3]",2,0 days 00:12:50.600000,0 days 00:13:42.306000
88,3941017,England,6,"[99.1, 25.5]","[68.3, 21.4]",2,0 days 00:15:01.794000,0 days 00:15:07.577000
89,3941017,Slovakia,18,"[5.5, 38.8]","[102.3, 43.8]",2,0 days 00:16:42.929000,0 days 00:17:00.165000
90,3941017,Slovakia,6,"[13.0, 35.7]","[20.8, 53.0]",2,0 days 00:17:00.165000,0 days 00:17:03.782000
91,3941017,England,15,"[93.8, 25.9]","[5.5, 40.8]",2,0 days 00:17:04.326000,0 days 00:18:49.855000
92,3941017,England,13,"[102.3, 0.1]","[54.6, 28.8]",2,0 days 00:19:01.957000,0 days 00:19:23.936000
93,3941017,Slovakia,38,"[65.5, 51.3]","[105.2, 40.6]",2,0 days 00:19:23.936000,0 days 00:19:48.406000
94,3941017,England,6,"[14.9, 39.5]","[17.2, 36.9]",2,0 days 00:19:48.406000,0 days 00:19:50.022000
95,3941017,England,69,"[18.6, 37.2]","[48.2, 30.7]",2,0 days 00:20:17.396000,0 days 00:21:36.073000
96,3941017,England,50,"[48.2, 31.4]","[8.2, 38.6]",2,0 days 00:21:43.182000,0 days 00:22:36.882000
97,3941017,England,22,"[120.0, 80.0]","[102.5, 71.2]",2,0 days 00:23:09.846000,0 days 00:23:43.005000
98,3941017,Slovakia,12,"[5.5, 39.7]","[66.5, 76.4]",2,0 days 00:24:14.347000,0 days 00:24:22.186000
99,3941017,England,44,"[51.0, 0.1]","[85.0, 70.2]",2,0 days 00:24:30.807000,0 days 00:25:14.293000
100,3941017,Slovakia,27,"[4.8, 42.4]","[71.3, 6.0]",2,0 days 00:25:16.688000,0 days 00:26:00.182000
101,3941017,England,101,"[51.1, 69.5]","[32.1, 37.9]",2,0 days 00:26:00.182000,0 days 00:27:43.460000
102,3941017,Slovakia,9,"[27.0, 52.9]","[49.9, 71.7]",2,0 days 00:27:44.805000,0 days 00:29:21.474000
103,3941017,England,1,"[64.7, 0.1]","[64.7, 0.1]",2,0 days 00:29:23.323000,0 days 00:29:23.323000
104,3941017,Slovakia,84,"[18.9, 72.1]","[101.0, 56.1]",2,0 days 00:29:28.014000,0 days 00:30:34.959000
105,3941017,England,18,"[12.8, 26.9]","[24.2, 7.1]",2,0 days 00:30:34.959000,0 days 00:31:00.192000
106,3941017,England,28,"[97.3, 80.0]","[81.5, 5.8]",2,0 days 00:31:05.038000,0 days 00:31:32.881000
107,3941017,England,4,"[96.1, 6.1]","[1.4, 41.3]",2,0 days 00:32:10.236000,0 days 00:32:12.087000
108,3941017,Slovakia,3,"[5.2, 45.1]","[76.8, 56.1]",2,0 days 00:32:52.641000,0 days 00:32:56.655000
109,3941017,England,15,"[43.3, 24.0]","[42.9, 5.4]",2,0 days 00:32:56.655000,0 days 00:33:05.222000
110,3941017,Slovakia,10,"[66.1, 56.2]","[89.9, 61.5]",2,0 days 00:33:06.861000,0 days 00:33:11.442000
111,3941017,England,12,"[30.5, 21.0]","[112.9, 39.3]",2,0 days 00:33:11.442000,0 days 00:33:28.486000
112,3941017,Slovakia,17,"[4.9, 39.7]","[73.0, 42.8]",2,0 days 00:33:28.486000,0 days 00:34:02.854000
113,3941017,England,67,"[47.1, 37.3]","[2.3, 44.3]",2,0 days 00:34:02.854000,0 days 00:35:13.674000
114,3941017,Slovakia,2,"[4.5, 40.3]","[73.8, 58.7]",2,0 days 00:36:14.535000,0 days 00:36:21.074000
115,3941017,England,15,"[47.6, 21.4]","[75.2, 77.8]",2,0 days 00:36:21.074000,0 days 00:36:32.539000
116,3941017,Slovakia,3,"[50.7, 0.1]","[67.4, 17.1]",2,0 days 00:36:53.637000,0 days 00:36:57.157000
117,3941017,England,18,"[53.8, 61.3]","[22.3, 3.2]",2,0 days 00:36:57.157000,0 days 00:37:20.601000
118,3941017,England,3,"[98.6, 80.0]","[83.1, 75.0]",2,0 days 00:37:23.812000,0 days 00:37:25.241000
119,3941017,Slovakia,15,"[35.1, 19.4]","[95.8, 20.7]",2,0 days 00:37:28.429000,0 days 00:37:37.714000
120,3941017,England,19,"[21.1, 60.7]","[56.4, 46.4]",2,0 days 00:37:37.714000,0 days 00:37:57.440000
121,3941017,England,46,"[54.6, 45.7]","[97.8, 68.5]",2,0 days 00:38:31.811000,0 days 00:39:11.387000
122,3941017,England,43,"[99.5, 69.9]","[19.8, 2.5]",2,0 days 00:39:54.346000,0 days 00:40:42.296000
123,3941017,England,19,"[103.6, 80.0]","[105.4, 60.4]",2,0 days 00:40:47.123000,0 days 00:41:02.431000
124,3941017,Slovakia,17,"[18.8, 16.5]","[46.2, 20.7]",2,0 days 00:41:02.431000,0 days 00:41:10.960000
125,3941017,England,13,"[57.6, 8.6]","[49.8, 27.3]",2,0 days 00:41:16.152000,0 days 00:41:25.275000
126,3941017,Slovakia,17,"[58.2, 38.8]","[89.4, 45.1]",2,0 days 00:41:26.132000,0 days 00:41:44.128000
127,3941017,England,1,"[2.5, 39.0]","[2.5, 39.0]",2,0 days 00:41:45.153000,0 days 00:41:45.153000
128,3941017,England,40,"[17.6, 42.6]","[9.5, 35.2]",2,0 days 00:41:49.284000,0 days 00:42:27.296000
129,3941017,England,7,"[120.0, 80.0]","[16.3, 55.3]",2,0 days 00:42:51.923000,0 days 00:42:59.451000
130,3941017,Slovakia,3,"[17.5, 56.2]","[88.2, 57.8]",2,0 days 00:43:48.691000,0 days 00:43:52.117000
131,3941017,England,10,"[31.9, 22.3]","[52.8, 34.2]",2,0 days 00:43:52.117000,0 days 00:43:57.934000
132,3941017,Slovakia,9,"[63.8, 50.3]","[54.3, 69.6]",2,0 days 00:43:57.934000,0 days 00:44:07.362000
133,3941017,England,27,"[68.7, 0.1]","[41.7, 15.9]",2,0 days 00:44:09.607000,0 days 00:44:44.198000
134,3941017,Slovakia,11,"[33.8, 19.6]","[90.9, 76.7]",2,0 days 00:44:47.547000,0 days 00:45:00.127000
135,3941017,England,32,"[29.3, 0.1]","[5.2, 56.1]",2,0 days 00:45:02.909000,0 days 00:45:34.050000
136,3941017,England,7,"[120.0, 0.1]","[6.8, 4.0]",2,0 days 00:45:58.844000,0 days 00:46:07.494000
137,3941017,Slovakia,8,"[7.1, 0.1]","[39.7, 14.5]",2,0 days 00:46:38.309000,0 days 00:46:43.948000
138,3941017,England,9,"[62.5, 61.7]","[103.6, 64.9]",2,0 days 00:46:43.948000,0 days 00:46:53.494000
139,3941017,Slovakia,10,"[6.0, 46.2]","[59.3, 57.8]",2,0 days 00:48:08.815000,0 days 00:48:19.455000
140,3941017,England,22,"[68.1, 20.9]","[9.8, 15.2]",2,0 days 00:48:19.455000,0 days 00:48:40.541000
141,3941017,England,6,"[110.0, 80.0]","[11.0, 30.1]",2,0 days 00:49:13.917000,0 days 00:49:18.120000
142,3941017,England,7,"[114.2, 80.0]","[1.4, 38.6]",2,0 days 00:49:30.973000,0 days 00:49:34.673000
143,3941017,Slovakia,76,"[60.0, 40.0]","[40.7, 36.0]",2,0 days 00:50:49.912000,0 days 00:51:58.102000
144,3941017,England,17,"[60.0, 40.0]","[117.7, 74.1]",3,0 days 00:00:00.339000,0 days 00:00:15.622000
145,3941017,England,9,"[116.9, 73.0]","[1.3, 42.7]",3,0 days 00:00:46.566000,0 days 00:00:52.540000
146,3941017,Slovakia,72,"[61.0, 40.1]","[2.2, 52.2]",3,0 days 00:02:04.001000,0 days 00:03:18.561000
147,3941017,England,6,"[8.8, 71.5]","[116.1, 10.1]",3,0 days 00:03:21.512000,0 days 00:03:23.742000
148,3941017,England,9,"[6.0, 47.5]","[91.3, 57.1]",3,0 days 00:04:12.666000,0 days 00:04:20.785000
149,3941017,Slovakia,4,"[26.8, 21.5]","[25.3, 22.0]",3,0 days 00:04:21.142000,0 days 00:04:22.530000
150,3941017,Slovakia,101,"[25.5, 26.3]","[105.8, 26.5]",3,0 days 00:05:02.059000,0 days 00:06:30.861000
151,3941017,England,13,"[10.0, 51.4]","[48.4, 65.7]",3,0 days 00:06:31.877000,0 days 00:06:39.895000
152,3941017,England,31,"[50.0, 64.5]","[68.5, 56.0]",3,0 days 00:07:27.529000,0 days 00:07:53.036000
153,3941017,Slovakia,36,"[34.6, 57.7]","[84.0, 67.8]",3,0 days 00:07:54.875000,0 days 00:08:32.059000
154,3941017,England,16,"[36.1, 12.3]","[68.7, 19.0]",3,0 days 00:08:32.059000,0 days 00:08:50.646000
155,3941017,Slovakia,49,"[24.9, 61.1]","[110.7, 42.3]",3,0 days 00:08:50.646000,0 days 00:09:38.197000
156,3941017,England,4,"[3.7, 40.3]","[72.2, 57.2]",3,0 days 00:09:38.197000,0 days 00:10:07.876000
157,3941017,Slovakia,12,"[9.8, 26.7]","[50.3, 49.0]",3,0 days 00:10:07.876000,0 days 00:10:20.979000
158,3941017,England,41,"[60.5, 40.3]","[14.9, 77.8]",3,0 days 00:10:20.979000,0 days 00:11:05.231000
159,3941017,Slovakia,26,"[44.6, 31.8]","[1.2, 73.0]",3,0 days 00:11:08.967000,0 days 00:11:45.193000
160,3941017,Slovakia,39,"[104.9, 0.1]","[109.2, 43.3]",3,0 days 00:11:51.171000,0 days 00:12:23.092000
161,3941017,England,2,"[16.4, 38.5]","[34.2, 56.3]",3,0 days 00:13:01.122000,0 days 00:13:05.026000
162,3941017,Slovakia,8,"[35.4, 58.7]","[93.7, 50.2]",3,0 days 00:13:06.483000,0 days 00:13:15.193000
163,3941017,England,12,"[29.1, 48.3]","[106.0, 44.6]",3,0 days 00:13:17.326000,0 days 00:13:31.594000
164,3941017,Slovakia,8,"[15.3, 42.7]","[81.0, 5.0]",3,0 days 00:13:32.959000,0 days 00:13:39.626000
165,3941017,Slovakia,13,"[35.4, 80.0]","[61.5, 32.6]",3,0 days 00:13:55.926000,0 days 00:14:06.328000
166,3941017,Slovakia,25,"[69.3, 32.4]","[1.8, 42.6]",3,0 days 00:14:23.785000,0 days 00:14:44.028000
167,3941017,England,34,"[3.6, 45.1]","[97.7, 25.9]",3,0 days 00:15:23.348000,0 days 00:16:08.769000
168,3941017,Slovakia,2,"[27.0, 53.8]","[90.7, 26.5]",3,0 days 00:16:09.279000,0 days 00:16:10.140000
169,3941017,Slovakia,7,"[60.0, 40.0]","[93.1, 4.3]",4,0 days 00:00:00.205000,0 days 00:00:08.951000
170,3941017,England,4,"[28.6, 80.0]","[60.8, 70.9]",4,0 days 00:00:33.158000,0 days 00:00:36.152000
171,3941017,Slovakia,44,"[50.9, 0.1]","[81.9, 16.5]",4,0 days 00:00:43.887000,0 days 00:01:52.748000
172,3941017,England,36,"[37.6, 60.9]","[10.0, 63.6]",4,0 days 00:01:52.748000,0 days 00:02:21.715000
173,3941017,Slovakia,21,"[72.8, 16.5]","[83.6, 31.6]",4,0 days 00:02:23.734000,0 days 00:02:37.730000
174,3941017,England,10,"[36.0, 45.3]","[63.9, 5.7]",4,0 days 00:02:38.093000,0 days 00:02:46.859000
175,3941017,England,5,"[66.7, 10.4]","[70.6, 47.3]",4,0 days 00:03:48.441000,0 days 00:03:52.684000
176,3941017,Slovakia,20,"[47.4, 55.8]","[90.9, 43.8]",4,0 days 00:03:54.381000,0 days 00:04:08.956000
177,3941017,Slovakia,2,"[88.8, 47.2]","[0.8, 39.6]",4,0 days 00:05:06.226000,0 days 00:05:07.528000
178,3941017,England,1,"[7.0, 36.1]","[7.0, 36.1]",4,0 days 00:05:42.017000,0 days 00:05:42.017000
179,3941017,Slovakia,12,"[49.9, 80.0]","[74.8, 47.7]",4,0 days 00:05:50.029000,0 days 00:06:07.392000
180,3941017,Slovakia,3,"[77.6, 50.1]","[11.1, 26.3]",4,0 days 00:06:26.925000,0 days 00:06:28.542000
181,3941017,Slovakia,9,"[107.0, 80.0]","[10.2, 19.6]",4,0 days 00:06:48.642000,0 days 00:06:53.993000
182,3941017,Slovakia,19,"[110.5, 80.0]","[104.6, 37.0]",4,0 days 00:07:04.361000,0 days 00:07:28.218000
183,3941017,England,4,"[7.0, 44.9]","[50.7, 28.2]",4,0 days 00:08:02.610000,0 days 00:08:06.548000
184,3941017,Slovakia,8,"[50.1, 29.7]","[90.7, 39.7]",4,0 days 00:08:13.294000,0 days 00:08:21.411000
185,3941017,England,27,"[22.3, 34.0]","[56.1, 42.2]",4,0 days 00:08:21.411000,0 days 00:08:51.529000
186,3941017,England,12,"[56.6, 41.8]","[111.1, 10.4]",4,0 days 00:09:31.190000,0 days 00:09:40.974000
187,3941017,Slovakia,43,"[9.0, 69.7]","[10.5, 8.0]",4,0 days 00:09:40.974000,0 days 00:10:15.511000
188,3941017,Slovakia,31,"[120.0, 80.0]","[21.9, 9.1]",4,0 days 00:10:58.922000,0 days 00:11:35.362000
189,3941017,Slovakia,11,"[97.2, 80.0]","[1.5, 35.5]",4,0 days 00:11:42.311000,0 days 00:11:50.446000
190,3941017,England,8,"[7.0, 33.8]","[47.4, 63.5]",4,0 days 00:12:30.680000,0 days 00:12:39.291000
191,3941017,Slovakia,61,"[35.0, 38.1]","[1.4, 41.4]",4,0 days 00:12:41.715000,0 days 00:13:40.696000
192,3941017,England,5,"[7.0, 46.9]","[69.4, 56.7]",4,0 days 00:14:16.465000,0 days 00:14:21.468000
193,3941017,Slovakia,50,"[48.5, 23.4]","[13.7, 28.1]",4,0 days 00:14:21.720000,0 days 00:14:52.806000
194,3941017,England,16,"[12.9, 28.5]","[3.7, 39.2]",4,0 days 00:14:54.231000,0 days 00:15:08.989000
195,3941017,Slovakia,27,"[6.0, 39.9]","[0.8, 39.2]",4,0 days 00:15:24.604000,0 days 00:16:12.360000
2,3930182,Denmark,96,"[61.0, 40.1]","[85.3, 22.4]",1,0 days 00:00:00.105000,0 days 00:01:25.246000
3,3930182,Serbia,15,"[20.0, 52.5]","[70.7, 54.7]",1,0 days 00:01:25.246000,0 days 00:01:40.330000
4,3930182,Denmark,30,"[49.4, 25.4]","[78.0, 70.3]",1,0 days 00:01:40.330000,0 days 00:02:20.492000
5,3930182,Serbia,4,"[29.8, 4.9]","[4.7, 1.5]",1,0 days 00:02:20.492000,0 days 00:02:29.171000
6,3930182,Serbia,1,"[11.4, 9.2]","[11.4, 9.2]",1,0 days 00:03:00.757000,0 days 00:03:00.757000
7,3930182,Denmark,4,"[57.7, 80.0]","[89.6, 68.1]",1,0 days 00:03:17.621000,0 days 00:03:19.185000
8,3930182,Denmark,4,"[90.9, 62.9]","[17.0, 34.7]",1,0 days 00:04:30.195000,0 days 00:04:30.757000
9,3930182,Serbia,11,"[17.0, 34.7]","[9.6, 24.0]",1,0 days 00:05:11.206000,0 days 00:05:18.535000
10,3930182,Denmark,36,"[30.1, 57.4]","[102.6, 3.4]",1,0 days 00:05:23.367000,0 days 00:05:52.366000
11,3930182,Denmark,30,"[39.6, 80.0]","[98.6, 12.1]",1,0 days 00:06:07.422000,0 days 00:06:39.324000
12,3930182,Serbia,22,"[25.3, 64.9]","[63.2, 7.6]",1,0 days 00:06:39.324000,0 days 00:06:55.546000
13,3930182,Denmark,55,"[56.0, 71.6]","[78.6, 47.6]",1,0 days 00:06:55.561000,0 days 00:07:32.163000
14,3930182,Serbia,17,"[36.3, 33.2]","[62.0, 63.5]",1,0 days 00:07:32.699000,0 days 00:07:54.853000
15,3930182,Serbia,47,"[56.9, 0.1]","[65.1, 13.8]",1,0 days 00:08:04.442000,0 days 00:08:41.707000
16,3930182,Denmark,27,"[52.2, 23.6]","[76.4, 67.2]",1,0 days 00:08:43.894000,0 days 00:09:09.116000
17,3930182,Serbia,12,"[33.2, 7.1]","[49.5, 2.2]",1,0 days 00:09:09.116000,0 days 00:09:15.086000
18,3930182,Denmark,28,"[47.0, 67.2]","[72.4, 62.3]",1,0 days 00:09:16.358000,0 days 00:09:44.274000
19,3930182,Serbia,57,"[47.7, 17.8]","[100.8, 11.7]",1,0 days 00:09:44.274000,0 days 00:10:35.550000
20,3930182,Denmark,8,"[6.6, 42.7]","[68.8, 43.9]",1,0 days 00:11:04.030000,0 days 00:11:10.103000
21,3930182,Serbia,4,"[51.0, 38.4]","[49.5, 39.6]",1,0 days 00:11:10.593000,0 days 00:11:10.980000
22,3930182,Serbia,49,"[49.5, 39.6]","[48.2, 8.8]",1,0 days 00:11:24.958000,0 days 00:12:12.914000
23,3930182,Serbia,16,"[54.4, 80.0]","[67.9, 62.0]",1,0 days 00:12:25.706000,0 days 00:12:53.050000
24,3930182,Denmark,5,"[57.7, 13.8]","[51.0, 77.7]",1,0 days 00:12:54.905000,0 days 00:12:57.349000
25,3930182,Denmark,9,"[76.1, 0.1]","[83.5, 7.6]",1,0 days 00:13:05.079000,0 days 00:13:08.855000
26,3930182,Serbia,59,"[30.5, 62.3]","[100.5, 54.0]",1,0 days 00:13:08.855000,0 days 00:14:06.575000
27,3930182,Denmark,117,"[8.6, 19.6]","[0.7, 38.8]",1,0 days 00:14:06.575000,0 days 00:15:41.083000
28,3930182,Serbia,19,"[5.3, 38.4]","[27.3, 66.3]",1,0 days 00:16:08.632000,0 days 00:16:31.602000
29,3930182,Denmark,59,"[37.1, 54.3]","[3.4, 53.7]",1,0 days 00:16:33.195000,0 days 00:17:28.761000
30,3930182,Denmark,2,"[120.0, 0.1]","[4.5, 44.7]",1,0 days 00:18:01.504000,0 days 00:18:02.963000
31,3930182,Denmark,1,"[120.0, 0.1]","[120.0, 0.1]",1,0 days 00:18:27.933000,0 days 00:18:27.933000
32,3930182,Serbia,12,"[4.5, 37.4]","[47.7, 3.1]",1,0 days 00:18:30.183000,0 days 00:18:58.909000
33,3930182,Denmark,6,"[72.4, 77.0]","[13.9, 19.7]",1,0 days 00:18:58.909000,0 days 00:19:02.005000
34,3930182,Denmark,75,"[99.5, 80.0]","[87.8, 22.4]",1,0 days 00:19:27.223000,0 days 00:20:28.213000
35,3930182,Serbia,5,"[20.0, 48.8]","[29.2, 41.8]",1,0 days 00:20:28.213000,0 days 00:20:30.597000
36,3930182,Serbia,11,"[29.5, 42.1]","[93.3, 49.4]",1,0 days 00:20:44.785000,0 days 00:20:51.338000
37,3930182,Denmark,3,"[93.9, 35.0]","[3.9, 40.5]",1,0 days 00:20:52.720000,0 days 00:20:53.922000
38,3930182,Denmark,24,"[120.0, 0.1]","[1.4, 31.1]",1,0 days 00:21:31.341000,0 days 00:21:46.507000
39,3930182,Denmark,2,"[120.0, 80.0]","[118.7, 42.1]",1,0 days 00:22:24.268000,0 days 00:22:25.002000
40,3930182,Serbia,13,"[5.1, 35.2]","[64.3, 7.8]",1,0 days 00:23:23.987000,0 days 00:23:35.014000
41,3930182,Serbia,9,"[62.4, 9.8]","[57.8, 4.6]",1,0 days 00:23:48.895000,0 days 00:23:53.341000
42,3930182,Denmark,38,"[64.2, 80.0]","[54.3, 25.1]",1,0 days 00:24:04.478000,0 days 00:24:30.698000
43,3930182,Serbia,6,"[40.3, 42.4]","[66.7, 43.9]",1,0 days 00:24:31.991000,0 days 00:24:37.755000
44,3930182,Denmark,30,"[44.5, 45.4]","[73.1, 45.7]",1,0 days 00:24:39.121000,0 days 00:25:10.663000
45,3930182,Serbia,58,"[49.8, 48.8]","[28.5, 19.6]",1,0 days 00:25:10.663000,0 days 00:26:00.814000
46,3930182,Serbia,29,"[85.4, 80.0]","[52.3, 28.2]",1,0 days 00:26:14.720000,0 days 00:26:45.836000
47,3930182,Serbia,39,"[55.9, 51.3]","[10.4, 76.1]",1,0 days 00:27:20.513000,0 days 00:27:59.011000
48,3930182,Serbia,22,"[110.3, 0.1]","[11.0, 37.1]",1,0 days 00:28:10.804000,0 days 00:28:20.531000
49,3930182,Serbia,32,"[100.2, 80.0]","[79.5, 4.9]",1,0 days 00:28:28.346000,0 days 00:29:00.029000
50,3930182,Serbia,4,"[10.2, 80.0]","[86.9, 4.0]",1,0 days 00:29:25.220000,0 days 00:29:26.824000
51,3930182,Denmark,24,"[82.9, 19.9]","[94.6, 30.4]",1,0 days 00:29:28.446000,0 days 00:29:34.846000
52,3930182,Serbia,8,"[25.5, 49.7]","[24.9, 52.5]",1,0 days 00:29:34.846000,0 days 00:29:37.062000
53,3930182,Serbia,9,"[25.4, 51.2]","[55.9, 20.3]",1,0 days 00:30:23.895000,0 days 00:30:30.566000
54,3930182,Denmark,30,"[52.5, 65.4]","[9.6, 31.9]",1,0 days 00:30:32.597000,0 days 00:30:55.500000
55,3930182,Denmark,6,"[120.0, 80.0]","[104.1, 55.1]",1,0 days 00:31:23.588000,0 days 00:31:29.166000
56,3930182,Serbia,1,"[2.4, 37.2]","[2.4, 37.2]",1,0 days 00:31:29.668000,0 days 00:31:29.668000
57,3930182,Serbia,28,"[10.8, 41.8]","[108.4, 15.0]",1,0 days 00:31:42.017000,0 days 00:32:12.960000
58,3930182,Denmark,49,"[15.7, 61.4]","[27.1, 35.0]",1,0 days 00:32:12.960000,0 days 00:32:53.907000
59,3930182,Serbia,6,"[22.8, 46.4]","[43.0, 48.8]",1,0 days 00:32:54.522000,0 days 00:32:59.640000
60,3930182,Serbia,11,"[43.0, 48.5]","[41.5, 2.8]",1,0 days 00:33:15.491000,0 days 00:33:25.156000
61,3930182,Denmark,5,"[75.5, 80.0]","[93.3, 51.9]",1,0 days 00:33:28.800000,0 days 00:33:32.071000
62,3930182,Serbia,15,"[29.5, 29.5]","[56.2, 32.9]",1,0 days 00:33:32.735000,0 days 00:33:38.520000
63,3930182,Denmark,49,"[63.9, 47.2]","[65.5, 51.3]",1,0 days 00:33:38.520000,0 days 00:34:16.531000
64,3930182,Serbia,68,"[52.0, 36.5]","[51.0, 4.0]",1,0 days 00:34:18.684000,0 days 00:35:24.861000
65,3930182,Denmark,68,"[26.4, 74.0]","[90.3, 18.7]",1,0 days 00:35:27.300000,0 days 00:36:27.858000
66,3930182,Serbia,20,"[29.8, 61.4]","[55.3, 55.3]",1,0 days 00:36:27.858000,0 days 00:36:57.959000
67,3930182,Denmark,89,"[53.7, 38.6]","[1.5, 38.9]",1,0 days 00:37:08.278000,0 days 00:38:21.463000
68,3930182,Serbia,15,"[4.9, 40.6]","[88.8, 1.8]",1,0 days 00:38:57.772000,0 days 00:39:15.206000
69,3930182,Denmark,135,"[34.7, 80.0]","[84.7, 50.6]",1,0 days 00:39:33.635000,0 days 00:42:08.832000
70,3930182,Serbia,24,"[32.3, 29.8]","[116.7, 6.1]",1,0 days 00:42:09,0 days 00:42:33.004000
71,3930182,Serbia,12,"[110.6, 0.1]","[9.2, 44.2]",1,0 days 00:42:57.579000,0 days 00:43:05.487000
72,3930182,Denmark,35,"[20.9, 36.8]","[58.3, 36.8]",1,0 days 00:43:07.511000,0 days 00:43:42.392000
73,3930182,Serbia,8,"[57.2, 47.3]","[78.3, 46.8]",1,0 days 00:43:42.392000,0 days 00:43:47.383000
74,3930182,Denmark,19,"[36.8, 46.4]","[102.0, 2.8]",1,0 days 00:43:47.383000,0 days 00:44:16.938000
75,3930182,Denmark,34,"[25.8, 63.8]","[57.1, 71.2]",1,0 days 00:44:38.970000,0 days 00:45:18.113000
76,3930182,Serbia,20,"[63.8, 13.5]","[99.8, 76.4]",1,0 days 00:45:18.143000,0 days 00:45:36.481000
77,3930182,Denmark,1,"[26.7, 0.1]","[26.7, 0.1]",1,0 days 00:45:58.109000,0 days 00:45:58.109000
78,3930182,Serbia,18,"[61.0, 40.1]","[57.8, 16.8]",2,0 days 00:00:00.686000,0 days 00:00:15.579000
79,3930182,Denmark,11,"[62.3, 63.3]","[27.6, 54.9]",2,0 days 00:00:15.579000,0 days 00:00:23.703000
80,3930182,Denmark,37,"[27.6, 55.5]","[6.2, 72.0]",2,0 days 00:00:50.772000,0 days 00:01:15.313000
81,3930182,Serbia,4,"[83.3, 0.1]","[83.3, 14.3]",2,0 days 00:01:38.623000,0 days 00:01:39.937000
82,3930182,Denmark,23,"[75.6, 0.1]","[12.1, 44.9]",2,0 days 00:01:55.562000,0 days 00:02:17.695000
83,3930182,Denmark,20,"[88.2, 0.1]","[19.8, 42.2]",2,0 days 00:02:30.524000,0 days 00:02:51.686000
84,3930182,Serbia,10,"[52.6, 31.1]","[64.4, 73.7]",2,0 days 00:02:57.205000,0 days 00:03:02.591000
85,3930182,Serbia,13,"[56.0, 0.1]","[6.6, 52.5]",2,0 days 00:03:16.061000,0 days 00:03:34.786000
86,3930182,Serbia,8,"[120.0, 0.1]","[30.7, 51.8]",2,0 days 00:04:05.433000,0 days 00:04:11.563000
87,3930182,Denmark,76,"[33.6, 54.0]","[1.6, 37.7]",2,0 days 00:04:21.667000,0 days 00:05:16.454000
88,3930182,Denmark,5,"[120.0, 0.1]","[11.5, 50.9]",2,0 days 00:05:43.846000,0 days 00:05:47.567000
89,3930182,Denmark,24,"[94.7, 0.1]","[40.0, 73.4]",2,0 days 00:06:05.837000,0 days 00:06:25.479000
90,3930182,Serbia,1,"[66.5, 0.1]","[66.5, 0.1]",2,0 days 00:06:45.237000,0 days 00:06:45.237000
91,3930182,Denmark,12,"[22.5, 71.1]","[38.9, 74.3]",2,0 days 00:06:46.735000,0 days 00:06:58.514000
92,3930182,Denmark,11,"[27.2, 0.1]","[62.6, 35.2]",2,0 days 00:07:08.560000,0 days 00:07:18.698000
93,3930182,Serbia,35,"[43.1, 56.2]","[109.1, 52.6]",2,0 days 00:07:18.698000,0 days 00:07:50.318000
94,3930182,Denmark,9,"[17.0, 23.2]","[77.0, 57.8]",2,0 days 00:09:16.130000,0 days 00:09:28.177000
95,3930182,Serbia,18,"[16.6, 25.5]","[112.0, 70.1]",2,0 days 00:09:28.177000,0 days 00:09:55.729000
96,3930182,Denmark,4,"[112.0, 70.1]","[4.5, 11.2]",2,0 days 00:09:55.758000,0 days 00:09:57.303000
97,3930182,Denmark,22,"[107.2, 80.0]","[87.6, 75.4]",2,0 days 00:10:02.228000,0 days 00:10:13.633000
98,3930182,Denmark,2,"[84.1, 74.1]","[16.0, 33.1]",2,0 days 00:10:50.254000,0 days 00:10:51.511000
99,3930182,Denmark,8,"[113.5, 80.0]","[34.9, 50.4]",2,0 days 00:11:11.114000,0 days 00:11:23.289000
100,3930182,Serbia,10,"[8.9, 38.7]","[74.9, 77.0]",2,0 days 00:11:27.384000,0 days 00:11:41.169000
101,3930182,Denmark,19,"[45.2, 3.1]","[106.9, 23.9]",2,0 days 00:11:41.169000,0 days 00:11:55.832000
102,3930182,Serbia,1,"[7.2, 0.1]","[7.2, 0.1]",2,0 days 00:12:21.071000,0 days 00:12:21.071000
103,3930182,Denmark,21,"[42.2, 65.2]","[107.2, 70.1]",2,0 days 00:12:24.131000,0 days 00:12:44.903000
104,3930182,Serbia,12,"[7.0, 39.0]","[68.5, 24.8]",2,0 days 00:13:28.612000,0 days 00:13:41.820000
105,3930182,Denmark,9,"[55.4, 54.2]","[66.1, 37.1]",2,0 days 00:13:41.820000,0 days 00:13:47.218000
106,3930182,Serbia,17,"[42.7, 57.2]","[64.8, 39.4]",2,0 days 00:13:47.218000,0 days 00:14:04.010000
107,3930182,Denmark,40,"[51.9, 35.1]","[1.4, 41.2]",2,0 days 00:14:04.438000,0 days 00:14:28.967000
108,3930182,Serbia,37,"[6.2, 44.0]","[66.6, 36.8]",2,0 days 00:14:59.635000,0 days 00:15:39.306000
109,3930182,Denmark,50,"[53.5, 43.3]","[2.0, 39.4]",2,0 days 00:15:39.306000,0 days 00:16:06.241000
110,3930182,Serbia,17,"[7.0, 44.4]","[55.0, 18.1]",2,0 days 00:16:28.707000,0 days 00:16:45.568000
111,3930182,Denmark,16,"[65.1, 62.0]","[76.6, 45.2]",2,0 days 00:16:45.568000,0 days 00:16:58.355000
112,3930182,Serbia,49,"[31.6, 58.3]","[95.8, 71.1]",2,0 days 00:16:58.355000,0 days 00:17:54.443000
113,3930182,Denmark,33,"[12.2, 29.6]","[25.4, 27.5]",2,0 days 00:17:55.641000,0 days 00:18:23.387000
114,3930182,Denmark,3,"[120.0, 80.0]","[110.1, 37.1]",2,0 days 00:18:59.347000,0 days 00:19:01.387000
115,3930182,Serbia,1,"[0.8, 40.9]","[0.8, 40.9]",2,0 days 00:19:01.793000,0 days 00:19:01.793000
116,3930182,Serbia,33,"[15.3, 46.8]","[12.1, 45.4]",2,0 days 00:19:32.399000,0 days 00:20:05.006000
117,3930182,Denmark,79,"[39.6, 46.6]","[2.7, 39.7]",2,0 days 00:20:08.739000,0 days 00:21:35.018000
118,3930182,Serbia,37,"[6.2, 43.6]","[107.3, 52.9]",2,0 days 00:22:14.072000,0 days 00:22:57.352000
119,3930182,Denmark,11,"[14.0, 23.2]","[20.9, 27.5]",2,0 days 00:22:57.501000,0 days 00:23:04.968000
120,3930182,Serbia,47,"[73.7, 48.1]","[15.9, 63.7]",2,0 days 00:23:06.866000,0 days 00:23:55.812000
121,3930182,Serbia,50,"[84.7, 0.1]","[8.2, 32.4]",2,0 days 00:24:10.697000,0 days 00:25:06.294000
122,3930182,Serbia,41,"[120.0, 80.0]","[96.0, 17.2]",2,0 days 00:25:39.774000,0 days 00:26:21.860000
123,3930182,Denmark,21,"[26.1, 52.5]","[109.8, 45.3]",2,0 days 00:26:22.808000,0 days 00:26:43.181000
124,3930182,Serbia,11,"[7.0, 41.2]","[41.1, 2.5]",2,0 days 00:27:08.618000,0 days 00:27:20.479000
125,3930182,Serbia,1,"[75.3, 80.0]","[75.3, 80.0]",2,0 days 00:27:24.002000,0 days 00:27:24.002000
126,3930182,Denmark,25,"[34.1, 1.7]","[60.8, 77.3]",2,0 days 00:27:24.395000,0 days 00:27:37.498000
127,3930182,Denmark,13,"[80.4, 0.1]","[82.8, 2.7]",2,0 days 00:28:18.537000,0 days 00:28:25.862000
128,3930182,Serbia,13,"[34.4, 77.4]","[50.0, 45.6]",2,0 days 00:28:25.862000,0 days 00:28:34.323000
129,3930182,Denmark,24,"[61.7, 17.6]","[63.8, 68.4]",2,0 days 00:28:35.766000,0 days 00:28:57.563000
130,3930182,Serbia,4,"[56.3, 11.7]","[56.3, 14.6]",2,0 days 00:28:57.563000,0 days 00:28:58.187000
131,3930182,Serbia,48,"[57.4, 21.7]","[78.7, 24.8]",2,0 days 00:29:13.396000,0 days 00:30:04.448000
132,3930182,Denmark,50,"[64.0, 57.0]","[93.3, 22.4]",2,0 days 00:30:05.591000,0 days 00:30:56.951000
133,3930182,Serbia,53,"[23.7, 52.9]","[77.0, 28.7]",2,0 days 00:31:47.310000,0 days 00:34:12.970000
136,3930182,Serbia,22,"[73.7, 30.6]","[13.6, 30.6]",2,0 days 00:34:22.091000,0 days 00:34:49.030000
137,3930182,Serbia,35,"[93.4, 80.0]","[1.6, 43.0]",2,0 days 00:34:50.696000,0 days 00:35:24.863000
138,3930182,Denmark,1,"[6.0, 38.6]","[6.0, 38.6]",2,0 days 00:36:06.273000,0 days 00:36:06.273000
139,3930182,Serbia,19,"[15.6, 33.4]","[65.1, 58.3]",2,0 days 00:36:10.676000,0 days 00:36:31.042000
140,3930182,Denmark,23,"[42.5, 25.4]","[9.7, 46.3]",2,0 days 00:36:32.608000,0 days 00:36:55.750000
141,3930182,Serbia,40,"[33.0, 61.4]","[101.9, 54.3]",2,0 days 00:36:57.555000,0 days 00:37:46.923000
142,3930182,Denmark,3,"[5.3, 43.4]","[77.7, 11.0]",2,0 days 00:39:15.677000,0 days 00:39:19.588000
143,3930182,Serbia,24,"[20.4, 70.0]","[80.0, 58.4]",2,0 days 00:39:21.761000,0 days 00:39:44.534000
144,3930182,Serbia,9,"[20.8, 0.1]","[63.3, 11.2]",2,0 days 00:39:59.418000,0 days 00:40:05.094000
145,3930182,Denmark,17,"[56.8, 73.7]","[2.4, 47.7]",2,0 days 00:40:05.362000,0 days 00:40:29.791000
146,3930182,Denmark,3,"[120.0, 0.1]","[5.5, 38.6]",2,0 days 00:41:58.043000,0 days 00:42:00.106000
147,3930182,Serbia,49,"[8.7, 36.6]","[1.8, 38.0]",2,0 days 00:42:54.725000,0 days 00:43:48.405000
148,3930182,Denmark,4,"[6.0, 39.7]","[47.1, 51.6]",2,0 days 00:44:22.477000,0 days 00:44:24.236000
149,3930182,Serbia,79,"[28.6, 53.3]","[2.8, 52.5]",2,0 days 00:44:25.598000,0 days 00:46:04.894000
150,3930182,Serbia,35,"[109.1, 0.1]","[101.3, 42.6]",2,0 days 00:46:19.985000,0 days 00:46:55.531000
151,3930182,Denmark,2,"[2.1, 38.9]","[111.0, 48.2]",2,0 days 00:46:56.298000,0 days 00:46:59.645000
152,3930182,Denmark,14,"[10.0, 37.7]","[106.9, 3.1]",2,0 days 00:47:22.047000,0 days 00:47:36.817000
153,3930182,Serbia,28,"[13.2, 77.0]","[9.8, 39.1]",2,0 days 00:47:36.817000,0 days 00:48:31.045000
154,3930182,Serbia,13,"[26.0, 75.2]","[15.6, 43.4]",2,0 days 00:48:32.552000,0 days 00:48:45.977000
155,3930182,Denmark,2,"[15.6, 43.4]","[87.8, 2.5]",2,0 days 00:49:30.172000,0 days 00:49:35.772000
156,3930182,Serbia,16,"[29.2, 80.0]","[23.4, 51.9]",2,0 days 00:49:43.677000,0 days 00:49:58.318000
2,3930179,Albania,8,"[60.0, 40.0]","[85.3, 5.8]",1,0 days 00:00:00.646000,0 days 00:00:07.053000
3,3930179,Spain,10,"[33.7, 70.4]","[89.6, 4.5]",1,0 days 00:00:07.053000,0 days 00:00:10.255000
4,3930179,Spain,32,"[29.2, 80.0]","[34.6, 77.5]",1,0 days 00:00:25.254000,0 days 00:00:57.640000
5,3930179,Albania,34,"[83.1, 2.6]","[81.7, 24.1]",1,0 days 00:00:58.054000,0 days 00:01:31.094000
6,3930179,Spain,54,"[35.6, 54.6]","[85.3, 75.0]",1,0 days 00:01:31.759000,0 days 00:02:48.104000
7,3930179,Albania,7,"[33.3, 0.1]","[70.9, 78.0]",1,0 days 00:03:07.715000,0 days 00:03:12.002000
8,3930179,Albania,8,"[47.4, 0.1]","[39.2, 78.6]",1,0 days 00:03:27.023000,0 days 00:03:32.499000
9,3930179,Albania,31,"[86.9, 0.1]","[5.2, 67.5]",1,0 days 00:03:47.599000,0 days 00:04:11.089000
10,3930179,Albania,3,"[120.0, 0.1]","[76.6, 1.9]",1,0 days 00:04:49.949000,0 days 00:04:57.059000
11,3930179,Spain,33,"[2.7, 41.6]","[103.7, 70.1]",1,0 days 00:05:16.200000,0 days 00:05:58.376000
12,3930179,Albania,11,"[19.0, 6.7]","[54.4, 25.5]",1,0 days 00:05:58.376000,0 days 00:06:07.028000
13,3930179,Spain,11,"[67.2, 54.6]","[95.6, 59.3]",1,0 days 00:06:07.028000,0 days 00:06:12.051000
14,3930179,Albania,16,"[24.5, 20.8]","[14.0, 40.6]",1,0 days 00:06:12.051000,0 days 00:06:26.276000
15,3930179,Spain,60,"[64.1, 80.0]","[112.8, 21.6]",1,0 days 00:06:38.643000,0 days 00:07:53.388000
16,3930179,Albania,9,"[6.0, 39.8]","[30.3, 0.3]",1,0 days 00:08:29.589000,0 days 00:08:34.790000
17,3930179,Albania,41,"[25.3, 2.6]","[90.1, 25.1]",1,0 days 00:08:45.634000,0 days 00:09:22.315000
18,3930179,Spain,47,"[14.8, 48.5]","[109.6, 12.9]",1,0 days 00:09:22.315000,0 days 00:10:18.471000
19,3930179,Albania,41,"[18.0, 60.0]","[53.5, 39.4]",1,0 days 00:10:18.471000,0 days 00:10:57.958000
20,3930179,Spain,19,"[63.6, 40.7]","[3.5, 46.0]",1,0 days 00:10:57.958000,0 days 00:11:11.958000
21,3930179,Spain,6,"[120.0, 0.1]","[0.9, 40.3]",1,0 days 00:11:22.848000,0 days 00:11:29.343000
22,3930179,Albania,3,"[6.0, 39.3]","[68.3, 16.3]",1,0 days 00:12:08.264000,0 days 00:12:11.574000
23,3930179,Spain,18,"[33.9, 59.9]","[4.2, 35.9]",1,0 days 00:12:13.293000,0 days 00:12:34.126000
24,3930179,Albania,11,"[60.0, 40.0]","[64.9, 0.7]",1,0 days 00:13:48.438000,0 days 00:14:00.178000
25,3930179,Spain,47,"[49.5, 80.0]","[40.4, 54.0]",1,0 days 00:14:07.649000,0 days 00:14:53.401000
26,3930179,Albania,3,"[40.4, 54.0]","[38.5, 56.9]",1,0 days 00:15:18.727000,0 days 00:15:19.842000
27,3930179,Spain,25,"[42.1, 52.5]","[75.7, 4.0]",1,0 days 00:15:22.718000,0 days 00:15:46.710000
28,3930179,Albania,12,"[44.4, 76.1]","[55.8, 69.0]",1,0 days 00:15:46.710000,0 days 00:15:50.055000
29,3930179,Albania,39,"[59.7, 68.2]","[13.0, 19.5]",1,0 days 00:16:03.848000,0 days 00:16:35.784000
30,3930179,Spain,26,"[25.1, 26.8]","[110.8, 69.5]",1,0 days 00:16:38.245000,0 days 00:17:03.727000
31,3930179,Albania,32,"[4.7, 39.6]","[58.4, 40.5]",1,0 days 00:17:22.471000,0 days 00:17:58.405000
32,3930179,Spain,40,"[59.8, 33.3]","[89.4, 12.1]",1,0 days 00:18:00.078000,0 days 00:18:37.391000
33,3930179,Albania,18,"[26.5, 65.8]","[115.4, 3.8]",1,0 days 00:18:37.391000,0 days 00:18:46.366000
34,3930179,Albania,2,"[25.4, 80.0]","[40.0, 51.4]",1,0 days 00:19:09.684000,0 days 00:19:11.543000
35,3930179,Spain,74,"[80.1, 27.4]","[99.1, 60.9]",1,0 days 00:19:11.543000,0 days 00:20:34.644000
36,3930179,Albania,21,"[22.6, 19.4]","[53.8, 31.9]",1,0 days 00:20:34.644000,0 days 00:20:46.460000
37,3930179,Spain,11,"[66.3, 48.2]","[1.9, 37.5]",1,0 days 00:20:46.460000,0 days 00:20:56.683000
38,3930179,Albania,15,"[5.4, 39.8]","[72.4, 7.2]",1,0 days 00:21:33.944000,0 days 00:21:55.790000
39,3930179,Spain,30,"[47.7, 72.9]","[93.1, 54.6]",1,0 days 00:21:55.790000,0 days 00:22:18.523000
40,3930179,Albania,7,"[27.5, 25.5]","[37.9, 37.6]",1,0 days 00:22:18.790000,0 days 00:22:21.166000
41,3930179,Albania,66,"[46.8, 40.6]","[32.2, 2.0]",1,0 days 00:23:00.438000,0 days 00:23:50.784000
42,3930179,Albania,5,"[92.9, 80.0]","[105.6, 62.2]",1,0 days 00:24:12.041000,0 days 00:24:15.392000
43,3930179,Spain,12,"[16.2, 17.1]","[52.7, 3.6]",1,0 days 00:24:15.392000,0 days 00:24:20.698000
44,3930179,Spain,20,"[52.7, 3.6]","[10.5, 61.6]",1,0 days 00:24:35.142000,0 days 00:24:53.008000
45,3930179,Spain,46,"[120.0, 0.1]","[95.6, 3.8]",1,0 days 00:25:22.564000,0 days 00:26:11.669000
46,3930179,Albania,11,"[2.1, 37.0]","[86.4, 4.3]",1,0 days 00:26:13.938000,0 days 00:26:31.197000
47,3930179,Albania,6,"[40.6, 80.0]","[52.2, 4.6]",1,0 days 00:26:51.199000,0 days 00:26:55.867000
48,3930179,Albania,2,"[83.9, 80.0]","[96.1, 63.0]",1,0 days 00:27:16.401000,0 days 00:27:17.734000
49,3930179,Spain,18,"[21.7, 16.3]","[95.0, 62.6]",1,0 days 00:27:17.734000,0 days 00:27:34.512000
50,3930179,Albania,5,"[25.1, 17.5]","[116.0, 55.4]",1,0 days 00:27:34.512000,0 days 00:27:39.643000
51,3930179,Albania,98,"[14.2, 0.1]","[83.5, 66.2]",1,0 days 00:27:58.831000,0 days 00:29:33.706000
52,3930179,Spain,5,"[7.0, 32.4]","[69.2, 13.7]",1,0 days 00:30:06.750000,0 days 00:30:13.201000
53,3930179,Albania,15,"[48.4, 67.4]","[36.2, 69.7]",1,0 days 00:30:23.124000,0 days 00:30:34.171000
54,3930179,Albania,10,"[82.7, 0.1]","[21.7, 78.2]",1,0 days 00:30:46.018000,0 days 00:30:49.981000
55,3930179,Albania,2,"[95.0, 0.1]","[110.2, 20.8]",1,0 days 00:31:00.137000,0 days 00:31:05.077000
56,3930179,Spain,30,"[5.0, 53.2]","[38.9, 2.6]",1,0 days 00:31:05.077000,0 days 00:31:41.946000
57,3930179,Spain,50,"[77.5, 80.0]","[66.6, 2.4]",1,0 days 00:31:51.731000,0 days 00:32:42.767000
58,3930179,Albania,34,"[46.0, 80.0]","[83.3, 37.0]",1,0 days 00:33:11.873000,0 days 00:33:40.484000
59,3930179,Spain,13,"[42.7, 41.5]","[2.6, 48.4]",1,0 days 00:33:41.759000,0 days 00:33:52.763000
60,3930179,Spain,68,"[120.0, 0.1]","[3.7, 38.0]",1,0 days 00:34:24.648000,0 days 00:35:36.479000
61,3930179,Spain,6,"[120.0, 80.0]","[118.3, 35.0]",1,0 days 00:36:06.039000,0 days 00:36:11.348000
62,3930179,Albania,21,"[5.3, 38.2]","[69.8, 76.6]",1,0 days 00:36:43.231000,0 days 00:36:59.427000
63,3930179,Albania,8,"[49.7, 0.1]","[27.5, 78.0]",1,0 days 00:37:14.553000,0 days 00:37:21.817000
64,3930179,Spain,94,"[30.0, 80.0]","[18.4, 70.9]",1,0 days 00:37:38.583000,0 days 00:39:37.203000
65,3930179,Spain,37,"[111.6, 0.1]","[1.0, 38.1]",1,0 days 00:39:48.175000,0 days 00:40:17.918000
66,3930179,Albania,2,"[6.0, 46.2]","[74.2, 74.1]",1,0 days 00:40:44.360000,0 days 00:40:50.360000
67,3930179,Spain,23,"[39.2, 8.4]","[51.7, 57.7]",1,0 days 00:40:50.360000,0 days 00:41:22.637000
68,3930179,Albania,23,"[47.3, 56.3]","[44.4, 7.4]",1,0 days 00:41:34.370000,0 days 00:41:58.805000
69,3930179,Spain,21,"[76.3, 67.3]","[7.7, 38.4]",1,0 days 00:41:58.805000,0 days 00:42:18.876000
70,3930179,Spain,43,"[120.0, 80.0]","[1.3, 42.2]",1,0 days 00:42:52.318000,0 days 00:43:38.276000
71,3930179,Albania,38,"[5.1, 38.8]","[95.6, 37.2]",1,0 days 00:44:00.099000,0 days 00:44:40.185000
72,3930179,Spain,1,"[1.2, 41.4]","[1.2, 41.4]",1,0 days 00:44:40.976000,0 days 00:44:40.976000
73,3930179,Spain,21,"[6.2, 37.3]","[1.3, 41.6]",1,0 days 00:45:02.209000,0 days 00:45:25.951000
74,3930179,Albania,9,"[5.9, 40.6]","[67.9, 14.1]",1,0 days 00:45:51.404000,0 days 00:45:58.981000
75,3930179,Spain,83,"[60.0, 40.0]","[1.1, 42.3]",2,0 days 00:00:00.458000,0 days 00:01:32.547000
76,3930179,Albania,4,"[6.9, 40.4]","[81.6, 10.6]",2,0 days 00:02:04.972000,0 days 00:02:10.225000
77,3930179,Spain,9,"[36.9, 67.8]","[49.9, 50.9]",2,0 days 00:02:10.225000,0 days 00:02:13.980000
78,3930179,Albania,18,"[69.8, 25.6]","[36.4, 38.5]",2,0 days 00:02:13.980000,0 days 00:02:22.744000
79,3930179,Spain,7,"[83.2, 48.5]","[108.6, 44.8]",2,0 days 00:02:22.744000,0 days 00:02:27.324000
80,3930179,Albania,1,"[9.7, 35.9]","[9.7, 35.9]",2,0 days 00:02:27.355000,0 days 00:02:27.355000
81,3930179,Albania,27,"[10.7, 37.9]","[38.5, 73.6]",2,0 days 00:02:34.617000,0 days 00:02:52.169000
82,3930179,Albania,58,"[38.2, 72.7]","[55.9, 4.7]",2,0 days 00:02:58.267000,0 days 00:03:49.656000
83,3930179,Spain,14,"[53.7, 4.9]","[106.1, 39.6]",2,0 days 00:03:50.606000,0 days 00:03:59.479000
84,3930179,Albania,37,"[14.0, 44.3]","[16.6, 38.2]",2,0 days 00:03:59.479000,0 days 00:04:40.064000
85,3930179,Albania,24,"[6.9, 43.2]","[95.9, 26.0]",2,0 days 00:04:45.041000,0 days 00:05:13.106000
86,3930179,Spain,17,"[13.5, 57.3]","[79.0, 74.9]",2,0 days 00:05:13.106000,0 days 00:05:32.745000
87,3930179,Spain,11,"[82.2, 76.0]","[91.4, 74.6]",2,0 days 00:06:19.480000,0 days 00:06:24.501000
88,3930179,Albania,96,"[31.4, 6.8]","[50.7, 7.9]",2,0 days 00:06:24.787000,0 days 00:07:47.274000
89,3930179,Spain,92,"[36.6, 50.6]","[96.1, 6.5]",2,0 days 00:07:49.470000,0 days 00:09:13.932000
90,3930179,Albania,46,"[28.7, 65.6]","[107.5, 26.3]",2,0 days 00:09:13.932000,0 days 00:09:50.921000
91,3930179,Spain,84,"[12.6, 53.8]","[103.9, 15.1]",2,0 days 00:09:50.921000,0 days 00:11:29.886000
92,3930179,Albania,11,"[11.0, 67.5]","[51.2, 54.7]",2,0 days 00:11:30.675000,0 days 00:11:38.836000
93,3930179,Spain,76,"[68.9, 26.9]","[3.3, 21.2]",2,0 days 00:11:38.836000,0 days 00:12:47.052000
94,3930179,Spain,37,"[77.2, 80.0]","[103.6, 42.9]",2,0 days 00:13:32.556000,0 days 00:14:03.438000
95,3930179,Albania,20,"[19.2, 36.3]","[50.7, 19.8]",2,0 days 00:14:04.335000,0 days 00:14:26.332000
96,3930179,Spain,92,"[71.9, 60.3]","[34.7, 37.9]",2,0 days 00:14:26.332000,0 days 00:15:31.573000
97,3930179,Albania,11,"[33.1, 36.3]","[100.9, 5.5]",2,0 days 00:16:22.359000,0 days 00:16:32.760000
98,3930179,Spain,41,"[16.5, 69.2]","[60.6, 64.2]",2,0 days 00:17:07.148000,0 days 00:18:05.062000
99,3930179,Albania,26,"[59.5, 15.9]","[72.2, 59.9]",2,0 days 00:18:05.062000,0 days 00:18:26.583000
100,3930179,Albania,6,"[75.6, 61.4]","[2.3, 23.8]",2,0 days 00:18:46.157000,0 days 00:18:51.634000
101,3930179,Albania,24,"[109.0, 80.0]","[1.0, 41.0]",2,0 days 00:19:17.341000,0 days 00:19:38.133000
102,3930179,Albania,25,"[120.0, 0.1]","[110.5, 16.5]",2,0 days 00:19:59.510000,0 days 00:20:32.072000
103,3930179,Spain,7,"[9.6, 63.6]","[29.7, 14.0]",2,0 days 00:21:16.496000,0 days 00:21:22.356000
104,3930179,Albania,23,"[31.7, 14.2]","[63.6, 26.0]",2,0 days 00:21:48.669000,0 days 00:22:11.368000
107,3930179,Albania,33,"[63.4, 24.5]","[74.6, 23.3]",2,0 days 00:22:54.862000,0 days 00:23:19.603000
108,3930179,Spain,18,"[41.6, 54.8]","[63.9, 15.1]",2,0 days 00:23:19.603000,0 days 00:23:38.281000
109,3930179,Albania,15,"[56.2, 60.0]","[21.9, 19.4]",2,0 days 00:23:38.281000,0 days 00:23:52.728000
110,3930179,Spain,1,"[2.2, 37.9]","[2.2, 37.9]",2,0 days 00:23:53.907000,0 days 00:23:53.907000
111,3930179,Spain,17,"[3.5, 33.6]","[5.0, 18.3]",2,0 days 00:23:58.974000,0 days 00:24:17.883000
112,3930179,Spain,20,"[120.0, 80.0]","[110.0, 2.4]",2,0 days 00:25:10.069000,0 days 00:25:25.730000
113,3930179,Albania,7,"[16.2, 80.0]","[58.4, 78.2]",2,0 days 00:26:15.752000,0 days 00:26:21.688000
114,3930179,Spain,55,"[50.3, 0.1]","[103.0, 68.3]",2,0 days 00:26:26.645000,0 days 00:27:22.094000
115,3930179,Albania,13,"[17.1, 11.8]","[30.0, 20.3]",2,0 days 00:27:22.094000,0 days 00:27:28.582000
116,3930179,Albania,10,"[29.0, 19.8]","[49.4, 76.9]",2,0 days 00:27:35.143000,0 days 00:27:45.082000
117,3930179,Spain,9,"[69.2, 5.2]","[97.6, 30.5]",2,0 days 00:27:45.082000,0 days 00:27:48.912000
118,3930179,Albania,18,"[26.1, 54.5]","[70.8, 76.9]",2,0 days 00:27:48.912000,0 days 00:27:58.204000
119,3930179,Spain,73,"[50.6, 0.1]","[96.4, 77.2]",2,0 days 00:28:05.239000,0 days 00:29:16.146000
120,3930179,Albania,7,"[25.8, 0.1]","[86.0, 76.6]",2,0 days 00:29:30.244000,0 days 00:29:33.440000
121,3930179,Albania,5,"[41.7, 0.1]","[54.5, 3.8]",2,0 days 00:29:41.305000,0 days 00:29:43.109000
122,3930179,Spain,38,"[65.6, 76.3]","[87.6, 75.8]",2,0 days 00:29:43.109000,0 days 00:30:13.953000
123,3930179,Albania,7,"[41.7, 0.1]","[51.2, 16.5]",2,0 days 00:30:26.213000,0 days 00:30:29.187000
124,3930179,Spain,15,"[66.2, 71.0]","[108.9, 50.6]",2,0 days 00:30:29.187000,0 days 00:30:38.458000
125,3930179,Albania,5,"[11.5, 33.3]","[97.9, 45.7]",2,0 days 00:30:56.212000,0 days 00:31:07.352000
126,3930179,Spain,17,"[20.6, 39.3]","[96.1, 49.3]",2,0 days 00:31:07.352000,0 days 00:31:24.872000
127,3930179,Albania,18,"[7.7, 36.3]","[1.8, 41.9]",2,0 days 00:31:27.086000,0 days 00:31:48.464000
128,3930179,Spain,19,"[6.0, 34.4]","[71.9, 20.1]",2,0 days 00:32:28.308000,0 days 00:32:41.940000
129,3930179,Albania,20,"[46.2, 70.7]","[1.5, 38.9]",2,0 days 00:32:43.563000,0 days 00:32:58.713000
130,3930179,Spain,27,"[3.8, 46.5]","[2.4, 44.2]",2,0 days 00:33:00.402000,0 days 00:33:40.290000
131,3930179,Spain,5,"[120.0, 0.1]","[0.9, 41.2]",2,0 days 00:34:19.873000,0 days 00:34:21.845000
132,3930179,Albania,6,"[7.0, 40.8]","[65.1, 4.9]",2,0 days 00:34:36.451000,0 days 00:34:40.068000
133,3930179,Albania,30,"[65.6, 11.5]","[88.2, 75.2]",2,0 days 00:34:55.602000,0 days 00:35:14.901000
134,3930179,Spain,20,"[28.9, 4.9]","[19.8, 28.3]",2,0 days 00:35:15.393000,0 days 00:35:31.765000
135,3930179,Albania,13,"[19.5, 36.6]","[36.1, 25.3]",2,0 days 00:35:32.909000,0 days 00:35:37.795000
136,3930179,Albania,11,"[36.1, 25.3]","[96.5, 27.8]",2,0 days 00:36:06.293000,0 days 00:36:20.918000
137,3930179,Spain,24,"[12.6, 54.5]","[79.0, 67.8]",2,0 days 00:36:20.918000,0 days 00:37:09.068000
138,3930179,Spain,28,"[79.9, 65.3]","[15.1, 35.8]",2,0 days 00:37:13.867000,0 days 00:37:43.558000
139,3930179,Albania,14,"[35.2, 46.5]","[1.7, 43.0]",2,0 days 00:37:45.063000,0 days 00:38:01.243000
140,3930179,Spain,27,"[5.8, 35.8]","[71.6, 28.1]",2,0 days 00:39:01.005000,0 days 00:39:23.774000
141,3930179,Albania,18,"[48.5, 52.0]","[36.9, 65.3]",2,0 days 00:39:23.774000,0 days 00:39:29.809000
142,3930179,Spain,46,"[24.5, 17.4]","[69.2, 76.6]",2,0 days 00:39:33.944000,0 days 00:40:11.878000
143,3930179,Spain,28,"[53.7, 0.1]","[57.6, 74.6]",2,0 days 00:40:32.121000,0 days 00:41:08.675000
144,3930179,Albania,5,"[56.5, 3.5]","[64.4, 75.5]",2,0 days 00:41:09.907000,0 days 00:41:11.800000
145,3930179,Albania,5,"[64.2, 0.1]","[91.6, 5.7]",2,0 days 00:41:30.592000,0 days 00:41:32.970000
146,3930179,Albania,1,"[90.2, 3.9]","[90.2, 3.9]",2,0 days 00:42:21.631000,0 days 00:42:21.631000
147,3930179,Spain,3,"[5.9, 37.2]","[71.9, 21.5]",2,0 days 00:42:56.732000,0 days 00:43:00.973000
148,3930179,Spain,9,"[71.6, 20.1]","[33.4, 11.8]",2,0 days 00:44:06.174000,0 days 00:44:17.968000
149,3930179,Spain,14,"[82.9, 80.0]","[70.7, 73.6]",2,0 days 00:44:34.956000,0 days 00:44:39.319000
150,3930179,Albania,4,"[48.5, 6.8]","[54.7, 5.4]",2,0 days 00:44:39.536000,0 days 00:44:43.278000
151,3930179,Albania,35,"[35.8, 12.9]","[88.8, 78.6]",2,0 days 00:45:03.335000,0 days 00:45:41.333000
152,3930179,Albania,12,"[93.1, 78.2]","[0.9, 39.4]",2,0 days 00:46:24.035000,0 days 00:46:28.259000
153,3930179,Spain,3,"[9.3, 40.2]","[85.1, 11.5]",2,0 days 00:46:53.002000,0 days 00:46:57.134000
154,3930179,Albania,35,"[36.7, 67.5]","[113.3, 63.3]",2,0 days 00:46:57.134000,0 days 00:47:27.785000
155,3930179,Spain,17,"[6.8, 16.8]","[71.6, 41.1]",2,0 days 00:47:27.785000,0 days 00:47:42.278000
156,3930179,Albania,66,"[44.9, 37.2]","[105.9, 60.6]",2,0 days 00:47:42.363000,0 days 00:48:45.985000
157,3930179,Spain,1,"[5.3, 36.4]","[5.3, 36.4]",2,0 days 00:49:35.265000,0 days 00:49:35.265000
2,3940983,Germany,13,"[61.0, 40.1]","[2.9, 33.9]",1,0 days 00:00:00.546000,0 days 00:00:10.880000
3,3940983,Germany,59,"[81.1, 80.0]","[61.9, 26.0]",1,0 days 00:00:19.093000,0 days 00:01:03.889000
4,3940983,Germany,14,"[63.6, 24.2]","[100.1, 74.3]",1,0 days 00:01:12.954000,0 days 00:01:30.470000
5,3940983,Denmark,9,"[23.3, 15.6]","[49.6, 2.9]",1,0 days 00:01:30.470000,0 days 00:01:35.986000
6,3940983,Germany,43,"[70.5, 77.2]","[5.5, 3.2]",1,0 days 00:01:35.986000,0 days 00:02:20.849000
7,3940983,Germany,32,"[112.2, 80.0]","[3.5, 45.8]",1,0 days 00:02:25.325000,0 days 00:02:47.002000
8,3940983,Germany,3,"[120.0, 0.1]","[12.5, 41.0]",1,0 days 00:03:17.516000,0 days 00:03:18.149000
9,3940983,Denmark,31,"[7.6, 40.2]","[94.7, 4.1]",1,0 days 00:03:52.882000,0 days 00:04:34.024000
10,3940983,Germany,1,"[26.7, 73.3]","[26.7, 73.3]",1,0 days 00:04:45.737000,0 days 00:04:45.737000
11,3940983,Denmark,7,"[91.1, 31.9]","[106.4, 49.6]",1,0 days 00:04:47.245000,0 days 00:04:50.747000
12,3940983,Germany,14,"[13.7, 30.5]","[84.3, 76.3]",1,0 days 00:04:50.747000,0 days 00:04:58.100000
13,3940983,Germany,5,"[40.8, 0.1]","[61.9, 4.1]",1,0 days 00:05:25.150000,0 days 00:05:28.469000
14,3940983,Denmark,6,"[57.3, 71.6]","[64.4, 72.2]",1,0 days 00:05:28.469000,0 days 00:05:30.470000
15,3940983,Denmark,25,"[64.4, 72.2]","[14.2, 68.9]",1,0 days 00:05:34.795000,0 days 00:05:57.060000
16,3940983,Germany,8,"[101.5, 12.3]","[2.6, 39.2]",1,0 days 00:05:57.060000,0 days 00:06:03.802000
17,3940983,Germany,5,"[120.0, 80.0]","[1.4, 41.3]",1,0 days 00:06:46.961000,0 days 00:06:50.804000
18,3940983,Germany,46,"[120.0, 80.0]","[58.7, 26.9]",1,0 days 00:07:17.209000,0 days 00:08:02.138000
19,3940983,Germany,96,"[57.4, 26.6]","[26.3, 7.7]",1,0 days 00:08:16.119000,0 days 00:09:29.476000
20,3940983,Germany,25,"[77.5, 80.0]","[2.3, 42.2]",1,0 days 00:09:35.010000,0 days 00:09:59.072000
21,3940983,Germany,4,"[120.0, 80.0]","[0.9, 40.1]",1,0 days 00:10:36.758000,0 days 00:10:39.379000
22,3940983,Denmark,2,"[11.2, 43.8]","[55.0, 74.6]",1,0 days 00:10:45.233000,0 days 00:10:48.224000
23,3940983,Germany,28,"[67.2, 6.2]","[111.1, 40.5]",1,0 days 00:10:48.224000,0 days 00:11:12.411000
24,3940983,Denmark,16,"[4.6, 41.1]","[42.3, 67.8]",1,0 days 00:11:12.411000,0 days 00:11:32.017000
25,3940983,Germany,45,"[78.5, 10.3]","[50.3, 7.1]",1,0 days 00:11:32.017000,0 days 00:12:09.437000
26,3940983,Germany,13,"[57.1, 80.0]","[3.5, 39.4]",1,0 days 00:12:12.311000,0 days 00:12:22.359000
27,3940983,Denmark,12,"[6.0, 38.5]","[60.0, 40.5]",1,0 days 00:12:50.371000,0 days 00:13:03.327000
28,3940983,Germany,8,"[66.4, 34.3]","[15.0, 48.2]",1,0 days 00:13:03.327000,0 days 00:13:08.565000
29,3940983,Denmark,25,"[2.3, 46.1]","[103.6, 9.1]",1,0 days 00:13:09.751000,0 days 00:13:44.121000
30,3940983,Germany,15,"[14.2, 71.3]","[81.9, 5.5]",1,0 days 00:13:44.121000,0 days 00:13:51.775000
31,3940983,Denmark,3,"[85.4, 7.1]","[13.7, 43.2]",1,0 days 00:14:29.624000,0 days 00:14:30.818000
32,3940983,Germany,8,"[25.1, 54.2]","[93.5, 40.8]",1,0 days 00:14:32.613000,0 days 00:14:45.167000
33,3940983,Germany,3,"[92.3, 36.2]","[1.0, 39.2]",1,0 days 00:15:51.395000,0 days 00:15:51.747000
34,3940983,Germany,18,"[100.6, 0.1]","[78.5, 14.2]",1,0 days 00:16:11.086000,0 days 00:16:27.245000
35,3940983,Denmark,7,"[35.5, 71.9]","[42.9, 70.3]",1,0 days 00:16:27.599000,0 days 00:16:29.679000
36,3940983,Germany,7,"[77.2, 9.8]","[35.7, 75.5]",1,0 days 00:16:29.679000,0 days 00:16:32.847000
37,3940983,Germany,79,"[92.6, 0.1]","[26.3, 16.2]",1,0 days 00:16:41.814000,0 days 00:17:50.476000
38,3940983,Denmark,18,"[3.2, 40.2]","[98.6, 46.8]",1,0 days 00:17:52.337000,0 days 00:18:25.773000
39,3940983,Germany,11,"[22.0, 38.2]","[54.8, 5.9]",1,0 days 00:18:25.773000,0 days 00:18:32.122000
40,3940983,Denmark,113,"[57.0, 74.9]","[6.5, 39.5]",1,0 days 00:18:32.122000,0 days 00:20:21.481000
41,3940983,Denmark,5,"[120.0, 80.0]","[107.7, 37.2]",1,0 days 00:21:00.228000,0 days 00:21:04.138000
42,3940983,Germany,6,"[11.8, 45.7]","[30.8, 26.0]",1,0 days 00:21:04.138000,0 days 00:21:06.341000
43,3940983,Germany,13,"[30.0, 25.3]","[77.8, 64.2]",1,0 days 00:21:20.588000,0 days 00:21:34.838000
44,3940983,Denmark,6,"[39.6, 15.9]","[56.2, 32.5]",1,0 days 00:21:34.838000,0 days 00:21:38.092000
45,3940983,Denmark,100,"[56.2, 31.6]","[1.8, 44.0]",1,0 days 00:21:58.573000,0 days 00:23:36.388000
46,3940983,Germany,19,"[5.9, 31.9]","[61.7, 7.9]",1,0 days 00:24:02.449000,0 days 00:25:38.464000
47,3940983,Germany,61,"[44.9, 80.0]","[113.1, 15.1]",1,0 days 00:25:47.371000,0 days 00:26:51.122000
48,3940983,Denmark,32,"[7.0, 65.0]","[81.3, 76.3]",1,0 days 00:26:51.122000,0 days 00:27:08.569000
49,3940983,Germany,30,"[30.8, 4.3]","[87.1, 61.2]",1,0 days 00:27:09.482000,0 days 00:27:35.509000
50,3940983,Denmark,26,"[34.3, 23.6]","[71.9, 76.0]",1,0 days 00:27:35.509000,0 days 00:27:55.601000
51,3940983,Germany,54,"[49.1, 0.1]","[77.5, 70.2]",1,0 days 00:28:10.657000,0 days 00:29:00.334000
52,3940983,Denmark,32,"[40.5, 11.5]","[100.3, 36.6]",1,0 days 00:29:00.334000,0 days 00:29:26.272000
53,3940983,Denmark,10,"[100.8, 38.0]","[111.8, 38.8]",1,0 days 00:30:46.762000,0 days 00:30:54.541000
54,3940983,Germany,36,"[9.1, 80.0]","[2.9, 45.5]",1,0 days 00:31:21.478000,0 days 00:31:46.099000
55,3940983,Germany,37,"[82.6, 0.1]","[89.6, 34.6]",1,0 days 00:31:55.066000,0 days 00:32:18.534000
56,3940983,Denmark,27,"[28.9, 48.8]","[28.0, 3.5]",1,0 days 00:32:18.534000,0 days 00:32:45.022000
57,3940983,Germany,17,"[77.8, 80.0]","[93.2, 77.2]",1,0 days 00:32:54.459000,0 days 00:33:10.279000
58,3940983,Denmark,15,"[25.9, 7.7]","[77.7, 1.7]",1,0 days 00:33:10.279000,0 days 00:33:22.346000
59,3940983,Germany,76,"[36.1, 80.0]","[64.2, 36.6]",1,0 days 00:33:42.472000,0 days 00:34:47.584000
61,3940983,Germany,16,"[56.2, 28.9]","[71.4, 58.6]",1,0 days 00:39:36.964000,0 days 00:39:47.442000
62,3940983,Denmark,6,"[6.0, 44.1]","[87.0, 41.3]",1,0 days 00:40:23.485000,0 days 00:40:28.294000
63,3940983,Germany,11,"[29.0, 32.8]","[62.8, 72.7]",1,0 days 00:40:28.294000,0 days 00:40:39.110000
64,3940983,Denmark,7,"[57.3, 7.4]","[86.7, 4.7]",1,0 days 00:40:39.110000,0 days 00:40:44.428000
65,3940983,Germany,16,"[31.1, 74.3]","[80.2, 50.3]",1,0 days 00:40:44.428000,0 days 00:40:53.189000
66,3940983,Germany,19,"[80.5, 49.0]","[1.9, 42.6]",1,0 days 00:41:26.829000,0 days 00:41:43.156000
67,3940983,Denmark,65,"[6.0, 39.6]","[108.6, 29.2]",1,0 days 00:41:57.088000,0 days 00:42:52.875000
68,3940983,Germany,37,"[8.8, 36.0]","[8.8, 6.2]",1,0 days 00:42:52.875000,0 days 00:43:31.600000
69,3940983,Germany,4,"[120.0, 80.0]","[111.6, 9.1]",1,0 days 00:44:02.952000,0 days 00:44:08.127000
70,3940983,Germany,5,"[112.2, 6.5]","[2.9, 53.5]",1,0 days 00:44:42.625000,0 days 00:44:48.265000
71,3940983,Germany,30,"[65.4, 0.1]","[42.9, 78.2]",1,0 days 00:45:18.252000,0 days 00:45:38.029000
72,3940983,Denmark,29,"[70.7, 0.1]","[1.5, 35.4]",1,0 days 00:45:51.335000,0 days 00:46:07.347000
73,3940983,Germany,24,"[6.6, 32.2]","[31.9, 74.9]",1,0 days 00:46:39.090000,0 days 00:46:59.421000
74,3940983,Germany,44,"[97.9, 0.1]","[19.2, 5.8]",1,0 days 00:47:04.482000,0 days 00:47:42.127000
75,3940983,Denmark,5,"[6.0, 38.1]","[70.7, 11.8]",1,0 days 00:48:07.240000,0 days 00:48:13.177000
76,3940983,Germany,11,"[49.4, 68.3]","[65.1, 43.2]",1,0 days 00:48:13.177000,0 days 00:48:18.653000
77,3940983,Germany,12,"[73.6, 44.9]","[99.2, 40.5]",1,0 days 00:48:35.841000,0 days 00:48:39.471000
78,3940983,Denmark,8,"[19.8, 36.6]","[40.5, 36.9]",1,0 days 00:48:39.471000,0 days 00:48:44.185000
79,3940983,Germany,53,"[79.6, 43.2]","[77.8, 30.2]",1,0 days 00:48:44.185000,0 days 00:49:27.179000
80,3940983,Denmark,11,"[50.6, 61.5]","[6.8, 41.0]",1,0 days 00:49:28.905000,0 days 00:49:37.310000
81,3940983,Denmark,30,"[103.0, 0.1]","[115.1, 34.4]",1,0 days 00:50:15.223000,0 days 00:50:45.298000
82,3940983,Germany,1,"[4.4, 41.6]","[4.4, 41.6]",1,0 days 00:50:47.612000,0 days 00:50:47.612000
83,3940983,Denmark,47,"[61.0, 40.1]","[47.2, 3.6]",2,0 days 00:00:00.246000,0 days 00:00:38.733000
84,3940983,Germany,49,"[72.7, 80.0]","[57.5, 76.1]",2,0 days 00:00:43.521000,0 days 00:01:29.058000
85,3940983,Denmark,6,"[53.0, 0.1]","[76.7, 14.8]",2,0 days 00:02:03.591000,0 days 00:02:06.668000
86,3940983,Denmark,13,"[79.6, 16.2]","[111.2, 39.7]",2,0 days 00:02:35.840000,0 days 00:02:43.880000
87,3940983,Germany,17,"[16.0, 36.3]","[3.8, 57.8]",2,0 days 00:04:55.277000,0 days 00:05:10.260000
88,3940983,Germany,2,"[108.0, 40.0]","[1.0, 40.0]",2,0 days 00:07:58.087000,0 days 00:07:58.577000
89,3940983,Denmark,10,"[61.0, 40.1]","[86.9, 57.4]",2,0 days 00:08:52.693000,0 days 00:09:03.583000
90,3940983,Germany,6,"[28.4, 14.0]","[35.3, 17.2]",2,0 days 00:09:03.583000,0 days 00:09:04.468000
91,3940983,Germany,16,"[35.7, 17.6]","[57.4, 14.3]",2,0 days 00:09:17.158000,0 days 00:09:35.242000
92,3940983,Germany,6,"[68.8, 80.0]","[33.8, 7.3]",2,0 days 00:09:58.094000,0 days 00:09:59.812000
93,3940983,Denmark,14,"[28.9, 6.0]","[68.0, 22.1]",2,0 days 00:10:00.612000,0 days 00:10:08.017000
94,3940983,Germany,34,"[39.6, 49.5]","[18.8, 2.0]",2,0 days 00:10:08.017000,0 days 00:10:30.785000
95,3940983,Denmark,8,"[101.7, 80.0]","[9.1, 10.0]",2,0 days 00:10:51.894000,0 days 00:12:28.641000
96,3940983,Germany,21,"[22.9, 18.6]","[67.3, 11.9]",2,0 days 00:12:35.688000,0 days 00:12:50.139000
97,3940983,Denmark,9,"[42.6, 62.7]","[42.7, 45.0]",2,0 days 00:12:50.139000,0 days 00:12:53.990000
98,3940983,Denmark,8,"[42.7, 45.0]","[83.4, 72.1]",2,0 days 00:13:03.940000,0 days 00:13:13.319000
99,3940983,Germany,17,"[39.6, 19.9]","[7.5, 46.2]",2,0 days 00:13:14.776000,0 days 00:13:25.738000
100,3940983,Denmark,31,"[6.1, 38.8]","[61.7, 74.6]",2,0 days 00:14:11.581000,0 days 00:14:35.201000
101,3940983,Germany,7,"[64.8, 74.2]","[71.9, 66.7]",2,0 days 00:14:35.584000,0 days 00:14:44.344000
102,3940983,Germany,2,"[75.0, 65.2]","[4.1, 59.1]",2,0 days 00:15:22.146000,0 days 00:15:25.123000
103,3940983,Germany,37,"[112.5, 0.1]","[88.1, 74.9]",2,0 days 00:15:43.166000,0 days 00:16:14.652000
104,3940983,Denmark,26,"[30.2, 17.9]","[73.3, 14.5]",2,0 days 00:16:15.498000,0 days 00:16:30.178000
105,3940983,Denmark,2,"[50.9, 80.0]","[84.6, 68.7]",2,0 days 00:16:46.625000,0 days 00:16:48.431000
106,3940983,Germany,7,"[42.2, 9.3]","[81.0, 28.4]",2,0 days 00:16:48.431000,0 days 00:16:54.215000
107,3940983,Denmark,24,"[36.7, 42.1]","[2.4, 22.3]",2,0 days 00:16:54.215000,0 days 00:17:09.390000
108,3940983,Denmark,8,"[108.3, 80.0]","[97.6, 52.3]",2,0 days 00:17:18.472000,0 days 00:17:24.981000
109,3940983,Germany,16,"[28.4, 27.1]","[53.4, 4.7]",2,0 days 00:17:26.214000,0 days 00:17:36.913000
110,3940983,Denmark,27,"[63.6, 72.1]","[90.3, 3.6]",2,0 days 00:17:37.303000,0 days 00:18:01.173000
111,3940983,Germany,6,"[28.4, 80.0]","[96.4, 66.3]",2,0 days 00:18:04.746000,0 days 00:18:11.376000
112,3940983,Denmark,45,"[28.9, 16.7]","[54.8, 63.9]",2,0 days 00:19:03.478000,0 days 00:19:48.060000
113,3940983,Germany,8,"[47.5, 43.5]","[69.5, 37.3]",2,0 days 00:19:50.316000,0 days 00:19:53.258000
114,3940983,Denmark,40,"[51.1, 48.4]","[4.2, 43.1]",2,0 days 00:19:54.596000,0 days 00:20:40.185000
115,3940983,Germany,25,"[12.6, 44.0]","[69.6, 51.8]",2,0 days 00:20:41.033000,0 days 00:21:17.258000
116,3940983,Denmark,13,"[47.7, 29.2]","[59.0, 57.2]",2,0 days 00:21:17.874000,0 days 00:21:29.814000
117,3940983,Germany,88,"[56.6, 17.2]","[4.6, 45.0]",2,0 days 00:21:30.478000,0 days 00:22:49.224000
118,3940983,Denmark,12,"[61.0, 40.1]","[80.3, 36.9]",2,0 days 00:23:56.011000,0 days 00:24:14.451000
119,3940983,Germany,11,"[30.0, 53.9]","[62.3, 51.8]",2,0 days 00:24:14.451000,0 days 00:24:23.400000
120,3940983,Denmark,16,"[64.9, 23.7]","[29.2, 22.2]",2,0 days 00:24:23.400000,0 days 00:24:39.913000
121,3940983,Germany,50,"[26.0, 27.8]","[90.6, 38.7]",2,0 days 00:24:41.066000,0 days 00:25:15.299000
122,3940983,Denmark,31,"[9.0, 42.6]","[97.1, 49.3]",2,0 days 00:25:17.774000,0 days 00:25:46.283000
123,3940983,Germany,8,"[8.1, 35.7]","[35.3, 2.4]",2,0 days 00:25:46.283000,0 days 00:26:00.594000
124,3940983,Germany,9,"[35.5, 2.4]","[52.0, 4.9]",2,0 days 00:26:22.232000,0 days 00:26:24.671000
125,3940983,Germany,60,"[54.7, 9.5]","[113.3, 52.5]",2,0 days 00:26:35.562000,0 days 00:27:33.182000
126,3940983,Denmark,9,"[12.3, 29.6]","[68.7, 18.6]",2,0 days 00:27:46.779000,0 days 00:28:05.392000
127,3940983,Germany,43,"[62.6, 58.3]","[117.9, 19.9]",2,0 days 00:28:07.457000,0 days 00:28:45.696000
128,3940983,Denmark,13,"[2.2, 60.2]","[63.1, 2.5]",2,0 days 00:28:45.696000,0 days 00:28:53.481000
129,3940983,Denmark,7,"[65.9, 80.0]","[8.2, 18.8]",2,0 days 00:29:16.238000,0 days 00:29:22.517000
130,3940983,Denmark,13,"[120.0, 80.0]","[3.0, 47.3]",2,0 days 00:29:55.103000,0 days 00:30:04.833000
131,3940983,Denmark,5,"[120.0, 0.1]","[1.6, 41.8]",2,0 days 00:31:04.248000,0 days 00:31:05.565000
132,3940983,Denmark,34,"[120.0, 0.1]","[15.0, 52.1]",2,0 days 00:31:29.631000,0 days 00:32:16.949000
133,3940983,Denmark,28,"[71.8, 0.1]","[91.1, 64.3]",2,0 days 00:33:05.518000,0 days 00:33:27.966000
134,3940983,Germany,18,"[31.2, 11.7]","[8.9, 40.4]",2,0 days 00:33:27.966000,0 days 00:33:36.628000
135,3940983,Denmark,52,"[9.4, 49.1]","[93.4, 15.3]",2,0 days 00:33:38.614000,0 days 00:34:23.099000
136,3940983,Germany,9,"[6.0, 43.2]","[62.7, 54.2]",2,0 days 00:35:48.576000,0 days 00:35:57.743000
137,3940983,Denmark,11,"[64.5, 35.2]","[104.5, 41.0]",2,0 days 00:35:57.743000,0 days 00:36:05.387000
138,3940983,Germany,10,"[15.6, 39.1]","[49.6, 14.5]",2,0 days 00:36:05.387000,0 days 00:36:10.906000
139,3940983,Denmark,64,"[62.6, 70.4]","[11.3, 42.6]",2,0 days 00:36:12.021000,0 days 00:37:03.330000
140,3940983,Denmark,12,"[72.4, 0.1]","[98.2, 44.2]",2,0 days 00:37:19.404000,0 days 00:37:28.961000
141,3940983,Denmark,33,"[34.8, 47.5]","[92.3, 28.3]",2,0 days 00:37:46.378000,0 days 00:38:30.879000
142,3940983,Germany,13,"[19.8, 40.8]","[65.4, 62.5]",2,0 days 00:38:30.879000,0 days 00:38:39.571000
143,3940983,Germany,5,"[64.0, 60.8]","[94.2, 46.3]",2,0 days 00:39:00.222000,0 days 00:39:04.028000
144,3940983,Denmark,29,"[25.9, 33.8]","[45.0, 79.5]",2,0 days 00:39:04.028000,0 days 00:39:24.688000
145,3940983,Germany,48,"[57.6, 0.1]","[100.5, 24.6]",2,0 days 00:39:48.170000,0 days 00:40:23.189000
146,3940983,Denmark,66,"[4.8, 49.1]","[102.8, 6.0]",2,0 days 00:40:25.178000,0 days 00:41:33.901000
147,3940983,Germany,5,"[23.3, 54.6]","[89.9, 48.3]",2,0 days 00:42:26.167000,0 days 00:42:31.945000
148,3940983,Denmark,8,"[20.6, 19.6]","[63.2, 33.8]",2,0 days 00:42:31.945000,0 days 00:42:36.595000
149,3940983,Germany,36,"[57.6, 53.9]","[61.6, 45.9]",2,0 days 00:42:36.595000,0 days 00:43:12.288000
150,3940983,Denmark,8,"[51.3, 35.7]","[90.4, 34.7]",2,0 days 00:43:12.288000,0 days 00:43:20.508000
151,3940983,Germany,15,"[29.7, 45.4]","[3.4, 42.2]",2,0 days 00:43:20.508000,0 days 00:43:38.164000
152,3940983,Denmark,4,"[7.0, 41.4]","[71.7, 38.3]",2,0 days 00:43:48.829000,0 days 00:43:54.286000
153,3940983,Germany,15,"[41.8, 38.5]","[3.2, 38.6]",2,0 days 00:43:54.286000,0 days 00:44:11.814000
154,3940983,Denmark,7,"[16.8, 46.8]","[15.4, 40.2]",2,0 days 00:44:17.916000,0 days 00:44:27.582000
155,3940983,Germany,66,"[27.1, 38.7]","[87.5, 58.5]",2,0 days 00:44:29,0 days 00:45:33.883000
156,3940983,Denmark,4,"[34.0, 35.9]","[13.2, 48.3]",2,0 days 00:47:21.155000,0 days 00:47:24.977000
157,3940983,Denmark,40,"[120.0, 0.1]","[2.5, 38.6]",2,0 days 00:47:48.384000,0 days 00:48:27.748000
158,3940983,Denmark,5,"[120.0, 80.0]","[14.6, 45.0]",2,0 days 00:48:49.739000,0 days 00:48:52.171000
159,3940983,Germany,10,"[14.4, 48.5]","[4.8, 44.2]",2,0 days 00:48:53.974000,0 days 00:49:05.159000
160,3940983,Germany,4,"[120.0, 80.0]","[117.0, 68.9]",2,0 days 00:49:46.846000,0 days 00:49:48.969000
161,3940983,Denmark,21,"[3.1, 11.2]","[112.4, 43.6]",2,0 days 00:49:48.969000,0 days 00:50:13.556000
162,3940983,Germany,7,"[6.7, 39.5]","[72.4, 52.5]",2,0 days 00:50:13.556000,0 days 00:50:30.028000
163,3940983,Denmark,18,"[47.7, 27.6]","[17.0, 71.4]",2,0 days 00:50:30.028000,0 days 00:50:48.692000
164,3940983,Denmark,1,"[79.3, 0.1]","[79.3, 0.1]",2,0 days 00:50:55.890000,0 days 00:50:55.890000
2,3940878,Switzerland,13,"[61.0, 40.1]","[10.0, 25.4]",1,0 days 00:00:00.595000,0 days 00:00:15.154000
3,3940878,Switzerland,19,"[101.2, 80.0]","[26.3, 32.6]",1,0 days 00:00:20.985000,0 days 00:00:35.504000
4,3940878,Switzerland,4,"[120.0, 80.0]","[105.3, 17.9]",1,0 days 00:01:10.595000,0 days 00:01:16.652000
5,3940878,Italy,6,"[13.3, 62.0]","[32.0, 71.7]",1,0 days 00:01:16.652000,0 days 00:01:19.589000
6,3940878,Switzerland,26,"[74.1, 12.0]","[50.1, 46.5]",1,0 days 00:01:21.935000,0 days 00:01:39.149000
7,3940878,Switzerland,20,"[49.0, 50.9]","[95.8, 29.6]",1,0 days 00:02:05.153000,0 days 00:02:33.521000
8,3940878,Italy,14,"[6.0, 44.3]","[40.4, 76.5]",1,0 days 00:02:51.712000,0 days 00:03:01.163000
9,3940878,Switzerland,5,"[82.0, 3.3]","[85.6, 8.7]",1,0 days 00:03:01.163000,0 days 00:03:02.723000
10,3940878,Switzerland,48,"[84.3, 10.0]","[5.9, 41.8]",1,0 days 00:03:10.287000,0 days 00:03:42.689000
11,3940878,Switzerland,25,"[112.2, 0.1]","[29.4, 12.1]",1,0 days 00:03:58.556000,0 days 00:04:12.883000
12,3940878,Switzerland,42,"[76.6, 80.0]","[49.5, 79.0]",1,0 days 00:04:24.454000,0 days 00:05:05.832000
13,3940878,Italy,5,"[70.6, 1.1]","[64.9, 0.6]",1,0 days 00:05:05.832000,0 days 00:05:06.760000
14,3940878,Italy,28,"[64.9, 0.6]","[105.3, 41.0]",1,0 days 00:05:12.756000,0 days 00:05:42.889000
15,3940878,Switzerland,5,"[10.7, 55.2]","[5.1, 55.2]",1,0 days 00:05:42.889000,0 days 00:05:45.602000
16,3940878,Switzerland,50,"[6.3, 50.6]","[77.9, 75.7]",1,0 days 00:06:03.564000,0 days 00:06:46.665000
17,3940878,Italy,25,"[42.2, 4.4]","[69.3, 31.3]",1,0 days 00:06:46.665000,0 days 00:07:05.659000
18,3940878,Switzerland,67,"[50.8, 48.8]","[84.0, 16.1]",1,0 days 00:07:05.659000,0 days 00:09:47.517000
19,3940878,Switzerland,11,"[87.6, 12.0]","[10.5, 34.9]",1,0 days 00:10:02.626000,0 days 00:10:09.638000
20,3940878,Italy,10,"[19.9, 20.8]","[32.5, 22.8]",1,0 days 00:10:10.595000,0 days 00:10:14.452000
21,3940878,Switzerland,18,"[87.6, 57.3]","[100.7, 21.5]",1,0 days 00:10:14.452000,0 days 00:10:31.260000
22,3940878,Italy,14,"[9.2, 53.8]","[36.0, 77.3]",1,0 days 00:10:31.260000,0 days 00:10:40.099000
23,3940878,Switzerland,29,"[84.1, 2.8]","[2.0, 36.9]",1,0 days 00:10:40.099000,0 days 00:11:04.322000
24,3940878,Italy,19,"[5.4, 42.0]","[71.3, 74.5]",1,0 days 00:11:24.322000,0 days 00:11:45.236000
25,3940878,Switzerland,21,"[14.3, 14.8]","[91.4, 3.2]",1,0 days 00:11:45.236000,0 days 00:12:01.986000
26,3940878,Switzerland,1,"[95.1, 7.2]","[95.1, 7.2]",1,0 days 00:13:08.879000,0 days 00:13:08.879000
27,3940878,Italy,19,"[2.8, 35.5]","[69.5, 3.1]",1,0 days 00:13:10.750000,0 days 00:13:32.321000
28,3940878,Italy,17,"[48.8, 80.0]","[35.8, 76.3]",1,0 days 00:13:41.414000,0 days 00:13:56.864000
29,3940878,Switzerland,5,"[82.5, 0.1]","[77.9, 1.8]",1,0 days 00:14:04.730000,0 days 00:14:07.449000
30,3940878,Italy,48,"[38.3, 80.0]","[7.1, 24.3]",1,0 days 00:14:40.312000,0 days 00:15:27.151000
31,3940878,Italy,31,"[120.0, 80.0]","[118.4, 71.2]",1,0 days 00:16:03.793000,0 days 00:16:36.058000
32,3940878,Switzerland,30,"[7.0, 32.5]","[92.0, 20.5]",1,0 days 00:16:52.707000,0 days 00:17:27.393000
33,3940878,Italy,2,"[90.0, 25.7]","[111.7, 34.4]",1,0 days 00:18:42.387000,0 days 00:18:44.036000
34,3940878,Switzerland,134,"[12.5, 48.3]","[107.1, 34.5]",1,0 days 00:19:21.295000,0 days 00:21:45.265000
35,3940878,Italy,7,"[6.0, 37.2]","[46.5, 1.9]",1,0 days 00:22:12.026000,0 days 00:22:21.329000
36,3940878,Switzerland,23,"[50.1, 80.0]","[106.3, 46.8]",1,0 days 00:22:24.128000,0 days 00:22:50.359000
37,3940878,Italy,12,"[16.6, 37.9]","[56.5, 32.1]",1,0 days 00:22:50.359000,0 days 00:22:59.816000
38,3940878,Switzerland,42,"[69.2, 42.7]","[2.1, 39.5]",1,0 days 00:22:59.816000,0 days 00:23:36.636000
39,3940878,Italy,14,"[2.0, 55.6]","[113.5, 4.1]",1,0 days 00:23:40.956000,0 days 00:24:03.479000
40,3940878,Italy,5,"[17.1, 80.0]","[60.6, 66.1]",1,0 days 00:24:24.039000,0 days 00:24:27.550000
41,3940878,Switzerland,43,"[59.3, 13.5]","[2.4, 40.0]",1,0 days 00:24:27.550000,0 days 00:25:00.511000
42,3940878,Italy,35,"[16.6, 36.4]","[2.3, 43.7]",1,0 days 00:25:03.123000,0 days 00:25:30.628000
43,3940878,Italy,3,"[120.0, 0.1]","[3.0, 49.3]",1,0 days 00:26:16.193000,0 days 00:26:17.153000
44,3940878,Italy,11,"[120.0, 0.1]","[109.9, 34.6]",1,0 days 00:26:30.590000,0 days 00:26:44.495000
45,3940878,Switzerland,40,"[3.0, 44.0]","[114.7, 43.4]",1,0 days 00:26:44.495000,0 days 00:27:34.850000
46,3940878,Italy,19,"[4.3, 37.2]","[43.2, 40.5]",1,0 days 00:28:07.019000,0 days 00:28:19.825000
47,3940878,Switzerland,104,"[76.1, 40.9]","[65.7, 61.6]",1,0 days 00:28:19.825000,0 days 00:30:11.813000
48,3940878,Switzerland,11,"[50.3, 51.1]","[25.8, 38.4]",1,0 days 00:30:15.563000,0 days 00:30:29.579000
49,3940878,Italy,10,"[18.1, 34.4]","[34.5, 41.8]",1,0 days 00:30:30.547000,0 days 00:30:34.368000
50,3940878,Switzerland,30,"[87.9, 39.9]","[1.7, 41.1]",1,0 days 00:30:34.368000,0 days 00:31:08.484000
51,3940878,Italy,10,"[6.0, 31.0]","[49.8, 54.5]",1,0 days 00:31:32.351000,0 days 00:31:46.919000
52,3940878,Switzerland,34,"[68.0, 30.2]","[46.0, 72.2]",1,0 days 00:31:47.831000,0 days 00:32:12.750000
53,3940878,Switzerland,22,"[63.1, 0.1]","[83.5, 46.0]",1,0 days 00:32:22.822000,0 days 00:32:42.513000
54,3940878,Italy,24,"[37.6, 41.3]","[60.6, 4.3]",1,0 days 00:32:42.513000,0 days 00:33:02.850000
55,3940878,Switzerland,6,"[78.2, 80.0]","[112.2, 39.4]",1,0 days 00:33:05.927000,0 days 00:33:11.440000
56,3940878,Italy,77,"[2.6, 37.9]","[85.9, 25.9]",1,0 days 00:33:11.440000,0 days 00:34:30.232000
57,3940878,Switzerland,11,"[34.2, 54.2]","[68.2, 41.7]",1,0 days 00:34:30.232000,0 days 00:34:37.070000
58,3940878,Switzerland,96,"[72.0, 41.7]","[111.1, 34.4]",1,0 days 00:34:51.158000,0 days 00:36:20.646000
59,3940878,Italy,2,"[6.9, 44.1]","[1.7, 42.4]",1,0 days 00:36:20.746000,0 days 00:36:21.043000
60,3940878,Italy,33,"[60.0, 40.0]","[49.6, 72.4]",1,0 days 00:37:42.227000,0 days 00:38:07.462000
61,3940878,Italy,38,"[50.9, 71.2]","[91.8, 14.4]",1,0 days 00:38:11.165000,0 days 00:38:43.739000
62,3940878,Italy,63,"[89.7, 15.9]","[24.2, 14.8]",1,0 days 00:39:13.715000,0 days 00:40:17.222000
63,3940878,Italy,73,"[90.2, 80.0]","[33.0, 76.5]",1,0 days 00:40:19.926000,0 days 00:42:39.068000
64,3940878,Switzerland,90,"[84.8, 0.1]","[101.4, 67.2]",1,0 days 00:43:03.103000,0 days 00:44:21.102000
65,3940878,Switzerland,2,"[100.0, 66.4]","[1.3, 38.5]",1,0 days 00:45:12.602000,0 days 00:45:13.649000
66,3940878,Switzerland,7,"[120.0, 80.0]","[16.9, 24.4]",1,0 days 00:45:45.278000,0 days 00:45:51.377000
67,3940878,Switzerland,3,"[85.8, 80.0]","[16.9, 1.9]",1,0 days 00:46:15.794000,0 days 00:46:17.144000
68,3940878,Switzerland,2,"[109.9, 80.0]","[110.6, 51.6]",1,0 days 00:46:34.844000,0 days 00:46:36.514000
69,3940878,Italy,16,"[10.7, 25.7]","[105.3, 66.5]",1,0 days 00:46:36.514000,0 days 00:46:47.829000
70,3940878,Switzerland,3,"[120.0, 80.0]","[2.0, 39.7]",1,0 days 00:47:19.534000,0 days 00:47:20.233000
71,3940878,Italy,10,"[7.2, 41.5]","[53.7, 24.1]",1,0 days 00:47:40.048000,0 days 00:47:56.824000
72,3940878,Italy,8,"[61.0, 40.1]","[92.9, 61.4]",2,0 days 00:00:00.709000,0 days 00:00:06.047000
73,3940878,Switzerland,24,"[39.8, 22.0]","[2.1, 42.4]",2,0 days 00:00:06.047000,0 days 00:00:28.319000
74,3940878,Italy,24,"[61.0, 40.1]","[97.0, 20.6]",2,0 days 00:01:36.675000,0 days 00:01:57.131000
75,3940878,Switzerland,13,"[23.7, 56.8]","[37.4, 69.8]",2,0 days 00:01:57.131000,0 days 00:02:07.212000
76,3940878,Italy,7,"[76.3, 0.1]","[38.4, 74.9]",2,0 days 00:02:23.653000,0 days 00:02:24.819000
77,3940878,Italy,21,"[85.2, 0.1]","[87.6, 4.3]",2,0 days 00:02:33.862000,0 days 00:02:42.500000
78,3940878,Italy,2,"[88.4, 6.2]","[111.6, 43.4]",2,0 days 00:03:11.788000,0 days 00:03:15.801000
79,3940878,Switzerland,23,"[5.7, 30.7]","[48.5, 10.5]",2,0 days 00:03:29.915000,0 days 00:03:45.057000
80,3940878,Italy,19,"[71.6, 68.0]","[44.2, 53.5]",2,0 days 00:03:45.057000,0 days 00:04:05.308000
81,3940878,Switzerland,7,"[67.0, 0.5]","[44.2, 70.0]",2,0 days 00:04:08.605000,0 days 00:04:12.755000
82,3940878,Switzerland,34,"[84.6, 0.1]","[75.7, 62.0]",2,0 days 00:04:27.318000,0 days 00:04:47.383000
83,3940878,Switzerland,13,"[76.8, 60.8]","[57.4, 3.0]",2,0 days 00:04:51.380000,0 days 00:05:07.821000
84,3940878,Switzerland,13,"[64.1, 80.0]","[73.0, 71.3]",2,0 days 00:05:22.404000,0 days 00:05:27.237000
85,3940878,Italy,75,"[54.0, 29.7]","[20.2, 1.3]",2,0 days 00:05:28.909000,0 days 00:06:38.026000
86,3940878,Italy,18,"[105.1, 80.0]","[0.2, 58.1]",2,0 days 00:06:43.658000,0 days 00:06:58.826000
87,3940878,Italy,58,"[120.0, 0.1]","[42.2, 75.3]",2,0 days 00:07:22.739000,0 days 00:08:15.640000
88,3940878,Switzerland,5,"[48.9, 70.6]","[115.2, 20.3]",2,0 days 00:08:40.418000,0 days 00:08:49.330000
89,3940878,Italy,5,"[3.7, 52.4]","[41.5, 16.4]",2,0 days 00:08:50.606000,0 days 00:09:01.127000
90,3940878,Switzerland,21,"[78.6, 63.7]","[1.8, 41.0]",2,0 days 00:09:01.127000,0 days 00:09:19.884000
91,3940878,Switzerland,57,"[104.3, 0.1]","[89.4, 18.5]",2,0 days 00:09:32.793000,0 days 00:10:01.999000
92,3940878,Italy,38,"[30.7, 61.6]","[92.3, 51.0]",2,0 days 00:10:01.999000,0 days 00:10:41.210000
93,3940878,Switzerland,9,"[11.8, 23.0]","[81.9, 76.1]",2,0 days 00:10:43.088000,0 days 00:10:47.285000
94,3940878,Switzerland,12,"[14.2, 0.1]","[50.2, 9.7]",2,0 days 00:11:11.332000,0 days 00:11:15.931000
95,3940878,Switzerland,101,"[49.8, 8.7]","[1.5, 38.8]",2,0 days 00:12:16.145000,0 days 00:13:44.252000
96,3940878,Italy,43,"[6.6, 33.1]","[105.1, 46.8]",2,0 days 00:13:55.132000,0 days 00:14:39.212000
97,3940878,Switzerland,27,"[16.0, 33.7]","[53.3, 26.6]",2,0 days 00:14:39.212000,0 days 00:14:54.330000
98,3940878,Switzerland,38,"[55.9, 22.6]","[63.1, 32.8]",2,0 days 00:15:07.479000,0 days 00:15:39.261000
99,3940878,Italy,30,"[51.1, 53.5]","[20.6, 2.0]",2,0 days 00:15:39.261000,0 days 00:16:11.569000
100,3940878,Italy,81,"[104.7, 80.0]","[110.5, 48.6]",2,0 days 00:16:19.772000,0 days 00:17:31.969000
101,3940878,Switzerland,31,"[1.8, 32.2]","[51.8, 48.7]",2,0 days 00:17:31.969000,0 days 00:18:09.599000
102,3940878,Switzerland,11,"[52.1, 48.4]","[108.0, 50.6]",2,0 days 00:18:38.320000,0 days 00:18:52.290000
103,3940878,Italy,11,"[11.3, 26.5]","[18.5, 12.2]",2,0 days 00:18:53.148000,0 days 00:18:59.580000
104,3940878,Switzerland,70,"[103.6, 69.1]","[91.8, 64.8]",2,0 days 00:18:59.580000,0 days 00:19:46.119000
105,3940878,Switzerland,1,"[93.2, 62.6]","[93.2, 62.6]",2,0 days 00:20:39.642000,0 days 00:20:39.642000
106,3940878,Italy,52,"[5.1, 37.5]","[4.6, 44.6]",2,0 days 00:20:52.140000,0 days 00:22:01.865000
107,3940878,Italy,48,"[93.5, 0.1]","[1.7, 12.3]",2,0 days 00:22:10.819000,0 days 00:22:59.242000
108,3940878,Italy,11,"[120.0, 80.0]","[108.3, 44.8]",2,0 days 00:23:23.056000,0 days 00:23:37.794000
109,3940878,Switzerland,26,"[8.0, 41.8]","[29.7, 50.8]",2,0 days 00:23:37.794000,0 days 00:23:58.267000
110,3940878,Italy,16,"[83.5, 29.1]","[4.2, 53.8]",2,0 days 00:23:58.803000,0 days 00:24:07.883000
111,3940878,Italy,4,"[120.0, 0.1]","[100.5, 53.3]",2,0 days 00:24:36.788000,0 days 00:24:40.152000
112,3940878,Switzerland,45,"[18.6, 26.4]","[75.7, 77.3]",2,0 days 00:24:40.234000,0 days 00:25:24.716000
113,3940878,Italy,37,"[45.6, 0.1]","[3.7, 20.3]",2,0 days 00:26:09.350000,0 days 00:26:46.952000
114,3940878,Italy,31,"[97.9, 80.0]","[1.3, 38.1]",2,0 days 00:26:54.821000,0 days 00:27:21.200000
115,3940878,Switzerland,3,"[5.3, 34.6]","[37.9, 77.3]",2,0 days 00:27:28.938000,0 days 00:27:31.876000
116,3940878,Italy,45,"[72.8, 0.1]","[1.3, 42.5]",2,0 days 00:27:41.422000,0 days 00:28:34.883000
117,3940878,Switzerland,11,"[12.4, 46.4]","[15.0, 61.0]",2,0 days 00:28:36.368000,0 days 00:28:43.594000
118,3940878,Italy,8,"[100.7, 20.9]","[1.4, 40.8]",2,0 days 00:28:44.027000,0 days 00:28:49.212000
119,3940878,Switzerland,72,"[5.3, 30.6]","[37.3, 67.6]",2,0 days 00:29:24.494000,0 days 00:30:15.865000
120,3940878,Italy,6,"[46.8, 57.8]","[45.1, 63.6]",2,0 days 00:30:16.740000,0 days 00:30:18.355000
121,3940878,Italy,22,"[51.6, 45.9]","[1.3, 39.7]",2,0 days 00:30:27.855000,0 days 00:30:49.126000
122,3940878,Switzerland,36,"[2.0, 41.1]","[44.1, 4.1]",2,0 days 00:31:58.207000,0 days 00:32:24.663000
123,3940878,Switzerland,6,"[77.5, 80.0]","[9.7, 17.5]",2,0 days 00:32:31.820000,0 days 00:32:35.560000
124,3940878,Switzerland,5,"[120.0, 80.0]","[0.9, 40.1]",2,0 days 00:33:12.998000,0 days 00:33:16.149000
125,3940878,Italy,26,"[7.0, 32.5]","[78.1, 41.7]",2,0 days 00:33:23.448000,0 days 00:33:56.371000
126,3940878,Italy,21,"[77.2, 41.2]","[101.3, 43.9]",2,0 days 00:33:58.993000,0 days 00:34:20.841000
127,3940878,Switzerland,8,"[23.4, 41.1]","[73.5, 38.0]",2,0 days 00:34:20.841000,0 days 00:34:26.165000
128,3940878,Italy,69,"[30.8, 38.9]","[9.1, 66.1]",2,0 days 00:34:28.118000,0 days 00:35:50.641000
129,3940878,Switzerland,7,"[5.6, 30.4]","[68.8, 53.3]",2,0 days 00:36:30.487000,0 days 00:36:36.274000
130,3940878,Italy,34,"[50.0, 69.2]","[92.5, 44.3]",2,0 days 00:36:38.614000,0 days 00:37:18.371000
131,3940878,Switzerland,28,"[19.4, 40.2]","[1.8, 44.2]",2,0 days 00:37:19.517000,0 days 00:37:43.492000
132,3940878,Italy,6,"[15.3, 0.1]","[13.1, 1.7]",2,0 days 00:38:02.824000,0 days 00:38:04.622000
133,3940878,Switzerland,4,"[105.8, 76.9]","[14.3, 3.2]",2,0 days 00:38:04.622000,0 days 00:38:04.758000
134,3940878,Switzerland,10,"[105.0, 80.0]","[118.6, 62.1]",2,0 days 00:38:21.665000,0 days 00:38:25.963000
135,3940878,Italy,58,"[3.7, 38.3]","[0.8, 40.4]",2,0 days 00:38:32.563000,0 days 00:39:38.145000
136,3940878,Switzerland,27,"[6.0, 41.1]","[50.5, 1.5]",2,0 days 00:40:14.217000,0 days 00:40:39.665000
137,3940878,Italy,18,"[66.8, 80.0]","[109.0, 27.5]",2,0 days 00:40:58.124000,0 days 00:41:16.310000
138,3940878,Switzerland,9,"[11.1, 52.6]","[33.7, 42.4]",2,0 days 00:41:16.310000,0 days 00:41:20.783000
139,3940878,Italy,57,"[85.3, 37.2]","[71.7, 58.2]",2,0 days 00:41:20.783000,0 days 00:42:22.115000
140,3940878,Italy,19,"[71.7, 59.4]","[111.2, 48.1]",2,0 days 00:42:29.177000,0 days 00:42:54.043000
141,3940878,Switzerland,4,"[7.6, 0.1]","[32.4, 13.9]",2,0 days 00:43:19.569000,0 days 00:43:21.476000
142,3940878,Switzerland,2,"[33.0, 13.9]","[99.2, 18.1]",2,0 days 00:43:56.179000,0 days 00:43:59.818000
143,3940878,Italy,11,"[15.9, 59.1]","[71.0, 26.1]",2,0 days 00:43:59.818000,0 days 00:44:16.785000
144,3940878,Switzerland,42,"[51.3, 53.8]","[99.2, 6.7]",2,0 days 00:44:17.662000,0 days 00:44:45.466000
145,3940878,Italy,55,"[20.9, 73.4]","[1.8, 37.6]",2,0 days 00:44:45.466000,0 days 00:45:49.545000
146,3940878,Switzerland,34,"[20.0, 80.0]","[40.8, 75.7]",2,0 days 00:46:33.790000,0 days 00:47:00.934000
2,3930177,Hungary,7,"[61.0, 40.1]","[81.3, 17.5]",1,0 days 00:00:00.491000,0 days 00:00:08.082000
3,3930177,Scotland,4,"[37.8, 62.2]","[37.2, 60.3]",1,0 days 00:00:08.362000,0 days 00:00:08.939000
4,3930177,Scotland,85,"[41.6, 64.6]","[73.7, 63.0]",1,0 days 00:00:19.471000,0 days 00:01:40.413000
5,3930177,Scotland,3,"[77.2, 62.8]","[14.7, 47.8]",1,0 days 00:02:06.126000,0 days 00:02:08.072000
6,3930177,Hungary,19,"[14.7, 47.8]","[83.7, 76.4]",1,0 days 00:02:31.381000,0 days 00:02:47.690000
7,3930177,Scotland,5,"[28.8, 5.3]","[102.5, 75.7]",1,0 days 00:02:48.050000,0 days 00:02:50.313000
8,3930177,Scotland,9,"[16.9, 0.1]","[71.6, 74.9]",1,0 days 00:03:11.856000,0 days 00:03:19.860000
9,3930177,Scotland,88,"[38.6, 0.1]","[41.0, 68.3]",1,0 days 00:03:22.027000,0 days 00:04:36.215000
10,3930177,Scotland,10,"[65.1, 0.1]","[37.2, 78.1]",1,0 days 00:04:56.884000,0 days 00:05:02.058000
11,3930177,Scotland,47,"[76.9, 0.1]","[71.2, 14.9]",1,0 days 00:05:14.599000,0 days 00:05:53.917000
12,3930177,Scotland,20,"[76.4, 13.3]","[9.4, 21.3]",1,0 days 00:06:38.168000,0 days 00:06:56.374000
13,3930177,Hungary,19,"[47.5, 26.7]","[1.9, 38.6]",1,0 days 00:06:58.831000,0 days 00:07:10.686000
14,3930177,Scotland,153,"[10.1, 54.4]","[85.2, 57.3]",1,0 days 00:07:12.489000,0 days 00:10:00.842000
15,3930177,Hungary,35,"[25.6, 29.4]","[47.2, 7.6]",1,0 days 00:10:00.842000,0 days 00:10:43.920000
16,3930177,Hungary,27,"[47.6, 13.9]","[98.0, 14.5]",1,0 days 00:10:47.190000,0 days 00:11:17.385000
17,3930177,Scotland,34,"[7.4, 54.8]","[69.5, 21.3]",1,0 days 00:11:17.385000,0 days 00:11:58.114000
18,3930177,Hungary,22,"[14.0, 50.4]","[58.3, 2.8]",1,0 days 00:11:58.114000,0 days 00:12:16.801000
19,3930177,Hungary,9,"[71.2, 80.0]","[90.9, 5.2]",1,0 days 00:12:27.999000,0 days 00:12:45
20,3930177,Scotland,5,"[14.5, 80.0]","[54.7, 74.0]",1,0 days 00:13:20.528000,0 days 00:13:22.946000
21,3930177,Hungary,1,"[65.1, 5.3]","[65.1, 5.3]",1,0 days 00:13:59.453000,0 days 00:13:59.453000
22,3930177,Scotland,81,"[13.4, 38.5]","[81.3, 14.3]",1,0 days 00:14:02.222000,0 days 00:15:45.360000
23,3930177,Hungary,16,"[42.3, 80.0]","[64.0, 56.4]",1,0 days 00:16:05.005000,0 days 00:16:15.661000
24,3930177,Scotland,13,"[53.1, 23.1]","[34.9, 45.2]",1,0 days 00:16:15.661000,0 days 00:16:30.431000
25,3930177,Hungary,17,"[43.5, 61.6]","[65.9, 76.5]",1,0 days 00:16:33.408000,0 days 00:16:40.958000
26,3930177,Scotland,21,"[54.2, 3.6]","[87.3, 67.5]",1,0 days 00:16:40.958000,0 days 00:16:50.626000
27,3930177,Scotland,14,"[6.0, 31.3]","[63.5, 42.3]",1,0 days 00:17:14.629000,0 days 00:17:24.400000
28,3930177,Scotland,35,"[61.7, 42.9]","[70.7, 20.7]",1,0 days 00:17:54.330000,0 days 00:18:34.735000
29,3930177,Hungary,18,"[49.4, 59.4]","[77.6, 54.3]",1,0 days 00:18:34.735000,0 days 00:18:43.996000
30,3930177,Scotland,7,"[40.8, 23.9]","[53.1, 4.4]",1,0 days 00:18:43.996000,0 days 00:18:50.699000
31,3930177,Scotland,34,"[54.2, 8.8]","[98.0, 67.2]",1,0 days 00:19:06.637000,0 days 00:19:45.030000
32,3930177,Hungary,17,"[7.0, 34.0]","[104.6, 74.6]",1,0 days 00:20:28.560000,0 days 00:20:43.077000
33,3930177,Scotland,33,"[104.3, 75.9]","[46.4, 76.4]",1,0 days 00:21:26.582000,0 days 00:22:06.915000
34,3930177,Scotland,55,"[78.0, 0.1]","[83.2, 76.5]",1,0 days 00:22:12.241000,0 days 00:22:52.241000
35,3930177,Hungary,11,"[36.9, 3.6]","[58.4, 27.7]",1,0 days 00:22:52.241000,0 days 00:23:09.242000
36,3930177,Scotland,7,"[62.5, 46.1]","[100.0, 52.2]",1,0 days 00:23:09.242000,0 days 00:23:18.779000
37,3930177,Hungary,4,"[7.0, 34.6]","[54.5, 66.0]",1,0 days 00:23:49.682000,0 days 00:23:53.394000
38,3930177,Hungary,6,"[51.1, 0.1]","[43.3, 72.7]",1,0 days 00:24:07.372000,0 days 00:24:09.148000
39,3930177,Hungary,20,"[66.5, 0.1]","[42.4, 12.3]",1,0 days 00:24:20.254000,0 days 00:24:40.322000
40,3930177,Hungary,18,"[34.5, 9.1]","[43.2, 3.0]",1,0 days 00:24:56.224000,0 days 00:25:12.470000
41,3930177,Scotland,36,"[75.5, 73.4]","[78.8, 70.5]",1,0 days 00:25:12.470000,0 days 00:25:37.850000
42,3930177,Scotland,15,"[81.3, 70.5]","[12.8, 47.6]",1,0 days 00:26:23.955000,0 days 00:26:32.961000
43,3930177,Hungary,9,"[25.1, 59.2]","[27.9, 60.6]",1,0 days 00:26:34.569000,0 days 00:26:36.888000
44,3930177,Scotland,8,"[70.7, 21.1]","[83.6, 32.9]",1,0 days 00:26:39.017000,0 days 00:26:46.842000
45,3930177,Hungary,13,"[36.5, 47.2]","[19.9, 64.8]",1,0 days 00:26:46.842000,0 days 00:26:57.857000
46,3930177,Hungary,13,"[120.0, 0.1]","[100.7, 61.7]",1,0 days 00:27:44.238000,0 days 00:27:54.822000
47,3930177,Scotland,9,"[19.4, 18.4]","[67.1, 14.6]",1,0 days 00:27:54.822000,0 days 00:28:07.179000
49,3930177,Scotland,7,"[55.3, 19.3]","[72.5, 73.2]",1,0 days 00:28:59.953000,0 days 00:29:12.059000
50,3930177,Hungary,9,"[22.1, 8.0]","[65.6, 7.2]",1,0 days 00:29:12.059000,0 days 00:29:17.198000
51,3930177,Hungary,27,"[65.1, 7.2]","[89.5, 47.0]",1,0 days 00:29:58.753000,0 days 00:30:17.367000
52,3930177,Hungary,3,"[88.7, 42.2]","[0.4, 40.5]",1,0 days 00:31:26.397000,0 days 00:31:27.409000
53,3930177,Hungary,9,"[120.0, 0.1]","[19.1, 37.1]",1,0 days 00:31:55.847000,0 days 00:32:05.805000
54,3930177,Hungary,40,"[57.2, 80.0]","[11.2, 37.1]",1,0 days 00:32:36.255000,0 days 00:33:06.997000
55,3930177,Hungary,58,"[82.0, 80.0]","[2.7, 38.0]",1,0 days 00:33:20.686000,0 days 00:34:05.685000
56,3930177,Scotland,8,"[6.0, 33.0]","[75.3, 59.4]",1,0 days 00:34:31.028000,0 days 00:34:44.291000
57,3930177,Hungary,6,"[40.1, 13.7]","[50.3, 5.3]",1,0 days 00:34:44.291000,0 days 00:34:47.112000
58,3930177,Hungary,82,"[50.0, 5.8]","[80.4, 44.4]",1,0 days 00:35:01.441000,0 days 00:36:09.393000
59,3930177,Scotland,12,"[40.3, 35.2]","[76.6, 76.1]",1,0 days 00:36:38.268000,0 days 00:36:49.607000
60,3930177,Scotland,81,"[48.5, 0.1]","[95.0, 69.7]",1,0 days 00:36:56.099000,0 days 00:38:12.027000
61,3930177,Hungary,15,"[3.8, 39.2]","[52.0, 7.7]",1,0 days 00:38:13.553000,0 days 00:38:31.485000
62,3930177,Hungary,12,"[56.4, 8.3]","[97.4, 54.8]",1,0 days 00:39:04.322000,0 days 00:39:12.506000
63,3930177,Hungary,5,"[98.3, 53.6]","[2.2, 44.8]",1,0 days 00:40:17.292000,0 days 00:40:19.449000
64,3930177,Scotland,31,"[6.0, 44.8]","[78.3, 4.8]",1,0 days 00:40:57.680000,0 days 00:41:33.451000
65,3930177,Hungary,22,"[42.3, 80.0]","[72.0, 70.2]",1,0 days 00:41:47.748000,0 days 00:42:03.831000
66,3930177,Scotland,42,"[72.9, 70.3]","[87.6, 8.9]",1,0 days 00:42:04.201000,0 days 00:43:00.435000
67,3930177,Hungary,14,"[22.6, 61.4]","[60.2, 42.5]",1,0 days 00:43:00.435000,0 days 00:43:07.175000
68,3930177,Scotland,20,"[60.5, 44.1]","[108.4, 35.9]",1,0 days 00:44:21.732000,0 days 00:44:37.477000
69,3930177,Hungary,37,"[9.3, 34.0]","[80.5, 76.5]",1,0 days 00:44:39.758000,0 days 00:45:29.061000
70,3930177,Scotland,15,"[23.5, 13.3]","[55.9, 4.0]",1,0 days 00:45:29.061000,0 days 00:45:35.860000
71,3930177,Hungary,10,"[64.2, 76.1]","[1.6, 40.0]",1,0 days 00:45:35.860000,0 days 00:45:44.845000
72,3930177,Scotland,52,"[61.0, 40.1]","[63.6, 0.8]",2,0 days 00:00:00.655000,0 days 00:00:35.994000
73,3930177,Scotland,6,"[56.5, 80.0]","[39.1, 4.2]",2,0 days 00:00:54.894000,0 days 00:00:57.605000
74,3930177,Hungary,23,"[35.8, 4.3]","[4.5, 4.3]",2,0 days 00:01:30.126000,0 days 00:01:43.348000
75,3930177,Hungary,3,"[111.9, 80.0]","[7.0, 25.6]",2,0 days 00:02:11.509000,0 days 00:02:14.835000
76,3930177,Hungary,4,"[99.5, 80.0]","[7.2, 28.4]",2,0 days 00:02:33.102000,0 days 00:02:35.192000
77,3930177,Hungary,2,"[120.0, 80.0]","[10.5, 39.1]",2,0 days 00:02:57.154000,0 days 00:02:58.682000
78,3930177,Hungary,22,"[79.2, 80.0]","[1.7, 42.2]",2,0 days 00:03:24.547000,0 days 00:03:43.294000
79,3930177,Scotland,4,"[7.5, 41.6]","[45.8, 66.0]",2,0 days 00:04:03.615000,0 days 00:04:07.660000
80,3930177,Scotland,2,"[84.1, 0.1]","[102.8, 14.8]",2,0 days 00:04:31.762000,0 days 00:04:33.667000
81,3930177,Hungary,8,"[13.3, 68.6]","[41.7, 55.3]",2,0 days 00:04:33.667000,0 days 00:04:36.688000
82,3930177,Scotland,14,"[85.2, 23.3]","[22.9, 30.1]",2,0 days 00:04:36.688000,0 days 00:04:47.754000
83,3930177,Hungary,5,"[23.4, 29.8]","[88.5, 61.8]",2,0 days 00:05:15.004000,0 days 00:05:18.940000
84,3930177,Scotland,21,"[28.4, 13.5]","[42.3, 13.8]",2,0 days 00:05:32.663000,0 days 00:05:50.905000
85,3930177,Scotland,23,"[44.2, 18.0]","[41.6, 72.1]",2,0 days 00:06:10.985000,0 days 00:06:33.221000
86,3930177,Scotland,65,"[77.5, 0.1]","[1.7, 41.1]",2,0 days 00:06:57.176000,0 days 00:07:55.755000
87,3930177,Hungary,17,"[6.0, 30.7]","[85.1, 1.5]",2,0 days 00:08:21.147000,0 days 00:08:46.607000
88,3930177,Scotland,4,"[35.3, 79.2]","[86.4, 50.3]",2,0 days 00:08:58.099000,0 days 00:09:08.277000
89,3930177,Hungary,22,"[12.7, 37.0]","[85.7, 3.9]",2,0 days 00:09:08.277000,0 days 00:09:25.187000
90,3930177,Hungary,41,"[34.9, 80.0]","[90.6, 12.0]",2,0 days 00:09:40.367000,0 days 00:10:08.363000
91,3930177,Hungary,6,"[26.4, 80.0]","[46.7, 57.1]",2,0 days 00:10:13.233000,0 days 00:10:17.811000
92,3930177,Scotland,8,"[75.4, 24.1]","[80.1, 14.3]",2,0 days 00:10:17.811000,0 days 00:10:21.316000
93,3930177,Hungary,9,"[36.2, 62.1]","[12.9, 48.2]",2,0 days 00:10:22.247000,0 days 00:10:33.201000
94,3930177,Hungary,5,"[120.0, 0.1]","[98.1, 26.6]",2,0 days 00:11:19.408000,0 days 00:11:23.104000
95,3930177,Scotland,69,"[6.1, 32.8]","[7.8, 36.8]",2,0 days 00:11:57.681000,0 days 00:12:52.141000
96,3930177,Scotland,25,"[111.4, 80.0]","[82.2, 60.3]",2,0 days 00:13:16.024000,0 days 00:13:37.330000
97,3930177,Hungary,9,"[37.9, 19.8]","[54.7, 26.0]",2,0 days 00:13:37.330000,0 days 00:13:44.804000
98,3930177,Scotland,11,"[27.3, 51.1]","[77.8, 28.2]",2,0 days 00:13:44.804000,0 days 00:13:52.518000
99,3930177,Scotland,65,"[41.1, 51.7]","[78.5, 11.4]",2,0 days 00:14:10.317000,0 days 00:15:24.457000
100,3930177,Scotland,78,"[49.7, 80.0]","[30.9, 1.5]",2,0 days 00:16:02.981000,0 days 00:17:12.513000
101,3930177,Scotland,11,"[71.0, 80.0]","[107.7, 26.9]",2,0 days 00:17:16.531000,0 days 00:17:27.754000
102,3930177,Hungary,15,"[14.5, 54.9]","[24.4, 62.4]",2,0 days 00:17:57.808000,0 days 00:18:08.316000
103,3930177,Hungary,8,"[120.0, 0.1]","[1.8, 38.5]",2,0 days 00:18:40.253000,0 days 00:18:46.919000
104,3930177,Scotland,15,"[7.0, 42.6]","[39.9, 65.5]",2,0 days 00:19:10.981000,0 days 00:19:24.061000
105,3930177,Hungary,10,"[80.2, 14.6]","[99.8, 38.7]",2,0 days 00:19:24.061000,0 days 00:19:31.033000
106,3930177,Scotland,57,"[20.3, 41.4]","[98.8, 54.1]",2,0 days 00:19:31.033000,0 days 00:20:11.286000
107,3930177,Hungary,23,"[21.3, 26.0]","[12.8, 13.7]",2,0 days 00:20:11.286000,0 days 00:20:38.671000
108,3930177,Hungary,8,"[96.3, 80.0]","[90.6, 63.5]",2,0 days 00:21:03.535000,0 days 00:21:13.001000
109,3930177,Scotland,2,"[25.2, 0.1]","[49.3, 2.6]",2,0 days 00:21:32.911000,0 days 00:21:34.560000
110,3930177,Hungary,8,"[72.9, 75.8]","[9.6, 29.5]",2,0 days 00:21:34.560000,0 days 00:21:40.455000
111,3930177,Hungary,12,"[103.3, 80.0]","[90.6, 21.4]",2,0 days 00:21:49.370000,0 days 00:22:05.814000
112,3930177,Hungary,3,"[90.4, 21.4]","[9.1, 41.4]",2,0 days 00:22:36.927000,0 days 00:29:09.943000
115,3930177,Scotland,13,"[14.7, 6.2]","[72.4, 11.0]",2,0 days 00:29:29.671000,0 days 00:29:42.345000
116,3930177,Hungary,42,"[46.5, 80.0]","[5.1, 39.1]",2,0 days 00:29:50.231000,0 days 00:30:18.799000
117,3930177,Scotland,41,"[12.2, 34.6]","[14.0, 33.8]",2,0 days 00:31:07.236000,0 days 00:31:35.863000
118,3930177,Scotland,53,"[120.0, 80.0]","[107.9, 46.6]",2,0 days 00:32:06.906000,0 days 00:33:06.380000
119,3930177,Hungary,57,"[2.6, 25.1]","[80.4, 62.8]",2,0 days 00:33:09.189000,0 days 00:34:09.840000
120,3930177,Hungary,18,"[77.3, 80.0]","[59.8, 71.8]",2,0 days 00:34:37.898000,0 days 00:34:53.254000
121,3930177,Hungary,15,"[53.7, 0.1]","[34.6, 56.6]",2,0 days 00:35:00.832000,0 days 00:35:11.290000
122,3930177,Hungary,33,"[84.3, 0.1]","[112.3, 37.1]",2,0 days 00:35:15.615000,0 days 00:35:43.467000
123,3930177,Scotland,7,"[5.6, 43.7]","[58.6, 8.5]",2,0 days 00:35:43.467000,0 days 00:35:56.467000
124,3930177,Hungary,38,"[28.5, 80.0]","[49.5, 62.2]",2,0 days 00:35:57.080000,0 days 00:36:34.626000
125,3930177,Scotland,28,"[66.9, 17.4]","[114.3, 52.6]",2,0 days 00:36:34.626000,0 days 00:37:07.507000
126,3930177,Hungary,6,"[13.8, 33.6]","[56.3, 14.5]",2,0 days 00:38:07.535000,0 days 00:38:13.152000
127,3930177,Scotland,15,"[52.6, 80.0]","[89.0, 55.7]",2,0 days 00:38:18.034000,0 days 00:38:33.873000
128,3930177,Hungary,30,"[16.2, 37.1]","[6.2, 45.7]",2,0 days 00:38:33.873000,0 days 00:39:00.204000
129,3930177,Scotland,19,"[6.6, 43.1]","[83.8, 30.0]",2,0 days 00:39:02.417000,0 days 00:39:24.492000
130,3930177,Hungary,19,"[36.3, 50.1]","[11.5, 40.9]",2,0 days 00:39:24.492000,0 days 00:41:52.357000
131,3930177,Scotland,30,"[17.8, 38.4]","[71.2, 46.1]",2,0 days 00:42:08.926000,0 days 00:42:32.555000
132,3930177,Hungary,12,"[48.9, 34.0]","[72.2, 63.9]",2,0 days 00:42:32.555000,0 days 00:42:42.108000
133,3930177,Scotland,9,"[7.0, 33.9]","[109.2, 12.5]",2,0 days 00:43:22.641000,0 days 00:43:32.112000
134,3930177,Hungary,8,"[10.9, 67.6]","[40.2, 52.9]",2,0 days 00:43:32.112000,0 days 00:43:36.562000
135,3930177,Hungary,9,"[44.2, 52.7]","[98.2, 37.8]",2,0 days 00:43:47.289000,0 days 00:43:58.645000
136,3930177,Scotland,16,"[3.4, 34.4]","[47.7, 46.4]",2,0 days 00:43:58.645000,0 days 00:44:14.527000
137,3930177,Hungary,11,"[49.8, 50.3]","[2.7, 37.3]",2,0 days 00:44:20.222000,0 days 00:44:33.220000
138,3930177,Hungary,7,"[120.0, 80.0]","[1.2, 39.8]",2,0 days 00:44:55.455000,0 days 00:44:59.929000
139,3930177,Scotland,4,"[7.0, 43.1]","[94.1, 27.2]",2,0 days 00:45:20.198000,0 days 00:45:24.880000
140,3930177,Hungary,40,"[16.0, 54.9]","[78.5, 58.8]",2,0 days 00:45:25.318000,0 days 00:45:50.254000
141,3930177,Hungary,4,"[73.8, 57.4]","[107.7, 32.6]",2,0 days 00:45:57.629000,0 days 00:46:01.948000
142,3930177,Scotland,4,"[2.4, 31.9]","[71.3, 78.6]",2,0 days 00:46:09.474000,0 days 00:46:21.784000
143,3930177,Hungary,11,"[38.6, 0.1]","[2.9, 34.6]",2,0 days 00:46:27.477000,0 days 00:46:40.857000
144,3930177,Scotland,28,"[19.2, 80.0]","[65.0, 36.7]",2,0 days 00:47:02.553000,0 days 00:47:26.925000
145,3930177,Scotland,17,"[64.3, 32.5]","[118.9, 26.9]",2,0 days 00:48:14.964000,0 days 00:48:33.589000
146,3930177,Hungary,3,"[5.6, 41.1]","[73.0, 48.2]",2,0 days 00:48:51.309000,0 days 00:48:54.750000
147,3930177,Scotland,11,"[47.1, 31.9]","[57.3, 46.2]",2,0 days 00:48:54.750000,0 days 00:49:02.392000
148,3930177,Hungary,5,"[56.1, 52.9]","[47.9, 16.9]",2,0 days 00:49:04.058000,0 days 00:49:06.304000
149,3930177,Hungary,9,"[71.0, 80.0]","[49.0, 4.5]",2,0 days 00:49:12.344000,0 days 00:49:17.038000
150,3930177,Hungary,12,"[67.2, 80.0]","[15.0, 22.7]",2,0 days 00:49:25.772000,0 days 00:49:34.203000
151,3930177,Hungary,6,"[90.4, 80.0]","[15.9, 22.5]",2,0 days 00:49:41.150000,0 days 00:49:44.713000
152,3930177,Scotland,12,"[16.1, 22.3]","[81.1, 25.1]",2,0 days 00:50:06.565000,0 days 00:50:25.885000
153,3930177,Hungary,9,"[39.0, 55.0]","[89.3, 72.5]",2,0 days 00:50:25.885000,0 days 00:50:35.832000
154,3930177,Scotland,16,"[6.6, 27.2]","[114.2, 66.6]",2,0 days 00:50:35.832000,0 days 00:50:59.048000
155,3930177,Hungary,18,"[8.9, 41.0]","[4.3, 40.3]",2,0 days 00:51:25.430000,0 days 00:51:42.473000
156,3930177,Scotland,25,"[5.0, 45.7]","[8.7, 51.5]",2,0 days 00:51:46.643000,0 days 00:52:10.385000
157,3930177,Scotland,27,"[110.3, 0.1]","[13.1, 34.5]",2,0 days 00:52:21.493000,0 days 00:52:37.568000
158,3930177,Hungary,3,"[14.5, 32.4]","[77.0, 30.9]",2,0 days 00:53:02.235000,0 days 00:53:05.853000
159,3930177,Scotland,6,"[43.1, 49.2]","[57.3, 71.0]",2,0 days 00:53:05.853000,0 days 00:53:10.838000
160,3930177,Hungary,2,"[54.4, 0.1]","[78.3, 37.1]",2,0 days 00:53:21.828000,0 days 00:53:23.788000
161,3930177,Scotland,14,"[39.0, 44.4]","[3.8, 42.9]",2,0 days 00:53:23.788000,0 days 00:53:40.554000
162,3930177,Scotland,13,"[120.0, 0.1]","[1.7, 39.7]",2,0 days 00:54:11.318000,0 days 00:54:17.229000
163,3930177,Hungary,15,"[12.0, 35.7]","[4.5, 39.0]",2,0 days 00:54:18.252000,0 days 00:56:00.865000
164,3930177,Scotland,10,"[61.0, 40.1]","[30.1, 16.5]",2,0 days 00:56:19.140000,0 days 00:56:30.065000
2,3930173,Netherlands,59,"[61.0, 40.1]","[4.0, 34.9]",1,0 days 00:00:00.758000,0 days 00:00:57.046000
3,3930173,Netherlands,6,"[120.0, 0.1]","[21.3, 24.5]",1,0 days 00:02:06.242000,0 days 00:02:09.562000
4,3930173,France,41,"[20.5, 23.0]","[45.3, 54.9]",1,0 days 00:02:15.898000,0 days 00:02:53.142000
5,3930173,Netherlands,36,"[38.3, 69.8]","[52.5, 28.8]",1,0 days 00:02:54.297000,0 days 00:03:32.035000
6,3930173,France,23,"[54.0, 26.3]","[1.7, 42.5]",1,0 days 00:03:32.869000,0 days 00:03:49.073000
7,3930173,France,18,"[120.0, 80.0]","[109.1, 41.7]",1,0 days 00:04:19.670000,0 days 00:04:39.545000
8,3930173,Netherlands,14,"[12.0, 31.7]","[102.9, 4.6]",1,0 days 00:04:39.545000,0 days 00:04:55.034000
9,3930173,France,69,"[12.9, 80.0]","[7.6, 31.0]",1,0 days 00:05:02.436000,0 days 00:06:02.389000
10,3930173,France,64,"[77.8, 80.0]","[60.8, 1.1]",1,0 days 00:06:16.964000,0 days 00:07:18.742000
11,3930173,Netherlands,27,"[64.0, 80.0]","[109.1, 43.1]",1,0 days 00:07:27.935000,0 days 00:07:49.009000
12,3930173,France,16,"[10.5, 34.0]","[37.7, 20.9]",1,0 days 00:07:49.009000,0 days 00:08:02.116000
13,3930173,France,51,"[36.9, 20.9]","[100.9, 4.8]",1,0 days 00:08:20.117000,0 days 00:09:09.851000
14,3930173,Netherlands,15,"[19.4, 71.4]","[44.2, 13.0]",1,0 days 00:09:09.851000,0 days 00:09:22.959000
15,3930173,Netherlands,58,"[41.5, 11.0]","[5.3, 59.6]",1,0 days 00:09:24.655000,0 days 00:10:16.792000
16,3930173,Netherlands,48,"[94.2, 0.1]","[34.3, 13.2]",1,0 days 00:10:29.799000,0 days 00:11:13.032000
17,3930173,France,82,"[31.8, 13.7]","[12.5, 37.7]",1,0 days 00:11:23.182000,0 days 00:12:35.904000
18,3930173,France,38,"[106.1, 0.1]","[112.3, 35.5]",1,0 days 00:12:52.962000,0 days 00:13:23.902000
19,3930173,Netherlands,14,"[12.1, 35.6]","[41.4, 26.1]",1,0 days 00:13:25.156000,0 days 00:13:29.736000
20,3930173,France,18,"[75.5, 34.1]","[3.2, 41.8]",1,0 days 00:13:32.094000,0 days 00:13:47.878000
21,3930173,Netherlands,5,"[6.3, 36.6]","[61.0, 75.0]",1,0 days 00:14:15.427000,0 days 00:14:20.408000
22,3930173,Netherlands,74,"[66.5, 0.1]","[1.9, 41.3]",1,0 days 00:14:32.111000,0 days 00:15:56.979000
23,3930173,Netherlands,28,"[120.0, 80.0]","[40.0, 7.2]",1,0 days 00:16:30.544000,0 days 00:16:54.600000
24,3930173,France,50,"[40.3, 5.0]","[15.3, 69.7]",1,0 days 00:17:01.508000,0 days 00:17:40.542000
25,3930173,France,6,"[120.0, 0.1]","[96.6, 67.6]",1,0 days 00:18:18.084000,0 days 00:18:24.839000
26,3930173,Netherlands,15,"[26.4, 0.1]","[66.5, 20.1]",1,0 days 00:18:46.790000,0 days 00:18:54.870000
27,3930173,France,124,"[57.7, 61.7]","[108.6, 6.3]",1,0 days 00:18:54.870000,0 days 00:20:40.403000
28,3930173,Netherlands,11,"[5.5, 43.8]","[81.7, 2.9]",1,0 days 00:20:57.741000,0 days 00:21:29.874000
29,3930173,France,21,"[28.7, 68.8]","[92.4, 21.3]",1,0 days 00:21:29.874000,0 days 00:21:59.793000
30,3930173,France,11,"[28.0, 80.0]","[54.4, 59.8]",1,0 days 00:22:13.146000,0 days 00:22:21.373000
31,3930173,Netherlands,6,"[67.5, 19.1]","[77.3, 5.1]",1,0 days 00:22:21.794000,0 days 00:22:24.771000
32,3930173,Netherlands,3,"[77.9, 5.6]","[115.4, 57.1]",1,0 days 00:23:06.647000,0 days 00:23:09.337000
33,3930173,France,4,"[4.7, 32.6]","[64.8, 1.1]",1,0 days 00:23:25.324000,0 days 00:23:40.852000
34,3930173,Netherlands,12,"[45.6, 80.0]","[66.1, 74.2]",1,0 days 00:23:51.886000,0 days 00:24:01.075000
35,3930173,Netherlands,7,"[67.8, 76.6]","[81.9, 57.6]",1,0 days 00:24:19.368000,0 days 00:24:26.285000
36,3930173,France,10,"[38.2, 22.5]","[36.4, 27.8]",1,0 days 00:24:26.285000,0 days 00:24:29.697000
37,3930173,France,12,"[34.8, 28.8]","[36.9, 13.9]",1,0 days 00:24:39.068000,0 days 00:24:55.588000
38,3930173,France,31,"[53.2, 80.0]","[77.9, 73.1]",1,0 days 00:25:02.878000,0 days 00:25:31.445000
39,3930173,Netherlands,16,"[43.6, 6.4]","[102.2, 31.3]",1,0 days 00:25:31.445000,0 days 00:25:41.280000
40,3930173,France,17,"[6.0, 30.3]","[89.4, 8.3]",1,0 days 00:26:40.163000,0 days 00:26:56.718000
41,3930173,Netherlands,28,"[33.5, 69.2]","[3.1, 41.5]",1,0 days 00:26:56.718000,0 days 00:27:17.468000
42,3930173,France,10,"[7.4, 19.9]","[2.2, 36.4]",1,0 days 00:27:19.884000,0 days 00:27:39.779000
43,3930173,Netherlands,18,"[5.9, 36.9]","[51.1, 3.7]",1,0 days 00:27:54.160000,0 days 00:28:17.979000
44,3930173,France,66,"[69.0, 80.0]","[56.9, 29.6]",1,0 days 00:28:20.498000,0 days 00:29:21.494000
45,3930173,France,18,"[59.2, 23.7]","[65.3, 46.8]",1,0 days 00:29:32.822000,0 days 00:29:46.335000
46,3930173,Netherlands,61,"[54.8, 33.3]","[17.4, 50.3]",1,0 days 00:29:46.335000,0 days 00:30:50.444000
47,3930173,France,8,"[22.6, 49.8]","[54.9, 36.1]",1,0 days 00:30:50.733000,0 days 00:30:56.156000
48,3930173,France,96,"[61.2, 36.7]","[97.8, 45.5]",1,0 days 00:31:19.198000,0 days 00:32:53.518000
49,3930173,Netherlands,53,"[22.3, 34.6]","[94.5, 53.1]",1,0 days 00:32:53.518000,0 days 00:33:50.154000
50,3930173,France,60,"[13.1, 31.4]","[5.1, 41.9]",1,0 days 00:33:50.154000,0 days 00:35:06.683000
51,3930173,France,26,"[13.1, 36.8]","[28.1, 72.3]",1,0 days 00:35:11.099000,0 days 00:35:35.311000
52,3930173,France,9,"[103.2, 0.1]","[99.6, 2.5]",1,0 days 00:36:07.271000,0 days 00:36:11.361000
53,3930173,Netherlands,48,"[20.5, 77.6]","[87.1, 22.2]",1,0 days 00:36:11.361000,0 days 00:37:08.264000
54,3930173,France,5,"[88.6, 23.7]","[97.8, 74.4]",1,0 days 00:38:16.462000,0 days 00:38:23.074000
55,3930173,Netherlands,6,"[21.0, 0.1]","[33.2, 21.3]",1,0 days 00:38:51.004000,0 days 00:38:57.218000
56,3930173,France,13,"[86.6, 61.3]","[99.6, 53.9]",1,0 days 00:38:57.218000,0 days 00:39:08.157000
57,3930173,France,3,"[99.3, 55.2]","[1.5, 38.9]",1,0 days 00:40:34.741000,0 days 00:40:35.719000
58,3930173,France,2,"[120.0, 80.0]","[7.6, 33.1]",1,0 days 00:41:16.202000,0 days 00:41:17.186000
59,3930173,France,43,"[102.7, 80.0]","[107.6, 35.3]",1,0 days 00:41:29.337000,0 days 00:42:20.692000
60,3930173,Netherlands,1,"[2.3, 41.1]","[2.3, 41.1]",1,0 days 00:42:21.536000,0 days 00:42:21.536000
61,3930173,Netherlands,48,"[11.9, 44.0]","[52.8, 7.6]",1,0 days 00:42:38.383000,0 days 00:43:48.494000
62,3930173,Netherlands,13,"[69.1, 80.0]","[51.6, 17.5]",1,0 days 00:44:01.196000,0 days 00:44:09.901000
63,3930173,France,5,"[72.1, 62.8]","[47.4, 23.3]",1,0 days 00:44:10.501000,0 days 00:44:10.906000
64,3930173,France,29,"[71.9, 58.8]","[70.4, 44.3]",1,0 days 00:44:23.851000,0 days 00:45:00.434000
65,3930173,Netherlands,8,"[49.7, 35.8]","[86.5, 37.2]",1,0 days 00:45:00.434000,0 days 00:45:06.527000
66,3930173,France,35,"[11.6, 49.1]","[34.5, 3.9]",1,0 days 00:45:06.527000,0 days 00:45:34.310000
67,3930173,France,22,"[85.6, 80.0]","[61.5, 16.9]",1,0 days 00:45:38.402000,0 days 00:45:58.611000
68,3930173,France,47,"[61.0, 40.1]","[27.3, 3.2]",2,0 days 00:00:00.440000,0 days 00:00:49.707000
69,3930173,France,34,"[90.1, 80.0]","[95.6, 75.3]",2,0 days 00:00:58.627000,0 days 00:01:32.337000
70,3930173,Netherlands,15,"[5.3, 30.2]","[49.4, 65.4]",2,0 days 00:01:52.457000,0 days 00:02:06.070000
71,3930173,France,71,"[75.9, 14.9]","[110.2, 7.6]",2,0 days 00:02:07.516000,0 days 00:03:28.533000
72,3930173,Netherlands,4,"[16.5, 80.0]","[89.2, 13.3]",2,0 days 00:03:56.783000,0 days 00:03:57.927000
73,3930173,Netherlands,2,"[33.6, 80.0]","[64.2, 69.1]",2,0 days 00:04:20.924000,0 days 00:04:22.912000
74,3930173,France,10,"[58.2, 10.2]","[41.8, 5.1]",2,0 days 00:04:22.912000,0 days 00:04:27.009000
75,3930173,France,38,"[42.3, 11.5]","[2.1, 39.6]",2,0 days 00:04:39.126000,0 days 00:05:21.866000
76,3930173,Netherlands,33,"[30.9, 22.2]","[8.4, 24.3]",2,0 days 00:05:23.380000,0 days 00:05:53.343000
77,3930173,France,7,"[10.0, 23.6]","[38.8, 3.0]",2,0 days 00:06:26.543000,0 days 00:06:34.618000
78,3930173,France,23,"[75.5, 80.0]","[3.7, 36.7]",2,0 days 00:06:39.146000,0 days 00:06:58.854000
79,3930173,Netherlands,83,"[5.3, 39.5]","[90.5, 26.5]",2,0 days 00:07:11.417000,0 days 00:08:36.684000
80,3930173,Netherlands,10,"[92.3, 33.5]","[8.9, 11.5]",2,0 days 00:09:39.803000,0 days 00:09:58.557000
81,3930173,France,20,"[6.9, 31.6]","[95.8, 24.2]",2,0 days 00:10:16.557000,0 days 00:10:32.680000
82,3930173,France,36,"[18.6, 61.0]","[1.7, 38.4]",2,0 days 00:10:55.183000,0 days 00:11:37.625000
83,3930173,Netherlands,28,"[5.5, 30.6]","[33.8, 5.3]",2,0 days 00:11:54.498000,0 days 00:12:44.951000
84,3930173,France,50,"[49.3, 65.4]","[3.0, 40.6]",2,0 days 00:12:47.088000,0 days 00:13:32.825000
85,3930173,France,7,"[111.5, 80.0]","[19.2, 1.2]",2,0 days 00:13:42.686000,0 days 00:13:44.509000
86,3930173,France,60,"[98.5, 80.0]","[2.4, 39.9]",2,0 days 00:13:52.187000,0 days 00:14:47.967000
87,3930173,Netherlands,14,"[6.0, 43.4]","[35.6, 46.3]",2,0 days 00:15:10.749000,0 days 00:15:25.088000
88,3930173,France,22,"[32.5, 49.1]","[117.0, 74.4]",2,0 days 00:16:21.956000,0 days 00:16:43.999000
89,3930173,France,13,"[120.0, 80.0]","[2.2, 39.6]",2,0 days 00:17:05.251000,0 days 00:17:13.865000
90,3930173,Netherlands,9,"[5.8, 30.8]","[43.2, 17.9]",2,0 days 00:17:38.051000,0 days 00:17:50.275000
91,3930173,France,137,"[41.2, 23.5]","[2.2, 37.5]",2,0 days 00:17:51.260000,0 days 00:19:44.243000
92,3930173,France,56,"[120.0, 80.0]","[110.6, 69.8]",2,0 days 00:20:22.895000,0 days 00:21:07.630000
93,3930173,Netherlands,5,"[3.3, 38.6]","[27.5, 9.2]",2,0 days 00:21:08.445000,0 days 00:21:34.965000
94,3930173,Netherlands,9,"[22.5, 17.5]","[63.6, 37.5]",2,0 days 00:21:52.477000,0 days 00:22:06.108000
95,3930173,France,9,"[56.5, 40.5]","[2.6, 37.6]",2,0 days 00:22:06.108000,0 days 00:22:20
96,3930173,Netherlands,41,"[6.0, 31.8]","[116.1, 40.6]",2,0 days 00:22:45.538000,0 days 00:23:33.991000
97,3930173,France,13,"[7.3, 38.6]","[83.0, 22.9]",2,0 days 00:27:51.262000,0 days 00:28:04.175000
98,3930173,France,38,"[38.3, 58.0]","[107.7, 29.9]",2,0 days 00:28:29.118000,0 days 00:29:18.965000
99,3930173,Netherlands,106,"[5.4, 45.7]","[85.8, 37.5]",2,0 days 00:29:47.268000,0 days 00:31:54.315000
100,3930173,Netherlands,3,"[88.9, 37.1]","[7.0, 32.0]",2,0 days 00:32:48.093000,0 days 00:32:49.794000
101,3930173,Netherlands,7,"[120.0, 80.0]","[113.7, 46.0]",2,0 days 00:33:36.955000,0 days 00:33:39.738000
102,3930173,France,47,"[6.2, 38.9]","[82.2, 28.2]",2,0 days 00:34:04.482000,0 days 00:34:51.170000
103,3930173,Netherlands,6,"[35.6, 27.8]","[68.6, 51.6]",2,0 days 00:34:54.467000,0 days 00:35:00.930000
104,3930173,France,11,"[34.1, 23.7]","[77.6, 24.1]",2,0 days 00:35:00.930000,0 days 00:35:11.091000
105,3930173,Netherlands,36,"[42.8, 53.5]","[68.8, 25.7]",2,0 days 00:35:12.229000,0 days 00:35:44.369000
106,3930173,France,22,"[53.0, 39.7]","[114.9, 27.2]",2,0 days 00:35:44.369000,0 days 00:36:04.336000
107,3930173,Netherlands,74,"[5.9, 42.9]","[80.5, 56.0]",2,0 days 00:36:27.189000,0 days 00:37:46.084000
108,3930173,France,111,"[38.6, 29.3]","[40.5, 4.7]",2,0 days 00:37:46.084000,0 days 00:39:34.229000
109,3930173,France,83,"[63.1, 80.0]","[103.6, 5.8]",2,0 days 00:39:42.579000,0 days 00:41:00.663000
110,3930173,France,29,"[97.6, 0.1]","[34.7, 34.0]",2,0 days 00:41:06.177000,0 days 00:42:45.839000
111,3930173,Netherlands,24,"[38.5, 36.3]","[48.8, 70.2]",2,0 days 00:42:49.100000,0 days 00:43:13.147000
112,3930173,France,21,"[44.4, 20.7]","[110.1, 72.9]",2,0 days 00:43:14.678000,0 days 00:43:32.627000
113,3930173,Netherlands,3,"[24.7, 0.1]","[38.5, 8.0]",2,0 days 00:44:04.968000,0 days 00:44:08.405000
114,3930173,France,7,"[58.2, 68.6]","[22.3, 2.4]",2,0 days 00:44:10.485000,0 days 00:44:14.856000
115,3930173,France,73,"[83.7, 80.0]","[2.4, 37.7]",2,0 days 00:44:24.709000,0 days 00:45:30.216000
116,3930173,France,31,"[120.0, 80.0]","[15.0, 0.6]",2,0 days 00:45:56.581000,0 days 00:46:21.886000
117,3930173,France,14,"[104.7, 80.0]","[76.6, 76.6]",2,0 days 00:46:29.467000,0 days 00:46:48.029000
118,3930173,Netherlands,6,"[40.3, 0.1]","[53.4, 4.5]",2,0 days 00:47:08.738000,0 days 00:47:12.905000
119,3930173,Netherlands,50,"[54.4, 2.8]","[1.7, 53.6]",2,0 days 00:47:23.853000,0 days 00:48:21.019000
120,3930173,Netherlands,11,"[111.4, 0.1]","[90.0, 4.7]",2,0 days 00:48:41.732000,0 days 00:48:50.856000
121,3930173,France,49,"[7.0, 38.8]","[117.8, 9.3]",2,0 days 00:49:01.630000,0 days 00:49:48.873000
122,3930173,Netherlands,1,"[5.8, 45.2]","[5.8, 45.2]",2,0 days 00:50:18.350000,0 days 00:50:18.350000
2,3930172,Italy,9,"[61.0, 40.1]","[19.5, 0.9]",1,0 days 00:00:00.977000,0 days 00:00:09.279000
3,3930172,Italy,2,"[101.2, 80.0]","[111.9, 65.3]",1,0 days 00:00:29.252000,0 days 00:00:31.967000
4,3930172,Spain,37,"[5.8, 33.8]","[1.1, 42.3]",1,0 days 00:00:54.941000,0 days 00:01:26.030000
5,3930172,Spain,10,"[120.0, 0.1]","[112.7, 35.7]",1,0 days 00:01:50.232000,0 days 00:02:00.024000
6,3930172,Italy,9,"[7.4, 44.4]","[82.4, 6.0]",1,0 days 00:02:00.024000,0 days 00:02:04.470000
7,3930172,Italy,26,"[8.0, 58.8]","[64.6, 73.2]",1,0 days 00:02:08.389000,0 days 00:02:28.658000
8,3930172,Spain,99,"[64.1, 73.6]","[110.6, 36.3]",1,0 days 00:02:35.773000,0 days 00:03:48.640000
9,3930172,Italy,13,"[8.0, 33.0]","[48.8, 38.3]",1,0 days 00:03:48.640000,0 days 00:03:55.324000
10,3930172,Italy,50,"[49.2, 38.9]","[66.8, 78.4]",1,0 days 00:04:16.632000,0 days 00:04:58.294000
11,3930172,Spain,24,"[56.0, 1.7]","[16.0, 22.5]",1,0 days 00:04:58.294000,0 days 00:05:18.641000
12,3930172,Italy,11,"[9.9, 25.4]","[48.2, 36.8]",1,0 days 00:05:21.033000,0 days 00:05:36.115000
13,3930172,Spain,17,"[73.4, 42.0]","[28.7, 32.5]",1,0 days 00:05:36.115000,0 days 00:07:36.370000
14,3930172,Italy,23,"[23.2, 37.9]","[69.7, 72.5]",1,0 days 00:07:41.721000,0 days 00:07:54.488000
15,3930172,Italy,23,"[69.7, 72.5]","[57.4, 72.9]",1,0 days 00:08:14.835000,0 days 00:08:30.875000
16,3930172,Italy,13,"[57.4, 72.9]","[98.3, 55.5]",1,0 days 00:08:51.668000,0 days 00:09:04.311000
17,3930172,Spain,5,"[22.8, 23.8]","[25.9, 2.3]",1,0 days 00:09:04.311000,0 days 00:09:08.294000
18,3930172,Spain,21,"[36.5, 3.3]","[1.9, 40.7]",1,0 days 00:09:21.459000,0 days 00:09:45.238000
19,3930172,Italy,25,"[7.0, 39.1]","[96.7, 73.1]",1,0 days 00:10:04.529000,0 days 00:10:28.562000
20,3930172,Spain,61,"[24.4, 12.1]","[31.6, 15.0]",1,0 days 00:10:28.562000,0 days 00:11:18.425000
21,3930172,Spain,45,"[31.6, 15.0]","[108.8, 59.0]",1,0 days 00:11:47.950000,0 days 00:12:34.256000
22,3930172,Italy,44,"[15.4, 17.4]","[100.6, 55.8]",1,0 days 00:12:34.256000,0 days 00:13:18.294000
23,3930172,Spain,39,"[19.5, 24.3]","[89.7, 24.4]",1,0 days 00:13:18.294000,0 days 00:14:33.631000
25,3930172,Spain,26,"[81.1, 19.5]","[79.1, 68.7]",1,0 days 00:14:59.027000,0 days 00:15:16.553000
26,3930172,Italy,48,"[41.0, 11.4]","[85.6, 35.2]",1,0 days 00:15:16.929000,0 days 00:15:49.127000
27,3930172,Spain,8,"[40.4, 40.8]","[63.3, 39.6]",1,0 days 00:15:49.127000,0 days 00:15:53.463000
28,3930172,Italy,22,"[56.8, 40.5]","[94.0, 64.9]",1,0 days 00:15:53.463000,0 days 00:16:16.630000
29,3930172,Spain,88,"[28.3, 13.2]","[70.7, 11.9]",1,0 days 00:16:16.630000,0 days 00:17:40.902000
30,3930172,Spain,103,"[68.9, 12.7]","[90.1, 28.3]",1,0 days 00:17:49.658000,0 days 00:19:20.661000
31,3930172,Italy,5,"[27.9, 54.7]","[69.9, 2.3]",1,0 days 00:19:21.138000,0 days 00:19:25.113000
32,3930172,Italy,19,"[55.5, 80.0]","[108.4, 44.4]",1,0 days 00:20:03.244000,0 days 00:20:21.595000
33,3930172,Spain,43,"[13.6, 34.7]","[67.6, 55.8]",1,0 days 00:20:21.595000,0 days 00:21:01.595000
34,3930172,Italy,22,"[48.8, 24.8]","[69.7, 51.6]",1,0 days 00:21:01.595000,0 days 00:21:18.178000
35,3930172,Spain,23,"[48.2, 24.6]","[60.9, 31.5]",1,0 days 00:21:18.178000,0 days 00:21:51.404000
36,3930172,Italy,14,"[62.9, 38.7]","[62.2, 9.8]",1,0 days 00:21:53.043000,0 days 00:22:14.614000
37,3930172,Spain,19,"[63.0, 80.0]","[36.7, 4.6]",1,0 days 00:22:18.717000,0 days 00:22:44.301000
38,3930172,Spain,107,"[86.3, 80.0]","[89.9, 57.1]",1,0 days 00:22:48.748000,0 days 00:24:12.958000
39,3930172,Italy,14,"[30.2, 23.0]","[47.9, 17.0]",1,0 days 00:24:12.958000,0 days 00:24:22.207000
40,3930172,Spain,7,"[68.9, 61.8]","[1.2, 41.1]",1,0 days 00:24:22.836000,0 days 00:24:28.536000
41,3930172,Spain,15,"[120.0, 80.0]","[106.1, 65.9]",1,0 days 00:24:57.079000,0 days 00:25:04.830000
42,3930172,Italy,22,"[13.2, 16.8]","[111.6, 41.6]",1,0 days 00:25:05.130000,0 days 00:25:28.395000
43,3930172,Spain,28,"[6.0, 32.2]","[1.8, 40.4]",1,0 days 00:25:46.262000,0 days 00:26:22.481000
44,3930172,Italy,5,"[7.0, 47.6]","[90.9, 56.5]",1,0 days 00:26:45.134000,0 days 00:26:51.617000
45,3930172,Spain,24,"[26.9, 26.4]","[7.1, 44.0]",1,0 days 00:26:51.617000,0 days 00:27:15.542000
46,3930172,Italy,13,"[19.8, 40.2]","[95.6, 16.8]",1,0 days 00:27:16.886000,0 days 00:27:25.233000
47,3930172,Spain,32,"[93.7, 17.6]","[19.5, 31.0]",1,0 days 00:27:25.631000,0 days 00:27:48.540000
48,3930172,Italy,11,"[21.2, 29.9]","[42.9, 2.9]",1,0 days 00:27:49.713000,0 days 00:27:56.987000
49,3930172,Italy,8,"[49.1, 4.3]","[76.1, 58.0]",1,0 days 00:28:18.237000,0 days 00:28:27.650000
50,3930172,Spain,27,"[44.3, 19.2]","[98.9, 2.9]",1,0 days 00:28:27.650000,0 days 00:29:01.503000
51,3930172,Italy,10,"[21.2, 79.0]","[11.0, 73.6]",1,0 days 00:29:01.503000,0 days 00:29:04.747000
52,3930172,Italy,10,"[9.1, 70.2]","[92.1, 54.7]",1,0 days 00:29:29.341000,0 days 00:29:41.116000
53,3930172,Spain,19,"[28.0, 25.4]","[105.0, 3.5]",1,0 days 00:29:41.116000,0 days 00:30:01.641000
54,3930172,Italy,5,"[15.1, 76.6]","[11.2, 76.0]",1,0 days 00:30:01.641000,0 days 00:30:03.760000
55,3930172,Italy,20,"[10.1, 76.0]","[33.8, 39.6]",1,0 days 00:30:16.271000,0 days 00:30:38.112000
56,3930172,Italy,38,"[34.1, 42.6]","[23.9, 25.9]",1,0 days 00:31:32.765000,0 days 00:32:07.330000
57,3930172,Spain,29,"[14.2, 31.9]","[43.2, 2.9]",1,0 days 00:32:19.618000,0 days 00:32:47.007000
58,3930172,Italy,13,"[67.2, 80.0]","[56.5, 71.0]",1,0 days 00:33:03.338000,0 days 00:33:15.813000
59,3930172,Italy,20,"[56.5, 70.2]","[92.1, 71.3]",1,0 days 00:33:45.134000,0 days 00:34:01.753000
60,3930172,Spain,96,"[28.0, 8.8]","[107.7, 11.2]",1,0 days 00:34:01.753000,0 days 00:35:31.074000
61,3930172,Spain,6,"[107.7, 10.9]","[2.4, 39.8]",1,0 days 00:36:28.479000,0 days 00:36:32.611000
62,3930172,Italy,37,"[7.0, 48.2]","[76.9, 27.8]",1,0 days 00:36:50.458000,0 days 00:37:29.693000
63,3930172,Spain,34,"[41.3, 48.8]","[105.3, 34.6]",1,0 days 00:37:29.693000,0 days 00:37:57.395000
64,3930172,Italy,11,"[14.8, 45.5]","[35.5, 39.9]",1,0 days 00:37:57.395000,0 days 00:38:02.265000
65,3930172,Italy,4,"[35.3, 39.5]","[64.8, 77.4]",1,0 days 00:38:09.355000,0 days 00:38:17.517000
66,3930172,Spain,15,"[55.0, 0.1]","[68.9, 74.6]",1,0 days 00:38:35.832000,0 days 00:38:56.895000
67,3930172,Italy,38,"[50.7, 10.3]","[75.2, 76.6]",1,0 days 00:38:57.982000,0 days 00:39:43.542000
68,3930172,Spain,17,"[44.9, 3.5]","[13.0, 11.5]",1,0 days 00:39:43.542000,0 days 00:40:05.557000
69,3930172,Spain,45,"[110.3, 80.0]","[94.8, 46.2]",1,0 days 00:40:10.964000,0 days 00:40:56.303000
70,3930172,Italy,1,"[1.6, 41.7]","[1.6, 41.7]",1,0 days 00:40:57.263000,0 days 00:40:57.263000
71,3930172,Italy,11,"[6.5, 35.8]","[33.8, 3.5]",1,0 days 00:41:17.047000,0 days 00:41:34.044000
72,3930172,Spain,27,"[85.7, 80.0]","[49.6, 69.1]",1,0 days 00:41:52.724000,0 days 00:42:15.149000
73,3930172,Spain,9,"[58.2, 72.8]","[86.3, 2.4]",1,0 days 00:42:49.647000,0 days 00:43:01.611000
74,3930172,Italy,20,"[21.5, 80.0]","[51.7, 27.2]",1,0 days 00:43:21.727000,0 days 00:43:30.341000
75,3930172,Spain,5,"[45.2, 17.4]","[104.1, 55.6]",1,0 days 00:43:59.849000,0 days 00:44:10.210000
76,3930172,Italy,9,"[10.7, 21.9]","[28.4, 3.8]",1,0 days 00:44:10.210000,0 days 00:44:24.670000
77,3930172,Spain,13,"[85.1, 80.0]","[106.1, 43.5]",1,0 days 00:44:30.202000,0 days 00:44:45.172000
78,3930172,Italy,22,"[11.2, 42.3]","[2.4, 36.8]",1,0 days 00:44:45.172000,0 days 00:45:01.382000
79,3930172,Spain,7,"[6.0, 44.6]","[39.0, 25.9]",1,0 days 00:45:40.074000,0 days 00:46:17.036000
80,3930172,Spain,4,"[36.6, 23.9]","[82.6, 33.4]",1,0 days 00:46:31.112000,0 days 00:46:33.376000
81,3930172,Italy,7,"[42.1, 50.3]","[63.1, 39.3]",1,0 days 00:46:33.376000,0 days 00:46:37.635000
82,3930172,Spain,9,"[47.3, 38.8]","[61.7, 15.1]",1,0 days 00:46:37.635000,0 days 00:46:49.633000
83,3930172,Italy,18,"[55.1, 61.7]","[16.0, 56.7]",1,0 days 00:46:49.982000,0 days 00:46:59.866000
84,3930172,Spain,30,"[61.0, 40.1]","[74.2, 69.5]",2,0 days 00:00:00.299000,0 days 00:00:15.453000
85,3930172,Spain,27,"[77.6, 67.1]","[71.3, 51.1]",2,0 days 00:02:34.196000,0 days 00:03:03.118000
86,3930172,Italy,11,"[46.0, 41.1]","[63.0, 43.3]",2,0 days 00:03:03.118000,0 days 00:03:11.831000
87,3930172,Spain,25,"[51.0, 51.3]","[8.6, 21.2]",2,0 days 00:03:13.437000,0 days 00:03:30.715000
88,3930172,Spain,57,"[120.0, 80.0]","[12.6, 75.4]",2,0 days 00:04:08.847000,0 days 00:05:02.283000
89,3930172,Spain,27,"[103.5, 0.1]","[100.3, 53.1]",2,0 days 00:05:08.162000,0 days 00:05:31.106000
90,3930172,Italy,11,"[19.8, 27.0]","[100.3, 27.3]",2,0 days 00:05:31.106000,0 days 00:05:41.379000
91,3930172,Spain,35,"[15.2, 53.1]","[1.7, 43.6]",2,0 days 00:05:41.379000,0 days 00:06:26.346000
92,3930172,Italy,11,"[5.7, 45.0]","[17.0, 68.2]",2,0 days 00:06:52.488000,0 days 00:06:59.016000
93,3930172,Spain,28,"[104.6, 18.3]","[93.1, 15.6]",2,0 days 00:06:59.016000,0 days 00:07:23.465000
94,3930172,Italy,13,"[27.0, 64.5]","[4.3, 76.4]",2,0 days 00:07:23.465000,0 days 00:07:30.753000
95,3930172,Spain,12,"[86.3, 9.2]","[92.3, 35.6]",2,0 days 00:07:32.784000,0 days 00:07:44.835000
96,3930172,Italy,1,"[2.6, 40.4]","[2.6, 40.4]",2,0 days 00:07:45.740000,0 days 00:07:45.740000
97,3930172,Italy,9,"[8.3, 39.6]","[95.4, 16.6]",2,0 days 00:07:56.528000,0 days 00:08:10.410000
98,3930172,Spain,68,"[4.6, 61.8]","[115.9, 41.6]",2,0 days 00:08:10.410000,0 days 00:09:04.885000
99,3930172,Italy,8,"[60.0, 40.0]","[73.0, 57.5]",2,0 days 00:10:11.407000,0 days 00:10:17.954000
100,3930172,Spain,13,"[48.1, 20.3]","[72.8, 61.8]",2,0 days 00:10:17.954000,0 days 00:10:26.383000
101,3930172,Italy,19,"[44.7, 15.3]","[108.6, 43.9]",2,0 days 00:10:26.383000,0 days 00:10:38.221000
102,3930172,Italy,10,"[7.7, 36.4]","[58.0, 62.6]",2,0 days 00:10:39.124000,0 days 00:10:59.109000
103,3930172,Spain,41,"[61.5, 8.9]","[45.9, 76.6]",2,0 days 00:10:59.109000,0 days 00:11:34.380000
104,3930172,Spain,29,"[61.5, 0.1]","[3.8, 42.0]",2,0 days 00:11:53.122000,0 days 00:12:17.175000
105,3930172,Spain,20,"[120.0, 0.1]","[48.9, 11.9]",2,0 days 00:12:55.394000,0 days 00:13:12.025000
106,3930172,Spain,75,"[48.9, 11.9]","[2.8, 37.6]",2,0 days 00:13:26.456000,0 days 00:14:42.576000
107,3930172,Italy,7,"[5.7, 39.0]","[45.4, 8.3]",2,0 days 00:15:03.801000,0 days 00:15:11.045000
108,3930172,Spain,11,"[76.0, 71.2]","[1.0, 22.7]",2,0 days 00:15:11.045000,0 days 00:15:16.931000
109,3930172,Italy,43,"[8.0, 34.2]","[98.9, 50.5]",2,0 days 00:15:37.854000,0 days 00:16:13.740000
110,3930172,Spain,48,"[21.2, 29.6]","[63.1, 5.7]",2,0 days 00:16:13.740000,0 days 00:17:07.584000
111,3930172,Italy,21,"[55.4, 80.0]","[63.3, 53.4]",2,0 days 00:17:12.797000,0 days 00:17:34.815000
112,3930172,Spain,127,"[62.1, 53.8]","[49.2, 4.3]",2,0 days 00:18:33.376000,0 days 00:20:17.501000
113,3930172,Italy,89,"[69.8, 75.8]","[83.0, 47.1]",2,0 days 00:20:17.501000,0 days 00:21:46.869000
114,3930172,Spain,29,"[10.9, 28.3]","[4.3, 52.5]",2,0 days 00:21:46.869000,0 days 00:22:22.721000
115,3930172,Spain,10,"[84.2, 0.1]","[49.4, 3.2]",2,0 days 00:22:43.705000,0 days 00:22:55.109000
116,3930172,Italy,14,"[59.4, 2.5]","[76.3, 5.6]",2,0 days 00:22:56.183000,0 days 00:23:02.039000
117,3930172,Italy,56,"[78.2, 4.4]","[99.9, 25.3]",2,0 days 00:23:47.893000,0 days 00:24:36.043000
118,3930172,Spain,34,"[20.4, 53.1]","[2.5, 42.7]",2,0 days 00:24:36.263000,0 days 00:24:59.631000
119,3930172,Italy,68,"[6.0, 46.2]","[95.8, 20.1]",2,0 days 00:26:09.658000,0 days 00:27:07.890000
120,3930172,Italy,2,"[94.5, 25.7]","[1.6, 40.4]",2,0 days 00:28:27.509000,0 days 00:28:28.719000
121,3930172,Spain,50,"[6.4, 48.4]","[42.4, 75.2]",2,0 days 00:29:05.073000,0 days 00:29:47.352000
122,3930172,Italy,20,"[39.9, 80.0]","[61.0, 77.8]",2,0 days 00:29:51.005000,0 days 00:30:04.376000
123,3930172,Italy,15,"[63.2, 0.1]","[73.3, 10.5]",2,0 days 00:30:13.712000,0 days 00:30:26.722000
124,3930172,Italy,28,"[48.6, 80.0]","[96.5, 23.7]",2,0 days 00:30:36.492000,0 days 00:30:54.650000
125,3930172,Spain,43,"[108.5, 17.1]","[5.5, 38.2]",2,0 days 00:30:57.727000,0 days 00:31:35.122000
126,3930172,Italy,25,"[5.9, 38.2]","[79.8, 14.7]",2,0 days 00:32:44.379000,0 days 00:33:02.557000
127,3930172,Italy,48,"[83.7, 12.9]","[80.8, 6.0]",2,0 days 00:33:38.936000,0 days 00:34:25.999000
128,3930172,Italy,16,"[51.1, 80.0]","[46.9, 77.8]",2,0 days 00:34:45.700000,0 days 00:35:03.258000
129,3930172,Spain,13,"[55.3, 78.4]","[2.1, 42.6]",2,0 days 00:35:04.086000,0 days 00:35:13.869000
130,3930172,Spain,8,"[120.0, 0.1]","[1.2, 38.6]",2,0 days 00:35:37.554000,0 days 00:35:42.418000
131,3930172,Italy,15,"[6.0, 44.6]","[86.5, 9.5]",2,0 days 00:36:14.446000,0 days 00:36:21.723000
132,3930172,Italy,8,"[28.3, 53.2]","[64.6, 10.3]",2,0 days 00:36:35.072000,0 days 00:36:44.452000
133,3930172,Spain,27,"[14.6, 56.3]","[83.1, 73.1]",2,0 days 00:36:44.452000,0 days 00:37:18.451000
134,3930172,Italy,77,"[73.0, 80.0]","[77.8, 42.0]",2,0 days 00:37:24.282000,0 days 00:38:36.489000
135,3930172,Italy,22,"[72.2, 46.9]","[12.8, 72.6]",2,0 days 00:38:56.424000,0 days 00:39:15.883000
136,3930172,Italy,11,"[114.3, 0.1]","[4.8, 57.4]",2,0 days 00:39:25.742000,0 days 00:39:32.022000
137,3930172,Italy,4,"[120.0, 0.1]","[115.1, 31.7]",2,0 days 00:40:49.470000,0 days 00:40:50.569000
138,3930172,Spain,1,"[1.5, 42.1]","[1.5, 42.1]",2,0 days 00:40:51.299000,0 days 00:40:51.299000
139,3930172,Spain,26,"[6.0, 44.5]","[49.8, 72.0]",2,0 days 00:41:00.599000,0 days 00:41:20.636000
140,3930172,Italy,100,"[70.3, 8.1]","[35.2, 55.7]",2,0 days 00:41:20.636000,0 days 00:42:42.461000
141,3930172,Spain,9,"[42.3, 49.0]","[91.8, 59.1]",2,0 days 00:43:28.745000,0 days 00:43:36.719000
142,3930172,Italy,8,"[28.3, 21.0]","[62.0, 8.0]",2,0 days 00:43:36.719000,0 days 00:43:42.925000
143,3930172,Italy,8,"[62.0, 3.7]","[95.2, 17.5]",2,0 days 00:44:20.053000,0 days 00:44:29.558000
144,3930172,Spain,8,"[29.6, 62.0]","[43.1, 76.1]",2,0 days 00:44:29.558000,0 days 00:44:35.007000
145,3930172,Italy,22,"[65.8, 6.2]","[101.3, 36.4]",2,0 days 00:44:35.007000,0 days 00:44:53.417000
146,3930172,Spain,45,"[6.9, 47.4]","[78.7, 4.5]",2,0 days 00:45:27.039000,0 days 00:46:02.866000
147,3930172,Spain,19,"[78.5, 4.7]","[96.5, 39.6]",2,0 days 00:46:27.106000,0 days 00:46:42.552000
148,3930172,Italy,15,"[15.2, 39.1]","[78.1, 12.9]",2,0 days 00:46:42.808000,0 days 00:46:53.053000
149,3930172,Spain,27,"[40.9, 68.9]","[31.9, 78.0]",2,0 days 00:46:53.053000,0 days 00:47:17.076000
150,3930172,Italy,6,"[64.4, 8.7]","[99.1, 47.5]",2,0 days 00:47:18.929000,0 days 00:47:23.898000
151,3930172,Spain,30,"[24.7, 34.7]","[62.4, 50.9]",2,0 days 00:47:23.898000,0 days 00:47:48.067000
152,3930172,Italy,1,"[54.5, 0.1]","[54.5, 0.1]",2,0 days 00:48:53.353000,0 days 00:48:53.353000
153,3930172,Spain,12,"[39.3, 63.2]","[81.1, 47.2]",2,0 days 00:48:57.456000,0 days 00:49:08.198000
154,3930172,Italy,23,"[39.0, 32.9]","[101.4, 59.0]",2,0 days 00:49:08.198000,0 days 00:49:35.979000
155,3930172,Spain,11,"[21.6, 15.8]","[56.7, 42.1]",2,0 days 00:49:35.979000,0 days 00:49:41.656000
156,3930172,Italy,9,"[63.4, 38.0]","[3.5, 34.7]",2,0 days 00:49:41.656000,0 days 00:49:54.069000
157,3930172,Italy,13,"[120.0, 80.0]","[1.2, 43.3]",2,0 days 00:50:58.593000,0 days 00:51:10.698000
2,3930167,Albania,59,"[61.0, 40.1]","[108.7, 35.9]",1,0 days 00:00:00.551000,0 days 00:00:43.833000
3,3930167,Croatia,10,"[7.2, 43.6]","[21.1, 73.6]",1,0 days 00:00:43.833000,0 days 00:00:49.231000
4,3930167,Albania,26,"[87.5, 0.1]","[82.5, 70.4]",1,0 days 00:00:58.886000,0 days 00:01:23.070000
5,3930167,Croatia,34,"[38.7, 3.8]","[51.5, 26.1]",1,0 days 00:01:23.070000,0 days 00:01:51.477000
6,3930167,Albania,63,"[5.6, 61.2]","[95.3, 40.4]",1,0 days 00:01:55.966000,0 days 00:02:58.286000
7,3930167,Croatia,38,"[19.8, 39.1]","[71.1, 64.8]",1,0 days 00:02:59.967000,0 days 00:03:44.833000
8,3930167,Albania,3,"[73.6, 64.8]","[24.3, 29.9]",1,0 days 00:04:12.420000,0 days 00:04:13.691000
9,3930167,Croatia,26,"[18.2, 46.0]","[20.8, 7.7]",1,0 days 00:04:15,0 days 00:04:44.350000
10,3930167,Croatia,73,"[120.0, 80.0]","[12.0, 35.1]",1,0 days 00:05:11.263000,0 days 00:06:23.717000
11,3930167,Croatia,37,"[61.1, 80.0]","[102.8, 17.7]",1,0 days 00:06:33.148000,0 days 00:07:10.463000
12,3930167,Albania,12,"[22.2, 59.5]","[28.4, 77.0]",1,0 days 00:07:11.647000,0 days 00:07:16.943000
13,3930167,Croatia,33,"[92.5, 6.1]","[88.2, 27.2]",1,0 days 00:07:17.755000,0 days 00:07:41.421000
14,3930167,Croatia,32,"[86.8, 26.0]","[10.4, 57.3]",1,0 days 00:08:28.511000,0 days 00:09:11.446000
15,3930167,Albania,69,"[22.8, 48.2]","[1.7, 39.0]",1,0 days 00:09:13.579000,0 days 00:10:16.266000
16,3930167,Croatia,19,"[60.0, 40.0]","[77.3, 23.1]",1,0 days 00:11:35.895000,0 days 00:11:56.086000
17,3930167,Croatia,79,"[77.5, 31.6]","[105.1, 19.2]",1,0 days 00:12:01.051000,0 days 00:13:23.419000
18,3930167,Albania,14,"[13.7, 60.2]","[58.6, 55.4]",1,0 days 00:13:24.223000,0 days 00:13:31.707000
19,3930167,Albania,31,"[59.0, 55.6]","[1.6, 43.2]",1,0 days 00:13:56.267000,0 days 00:14:26.494000
20,3930167,Albania,10,"[120.0, 0.1]","[82.9, 67.9]",1,0 days 00:15:04.792000,0 days 00:15:11.189000
21,3930167,Croatia,18,"[6.0, 39.9]","[52.9, 37.8]",1,0 days 00:15:31.235000,0 days 00:15:46.163000
22,3930167,Albania,20,"[63.9, 42.4]","[39.7, 10.4]",1,0 days 00:15:56.817000,0 days 00:16:09.792000
23,3930167,Croatia,6,"[80.4, 69.7]","[26.5, 18.7]",1,0 days 00:16:09.792000,0 days 00:16:11.885000
24,3930167,Croatia,48,"[102.9, 80.0]","[84.5, 13.8]",1,0 days 00:16:42.023000,0 days 00:17:37.814000
25,3930167,Croatia,6,"[82.6, 12.7]","[9.7, 55.6]",1,0 days 00:18:05.901000,0 days 00:18:10.434000
26,3930167,Croatia,27,"[107.2, 0.1]","[97.9, 1.7]",1,0 days 00:18:30.458000,0 days 00:18:59.317000
27,3930167,Croatia,11,"[95.6, 0.1]","[110.4, 37.8]",1,0 days 00:19:01.356000,0 days 00:19:11.344000
28,3930167,Albania,13,"[12.3, 40.9]","[69.7, 22.3]",1,0 days 00:19:11.344000,0 days 00:19:18.961000
29,3930167,Croatia,22,"[27.5, 45.6]","[3.1, 36.6]",1,0 days 00:19:21.088000,0 days 00:19:46.554000
30,3930167,Albania,7,"[5.7, 44.1]","[55.3, 21.5]",1,0 days 00:20:30.226000,0 days 00:20:36.516000
31,3930167,Croatia,19,"[68.6, 57.2]","[112.0, 46.3]",1,0 days 00:20:36.884000,0 days 00:20:52.575000
32,3930167,Albania,12,"[3.7, 44.9]","[56.8, 68.1]",1,0 days 00:20:52.575000,0 days 00:21:14.535000
33,3930167,Croatia,49,"[55.7, 68.5]","[78.7, 43.8]",1,0 days 00:21:21.802000,0 days 00:22:09.580000
34,3930167,Albania,46,"[34.4, 30.2]","[39.3, 74.1]",1,0 days 00:22:09.580000,0 days 00:22:55.294000
35,3930167,Croatia,96,"[34.3, 67.2]","[14.2, 56.3]",1,0 days 00:22:56.611000,0 days 00:24:20.710000
36,3930167,Albania,7,"[20.3, 55.0]","[83.4, 28.8]",1,0 days 00:25:03.594000,0 days 00:25:10.272000
37,3930167,Croatia,24,"[33.1, 49.2]","[57.2, 42.7]",1,0 days 00:25:10.272000,0 days 00:25:25.869000
38,3930167,Croatia,20,"[57.6, 41.9]","[4.0, 39.8]",1,0 days 00:25:34.398000,0 days 00:25:57.205000
39,3930167,Albania,6,"[7.0, 40.8]","[82.8, 47.6]",1,0 days 00:26:33.297000,0 days 00:26:38.409000
40,3930167,Albania,7,"[82.0, 46.6]","[4.9, 47.3]",1,0 days 00:27:25.483000,0 days 00:27:32.991000
41,3930167,Albania,14,"[112.2, 0.1]","[106.0, 36.0]",1,0 days 00:28:04.144000,0 days 00:28:15.530000
42,3930167,Croatia,12,"[14.1, 44.1]","[47.4, 9.8]",1,0 days 00:28:15.530000,0 days 00:28:26.008000
43,3930167,Albania,25,"[73.9, 72.4]","[1.7, 39.7]",1,0 days 00:28:26.161000,0 days 00:28:47.826000
44,3930167,Croatia,5,"[6.0, 40.0]","[90.8, 6.5]",1,0 days 00:29:06.539000,0 days 00:29:11.191000
45,3930167,Croatia,7,"[28.8, 80.0]","[47.4, 74.9]",1,0 days 00:29:33.995000,0 days 00:29:36.360000
46,3930167,Croatia,24,"[50.6, 69.7]","[40.3, 42.9]",1,0 days 00:29:53.984000,0 days 00:30:17.940000
47,3930167,Albania,29,"[42.6, 57.1]","[86.1, 26.2]",1,0 days 00:30:19.461000,0 days 00:30:47.279000
48,3930167,Albania,1,"[86.1, 26.3]","[86.1, 26.3]",1,0 days 00:31:32.045000,0 days 00:31:32.045000
49,3930167,Croatia,40,"[6.0, 38.8]","[12.9, 61.6]",1,0 days 00:31:53.894000,0 days 00:32:42.991000
50,3930167,Croatia,89,"[93.4, 0.1]","[94.0, 57.9]",1,0 days 00:32:50.959000,0 days 00:34:24.071000
51,3930167,Albania,8,"[22.4, 21.2]","[14.5, 7.7]",1,0 days 00:34:24.159000,0 days 00:34:32.127000
52,3930167,Croatia,12,"[85.6, 65.1]","[94.0, 20.7]",1,0 days 00:34:32.858000,0 days 00:34:44.089000
53,3930167,Albania,11,"[25.3, 52.7]","[87.1, 34.3]",1,0 days 00:34:44.089000,0 days 00:34:55.412000
54,3930167,Croatia,9,"[33.5, 35.6]","[104.6, 13.9]",1,0 days 00:34:55.412000,0 days 00:35:07.231000
55,3930167,Croatia,25,"[103.1, 13.2]","[90.9, 35.7]",1,0 days 00:35:57.389000,0 days 00:36:20.483000
56,3930167,Albania,17,"[31.9, 47.4]","[43.0, 9.9]",1,0 days 00:36:20.795000,0 days 00:36:35.571000
57,3930167,Albania,6,"[44.8, 10.2]","[53.4, 38.4]",1,0 days 00:36:49.629000,0 days 00:36:53.958000
58,3930167,Albania,3,"[56.8, 40.5]","[105.4, 48.6]",1,0 days 00:37:06.504000,0 days 00:37:09.315000
59,3930167,Croatia,40,"[3.7, 27.7]","[2.3, 41.8]",1,0 days 00:37:10.457000,0 days 00:37:55.026000
60,3930167,Albania,3,"[13.3, 43.8]","[42.1, 39.6]",1,0 days 00:38:13.916000,0 days 00:38:17.672000
61,3930167,Croatia,38,"[36.2, 26.8]","[86.1, 22.4]",1,0 days 00:38:18.708000,0 days 00:39:01.436000
62,3930167,Albania,41,"[34.0, 57.7]","[51.7, 70.7]",1,0 days 00:39:01.436000,0 days 00:39:43.886000
63,3930167,Albania,4,"[49.5, 69.4]","[86.1, 45.5]",1,0 days 00:40:27.006000,0 days 00:40:29.655000
64,3930167,Croatia,20,"[38.4, 37.9]","[11.1, 35.4]",1,0 days 00:40:31.136000,0 days 00:40:48.368000
65,3930167,Albania,6,"[29.5, 30.6]","[43.5, 33.4]",1,0 days 00:40:49.490000,0 days 00:40:51.803000
66,3930167,Albania,14,"[48.2, 31.1]","[56.4, 6.0]",1,0 days 00:41:15.846000,0 days 00:41:26.322000
67,3930167,Croatia,51,"[62.0, 80.0]","[1.7, 39.3]",1,0 days 00:41:30.701000,0 days 00:42:18.144000
68,3930167,Albania,7,"[7.0, 42.0]","[47.6, 70.4]",1,0 days 00:42:51.661000,0 days 00:42:57.862000
69,3930167,Croatia,87,"[53.9, 80.0]","[9.5, 69.9]",1,0 days 00:43:11.256000,0 days 00:44:59.580000
70,3930167,Albania,24,"[2.4, 47.8]","[109.1, 39.2]",1,0 days 00:45:00.946000,0 days 00:45:34.262000
71,3930167,Croatia,1,"[2.0, 39.5]","[2.0, 39.5]",1,0 days 00:45:34.804000,0 days 00:45:34.804000
72,3930167,Croatia,51,"[13.7, 42.3]","[8.0, 40.1]",1,0 days 00:45:40,0 days 00:46:17.688000
73,3930167,Croatia,23,"[61.0, 40.1]","[33.9, 65.7]",2,0 days 00:00:00.584000,0 days 00:00:16.103000
74,3930167,Croatia,84,"[77.6, 0.1]","[25.0, 65.5]",2,0 days 00:00:24.393000,0 days 00:01:47.877000
75,3930167,Albania,7,"[24.2, 60.6]","[63.6, 23.2]",2,0 days 00:02:16.115000,0 days 00:02:21.345000
76,3930167,Croatia,38,"[55.6, 59.2]","[9.6, 66.3]",2,0 days 00:02:21.345000,0 days 00:02:54.316000
77,3930167,Croatia,5,"[112.4, 0.1]","[115.6, 38.2]",2,0 days 00:03:14.683000,0 days 00:03:16.928000
78,3930167,Albania,9,"[5.4, 38.7]","[63.5, 37.0]",2,0 days 00:03:53.230000,0 days 00:04:00.862000
79,3930167,Croatia,51,"[55.9, 43.0]","[1.8, 37.7]",2,0 days 00:04:16.401000,0 days 00:05:05.401000
80,3930167,Albania,3,"[5.7, 39.6]","[29.9, 67.8]",2,0 days 00:05:40.078000,0 days 00:05:45.069000
81,3930167,Albania,3,"[73.1, 0.1]","[93.9, 9.2]",2,0 days 00:06:06.834000,0 days 00:06:08.518000
82,3930167,Croatia,41,"[26.2, 70.9]","[120.0, 10.1]",2,0 days 00:06:08.518000,0 days 00:06:50.040000
83,3930167,Albania,4,"[6.0, 40.4]","[80.2, 22.8]",2,0 days 00:07:24.018000,0 days 00:07:28.215000
84,3930167,Croatia,28,"[38.8, 53.8]","[2.5, 41.5]",2,0 days 00:07:28.215000,0 days 00:07:55.567000
85,3930167,Albania,4,"[17.1, 39.6]","[71.1, 48.2]",2,0 days 00:08:16.858000,0 days 00:08:20.506000
86,3930167,Croatia,19,"[26.0, 28.6]","[2.0, 38.5]",2,0 days 00:08:23.298000,0 days 00:08:47.301000
87,3930167,Albania,6,"[6.0, 38.5]","[68.7, 49.6]",2,0 days 00:09:13.016000,0 days 00:09:19.263000
88,3930167,Croatia,10,"[51.6, 30.7]","[96.3, 63.6]",2,0 days 00:09:34.892000,0 days 00:09:52.646000
89,3930167,Albania,10,"[0.9, 23.0]","[47.9, 57.9]",2,0 days 00:09:52.646000,0 days 00:10:13.324000
90,3930167,Croatia,12,"[72.2, 22.2]","[92.7, 32.6]",2,0 days 00:10:13.324000,0 days 00:10:19.223000
91,3930167,Albania,40,"[21.8, 49.7]","[65.9, 2.9]",2,0 days 00:10:19.856000,0 days 00:11:04.704000
92,3930167,Croatia,39,"[47.6, 80.0]","[1.4, 39.9]",2,0 days 00:11:07.499000,0 days 00:11:46.832000
93,3930167,Croatia,4,"[120.0, 0.1]","[0.8, 40.8]",2,0 days 00:12:12.836000,0 days 00:12:14.371000
94,3930167,Albania,5,"[6.0, 37.4]","[77.8, 23.3]",2,0 days 00:12:46.305000,0 days 00:12:50.699000
95,3930167,Croatia,16,"[39.9, 54.5]","[116.4, 25.3]",2,0 days 00:12:50.699000,0 days 00:13:06.053000
96,3930167,Albania,18,"[3.7, 54.8]","[51.7, 56.7]",2,0 days 00:13:06.053000,0 days 00:13:21.125000
97,3930167,Croatia,37,"[36.0, 30.9]","[95.5, 59.0]",2,0 days 00:13:21.125000,0 days 00:13:57.269000
100,3930167,Croatia,10,"[87.9, 56.1]","[22.4, 49.9]",2,0 days 00:15:13.932000,0 days 00:15:18.613000
101,3930167,Albania,1,"[2.8, 41.8]","[2.8, 41.8]",2,0 days 00:15:19.859000,0 days 00:15:19.859000
102,3930167,Albania,14,"[12.0, 40.8]","[58.4, 52.9]",2,0 days 00:15:39.707000,0 days 00:15:53.128000
103,3930167,Croatia,6,"[52.5, 25.5]","[56.6, 27.6]",2,0 days 00:15:53.128000,0 days 00:15:55.059000
104,3930167,Croatia,90,"[52.8, 28.6]","[95.8, 61.1]",2,0 days 00:16:02.497000,0 days 00:17:08.529000
105,3930167,Albania,25,"[20.6, 24.9]","[55.4, 39.1]",2,0 days 00:17:08.529000,0 days 00:17:27.767000
106,3930167,Albania,15,"[57.2, 34.3]","[97.9, 33.3]",2,0 days 00:17:32.253000,0 days 00:17:47.665000
107,3930167,Croatia,1,"[1.7, 39.7]","[1.7, 39.7]",2,0 days 00:17:48.488000,0 days 00:17:48.488000
108,3930167,Croatia,9,"[16.8, 43.5]","[49.8, 64.8]",2,0 days 00:17:52.537000,0 days 00:17:59.785000
109,3930167,Croatia,16,"[64.9, 0.1]","[46.0, 38.2]",2,0 days 00:18:38.022000,0 days 00:18:58.085000
110,3930167,Albania,7,"[73.9, 21.9]","[57.0, 20.9]",2,0 days 00:19:00.583000,0 days 00:20:01.349000
111,3930167,Albania,1,"[42.1, 10.6]","[42.1, 10.6]",2,0 days 00:20:04.101000,0 days 00:20:04.101000
112,3930167,Croatia,24,"[42.3, 10.6]","[32.5, 48.4]",2,0 days 00:20:04.857000,0 days 00:20:24.761000
113,3930167,Albania,9,"[87.6, 31.7]","[94.1, 50.6]",2,0 days 00:20:24.761000,0 days 00:20:35.755000
114,3930167,Croatia,14,"[26.0, 29.5]","[97.6, 34.9]",2,0 days 00:20:35.980000,0 days 00:20:53.772000
115,3930167,Albania,7,"[25.3, 48.3]","[4.0, 37.2]",2,0 days 00:20:53.772000,0 days 00:21:08.542000
116,3930167,Croatia,59,"[7.0, 39.1]","[105.3, 76.9]",2,0 days 00:21:20.357000,0 days 00:22:17.983000
117,3930167,Albania,4,"[3.7, 38.2]","[63.5, 36.8]",2,0 days 00:22:19.866000,0 days 00:22:42.556000
118,3930167,Croatia,33,"[25.5, 45.6]","[1.0, 39.3]",2,0 days 00:22:42.556000,0 days 00:23:09.767000
119,3930167,Albania,5,"[6.0, 39.5]","[68.7, 20.0]",2,0 days 00:23:45.019000,0 days 00:23:50.104000
120,3930167,Croatia,62,"[46.2, 62.4]","[3.2, 56.1]",2,0 days 00:23:50.183000,0 days 00:24:44.409000
121,3930167,Croatia,14,"[120.0, 0.1]","[92.5, 4.3]",2,0 days 00:25:07.813000,0 days 00:25:17.534000
122,3930167,Albania,5,"[30.0, 80.0]","[65.3, 47.7]",2,0 days 00:25:40.380000,0 days 00:25:42.649000
123,3930167,Croatia,50,"[58.1, 9.8]","[116.7, 59.5]",2,0 days 00:25:42.649000,0 days 00:26:20.273000
124,3930167,Albania,2,"[5.4, 34.1]","[75.3, 28.5]",2,0 days 00:27:13.179000,0 days 00:27:15.118000
125,3930167,Croatia,40,"[47.7, 49.8]","[3.0, 41.1]",2,0 days 00:27:15.118000,0 days 00:27:55.948000
126,3930167,Croatia,24,"[15.7, 53.9]","[5.5, 42.0]",2,0 days 00:27:59.604000,0 days 00:28:20.372000
127,3930167,Albania,3,"[60.0, 40.0]","[37.3, 12.8]",2,0 days 00:29:20.534000,0 days 00:29:21.253000
128,3930167,Croatia,13,"[78.6, 61.3]","[101.7, 54.8]",2,0 days 00:29:21.253000,0 days 00:29:29.833000
129,3930167,Albania,8,"[15.0, 24.8]","[30.9, 21.2]",2,0 days 00:29:30.112000,0 days 00:29:38.285000
130,3930167,Croatia,18,"[83.9, 57.2]","[4.4, 32.0]",2,0 days 00:29:38.893000,0 days 00:29:49.692000
131,3930167,Albania,13,"[5.8, 33.8]","[48.0, 76.2]",2,0 days 00:29:49.738000,0 days 00:30:24.113000
132,3930167,Albania,1,"[24.3, 0.1]","[24.3, 0.1]",2,0 days 00:30:24.321000,0 days 00:30:24.321000
133,3930167,Croatia,26,"[48.7, 76.4]","[8.0, 42.5]",2,0 days 00:30:26.142000,0 days 00:31:13.477000
134,3930167,Albania,18,"[60.0, 40.0]","[73.4, 12.5]",2,0 days 00:32:31.103000,0 days 00:32:41.169000
135,3930167,Croatia,62,"[54.7, 73.2]","[78.6, 31.0]",2,0 days 00:32:41.169000,0 days 00:33:30.433000
136,3930167,Croatia,20,"[79.1, 29.6]","[11.6, 43.4]",2,0 days 00:34:02.982000,0 days 00:34:12.740000
137,3930167,Albania,1,"[4.1, 41.0]","[4.1, 41.0]",2,0 days 00:34:13.520000,0 days 00:34:13.520000
138,3930167,Albania,17,"[15.6, 37.3]","[40.4, 18.1]",2,0 days 00:34:24.190000,0 days 00:34:36.318000
139,3930167,Croatia,48,"[79.7, 62.0]","[106.5, 58.6]",2,0 days 00:34:36.318000,0 days 00:35:19.338000
140,3930167,Albania,31,"[13.5, 18.8]","[83.9, 15.0]",2,0 days 00:35:20.272000,0 days 00:35:47.402000
141,3930167,Croatia,48,"[20.4, 60.9]","[55.8, 5.9]",2,0 days 00:35:47.402000,0 days 00:36:36.136000
142,3930167,Albania,18,"[55.4, 15.7]","[97.3, 5.9]",2,0 days 00:36:37.911000,0 days 00:36:51.499000
143,3930167,Croatia,19,"[9.7, 37.0]","[80.1, 20.3]",2,0 days 00:36:53.315000,0 days 00:37:26.324000
144,3930167,Albania,32,"[35.4, 55.8]","[56.8, 12.8]",2,0 days 00:37:26.324000,0 days 00:37:56.932000
145,3930167,Albania,8,"[57.1, 11.8]","[6.6, 41.4]",2,0 days 00:39:27.621000,0 days 00:39:33.470000
146,3930167,Albania,21,"[87.1, 80.0]","[71.8, 22.4]",2,0 days 00:39:49.015000,0 days 00:40:07.896000
147,3930167,Albania,11,"[69.3, 22.2]","[79.0, 3.9]",2,0 days 00:40:19.338000,0 days 00:40:25.212000
148,3930167,Croatia,4,"[37.3, 80.0]","[37.3, 36.1]",2,0 days 00:40:40.178000,0 days 00:40:44.898000
149,3930167,Albania,16,"[55.7, 22.4]","[4.7, 75.6]",2,0 days 00:40:45.464000,0 days 00:40:57.773000
150,3930167,Albania,5,"[114.9, 0.1]","[114.2, 2.7]",2,0 days 00:41:01.299000,0 days 00:41:07.853000
151,3930167,Croatia,9,"[16.6, 66.9]","[26.2, 52.3]",2,0 days 00:41:09.642000,0 days 00:41:14.914000
152,3930167,Albania,10,"[80.6, 39.1]","[96.7, 21.0]",2,0 days 00:41:17.071000,0 days 00:41:49.335000
153,3930167,Croatia,29,"[30.6, 60.0]","[3.6, 39.9]",2,0 days 00:42:21.645000,0 days 00:42:40.728000
154,3930167,Albania,37,"[6.0, 44.9]","[1.9, 43.8]",2,0 days 00:42:54.105000,0 days 00:43:21.325000
155,3930167,Albania,32,"[13.0, 35.7]","[111.5, 33.8]",2,0 days 00:43:33.928000,0 days 00:44:06.717000
156,3930167,Croatia,4,"[5.9, 37.2]","[76.3, 29.3]",2,0 days 00:46:43.832000,0 days 00:46:47.808000
157,3930167,Albania,43,"[28.8, 46.2]","[9.1, 44.2]",2,0 days 00:46:49.746000,0 days 00:47:31.239000
158,3930167,Croatia,5,"[13.2, 45.2]","[90.4, 39.4]",2,0 days 00:48:47.408000,0 days 00:48:54.076000
159,3930167,Albania,6,"[28.1, 39.6]","[38.9, 75.3]",2,0 days 00:48:54.230000,0 days 00:48:59.780000
160,3930167,Albania,21,"[90.5, 0.1]","[2.2, 40.6]",2,0 days 00:49:03.463000,0 days 00:49:24.223000
161,3930167,Croatia,20,"[61.0, 40.1]","[63.0, 41.5]",2,0 days 00:50:47.446000,0 days 00:51:05.063000
162,3930167,Albania,48,"[54.7, 38.3]","[49.1, 44.2]",2,0 days 00:51:05.093000,0 days 00:51:42.695000
163,3930167,Croatia,5,"[46.2, 48.7]","[61.0, 44.4]",2,0 days 00:51:42.995000,0 days 00:51:45.643000
164,3930167,Croatia,6,"[63.7, 41.8]","[91.8, 6.6]",2,0 days 00:52:21.186000,0 days 00:52:26.551000
165,3930167,Albania,9,"[16.0, 34.7]","[99.7, 43.9]",2,0 days 00:52:28.811000,0 days 00:52:38.075000
166,3930167,Croatia,24,"[23.0, 33.1]","[20.5, 38.6]",2,0 days 00:52:38.075000,0 days 00:53:02.910000
2,3930168,Germany,6,"[60.0, 40.0]","[69.8, 17.7]",1,0 days 00:00:00.500000,0 days 00:00:04.062000
3,3930168,Hungary,21,"[50.1, 53.9]","[94.8, 34.2]",1,0 days 00:00:04.062000,0 days 00:00:20.062000
4,3930168,Germany,119,"[29.5, 46.8]","[102.2, 33.1]",1,0 days 00:00:20.494000,0 days 00:02:19.691000
5,3930168,Hungary,12,"[17.9, 47.0]","[102.2, 3.6]",1,0 days 00:02:19.691000,0 days 00:02:26.192000
6,3930168,Hungary,23,"[17.2, 80.0]","[105.7, 20.5]",1,0 days 00:02:46.761000,0 days 00:03:11.785000
7,3930168,Germany,37,"[10.4, 55.1]","[77.1, 22.2]",1,0 days 00:03:11.785000,0 days 00:03:40.803000
8,3930168,Hungary,15,"[48.5, 55.1]","[74.0, 31.9]",1,0 days 00:03:40.803000,0 days 00:03:48.600000
9,3930168,Germany,13,"[46.1, 48.2]","[101.1, 50.7]",1,0 days 00:03:48.600000,0 days 00:04:04.278000
10,3930168,Hungary,1,"[2.2, 38.5]","[2.2, 38.5]",1,0 days 00:04:05.044000,0 days 00:04:05.044000
11,3930168,Hungary,4,"[22.0, 45.3]","[42.5, 67.9]",1,0 days 00:04:43.175000,0 days 00:04:46.300000
12,3930168,Hungary,4,"[90.8, 0.1]","[10.1, 51.8]",1,0 days 00:05:07.935000,0 days 00:05:10.618000
13,3930168,Hungary,11,"[120.0, 0.1]","[2.1, 35.9]",1,0 days 00:05:48.770000,0 days 00:05:58.006000
14,3930168,Hungary,13,"[120.0, 80.0]","[81.8, 24.8]",1,0 days 00:06:33.227000,0 days 00:06:59.383000
15,3930168,Germany,48,"[23.7, 49.4]","[85.3, 29.5]",1,0 days 00:06:59.383000,0 days 00:07:41.751000
16,3930168,Hungary,10,"[34.8, 50.6]","[64.6, 62.6]",1,0 days 00:07:41.751000,0 days 00:07:49.137000
17,3930168,Germany,82,"[55.0, 20.9]","[109.9, 32.4]",1,0 days 00:07:49.137000,0 days 00:08:57.071000
18,3930168,Hungary,50,"[7.0, 34.9]","[93.6, 59.4]",1,0 days 00:09:26.402000,0 days 00:10:18.493000
19,3930168,Germany,8,"[24.1, 23.9]","[82.3, 74.7]",1,0 days 00:10:18.750000,0 days 00:10:23.415000
20,3930168,Germany,19,"[40.9, 0.1]","[7.0, 48.4]",1,0 days 00:10:30.168000,0 days 00:10:51.834000
21,3930168,Germany,5,"[120.0, 0.1]","[0.8, 37.3]",1,0 days 00:11:33.200000,0 days 00:11:35.781000
22,3930168,Germany,41,"[120.0, 80.0]","[98.7, 61.5]",1,0 days 00:12:09.293000,0 days 00:12:56.513000
23,3930168,Hungary,4,"[21.4, 18.6]","[25.7, 21.1]",1,0 days 00:12:56.513000,0 days 00:12:57.160000
24,3930168,Hungary,5,"[27.2, 20.5]","[88.9, 12.7]",1,0 days 00:13:41.524000,0 days 00:13:45.556000
25,3930168,Germany,26,"[28.3, 62.4]","[69.7, 17.0]",1,0 days 00:13:45.556000,0 days 00:14:11.675000
26,3930168,Hungary,16,"[39.7, 64.7]","[1.8, 40.7]",1,0 days 00:14:11.675000,0 days 00:14:25.259000
27,3930168,Germany,26,"[12.7, 44.2]","[9.7, 70.9]",1,0 days 00:14:25.656000,0 days 00:15:00.651000
28,3930168,Germany,9,"[110.2, 0.1]","[104.0, 19.2]",1,0 days 00:15:07.067000,0 days 00:15:12.516000
29,3930168,Hungary,53,"[16.5, 58.3]","[45.9, 15.8]",1,0 days 00:15:12.516000,0 days 00:16:04.861000
30,3930168,Germany,12,"[65.5, 52.5]","[8.0, 57.1]",1,0 days 00:16:04.861000,0 days 00:16:14.447000
31,3930168,Germany,3,"[120.0, 0.1]","[3.5, 44.9]",1,0 days 00:16:50.530000,0 days 00:16:51.907000
32,3930168,Hungary,41,"[12.8, 45.6]","[38.3, 73.7]",1,0 days 00:16:54.582000,0 days 00:17:36.025000
33,3930168,Germany,56,"[15.6, 38.5]","[109.9, 51.8]",1,0 days 00:17:40.494000,0 days 00:18:28.825000
34,3930168,Hungary,4,"[7.0, 35.0]","[50.3, 69.1]",1,0 days 00:19:06.601000,0 days 00:19:10.744000
35,3930168,Germany,98,"[49.6, 76.2]","[109.5, 53.5]",1,0 days 00:19:20.191000,0 days 00:20:30.354000
36,3930168,Hungary,8,"[6.8, 36.4]","[77.3, 11.0]",1,0 days 00:21:02.661000,0 days 00:21:08.698000
37,3930168,Germany,59,"[42.8, 74.9]","[111.1, 36.9]",1,0 days 00:21:08.698000,0 days 00:21:44.456000
38,3930168,Hungary,3,"[1.4, 43.0]","[5.8, 43.5]",1,0 days 00:21:44.712000,0 days 00:22:07.421000
39,3930168,Hungary,25,"[61.0, 40.1]","[93.5, 25.9]",1,0 days 00:23:11.289000,0 days 00:24:54.999000
40,3930168,Hungary,25,"[95.7, 21.5]","[83.9, 42.5]",1,0 days 00:25:17.588000,0 days 00:25:43.164000
41,3930168,Germany,15,"[38.8, 40.0]","[66.4, 31.4]",1,0 days 00:25:43.449000,0 days 00:26:03.041000
42,3930168,Germany,10,"[66.2, 31.2]","[2.4, 39.2]",1,0 days 00:26:33.556000,0 days 00:26:42.768000
43,3930168,Hungary,14,"[22.5, 20.5]","[83.2, 76.4]",1,0 days 00:26:43.927000,0 days 00:26:49.896000
44,3930168,Hungary,27,"[34.0, 0.1]","[67.2, 74.9]",1,0 days 00:27:06.405000,0 days 00:27:23.415000
45,3930168,Germany,7,"[52.9, 5.2]","[59.6, 5.4]",1,0 days 00:27:23.415000,0 days 00:27:25.469000
46,3930168,Germany,37,"[59.4, 4.7]","[97.7, 47.8]",1,0 days 00:27:42.273000,0 days 00:28:08.636000
47,3930168,Hungary,29,"[17.2, 26.6]","[3.0, 42.7]",1,0 days 00:28:09.915000,0 days 00:28:29.621000
48,3930168,Hungary,13,"[120.0, 0.1]","[28.1, 0.9]",1,0 days 00:28:59.845000,0 days 00:29:12.863000
49,3930168,Hungary,5,"[92.2, 80.0]","[12.7, 8.3]",1,0 days 00:29:32.419000,0 days 00:29:34.178000
50,3930168,Hungary,59,"[105.9, 80.0]","[64.3, 57.7]",1,0 days 00:29:40.559000,0 days 00:30:32.727000
51,3930168,Germany,70,"[52.2, 23.7]","[12.0, 28.8]",1,0 days 00:30:33.165000,0 days 00:31:35.030000
52,3930168,Germany,39,"[90.3, 80.0]","[107.3, 24.1]",1,0 days 00:31:45.224000,0 days 00:32:16.059000
53,3930168,Hungary,7,"[4.8, 39.9]","[71.4, 19.6]",1,0 days 00:32:45.191000,0 days 00:32:51.874000
54,3930168,Germany,66,"[48.7, 60.5]","[92.2, 44.5]",1,0 days 00:32:51.874000,0 days 00:33:40.272000
55,3930168,Hungary,11,"[28.8, 31.2]","[29.2, 22.2]",1,0 days 00:33:40.272000,0 days 00:33:43.737000
56,3930168,Hungary,30,"[29.9, 20.8]","[56.7, 42.3]",1,0 days 00:34:03.355000,0 days 00:34:38.805000
57,3930168,Germany,62,"[54.1, 37.9]","[8.0, 36.6]",1,0 days 00:34:38.805000,0 days 00:35:32
58,3930168,Germany,34,"[120.0, 0.1]","[7.0, 48.0]",1,0 days 00:36:24.772000,0 days 00:36:52.382000
59,3930168,Germany,28,"[120.0, 0.1]","[7.6, 56.4]",1,0 days 00:37:24.729000,0 days 00:37:47.035000
60,3930168,Hungary,29,"[8.5, 55.1]","[49.6, 51.0]",1,0 days 00:38:18.874000,0 days 00:38:42.960000
61,3930168,Germany,17,"[65.5, 38.5]","[15.3, 74.9]",1,0 days 00:38:42.960000,0 days 00:38:51.665000
62,3930168,Germany,36,"[98.1, 0.1]","[6.1, 71.4]",1,0 days 00:39:06.099000,0 days 00:39:32.298000
63,3930168,Germany,4,"[120.0, 0.1]","[6.5, 43.4]",1,0 days 00:40:11.042000,0 days 00:40:12.541000
64,3930168,Germany,20,"[120.0, 80.0]","[2.4, 37.9]",1,0 days 00:40:53.612000,0 days 00:41:05.027000
65,3930168,Hungary,3,"[5.9, 37.5]","[20.3, 21.0]",1,0 days 00:41:17.925000,0 days 00:41:19.795000
66,3930168,Germany,184,"[76.2, 55.4]","[1.7, 37.7]",1,0 days 00:41:20.936000,0 days 00:43:50.493000
67,3930168,Germany,46,"[120.0, 80.0]","[107.3, 35.5]",1,0 days 00:44:27.422000,0 days 00:45:08.532000
68,3930168,Hungary,15,"[18.6, 0.1]","[87.5, 4.7]",1,0 days 00:45:33.054000,0 days 00:45:45.289000
69,3930168,Hungary,2,"[89.1, 9.6]","[107.8, 32.4]",1,0 days 00:46:22.969000,0 days 00:46:24.611000
70,3930168,Germany,31,"[11.1, 43.8]","[78.0, 49.0]",1,0 days 00:47:06.204000,0 days 00:47:42.345000
71,3930168,Hungary,17,"[60.0, 40.0]","[82.0, 10.2]",2,0 days 00:00:00.447000,0 days 00:00:12.159000
72,3930168,Germany,49,"[36.8, 69.9]","[1.3, 38.7]",2,0 days 00:00:12.159000,0 days 00:00:56.607000
73,3930168,Germany,5,"[120.0, 0.1]","[9.7, 49.6]",2,0 days 00:01:27.334000,0 days 00:01:31.533000
74,3930168,Hungary,1,"[15.7, 50.0]","[15.7, 50.0]",2,0 days 00:02:05.268000,0 days 00:02:05.268000
75,3930168,Germany,17,"[24.0, 21.1]","[48.6, 51.3]",2,0 days 00:02:09.730000,0 days 00:02:18.924000
76,3930168,Hungary,25,"[48.6, 51.3]","[6.0, 66.0]",2,0 days 00:02:35.760000,0 days 00:02:51.885000
77,3930168,Hungary,4,"[120.0, 0.1]","[115.4, 38.9]",2,0 days 00:03:13.344000,0 days 00:03:14.674000
78,3930168,Germany,3,"[15.9, 0.1]","[36.0, 3.6]",2,0 days 00:03:53.256000,0 days 00:03:55.232000
79,3930168,Hungary,29,"[84.1, 76.5]","[105.2, 21.6]",2,0 days 00:03:55.232000,0 days 00:04:16.718000
80,3930168,Germany,4,"[14.9, 58.5]","[14.2, 56.8]",2,0 days 00:04:16.718000,0 days 00:04:17.050000
81,3930168,Germany,43,"[15.9, 58.2]","[0.6, 15.8]",2,0 days 00:04:34.800000,0 days 00:05:20.421000
82,3930168,Hungary,14,"[6.0, 30.0]","[71.3, 11.1]",2,0 days 00:05:42.190000,0 days 00:05:57.297000
83,3930168,Germany,53,"[48.8, 69.0]","[12.7, 43.1]",2,0 days 00:05:57.297000,0 days 00:06:47.785000
84,3930168,Hungary,37,"[26.4, 27.3]","[99.1, 20.9]",2,0 days 00:06:48.574000,0 days 00:07:09.291000
85,3930168,Germany,74,"[21.0, 59.2]","[113.8, 59.2]",2,0 days 00:07:09.291000,0 days 00:08:11.924000
86,3930168,Hungary,12,"[5.4, 19.6]","[48.6, 45.3]",2,0 days 00:08:12.549000,0 days 00:08:23.108000
87,3930168,Germany,68,"[68.9, 28.8]","[7.1, 37.6]",2,0 days 00:08:23.108000,0 days 00:09:26.547000
88,3930168,Germany,13,"[87.7, 15.6]","[112.1, 29.7]",2,0 days 00:09:30.010000,0 days 00:09:36.394000
89,3930168,Hungary,4,"[7.1, 50.0]","[7.1, 50.4]",2,0 days 00:09:36.753000,0 days 00:09:37.477000
90,3930168,Hungary,10,"[8.8, 47.4]","[14.2, 78.0]",2,0 days 00:09:56.888000,0 days 00:10:29.048000
91,3930168,Hungary,5,"[111.1, 0.1]","[100.8, 2.5]",2,0 days 00:10:31.404000,0 days 00:10:37.045000
92,3930168,Germany,36,"[27.4, 80.0]","[97.2, 33.1]",2,0 days 00:10:44.179000,0 days 00:11:25.996000
93,3930168,Hungary,12,"[20.8, 50.8]","[39.0, 4.0]",2,0 days 00:11:25.996000,0 days 00:11:34.137000
94,3930168,Hungary,17,"[88.0, 80.0]","[1.5, 38.7]",2,0 days 00:12:43.051000,0 days 00:12:52.898000
95,3930168,Germany,30,"[5.1, 40.9]","[19.7, 45.6]",2,0 days 00:13:06.590000,0 days 00:13:44.046000
96,3930168,Hungary,14,"[2.6, 35.4]","[0.8, 40.2]",2,0 days 00:13:45.337000,0 days 00:14:07.726000
97,3930168,Germany,43,"[7.0, 46.4]","[109.1, 45.5]",2,0 days 00:14:14.544000,0 days 00:14:54.139000
98,3930168,Hungary,20,"[6.3, 41.4]","[92.4, 1.9]",2,0 days 00:14:54.139000,0 days 00:15:11.414000
99,3930168,Hungary,1,"[31.5, 80.0]","[31.5, 80.0]",2,0 days 00:15:38.167000,0 days 00:15:38.167000
100,3930168,Germany,24,"[72.3, 10.9]","[3.1, 40.3]",2,0 days 00:15:40.523000,0 days 00:16:15.098000
101,3930168,Hungary,45,"[6.0, 41.0]","[54.6, 62.0]",2,0 days 00:16:36.320000,0 days 00:17:15.739000
102,3930168,Hungary,19,"[55.5, 62.0]","[1.8, 25.0]",2,0 days 00:17:35.387000,0 days 00:17:50.379000
103,3930168,Hungary,8,"[120.0, 80.0]","[119.2, 7.6]",2,0 days 00:18:48.589000,0 days 00:18:55.491000
104,3930168,Germany,14,"[7.0, 39.1]","[103.6, 41.2]",2,0 days 00:19:10.392000,0 days 00:19:25.912000
105,3930168,Hungary,18,"[12.7, 36.3]","[91.8, 1.6]",2,0 days 00:19:25.912000,0 days 00:19:48.158000
106,3930168,Germany,37,"[27.0, 80.0]","[66.8, 13.9]",2,0 days 00:20:00.360000,0 days 00:20:32.629000
107,3930168,Germany,40,"[66.4, 14.7]","[1.9, 42.6]",2,0 days 00:20:44.279000,0 days 00:21:21.096000
108,3930168,Hungary,11,"[60.0, 40.0]","[10.7, 33.1]",2,0 days 00:22:32.668000,0 days 00:22:43.067000
109,3930168,Germany,10,"[27.0, 15.1]","[54.4, 21.1]",2,0 days 00:22:45.212000,0 days 00:22:49.765000
110,3930168,Hungary,21,"[63.6, 59.4]","[105.1, 56.8]",2,0 days 00:22:51.269000,0 days 00:23:15.316000
111,3930168,Germany,44,"[15.0, 23.3]","[1.8, 36.2]",2,0 days 00:23:15.316000,0 days 00:23:49.891000
112,3930168,Hungary,6,"[6.0, 45.3]","[81.1, 0.1]",2,0 days 00:24:02.162000,0 days 00:24:09.439000
113,3930168,Germany,43,"[41.5, 80.0]","[87.7, 33.1]",2,0 days 00:24:29.156000,0 days 00:25:18.035000
114,3930168,Germany,8,"[89.0, 28.8]","[113.0, 34.0]",2,0 days 00:26:32.543000,0 days 00:26:38.943000
115,3930168,Hungary,26,"[7.5, 42.3]","[87.5, 69.2]",2,0 days 00:26:38.943000,0 days 00:27:00.698000
116,3930168,Germany,57,"[32.6, 10.9]","[90.7, 21.1]",2,0 days 00:27:00.698000,0 days 00:27:48.230000
117,3930168,Hungary,8,"[22.9, 56.2]","[37.3, 62.9]",2,0 days 00:27:48.684000,0 days 00:27:50.811000
118,3930168,Germany,94,"[82.8, 17.2]","[2.9, 38.3]",2,0 days 00:27:50.811000,0 days 00:29:16.202000
119,3930168,Germany,20,"[120.0, 0.1]","[90.7, 50.6]",2,0 days 00:30:23.895000,0 days 00:30:44.615000
120,3930168,Germany,2,"[88.7, 42.1]","[0.8, 40.1]",2,0 days 00:31:43.319000,0 days 00:31:44.323000
121,3930168,Hungary,36,"[2.0, 44.7]","[54.2, 75.7]",2,0 days 00:31:53.172000,0 days 00:32:20.984000
122,3930168,Germany,9,"[65.5, 6.6]","[61.2, 16.0]",2,0 days 00:32:20.984000,0 days 00:32:23.911000
123,3930168,Germany,122,"[56.1, 21.6]","[14.8, 43.6]",2,0 days 00:32:32.517000,0 days 00:33:58.498000
124,3930168,Hungary,1,"[14.8, 44.0]","[14.8, 44.0]",2,0 days 00:34:18.568000,0 days 00:34:18.568000
125,3930168,Germany,9,"[35.1, 0.1]","[14.2, 1.5]",2,0 days 00:34:51.312000,0 days 00:34:55.075000
126,3930168,Hungary,11,"[104.7, 80.0]","[99.5, 68.8]",2,0 days 00:35:01.919000,0 days 00:35:05.933000
127,3930168,Germany,12,"[20.6, 12.1]","[1.4, 43.1]",2,0 days 00:35:05.933000,0 days 00:35:21.886000
128,3930168,Hungary,53,"[6.0, 30.0]","[91.8, 74.4]",2,0 days 00:35:34.701000,0 days 00:36:29.791000
129,3930168,Germany,23,"[27.4, 13.9]","[43.2, 69.0]",2,0 days 00:36:29.791000,0 days 00:36:46.586000
130,3930168,Hungary,13,"[76.9, 11.1]","[6.6, 67.5]",2,0 days 00:36:46.586000,0 days 00:36:55.235000
131,3930168,Hungary,4,"[120.0, 0.1]","[4.1, 35.5]",2,0 days 00:37:27.688000,0 days 00:37:29.029000
132,3930168,Hungary,4,"[120.0, 80.0]","[6.9, 42.5]",2,0 days 00:37:49.503000,0 days 00:37:54.700000
133,3930168,Germany,5,"[20.6, 25.8]","[21.0, 27.1]",2,0 days 00:37:57.775000,0 days 00:37:58.880000
134,3930168,Germany,64,"[21.4, 34.0]","[101.4, 1.9]",2,0 days 00:38:52.214000,0 days 00:39:53.939000
135,3930168,Hungary,6,"[10.5, 80.0]","[45.6, 76.5]",2,0 days 00:40:01.330000,0 days 00:40:05.798000
136,3930168,Germany,61,"[49.2, 0.1]","[0.7, 38.8]",2,0 days 00:40:13.691000,0 days 00:41:07.824000
137,3930168,Hungary,6,"[6.0, 50.0]","[45.2, 71.8]",2,0 days 00:41:49.705000,0 days 00:41:55.519000
138,3930168,Hungary,17,"[55.0, 75.2]","[92.0, 4.4]",2,0 days 00:42:08.885000,0 days 00:42:21.998000
139,3930168,Hungary,19,"[34.9, 80.0]","[73.0, 19.6]",2,0 days 00:42:30.677000,0 days 00:42:45.041000
140,3930168,Germany,16,"[49.7, 61.8]","[2.3, 37.1]",2,0 days 00:42:45.041000,0 days 00:42:53.985000
141,3930168,Germany,11,"[120.0, 0.1]","[115.1, 19.4]",2,0 days 00:43:22.231000,0 days 00:43:30.675000
142,3930168,Hungary,12,"[5.0, 60.7]","[59.7, 72.2]",2,0 days 00:43:30.675000,0 days 00:43:38.783000
143,3930168,Hungary,32,"[70.0, 66.7]","[92.3, 52.1]",2,0 days 00:44:05.701000,0 days 00:44:43.915000
144,3930168,Germany,45,"[27.8, 28.0]","[95.4, 48.5]",2,0 days 00:44:43.915000,0 days 00:45:42.889000
145,3930168,Hungary,29,"[21.2, 36.7]","[69.2, 72.2]",2,0 days 00:45:42.889000,0 days 00:46:09.584000
146,3930168,Germany,39,"[62.1, 0.1]","[91.6, 41.2]",2,0 days 00:46:27.666000,0 days 00:47:11.914000
147,3930168,Hungary,16,"[11.8, 39.7]","[40.7, 29.7]",2,0 days 00:47:11.914000,0 days 00:47:38.689000
148,3930168,Germany,1,"[37.7, 34.4]","[37.7, 34.4]",2,0 days 00:48:07.484000,0 days 00:48:07.484000
2,3930165,Austria,12,"[61.0, 40.1]","[18.8, 5.4]",1,0 days 00:00:00.527000,0 days 00:00:08.015000
3,3930165,Austria,23,"[90.2, 80.0]","[103.8, 35.9]",1,0 days 00:00:17.640000,0 days 00:00:47.379000
4,3930165,France,28,"[6.4, 38.0]","[103.3, 61.7]",1,0 days 00:00:47.379000,0 days 00:01:15.162000
5,3930165,Austria,9,"[15.8, 15.5]","[29.4, 16.3]",1,0 days 00:01:16.255000,0 days 00:01:18.518000
6,3930165,France,24,"[84.6, 65.7]","[94.1, 8.9]",1,0 days 00:01:18.913000,0 days 00:01:39.883000
7,3930165,France,4,"[91.5, 13.0]","[6.1, 42.3]",1,0 days 00:02:21.642000,0 days 00:02:22.911000
8,3930165,France,21,"[118.1, 80.0]","[49.1, 3.7]",1,0 days 00:02:32.986000,0 days 00:02:44.624000
9,3930165,France,35,"[71.0, 80.0]","[67.7, 69.8]",1,0 days 00:02:50.578000,0 days 00:03:17.353000
10,3930165,Austria,13,"[52.4, 10.3]","[60.9, 62.2]",1,0 days 00:03:17.353000,0 days 00:03:25.427000
11,3930165,France,44,"[58.2, 59.7]","[89.4, 25.1]",1,0 days 00:03:41.333000,0 days 00:04:29.188000
12,3930165,France,17,"[91.3, 25.5]","[32.4, 2.4]",1,0 days 00:05:21.229000,0 days 00:05:31.207000
13,3930165,France,35,"[85.1, 80.0]","[44.1, 78.7]",1,0 days 00:05:38.699000,0 days 00:06:11.668000
14,3930165,France,18,"[71.2, 0.1]","[77.8, 6.2]",1,0 days 00:06:15.872000,0 days 00:06:27.616000
15,3930165,France,15,"[50.2, 80.0]","[37.9, 16.9]",1,0 days 00:06:44.695000,0 days 00:06:51.499000
16,3930165,Austria,14,"[41.9, 15.1]","[75.9, 2.1]",1,0 days 00:07:11.072000,0 days 00:07:25.599000
17,3930165,France,37,"[31.4, 80.0]","[2.3, 43.9]",1,0 days 00:07:34.333000,0 days 00:07:59.038000
18,3930165,France,9,"[120.0, 0.1]","[3.6, 38.4]",1,0 days 00:08:27.933000,0 days 00:08:33.733000
19,3930165,Austria,36,"[5.2, 38.4]","[85.6, 52.3]",1,0 days 00:09:06.456000,0 days 00:09:38.647000
20,3930165,France,11,"[24.3, 18.7]","[21.0, 9.3]",1,0 days 00:09:38.647000,0 days 00:09:46.131000
21,3930165,France,12,"[19.4, 10.0]","[67.3, 74.7]",1,0 days 00:09:50.740000,0 days 00:10:03.988000
22,3930165,Austria,6,"[55.2, 6.2]","[61.2, 14.0]",1,0 days 00:10:03.988000,0 days 00:10:05.594000
23,3930165,Austria,85,"[61.2, 14.0]","[110.8, 45.0]",1,0 days 00:10:13.660000,0 days 00:11:34.583000
24,3930165,France,33,"[1.7, 30.8]","[76.4, 32.2]",1,0 days 00:11:36.646000,0 days 00:12:11.626000
25,3930165,France,16,"[76.4, 32.2]","[1.2, 44.3]",1,0 days 00:12:22.234000,0 days 00:12:33.409000
26,3930165,Austria,2,"[15.2, 0.1]","[44.1, 11.3]",1,0 days 00:13:04.374000,0 days 00:13:06.670000
27,3930165,France,26,"[75.2, 72.9]","[62.8, 16.7]",1,0 days 00:13:06.670000,0 days 00:13:29.091000
28,3930165,Austria,10,"[56.9, 58.9]","[35.5, 2.9]",1,0 days 00:13:29.091000,0 days 00:13:35.247000
29,3930165,Austria,14,"[90.6, 80.0]","[101.1, 27.7]",1,0 days 00:13:51.753000,0 days 00:13:59.431000
30,3930165,France,7,"[12.8, 47.9]","[44.2, 70.6]",1,0 days 00:13:59.431000,0 days 00:14:07.164000
31,3930165,Austria,22,"[38.5, 4.1]","[86.2, 3.5]",1,0 days 00:14:07.164000,0 days 00:14:31.711000
32,3930165,France,8,"[28.3, 80.0]","[49.8, 50.9]",1,0 days 00:14:43.729000,0 days 00:14:49.347000
33,3930165,France,45,"[47.7, 53.1]","[95.2, 65.3]",1,0 days 00:15:03.126000,0 days 00:15:43.176000
34,3930165,France,2,"[95.2, 65.3]","[116.0, 40.7]",1,0 days 00:16:30.094000,0 days 00:16:31.731000
35,3930165,Austria,38,"[4.1, 42.3]","[77.5, 63.8]",1,0 days 00:16:31.731000,0 days 00:17:16.094000
36,3930165,Austria,14,"[74.1, 64.4]","[75.3, 31.4]",1,0 days 00:17:56.124000,0 days 00:18:08.053000
37,3930165,France,14,"[45.6, 49.3]","[3.2, 37.4]",1,0 days 00:18:08.053000,0 days 00:18:16.416000
38,3930165,France,39,"[120.0, 80.0]","[19.9, 55.3]",1,0 days 00:18:53.215000,0 days 00:19:28.145000
39,3930165,Austria,17,"[23.0, 51.4]","[79.0, 51.2]",1,0 days 00:19:29.430000,0 days 00:19:40.535000
40,3930165,France,29,"[37.3, 29.9]","[117.0, 77.9]",1,0 days 00:19:40.535000,0 days 00:21:24.401000
41,3930165,France,23,"[5.0, 41.5]","[76.1, 79.1]",1,0 days 00:21:30.620000,0 days 00:21:47.578000
42,3930165,Austria,34,"[84.2, 80.0]","[3.7, 73.1]",1,0 days 00:21:53.936000,0 days 00:22:31.506000
43,3930165,Austria,1,"[120.0, 0.1]","[120.0, 0.1]",1,0 days 00:23:01.923000,0 days 00:23:01.923000
44,3930165,France,33,"[5.8, 36.4]","[91.1, 28.1]",1,0 days 00:23:03.988000,0 days 00:23:32.648000
45,3930165,Austria,29,"[23.4, 51.0]","[107.7, 30.7]",1,0 days 00:23:33.433000,0 days 00:24:06.572000
46,3930165,France,26,"[12.4, 49.4]","[72.7, 79.3]",1,0 days 00:24:06.572000,0 days 00:24:26.224000
47,3930165,Austria,15,"[49.3, 0.1]","[15.5, 15.2]",1,0 days 00:24:38.882000,0 days 00:24:50.718000
48,3930165,Austria,5,"[110.0, 80.0]","[19.4, 39.2]",1,0 days 00:25:24.904000,0 days 00:25:29.900000
49,3930165,France,14,"[24.3, 53.5]","[62.7, 77.5]",1,0 days 00:25:50.622000,0 days 00:26:00.384000
50,3930165,France,42,"[14.4, 0.1]","[44.9, 3.9]",1,0 days 00:26:15.708000,0 days 00:26:43.449000
51,3930165,France,8,"[79.3, 80.0]","[95.0, 75.1]",1,0 days 00:26:57.329000,0 days 00:27:00.551000
52,3930165,Austria,29,"[24.5, 8.5]","[76.8, 45.5]",1,0 days 00:27:01.149000,0 days 00:27:44.435000
53,3930165,France,11,"[43.3, 34.6]","[37.3, 20.9]",1,0 days 00:27:44.435000,0 days 00:27:50.105000
54,3930165,Austria,22,"[87.3, 57.6]","[23.2, 40.7]",1,0 days 00:27:50.105000,0 days 00:28:04.641000
55,3930165,France,11,"[25.6, 42.5]","[37.3, 66.4]",1,0 days 00:28:06.041000,0 days 00:28:10.913000
56,3930165,France,10,"[41.9, 63.6]","[85.5, 77.2]",1,0 days 00:28:40.232000,0 days 00:28:54.406000
57,3930165,Austria,6,"[29.5, 0.1]","[46.4, 9.1]",1,0 days 00:29:12.846000,0 days 00:29:16.633000
58,3930165,France,30,"[73.5, 69.2]","[94.1, 61.8]",1,0 days 00:29:16.633000,0 days 00:29:43.561000
59,3930165,Austria,9,"[26.8, 11.4]","[12.1, 14.1]",1,0 days 00:29:43.561000,0 days 00:29:52.498000
60,3930165,France,1,"[101.0, 80.0]","[101.0, 80.0]",1,0 days 00:30:17.058000,0 days 00:30:17.058000
61,3930165,Austria,11,"[5.3, 18.0]","[87.8, 72.7]",1,0 days 00:30:21.284000,0 days 00:30:34.312000
62,3930165,Austria,11,"[42.3, 0.1]","[65.5, 9.1]",1,0 days 00:30:49.856000,0 days 00:30:54.145000
63,3930165,France,34,"[55.3, 66.0]","[77.4, 1.4]",1,0 days 00:30:54.952000,0 days 00:31:28.960000
64,3930165,Austria,28,"[45.0, 80.0]","[9.3, 26.5]",1,0 days 00:31:41.339000,0 days 00:31:59.160000
65,3930165,France,39,"[2.2, 32.2]","[116.7, 64.2]",1,0 days 00:31:59.914000,0 days 00:32:56.022000
66,3930165,France,7,"[116.7, 64.2]","[98.9, 58.0]",1,0 days 00:33:39.261000,0 days 00:33:43.413000
67,3930165,Austria,14,"[21.2, 22.1]","[111.7, 37.8]",1,0 days 00:33:43.413000,0 days 00:33:58.357000
68,3930165,France,19,"[8.0, 45.6]","[76.1, 77.0]",1,0 days 00:33:58.357000,0 days 00:34:14.245000
69,3930165,France,27,"[36.6, 0.1]","[77.0, 61.8]",1,0 days 00:34:22.862000,0 days 00:34:49.963000
70,3930165,Austria,21,"[41.5, 24.4]","[6.6, 41.4]",1,0 days 00:34:49.963000,0 days 00:35:07.633000
71,3930165,France,18,"[6.0, 42.9]","[76.6, 3.5]",1,0 days 00:35:44.652000,0 days 00:36:01.732000
72,3930165,France,15,"[80.3, 7.0]","[111.3, 2.9]",1,0 days 00:36:16.846000,0 days 00:36:29.023000
73,3930165,Austria,5,"[8.8, 77.2]","[117.1, 0.8]",1,0 days 00:36:29.023000,0 days 00:36:35.396000
74,3930165,Austria,12,"[5.9, 80.0]","[55.3, 34.3]",1,0 days 00:36:55.155000,0 days 00:37:04.391000
75,3930165,France,38,"[62.3, 46.6]","[4.9, 37.0]",1,0 days 00:37:04.391000,0 days 00:37:31.373000
76,3930165,Austria,17,"[61.0, 40.1]","[75.9, 1.6]",1,0 days 00:38:39.761000,0 days 00:38:58.500000
77,3930165,France,12,"[45.4, 80.0]","[44.6, 74.3]",1,0 days 00:39:15.253000,0 days 00:39:18.315000
78,3930165,Austria,23,"[77.6, 8.5]","[87.0, 5.8]",1,0 days 00:39:18.726000,0 days 00:39:26.601000
79,3930165,France,4,"[33.9, 80.0]","[42.3, 72.1]",1,0 days 00:39:53.373000,0 days 00:39:55.539000
80,3930165,Austria,22,"[20.4, 72.7]","[110.8, 12.4]",1,0 days 00:40:04.029000,0 days 00:40:29.551000
81,3930165,France,11,"[5.4, 31.8]","[56.8, 29.9]",1,0 days 00:40:41.280000,0 days 00:40:48.431000
82,3930165,Austria,16,"[70.7, 40.9]","[4.7, 20.9]",1,0 days 00:40:49.645000,0 days 00:41:04.602000
83,3930165,Austria,11,"[120.0, 80.0]","[43.7, 6.8]",1,0 days 00:41:30.357000,0 days 00:41:40.116000
84,3930165,Austria,11,"[76.8, 80.0]","[85.9, 9.1]",1,0 days 00:41:56.418000,0 days 00:42:07.671000
85,3930165,France,42,"[30.7, 57.4]","[74.7, 77.6]",1,0 days 00:42:07.671000,0 days 00:42:43.954000
86,3930165,Austria,10,"[45.4, 2.5]","[67.3, 17.5]",1,0 days 00:42:43.954000,0 days 00:42:47.364000
87,3930165,France,83,"[52.8, 62.6]","[63.0, 69.1]",1,0 days 00:42:47.364000,0 days 00:43:59.371000
88,3930165,Austria,46,"[50.1, 0.1]","[83.6, 26.8]",1,0 days 00:44:03.034000,0 days 00:44:58.826000
89,3930165,France,17,"[36.5, 55.8]","[114.8, 55.4]",1,0 days 00:44:58.826000,0 days 00:45:09.679000
90,3930165,Austria,41,"[8.4, 25.8]","[75.5, 27.1]",1,0 days 00:45:11.062000,0 days 00:46:01.444000
91,3930165,France,34,"[61.0, 40.1]","[73.5, 1.4]",2,0 days 00:00:00.879000,0 days 00:01:49.186000
92,3930165,Austria,55,"[72.6, 0.1]","[2.1, 37.4]",2,0 days 00:01:51.342000,0 days 00:02:56.635000
93,3930165,France,32,"[7.0, 35.7]","[9.7, 48.3]",2,0 days 00:03:06.497000,0 days 00:03:36.266000
94,3930165,France,8,"[109.3, 0.1]","[10.7, 68.2]",2,0 days 00:03:54.101000,0 days 00:03:57.327000
95,3930165,Austria,13,"[11.0, 69.0]","[89.6, 78.9]",2,0 days 00:04:08.101000,0 days 00:04:26.383000
96,3930165,France,20,"[82.4, 80.0]","[46.6, 4.5]",2,0 days 00:04:45.767000,0 days 00:05:06.168000
97,3930165,France,10,"[46.6, 5.0]","[91.0, 57.5]",2,0 days 00:05:21.586000,0 days 00:05:34.982000
98,3930165,Austria,5,"[32.3, 16.3]","[12.0, 17.9]",2,0 days 00:05:34.982000,0 days 00:05:36.968000
99,3930165,Austria,14,"[6.0, 34.1]","[47.4, 76.9]",2,0 days 00:05:57.177000,0 days 00:06:20.536000
100,3930165,France,29,"[71.1, 0.1]","[56.1, 46.7]",2,0 days 00:06:31.484000,0 days 00:06:53.822000
101,3930165,Austria,34,"[71.8, 35.0]","[98.1, 34.2]",2,0 days 00:06:54.782000,0 days 00:07:32.832000
102,3930165,France,43,"[23.0, 50.3]","[108.6, 64.3]",2,0 days 00:07:32.832000,0 days 00:08:11.943000
103,3930165,Austria,49,"[6.0, 33.4]","[14.2, 34.3]",2,0 days 00:08:29.345000,0 days 00:09:22.661000
104,3930165,France,12,"[35.3, 9.8]","[8.0, 41.1]",2,0 days 00:09:24.535000,0 days 00:09:34.314000
105,3930165,Austria,5,"[6.0, 34.1]","[101.0, 11.7]",2,0 days 00:10:04.145000,0 days 00:10:09.636000
106,3930165,Austria,2,"[102.6, 11.4]","[3.3, 49.0]",2,0 days 00:10:49.989000,0 days 00:10:50.802000
107,3930165,Austria,4,"[120.0, 0.1]","[5.7, 47.2]",2,0 days 00:11:12.886000,0 days 00:11:14.470000
108,3930165,Austria,1,"[120.0, 0.1]","[120.0, 0.1]",2,0 days 00:11:33.791000,0 days 00:11:33.791000
109,3930165,France,4,"[7.0, 46.2]","[67.9, 78.0]",2,0 days 00:12:11.105000,0 days 00:12:14.699000
110,3930165,Austria,46,"[22.6, 17.9]","[107.5, 44.1]",2,0 days 00:12:19.275000,0 days 00:12:57.663000
111,3930165,France,9,"[2.4, 26.8]","[39.9, 60.4]",2,0 days 00:12:57.663000,0 days 00:13:17.323000
112,3930165,France,15,"[75.3, 0.1]","[100.4, 62.4]",2,0 days 00:14:21.294000,0 days 00:14:36.928000
113,3930165,Austria,84,"[10.0, 18.2]","[87.6, 8.0]",2,0 days 00:14:36.928000,0 days 00:15:46.842000
114,3930165,France,11,"[32.5, 73.5]","[117.2, 50.1]",2,0 days 00:15:46.842000,0 days 00:16:00.050000
115,3930165,Austria,17,"[6.0, 34.7]","[114.4, 20.8]",2,0 days 00:16:07.250000,0 days 00:16:26.790000
116,3930165,France,1,"[7.0, 36.4]","[7.0, 36.4]",2,0 days 00:17:24.980000,0 days 00:17:24.980000
117,3930165,Austria,40,"[49.0, 68.3]","[76.6, 68.8]",2,0 days 00:17:27.886000,0 days 00:18:10.973000
118,3930165,France,17,"[39.6, 0.1]","[1.6, 36.9]",2,0 days 00:18:29.144000,0 days 00:18:45.194000
119,3930165,Austria,26,"[4.6, 37.6]","[2.3, 58.0]",2,0 days 00:19:02.713000,0 days 00:19:28.564000
120,3930165,Austria,4,"[120.0, 0.1]","[77.7, 25.6]",2,0 days 00:20:01.833000,0 days 00:20:06.888000
121,3930165,France,98,"[54.0, 44.3]","[33.9, 17.9]",2,0 days 00:20:08.624000,0 days 00:21:56.268000
122,3930165,France,76,"[86.2, 62.2]","[61.1, 18.1]",2,0 days 00:21:56.268000,0 days 00:23:11.024000
123,3930165,Austria,24,"[55.8, 64.8]","[2.0, 56.4]",2,0 days 00:23:11.024000,0 days 00:23:29.996000
124,3930165,Austria,23,"[104.1, 0.1]","[100.2, 20.6]",2,0 days 00:23:39.581000,0 days 00:24:02.194000
125,3930165,France,60,"[22.0, 57.4]","[85.3, 3.8]",2,0 days 00:24:02.194000,0 days 00:24:53.007000
126,3930165,France,6,"[45.0, 80.0]","[55.6, 71.4]",2,0 days 00:25:54.807000,0 days 00:25:57.580000
127,3930165,Austria,27,"[64.5, 8.7]","[51.4, 11.9]",2,0 days 00:25:57.580000,0 days 00:26:24.762000
128,3930165,Austria,8,"[83.7, 80.0]","[81.6, 76.7]",2,0 days 00:26:35.201000,0 days 00:26:38.269000
129,3930165,France,32,"[37.2, 0.1]","[3.8, 44.1]",2,0 days 00:26:57.048000,0 days 00:27:17.944000
130,3930165,Austria,42,"[6.0, 33.2]","[77.7, 15.0]",2,0 days 00:27:30.156000,0 days 00:28:16.587000
131,3930165,France,4,"[39.6, 80.0]","[56.7, 4.2]",2,0 days 00:28:35.178000,0 days 00:28:36.451000
132,3930165,Austria,23,"[51.2, 3.7]","[91.0, 78.7]",2,0 days 00:28:42.338000,0 days 00:29:05.134000
133,3930165,Austria,44,"[89.0, 75.9]","[9.2, 12.4]",2,0 days 00:30:00.789000,0 days 00:30:44.912000
134,3930165,Austria,4,"[116.4, 80.0]","[106.2, 70.3]",2,0 days 00:30:52.933000,0 days 00:30:57.501000
135,3930165,France,28,"[7.0, 34.4]","[113.5, 60.6]",2,0 days 00:31:17.513000,0 days 00:31:39.336000
136,3930165,Austria,5,"[6.6, 19.5]","[3.1, 12.6]",2,0 days 00:31:39.336000,0 days 00:31:42.346000
137,3930165,Austria,56,"[4.8, 15.0]","[113.9, 50.8]",2,0 days 00:32:10.321000,0 days 00:32:52.677000
138,3930165,France,3,"[5.5, 30.9]","[5.5, 32.2]",2,0 days 00:32:52.778000,0 days 00:32:53.417000
139,3930165,France,35,"[9.1, 32.2]","[52.4, 12.1]",2,0 days 00:34:46.680000,0 days 00:35:10.981000
140,3930165,France,19,"[83.7, 80.0]","[25.7, 10.8]",2,0 days 00:35:31.345000,0 days 00:35:39.356000
141,3930165,France,21,"[86.2, 80.0]","[33.5, 34.4]",2,0 days 00:35:47.985000,0 days 00:35:57.347000
143,3930165,France,28,"[80.2, 44.8]","[103.3, 42.5]",2,0 days 00:36:21.827000,0 days 00:36:46.088000
144,3930165,Austria,10,"[15.7, 40.2]","[65.0, 53.1]",2,0 days 00:36:46.088000,0 days 00:36:56.107000
145,3930165,France,18,"[55.1, 27.0]","[108.1, 33.2]",2,0 days 00:36:56.107000,0 days 00:37:08.650000
146,3930165,Austria,1,"[1.6, 42.7]","[1.6, 42.7]",2,0 days 00:37:09.264000,0 days 00:37:09.264000
147,3930165,Austria,11,"[11.5, 45.7]","[83.2, 48.8]",2,0 days 00:37:11.489000,0 days 00:37:23.936000
148,3930165,Austria,7,"[82.7, 49.9]","[14.4, 44.4]",2,0 days 00:38:09.097000,0 days 00:38:11.481000
149,3930165,France,10,"[38.5, 75.5]","[113.5, 12.9]",2,0 days 00:38:15.576000,0 days 00:38:37.737000
150,3930165,France,6,"[113.2, 17.1]","[0.7, 40.5]",2,0 days 00:39:30.931000,0 days 00:39:32.184000
151,3930165,Austria,20,"[7.9, 39.1]","[70.5, 6.3]",2,0 days 00:39:33.086000,0 days 00:42:36.670000
152,3930165,Austria,32,"[48.0, 67.7]","[17.5, 55.7]",2,0 days 00:42:58.416000,0 days 00:43:28.274000
153,3930165,Austria,10,"[59.1, 0.1]","[73.9, 54.6]",2,0 days 00:43:34.269000,0 days 00:44:33.359000
156,3930165,Austria,30,"[65.5, 38.1]","[7.8, 7.6]",2,0 days 00:45:16.922000,0 days 00:45:41.426000
157,3930165,Austria,5,"[110.7, 80.0]","[2.3, 36.5]",2,0 days 00:46:10.030000,0 days 00:46:12.313000
160,3930165,France,3,"[15.2, 28.6]","[84.7, 35.5]",2,0 days 00:46:51.717000,0 days 00:47:05.611000
161,3930165,Austria,8,"[21.8, 42.1]","[70.9, 58.3]",2,0 days 00:47:05.611000,0 days 00:47:11.489000
162,3930165,France,40,"[54.8, 18.1]","[70.3, 14.7]",2,0 days 00:47:11.489000,0 days 00:47:39.097000
163,3930165,France,17,"[70.8, 14.9]","[92.6, 62.2]",2,0 days 00:48:18.697000,0 days 00:48:30.515000
164,3930165,Austria,13,"[26.7, 18.5]","[72.4, 54.8]",2,0 days 00:48:30.515000,0 days 00:48:34.687000
165,3930165,France,34,"[65.6, 54.1]","[83.3, 73.4]",2,0 days 00:48:36.225000,0 days 00:49:02.942000
166,3930165,France,27,"[80.8, 74.0]","[68.7, 27.0]",2,0 days 00:49:19.126000,0 days 00:49:38.092000
167,3930165,Austria,66,"[49.0, 53.1]","[86.6, 31.0]",2,0 days 00:49:38.456000,0 days 00:51:01.707000
168,3930165,France,6,"[32.7, 48.8]","[43.3, 54.8]",2,0 days 00:51:01.861000,0 days 00:51:04.988000
169,3930165,France,14,"[47.1, 53.8]","[111.1, 39.4]",2,0 days 00:51:25.359000,0 days 00:51:34.960000
170,3930165,Austria,55,"[15.5, 42.5]","[7.5, 38.6]",2,0 days 00:51:36.438000,0 days 00:52:23.477000
171,3930165,Austria,10,"[120.0, 80.0]","[29.0, 36.5]",2,0 days 00:52:53.553000,0 days 00:53:02.065000
172,3930165,France,20,"[24.7, 36.2]","[108.9, 5.5]",2,0 days 00:53:03.536000,0 days 00:53:29.950000
173,3930165,Austria,28,"[11.2, 74.6]","[10.0, 9.8]",2,0 days 00:53:29.950000,0 days 00:53:50.728000
2,3930164,Slovakia,27,"[60.0, 40.0]","[29.8, 0.7]",1,0 days 00:00:00.505000,0 days 00:00:26.764000
3,3930164,Belgium,31,"[84.3, 80.0]","[64.5, 75.1]",1,0 days 00:00:33.043000,0 days 00:01:05.396000
4,3930164,Slovakia,35,"[50.4, 6.7]","[57.7, 39.4]",1,0 days 00:01:05.396000,0 days 00:01:37.589000
5,3930164,Belgium,69,"[25.6, 33.0]","[73.3, 9.0]",1,0 days 00:01:37.589000,0 days 00:03:02.094000
6,3930164,Slovakia,19,"[41.6, 80.0]","[66.4, 78.2]",1,0 days 00:03:10.641000,0 days 00:03:21.737000
7,3930164,Slovakia,26,"[62.7, 0.1]","[43.2, 21.3]",1,0 days 00:03:24.989000,0 days 00:03:50.246000
8,3930164,Slovakia,17,"[86.0, 80.0]","[79.1, 58.0]",1,0 days 00:04:05.439000,0 days 00:04:23.548000
9,3930164,Belgium,35,"[37.3, 23.5]","[111.2, 36.6]",1,0 days 00:04:23.548000,0 days 00:05:00.199000
10,3930164,Slovakia,20,"[7.1, 41.0]","[118.6, 2.7]",1,0 days 00:05:00.199000,0 days 00:05:35.431000
11,3930164,Belgium,7,"[9.8, 80.0]","[9.8, 46.4]",1,0 days 00:05:56.400000,0 days 00:06:02.605000
12,3930164,Slovakia,7,"[110.1, 32.1]","[1.6, 44.1]",1,0 days 00:06:02.890000,0 days 00:06:05.933000
13,3930164,Belgium,4,"[61.0, 40.1]","[63.1, 42.2]",1,0 days 00:07:21.107000,0 days 00:07:22.592000
14,3930164,Slovakia,19,"[57.0, 37.9]","[60.2, 78.4]",1,0 days 00:07:22.592000,0 days 00:07:38.666000
15,3930164,Slovakia,16,"[59.6, 0.1]","[109.4, 12.9]",1,0 days 00:07:43.445000,0 days 00:07:57.977000
16,3930164,Slovakia,23,"[25.3, 80.0]","[116.8, 17.1]",1,0 days 00:08:12.610000,0 days 00:08:33.181000
17,3930164,Belgium,15,"[6.7, 42.1]","[8.1, 19.9]",1,0 days 00:08:58.885000,0 days 00:09:16.802000
18,3930164,Slovakia,16,"[8.3, 21.2]","[81.0, 74.0]",1,0 days 00:09:40.293000,0 days 00:09:55.435000
19,3930164,Slovakia,4,"[83.6, 74.6]","[112.5, 31.8]",1,0 days 00:10:39.678000,0 days 00:10:42.506000
20,3930164,Belgium,7,"[8.4, 45.9]","[93.6, 78.8]",1,0 days 00:11:10.660000,0 days 00:11:20.895000
21,3930164,Slovakia,10,"[20.7, 0.1]","[51.1, 5.2]",1,0 days 00:11:42.124000,0 days 00:11:46.767000
22,3930164,Belgium,30,"[69.3, 73.5]","[89.7, 24.5]",1,0 days 00:11:46.767000,0 days 00:12:10.762000
23,3930164,Belgium,1,"[90.1, 24.1]","[90.1, 24.1]",1,0 days 00:12:40.611000,0 days 00:12:40.611000
24,3930164,Slovakia,9,"[5.5, 48.3]","[56.5, 33.3]",1,0 days 00:13:18.284000,0 days 00:13:23.832000
25,3930164,Slovakia,10,"[53.1, 35.5]","[44.8, 12.3]",1,0 days 00:13:38.478000,0 days 00:13:44.130000
26,3930164,Slovakia,11,"[72.2, 80.0]","[88.2, 8.7]",1,0 days 00:14:03.025000,0 days 00:14:17.839000
27,3930164,Belgium,49,"[16.5, 60.4]","[2.0, 37.4]",1,0 days 00:14:17.839000,0 days 00:15:02.445000
28,3930164,Belgium,38,"[103.4, 80.0]","[8.3, 52.2]",1,0 days 00:15:15.077000,0 days 00:15:47.749000
29,3930164,Slovakia,32,"[6.0, 35.5]","[52.5, 22.4]",1,0 days 00:16:11.767000,0 days 00:16:44.142000
30,3930164,Belgium,2,"[68.6, 57.0]","[43.0, 55.6]",1,0 days 00:16:44.142000,0 days 00:16:46.942000
33,3930164,Belgium,21,"[43.2, 55.2]","[55.7, 77.6]",1,0 days 00:17:08.732000,0 days 00:17:23.204000
34,3930164,Slovakia,5,"[59.9, 1.7]","[58.7, 0.4]",1,0 days 00:17:24.342000,0 days 00:17:25.207000
35,3930164,Slovakia,7,"[56.8, 3.9]","[21.6, 15.9]",1,0 days 00:17:38.478000,0 days 00:17:43.558000
36,3930164,Belgium,11,"[5.8, 67.3]","[53.4, 2.1]",1,0 days 00:17:49.885000,0 days 00:18:03.552000
37,3930164,Slovakia,14,"[67.1, 75.0]","[4.6, 24.5]",1,0 days 00:18:03.552000,0 days 00:18:09.999000
38,3930164,Slovakia,13,"[120.0, 80.0]","[7.0, 59.6]",1,0 days 00:18:50.861000,0 days 00:19:03.655000
39,3930164,Slovakia,11,"[106.6, 0.1]","[110.2, 1.7]",1,0 days 00:19:22.724000,0 days 00:19:27.145000
40,3930164,Belgium,5,"[12.8, 80.0]","[20.3, 57.1]",1,0 days 00:19:42.999000,0 days 00:19:48.008000
41,3930164,Slovakia,19,"[48.1, 21.7]","[13.1, 49.0]",1,0 days 00:19:51.486000,0 days 00:20:07.433000
42,3930164,Slovakia,12,"[6.0, 37.1]","[52.6, 17.6]",1,0 days 00:20:34.300000,0 days 00:20:46.465000
44,3930164,Slovakia,30,"[47.7, 16.4]","[4.1, 76.2]",1,0 days 00:21:23.867000,0 days 00:21:43.324000
45,3930164,Slovakia,11,"[4.1, 76.2]","[80.0, 40.4]",1,0 days 00:21:51.898000,0 days 00:22:02.665000
46,3930164,Belgium,17,"[35.5, 59.2]","[46.7, 74.5]",1,0 days 00:22:02.665000,0 days 00:22:14.922000
47,3930164,Slovakia,74,"[68.9, 6.6]","[63.5, 43.1]",1,0 days 00:22:15.800000,0 days 00:23:28.241000
48,3930164,Belgium,76,"[56.0, 34.0]","[64.2, 40.6]",1,0 days 00:23:28.241000,0 days 00:24:42.548000
49,3930164,Slovakia,22,"[54.2, 38.7]","[54.6, 43.6]",1,0 days 00:24:43.105000,0 days 00:24:58.641000
50,3930164,Belgium,10,"[53.6, 53.2]","[6.3, 9.7]",1,0 days 00:24:59.823000,0 days 00:25:09.715000
51,3930164,Belgium,22,"[100.9, 80.0]","[58.0, 51.8]",1,0 days 00:25:17.157000,0 days 00:25:33.069000
52,3930164,Slovakia,10,"[14.8, 38.7]","[27.2, 72.7]",1,0 days 00:25:37.385000,0 days 00:25:48.500000
53,3930164,Belgium,31,"[90.3, 9.3]","[114.6, 3.0]",1,0 days 00:25:48.500000,0 days 00:26:08.062000
54,3930164,Slovakia,4,"[9.8, 80.0]","[3.3, 71.9]",1,0 days 00:26:24.403000,0 days 00:26:25.641000
55,3930164,Belgium,24,"[93.6, 0.1]","[62.1, 8.3]",1,0 days 00:26:34.051000,0 days 00:26:58.164000
56,3930164,Belgium,45,"[63.4, 8.3]","[36.2, 70.5]",1,0 days 00:27:29.007000,0 days 00:28:16.819000
57,3930164,Belgium,34,"[77.1, 0.1]","[86.9, 47.8]",1,0 days 00:28:25.813000,0 days 00:28:52.238000
58,3930164,Slovakia,4,"[33.6, 31.5]","[32.8, 31.3]",1,0 days 00:28:52.382000,0 days 00:28:52.738000
59,3930164,Slovakia,54,"[34.2, 26.5]","[10.3, 53.6]",1,0 days 00:29:28.024000,0 days 00:30:01.683000
60,3930164,Slovakia,37,"[99.1, 0.1]","[99.8, 38.5]",1,0 days 00:30:06.939000,0 days 00:30:37.409000
61,3930164,Belgium,1,"[2.1, 40.9]","[2.1, 40.9]",1,0 days 00:30:38.349000,0 days 00:30:38.349000
62,3930164,Belgium,85,"[4.0, 41.1]","[1.5, 40.9]",1,0 days 00:30:49.611000,0 days 00:31:57.911000
63,3930164,Slovakia,78,"[30.6, 14.0]","[64.1, 66.9]",1,0 days 00:31:59.359000,0 days 00:33:18.709000
64,3930164,Belgium,11,"[53.0, 13.2]","[1.7, 25.9]",1,0 days 00:33:18.709000,0 days 00:34:49.093000
65,3930164,Belgium,6,"[120.0, 80.0]","[0.9, 39.4]",1,0 days 00:35:13.949000,0 days 00:35:34.697000
66,3930164,Slovakia,5,"[14.0, 48.0]","[65.9, 64.4]",1,0 days 00:35:40.808000,0 days 00:35:44.353000
67,3930164,Slovakia,2,"[65.9, 61.6]","[96.4, 2.3]",1,0 days 00:36:04.115000,0 days 00:36:07.243000
68,3930164,Belgium,4,"[19.6, 80.0]","[31.9, 62.5]",1,0 days 00:36:17.796000,0 days 00:36:22.230000
69,3930164,Slovakia,16,"[81.8, 22.8]","[9.8, 51.2]",1,0 days 00:36:22.230000,0 days 00:36:32.363000
70,3930164,Slovakia,2,"[120.0, 0.1]","[110.9, 31.0]",1,0 days 00:37:28.553000,0 days 00:37:29.537000
71,3930164,Belgium,9,"[7.8, 49.4]","[51.4, 61.6]",1,0 days 00:37:29.537000,0 days 00:37:37.561000
72,3930164,Slovakia,8,"[62.5, 17.1]","[41.5, 76.7]",1,0 days 00:37:37.561000,0 days 00:37:44.592000
73,3930164,Slovakia,16,"[80.7, 0.1]","[47.5, 66.5]",1,0 days 00:37:55.092000,0 days 00:38:05.050000
74,3930164,Belgium,54,"[58.0, 74.0]","[57.2, 8.3]",1,0 days 00:38:06.320000,0 days 00:38:53.902000
75,3930164,Slovakia,23,"[47.3, 58.6]","[2.1, 41.0]",1,0 days 00:38:56.262000,0 days 00:39:19.657000
76,3930164,Slovakia,6,"[120.0, 80.0]","[7.2, 43.6]",1,0 days 00:40:02.461000,0 days 00:40:04.801000
77,3930164,Belgium,5,"[21.8, 67.5]","[30.3, 69.7]",1,0 days 00:40:07.524000,0 days 00:40:08.962000
78,3930164,Belgium,36,"[38.5, 77.5]","[110.6, 40.4]",1,0 days 00:40:40.524000,0 days 00:41:15.462000
79,3930164,Slovakia,15,"[5.9, 43.9]","[83.2, 61.6]",1,0 days 00:41:58.123000,0 days 00:42:13.991000
80,3930164,Belgium,81,"[34.1, 18.7]","[105.1, 51.5]",1,0 days 00:42:13.991000,0 days 00:43:35.172000
81,3930164,Slovakia,20,"[11.7, 26.3]","[33.7, 2.2]",1,0 days 00:43:35.172000,0 days 00:43:52.414000
82,3930164,Slovakia,3,"[34.5, 5.3]","[89.2, 58.1]",1,0 days 00:44:32.922000,0 days 00:44:38.076000
83,3930164,Belgium,15,"[26.1, 23.1]","[89.6, 79.2]",1,0 days 00:44:39.323000,0 days 00:45:15.175000
84,3930164,Belgium,8,"[34.5, 0.1]","[86.7, 64.4]",1,0 days 00:45:32.492000,0 days 00:45:44.910000
85,3930164,Slovakia,12,"[27.2, 21.7]","[9.0, 56.2]",1,0 days 00:46:26.978000,0 days 00:46:37.039000
86,3930164,Slovakia,4,"[120.0, 0.1]","[3.8, 51.8]",1,0 days 00:47:06.081000,0 days 00:47:07.194000
87,3930164,Slovakia,10,"[120.0, 0.1]","[1.9, 36.2]",1,0 days 00:47:17.873000,0 days 00:47:24.052000
88,3930164,Belgium,89,"[60.0, 40.0]","[93.8, 33.6]",2,0 days 00:00:00.804000,0 days 00:01:19.814000
89,3930164,Slovakia,19,"[25.0, 48.0]","[2.4, 42.9]",2,0 days 00:01:19.814000,0 days 00:01:43.613000
90,3930164,Belgium,51,"[5.7, 46.2]","[9.6, 57.7]",2,0 days 00:02:05.793000,0 days 00:02:48.503000
91,3930164,Belgium,57,"[61.9, 0.1]","[35.4, 65.6]",2,0 days 00:03:00.081000,0 days 00:03:53.196000
92,3930164,Slovakia,20,"[35.4, 65.6]","[53.4, 6.8]",2,0 days 00:04:05.647000,0 days 00:04:35.417000
93,3930164,Belgium,11,"[59.9, 80.0]","[71.5, 1.6]",2,0 days 00:04:46.581000,0 days 00:05:00.958000
94,3930164,Slovakia,5,"[22.3, 80.0]","[66.8, 22.4]",2,0 days 00:05:08.580000,0 days 00:05:14.604000
95,3930164,Belgium,29,"[56.4, 56.6]","[104.6, 23.7]",2,0 days 00:05:14.604000,0 days 00:05:32.394000
96,3930164,Slovakia,14,"[110.2, 0.1]","[2.6, 73.9]",2,0 days 00:06:01.502000,0 days 00:06:07.185000
97,3930164,Slovakia,8,"[106.9, 0.1]","[1.9, 40.0]",2,0 days 00:06:18.760000,0 days 00:06:26.372000
98,3930164,Belgium,5,"[6.0, 45.2]","[41.9, 72.6]",2,0 days 00:06:44.780000,0 days 00:06:46.941000
99,3930164,Belgium,20,"[38.3, 75.9]","[49.0, 79.2]",2,0 days 00:06:56.240000,0 days 00:07:14.370000
100,3930164,Belgium,12,"[74.1, 0.1]","[20.1, 4.9]",2,0 days 00:07:25.524000,0 days 00:07:38.345000
101,3930164,Slovakia,48,"[19.2, 0.1]","[99.7, 65.5]",2,0 days 00:08:02.428000,0 days 00:08:39.447000
102,3930164,Belgium,25,"[6.0, 40.4]","[8.7, 22.6]",2,0 days 00:08:57.312000,0 days 00:09:21.048000
103,3930164,Belgium,29,"[109.7, 80.0]","[1.5, 36.2]",2,0 days 00:09:33.779000,0 days 00:09:56.847000
104,3930164,Belgium,8,"[120.0, 80.0]","[118.0, 39.8]",2,0 days 00:10:10.377000,0 days 00:10:15.911000
105,3930164,Slovakia,25,"[4.6, 40.4]","[53.2, 45.3]",2,0 days 00:11:56.920000,0 days 00:12:15.268000
106,3930164,Belgium,64,"[28.3, 37.4]","[110.8, 55.2]",2,0 days 00:12:19.705000,0 days 00:13:23.446000
107,3930164,Slovakia,4,"[8.7, 24.2]","[9.0, 24.0]",2,0 days 00:13:23.588000,0 days 00:13:23.956000
108,3930164,Slovakia,5,"[9.2, 26.1]","[75.5, 15.8]",2,0 days 00:14:11.328000,0 days 00:14:15.034000
109,3930164,Belgium,58,"[33.6, 53.8]","[4.8, 45.6]",2,0 days 00:14:17.545000,0 days 00:15:21.233000
110,3930164,Belgium,14,"[120.0, 0.1]","[1.8, 40.6]",2,0 days 00:15:31.075000,0 days 00:15:35.875000
111,3930164,Slovakia,15,"[35.0, 37.7]","[62.5, 56.4]",2,0 days 00:15:38.822000,0 days 00:15:45.492000
112,3930164,Belgium,17,"[56.2, 23.0]","[1.6, 36.6]",2,0 days 00:15:45.820000,0 days 00:15:59.668000
113,3930164,Slovakia,9,"[7.0, 39.5]","[43.1, 62.5]",2,0 days 00:16:36.266000,0 days 00:16:41.670000
114,3930164,Belgium,21,"[77.3, 17.4]","[91.9, 9.7]",2,0 days 00:16:41.670000,0 days 00:18:17.719000
117,3930164,Belgium,8,"[84.5, 19.2]","[106.4, 15.0]",2,0 days 00:18:33.672000,0 days 00:18:42.783000
118,3930164,Slovakia,2,"[7.0, 47.0]","[7.0, 47.0]",2,0 days 00:19:01.959000,0 days 00:19:16.499000
119,3930164,Belgium,3,"[29.7, 75.2]","[48.3, 74.4]",2,0 days 00:19:16.999000,0 days 00:19:19.681000
122,3930164,Belgium,7,"[47.6, 72.2]","[56.8, 64.1]",2,0 days 00:19:58.475000,0 days 00:20:01.837000
123,3930164,Belgium,24,"[56.4, 55.5]","[78.8, 72.2]",2,0 days 00:20:08.124000,0 days 00:20:31.028000
124,3930164,Slovakia,33,"[43.7, 11.6]","[65.9, 42.2]",2,0 days 00:20:31.028000,0 days 00:20:54.227000
125,3930164,Belgium,74,"[40.3, 31.4]","[82.4, 51.7]",2,0 days 00:20:54.227000,0 days 00:21:57.512000
126,3930164,Belgium,24,"[82.0, 52.7]","[91.9, 26.4]",2,0 days 00:22:48.499000,0 days 00:23:10.504000
127,3930164,Slovakia,16,"[28.9, 48.9]","[90.1, 1.1]",2,0 days 00:23:10.504000,0 days 00:23:26.360000
128,3930164,Slovakia,30,"[24.3, 80.0]","[96.9, 45.3]",2,0 days 00:24:29.874000,0 days 00:24:52.136000
129,3930164,Belgium,9,"[23.2, 34.8]","[43.0, 15.8]",2,0 days 00:24:52.136000,0 days 00:24:57.669000
130,3930164,Slovakia,28,"[77.1, 64.3]","[106.3, 16.0]",2,0 days 00:24:57.669000,0 days 00:25:21.220000
131,3930164,Belgium,25,"[10.1, 63.6]","[115.7, 9.5]",2,0 days 00:25:21.220000,0 days 00:25:32.765000
132,3930164,Belgium,30,"[6.0, 45.8]","[71.3, 16.3]",2,0 days 00:25:42.304000,0 days 00:26:20.659000
133,3930164,Slovakia,17,"[41.3, 62.1]","[37.4, 44.3]",2,0 days 00:26:20.967000,0 days 00:26:32.457000
134,3930164,Belgium,58,"[82.7, 35.8]","[36.7, 26.0]",2,0 days 00:26:32.457000,0 days 00:27:36.891000
135,3930164,Belgium,16,"[36.0, 17.7]","[74.8, 14.5]",2,0 days 00:27:40.198000,0 days 00:27:52.361000
136,3930164,Slovakia,49,"[45.3, 65.6]","[51.7, 57.3]",2,0 days 00:27:52.361000,0 days 00:28:38.321000
137,3930164,Slovakia,2,"[51.5, 55.7]","[95.5, 2.0]",2,0 days 00:29:08.934000,0 days 00:29:12.970000
138,3930164,Belgium,10,"[22.0, 80.0]","[55.9, 64.3]",2,0 days 00:29:16.253000,0 days 00:29:21.529000
139,3930164,Belgium,43,"[55.2, 56.6]","[81.9, 49.9]",2,0 days 00:29:32.393000,0 days 00:30:12.351000
140,3930164,Slovakia,5,"[40.4, 14.7]","[53.9, 13.4]",2,0 days 00:30:14.040000,0 days 00:30:15.723000
141,3930164,Slovakia,11,"[54.3, 12.5]","[2.0, 37.4]",2,0 days 00:30:52.679000,0 days 00:30:59.863000
142,3930164,Slovakia,21,"[120.0, 80.0]","[14.5, 59.1]",2,0 days 00:31:39.919000,0 days 00:32:02.656000
143,3930164,Slovakia,21,"[98.1, 0.1]","[2.3, 38.5]",2,0 days 00:32:33.414000,0 days 00:32:54.311000
144,3930164,Belgium,42,"[3.2, 44.3]","[6.7, 23.2]",2,0 days 00:33:03.575000,0 days 00:33:36.762000
145,3930164,Belgium,48,"[111.7, 80.0]","[1.9, 40.3]",2,0 days 00:33:45.155000,0 days 00:34:19.879000
146,3930164,Belgium,5,"[120.0, 80.0]","[1.0, 40.4]",2,0 days 00:34:53.777000,0 days 00:34:56.202000
147,3930164,Slovakia,6,"[7.0, 35.3]","[39.7, 73.9]",2,0 days 00:35:41.493000,0 days 00:35:49.774000
148,3930164,Slovakia,31,"[81.9, 0.1]","[63.3, 16.5]",2,0 days 00:35:54.060000,0 days 00:36:13.283000
149,3930164,Belgium,16,"[56.8, 63.6]","[31.3, 73.2]",2,0 days 00:36:13.283000,0 days 00:36:28.771000
150,3930164,Belgium,15,"[98.3, 0.1]","[90.8, 70.4]",2,0 days 00:36:34.945000,0 days 00:36:46.910000
151,3930164,Slovakia,16,"[34.8, 20.6]","[3.0, 62.9]",2,0 days 00:36:46.910000,0 days 00:37:00.410000
152,3930164,Slovakia,13,"[120.0, 0.1]","[112.0, 38.2]",2,0 days 00:37:32.342000,0 days 00:37:44.997000
153,3930164,Belgium,6,"[7.3, 55.5]","[31.4, 55.3]",2,0 days 00:37:44.997000,0 days 00:37:49.897000
154,3930164,Belgium,25,"[38.1, 58.3]","[113.6, 56.4]",2,0 days 00:38:31.931000,0 days 00:38:58.591000
155,3930164,Slovakia,6,"[6.5, 23.7]","[12.2, 22.6]",2,0 days 00:38:58.591000,0 days 00:38:59.869000
156,3930164,Slovakia,4,"[14.3, 19.6]","[55.0, 72.8]",2,0 days 00:40:05.986000,0 days 00:40:11.740000
157,3930164,Slovakia,13,"[62.2, 0.1]","[91.8, 10.1]",2,0 days 00:40:28.018000,0 days 00:40:33.639000
158,3930164,Belgium,10,"[26.3, 66.5]","[91.3, 8.4]",2,0 days 00:40:33.853000,0 days 00:40:48.540000
159,3930164,Slovakia,20,"[28.8, 66.7]","[25.5, 56.1]",2,0 days 00:44:13.616000,0 days 00:44:33.641000
160,3930164,Belgium,22,"[40.5, 0.1]","[2.6, 22.0]",2,0 days 00:44:39.846000,0 days 00:45:05.035000
161,3930164,Belgium,14,"[120.0, 80.0]","[1.3, 39.8]",2,0 days 00:45:31.336000,0 days 00:45:44.833000
162,3930164,Slovakia,17,"[7.0, 46.5]","[71.2, 38.2]",2,0 days 00:46:20.881000,0 days 00:46:35.521000
163,3930164,Belgium,10,"[29.4, 32.9]","[105.0, 31.4]",2,0 days 00:46:37.704000,0 days 00:46:46.719000
164,3930164,Slovakia,7,"[11.5, 47.4]","[81.5, 69.8]",2,0 days 00:46:46.719000,0 days 00:47:15.040000
165,3930164,Belgium,28,"[18.9, 6.4]","[1.8, 37.5]",2,0 days 00:47:15.040000,0 days 00:47:47.760000
166,3930164,Slovakia,4,"[7.6, 30.5]","[42.9, 30.9]",2,0 days 00:49:21.069000,0 days 00:49:37.329000
167,3930164,Belgium,25,"[40.9, 32.3]","[91.2, 68.5]",2,0 days 00:49:48.663000,0 days 00:50:13.831000
168,3930164,Slovakia,4,"[7.0, 34.5]","[68.8, 10.1]",2,0 days 00:50:41.436000,0 days 00:50:44.908000
169,3930164,Belgium,18,"[57.6, 80.0]","[111.2, 67.2]",2,0 days 00:50:54.347000,0 days 00:51:09.494000
170,3930164,Slovakia,23,"[4.6, 12.7]","[99.1, 23.7]",2,0 days 00:51:09.781000,0 days 00:51:26.443000
171,3930164,Belgium,17,"[21.0, 56.4]","[100.6, 47.0]",2,0 days 00:51:26.443000,0 days 00:51:52.344000
172,3930164,Slovakia,4,"[7.0, 32.8]","[42.7, 68.4]",2,0 days 00:52:26.125000,0 days 00:52:30.061000
173,3930164,Belgium,9,"[17.4, 72.5]","[87.5, 47.0]",2,0 days 00:52:33.344000,0 days 00:52:41.988000
174,3930164,Slovakia,25,"[36.1, 31.6]","[67.7, 63.9]",2,0 days 00:52:41.988000,0 days 00:53:00.087000
2,3930161,Albania,8,"[60.0, 40.0]","[94.4, 57.6]",1,0 days 00:00:00.863000,0 days 00:00:09.901000
3,3930161,Italy,6,"[16.3, 0.1]","[1.7, 36.5]",1,0 days 00:00:20.848000,0 days 00:00:24.309000
4,3930161,Italy,32,"[61.0, 40.1]","[2.5, 38.6]",1,0 days 00:01:31.630000,0 days 00:01:56.136000
5,3930161,Albania,6,"[5.0, 39.4]","[35.4, 71.6]",1,0 days 00:02:45.610000,0 days 00:02:50.800000
6,3930161,Italy,59,"[35.4, 71.9]","[24.6, 53.3]",1,0 days 00:03:02.576000,0 days 00:03:59.799000
7,3930161,Albania,12,"[22.5, 41.9]","[50.0, 14.8]",1,0 days 00:04:00.804000,0 days 00:04:10.028000
8,3930161,Italy,4,"[33.4, 72.6]","[33.0, 73.5]",1,0 days 00:04:10.028000,0 days 00:04:11.832000
9,3930161,Italy,22,"[27.1, 72.2]","[22.5, 71.8]",1,0 days 00:04:24.006000,0 days 00:04:56.533000
10,3930161,Italy,87,"[92.0, 0.1]","[111.0, 54.8]",1,0 days 00:05:17.463000,0 days 00:06:28.480000
11,3930161,Albania,24,"[6.0, 39.5]","[2.5, 51.7]",1,0 days 00:07:01.093000,0 days 00:07:20.822000
12,3930161,Albania,4,"[120.0, 0.1]","[2.1, 48.4]",1,0 days 00:08:08.174000,0 days 00:08:09.188000
13,3930161,Albania,12,"[120.0, 0.1]","[115.6, 16.4]",1,0 days 00:08:32.552000,0 days 00:08:48.884000
14,3930161,Italy,40,"[11.4, 47.1]","[1.7, 42.5]",1,0 days 00:09:03.243000,0 days 00:09:39.848000
15,3930161,Italy,10,"[120.0, 0.1]","[0.7, 37.1]",1,0 days 00:10:11.150000,0 days 00:10:16.311000
16,3930161,Albania,30,"[60.0, 40.0]","[106.1, 4.8]",1,0 days 00:11:02.977000,0 days 00:11:32.871000
17,3930161,Albania,4,"[23.8, 80.0]","[70.1, 9.3]",1,0 days 00:11:48.050000,0 days 00:11:49.594000
18,3930161,Albania,17,"[31.8, 80.0]","[45.1, 4.9]",1,0 days 00:12:00.876000,0 days 00:12:17.845000
19,3930161,Italy,23,"[71.8, 75.2]","[103.7, 73.7]",1,0 days 00:12:17.845000,0 days 00:12:47.274000
20,3930161,Albania,5,"[15.4, 0.1]","[111.9, 74.7]",1,0 days 00:13:03.615000,0 days 00:13:06.798000
21,3930161,Albania,5,"[9.4, 0.1]","[27.4, 2.4]",1,0 days 00:13:24.946000,0 days 00:13:26.210000
22,3930161,Italy,22,"[78.1, 80.0]","[99.5, 19.4]",1,0 days 00:13:31.164000,0 days 00:13:58.500000
23,3930161,Albania,14,"[5.8, 37.1]","[59.4, 12.7]",1,0 days 00:14:14.915000,0 days 00:14:29.115000
24,3930161,Italy,41,"[63.9, 67.5]","[6.4, 39.4]",1,0 days 00:14:29.115000,0 days 00:15:10.508000
25,3930161,Italy,43,"[103.3, 0.1]","[3.0, 40.9]",1,0 days 00:15:29.844000,0 days 00:15:53.312000
26,3930161,Albania,18,"[60.0, 40.0]","[57.5, 4.0]",1,0 days 00:17:31.260000,0 days 00:17:47.568000
27,3930161,Italy,9,"[63.6, 75.9]","[107.9, 64.3]",1,0 days 00:17:47.568000,0 days 00:17:56.666000
28,3930161,Albania,4,"[4.8, 38.7]","[42.6, 46.2]",1,0 days 00:18:18.517000,0 days 00:18:21.843000
29,3930161,Italy,94,"[35.0, 46.8]","[4.3, 15.9]",1,0 days 00:18:34.601000,0 days 00:19:48.583000
30,3930161,Italy,12,"[120.0, 80.0]","[3.5, 41.3]",1,0 days 00:20:31.139000,0 days 00:20:35.811000
31,3930161,Albania,8,"[38.6, 32.0]","[66.8, 5.8]",1,0 days 00:20:37.710000,0 days 00:20:42.418000
32,3930161,Albania,98,"[72.1, 6.4]","[73.6, 65.9]",1,0 days 00:21:19.124000,0 days 00:23:00.051000
33,3930161,Italy,46,"[36.8, 0.1]","[99.6, 7.4]",1,0 days 00:23:06.490000,0 days 00:23:54.854000
34,3930161,Albania,8,"[6.0, 39.8]","[109.7, 51.8]",1,0 days 00:24:09.532000,0 days 00:24:22.641000
35,3930161,Italy,78,"[9.9, 29.0]","[78.1, 60.6]",1,0 days 00:24:22.641000,0 days 00:25:36.733000
36,3930161,Albania,46,"[34.1, 30.1]","[113.8, 73.9]",1,0 days 00:25:37.912000,0 days 00:26:20.545000
37,3930161,Italy,168,"[6.3, 6.2]","[102.4, 53.1]",1,0 days 00:26:20.545000,0 days 00:28:30.420000
38,3930161,Albania,11,"[20.9, 27.8]","[93.0, 77.0]",1,0 days 00:28:30.420000,0 days 00:28:35.283000
39,3930161,Albania,10,"[24.9, 0.1]","[37.2, 3.0]",1,0 days 00:28:49.482000,0 days 00:28:54.334000
40,3930161,Italy,93,"[82.9, 77.1]","[7.2, 69.4]",1,0 days 00:28:54.334000,0 days 00:30:23.285000
41,3930161,Italy,9,"[107.9, 0.1]","[114.3, 9.4]",1,0 days 00:30:46.226000,0 days 00:30:48.320000
42,3930161,Albania,6,"[10.3, 72.1]","[78.2, 49.1]",1,0 days 00:31:15.020000,0 days 00:31:20.643000
43,3930161,Italy,11,"[18.7, 40.7]","[42.7, 7.5]",1,0 days 00:31:23.084000,0 days 00:31:29.761000
44,3930161,Italy,92,"[46.3, 80.0]","[117.4, 55.0]",1,0 days 00:31:38.415000,0 days 00:34:49.979000
45,3930161,Albania,20,"[33.6, 80.0]","[76.9, 4.6]",1,0 days 00:35:06.163000,0 days 00:35:23.489000
46,3930161,Albania,24,"[48.2, 80.0]","[20.9, 59.0]",1,0 days 00:35:30.862000,0 days 00:35:55.439000
47,3930161,Italy,19,"[67.7, 19.3]","[47.3, 7.5]",1,0 days 00:35:58.433000,0 days 00:36:12.885000
48,3930161,Italy,177,"[58.4, 80.0]","[7.5, 38.0]",1,0 days 00:36:24.074000,0 days 00:38:34.938000
49,3930161,Italy,31,"[108.2, 0.1]","[2.7, 34.0]",1,0 days 00:38:57.503000,0 days 00:39:19.039000
50,3930161,Italy,8,"[120.0, 80.0]","[93.9, 56.8]",1,0 days 00:39:59.597000,0 days 00:40:04.501000
51,3930161,Albania,7,"[20.4, 23.5]","[83.5, 58.8]",1,0 days 00:40:04.666000,0 days 00:40:07.950000
52,3930161,Albania,8,"[23.0, 0.1]","[64.7, 76.1]",1,0 days 00:40:16.376000,0 days 00:40:22.500000
53,3930161,Albania,67,"[57.0, 0.1]","[92.5, 61.7]",1,0 days 00:40:36.807000,0 days 00:41:47.570000
54,3930161,Italy,35,"[28.3, 22.1]","[68.0, 78.1]",1,0 days 00:41:47.570000,0 days 00:42:30.143000
55,3930161,Albania,19,"[34.3, 0.1]","[79.1, 76.7]",1,0 days 00:42:35.633000,0 days 00:42:54.456000
56,3930161,Albania,9,"[51.5, 0.1]","[75.0, 7.6]",1,0 days 00:43:06.622000,0 days 00:43:10.125000
57,3930161,Albania,8,"[76.4, 10.4]","[2.0, 39.0]",1,0 days 00:43:42.446000,0 days 00:43:50.848000
58,3930161,Italy,24,"[6.7, 49.6]","[65.2, 2.1]",1,0 days 00:44:19.934000,0 days 00:44:38.326000
59,3930161,Italy,61,"[56.7, 80.0]","[1.6, 39.6]",1,0 days 00:44:55.134000,0 days 00:46:16.230000
60,3930161,Albania,1,"[6.0, 39.4]","[6.0, 39.4]",1,0 days 00:46:47.864000,0 days 00:46:47.864000
61,3930161,Italy,9,"[47.0, 50.3]","[49.3, 64.9]",1,0 days 00:46:51.850000,0 days 00:46:57.133000
62,3930161,Albania,7,"[43.4, 63.8]","[59.4, 55.2]",1,0 days 00:46:58.570000,0 days 00:47:03.016000
63,3930161,Italy,7,"[62.6, 18.0]","[59.9, 8.0]",1,0 days 00:47:03.016000,0 days 00:47:05.310000
64,3930161,Italy,40,"[57.8, 0.1]","[9.6, 3.0]",1,0 days 00:47:15.016000,0 days 00:48:02.644000
65,3930161,Italy,35,"[60.0, 40.0]","[50.0, 60.0]",2,0 days 00:00:00.839000,0 days 00:00:35.386000
66,3930161,Albania,62,"[70.1, 20.1]","[50.6, 23.1]",2,0 days 00:00:35.386000,0 days 00:01:38.940000
67,3930161,Italy,65,"[69.5, 57.0]","[2.2, 39.6]",2,0 days 00:01:38.940000,0 days 00:02:39.171000
68,3930161,Albania,10,"[18.2, 37.6]","[42.0, 5.7]",2,0 days 00:02:40.196000,0 days 00:02:45.671000
69,3930161,Italy,83,"[70.2, 80.0]","[103.5, 45.8]",2,0 days 00:02:58.276000,0 days 00:04:27.338000
70,3930161,Albania,28,"[8.1, 35.1]","[92.1, 28.2]",2,0 days 00:04:27.338000,0 days 00:05:59.193000
71,3930161,Albania,5,"[92.6, 22.7]","[76.6, 61.7]",2,0 days 00:06:43.438000,0 days 00:08:02.584000
74,3930161,Albania,78,"[72.3, 59.7]","[58.0, 46.7]",2,0 days 00:08:11.634000,0 days 00:09:28.219000
75,3930161,Italy,78,"[7.2, 34.8]","[106.5, 44.5]",2,0 days 00:09:31.544000,0 days 00:10:36.738000
76,3930161,Albania,1,"[21.9, 37.8]","[21.9, 37.8]",2,0 days 00:11:03.521000,0 days 00:11:03.521000
77,3930161,Italy,8,"[56.7, 67.5]","[91.6, 66.9]",2,0 days 00:11:05.949000,0 days 00:11:12.040000
78,3930161,Albania,38,"[28.7, 17.7]","[65.9, 68.5]",2,0 days 00:11:12.040000,0 days 00:11:47.325000
79,3930161,Albania,3,"[62.3, 0.1]","[73.4, 6.3]",2,0 days 00:12:09.706000,0 days 00:12:10.782000
80,3930161,Italy,89,"[34.0, 70.3]","[36.1, 58.4]",2,0 days 00:12:13.075000,0 days 00:13:25.848000
81,3930161,Italy,32,"[97.1, 0.1]","[1.5, 38.4]",2,0 days 00:13:38.332000,0 days 00:14:04.060000
82,3930161,Albania,8,"[6.9, 41.3]","[78.1, 61.1]",2,0 days 00:14:35.719000,0 days 00:14:41.025000
83,3930161,Italy,6,"[42.0, 19.0]","[92.1, 76.3]",2,0 days 00:14:41.025000,0 days 00:14:44.235000
84,3930161,Italy,30,"[33.3, 0.1]","[89.5, 58.3]",2,0 days 00:15:04.744000,0 days 00:15:27.494000
85,3930161,Albania,4,"[34.7, 24.2]","[78.9, 71.5]",2,0 days 00:15:27.494000,0 days 00:15:32.751000
86,3930161,Albania,94,"[40.4, 0.1]","[57.2, 60.3]",2,0 days 00:15:40.308000,0 days 00:17:11.535000
87,3930161,Italy,96,"[71.1, 18.0]","[118.2, 53.5]",2,0 days 00:17:11.535000,0 days 00:18:31.710000
88,3930161,Albania,17,"[5.8, 50.1]","[78.0, 34.7]",2,0 days 00:18:48.967000,0 days 00:19:02.073000
89,3930161,Italy,56,"[41.0, 41.0]","[38.2, 43.7]",2,0 days 00:19:02.774000,0 days 00:19:50.701000
90,3930161,Albania,7,"[29.0, 61.1]","[4.4, 46.5]",2,0 days 00:19:52.266000,0 days 00:19:56.913000
91,3930161,Italy,37,"[55.6, 37.7]","[4.0, 24.8]",2,0 days 00:19:59.362000,0 days 00:20:23.416000
92,3930161,Italy,11,"[120.0, 80.0]","[0.6, 42.3]",2,0 days 00:21:01.632000,0 days 00:21:08.244000
93,3930161,Italy,4,"[120.0, 0.1]","[91.9, 2.8]",2,0 days 00:21:57.712000,0 days 00:22:03.787000
94,3930161,Albania,10,"[35.5, 80.0]","[84.5, 75.2]",2,0 days 00:22:12.939000,0 days 00:22:23.025000
95,3930161,Albania,7,"[84.8, 70.9]","[8.2, 64.5]",2,0 days 00:23:17.453000,0 days 00:23:28.241000
96,3930161,Albania,5,"[120.0, 0.1]","[6.2, 37.0]",2,0 days 00:23:51.295000,0 days 00:23:56.089000
97,3930161,Italy,78,"[5.2, 49.1]","[84.0, 45.8]",2,0 days 00:24:19.045000,0 days 00:25:32.962000
98,3930161,Albania,9,"[42.6, 31.5]","[55.8, 12.8]",2,0 days 00:25:32.962000,0 days 00:25:37.037000
99,3930161,Italy,67,"[68.9, 63.5]","[69.2, 64.3]",2,0 days 00:25:37.037000,0 days 00:26:41.070000
100,3930161,Albania,9,"[27.9, 7.9]","[50.6, 9.0]",2,0 days 00:26:44.814000,0 days 00:26:50.331000
101,3930161,Italy,48,"[14.7, 53.7]","[96.8, 69.5]",2,0 days 00:26:53.364000,0 days 00:27:48.119000
102,3930161,Albania,6,"[24.3, 14.5]","[30.3, 23.8]",2,0 days 00:27:48.119000,0 days 00:27:51.782000
103,3930161,Albania,15,"[33.9, 23.4]","[17.8, 70.9]",2,0 days 00:28:05.678000,0 days 00:28:24.015000
104,3930161,Italy,20,"[26.8, 30.1]","[76.5, 64.8]",2,0 days 00:28:30.161000,0 days 00:28:50.712000
105,3930161,Italy,5,"[75.3, 65.0]","[14.9, 15.1]",2,0 days 00:29:34.515000,0 days 00:29:38.349000
106,3930161,Albania,12,"[2.8, 27.0]","[58.2, 48.4]",2,0 days 00:29:41.021000,0 days 00:30:04.626000
107,3930161,Albania,16,"[51.2, 49.4]","[62.9, 18.9]",2,0 days 00:31:47.185000,0 days 00:31:57.591000
108,3930161,Albania,41,"[55.8, 21.8]","[8.0, 7.0]",2,0 days 00:32:08.124000,0 days 00:32:49.358000
109,3930161,Italy,94,"[3.5, 19.2]","[95.3, 22.5]",2,0 days 00:32:49.921000,0 days 00:34:10.737000
110,3930161,Albania,1,"[3.9, 42.8]","[3.9, 42.8]",2,0 days 00:34:11.474000,0 days 00:34:11.474000
111,3930161,Albania,26,"[19.2, 45.9]","[109.5, 48.4]",2,0 days 00:34:14.571000,0 days 00:34:44.963000
112,3930161,Italy,80,"[10.6, 31.7]","[104.9, 70.0]",2,0 days 00:34:44.963000,0 days 00:36:01.463000
113,3930161,Albania,9,"[20.9, 17.2]","[8.5, 8.5]",2,0 days 00:36:01.463000,0 days 00:36:09.085000
114,3930161,Italy,38,"[77.8, 70.8]","[79.4, 22.4]",2,0 days 00:36:11.313000,0 days 00:36:39.548000
115,3930161,Italy,112,"[41.0, 80.0]","[64.3, 26.1]",2,0 days 00:37:31.515000,0 days 00:39:11.512000
116,3930161,Italy,27,"[63.2, 22.9]","[41.8, 49.5]",2,0 days 00:39:32.499000,0 days 00:39:59.218000
117,3930161,Albania,46,"[79.4, 30.9]","[1.9, 74.2]",2,0 days 00:39:59.218000,0 days 00:40:41.281000
118,3930161,Italy,2,"[4.1, 80.0]","[30.5, 71.9]",2,0 days 00:41:36.812000,0 days 00:41:38.194000
119,3930161,Albania,40,"[92.1, 6.9]","[79.4, 70.8]",2,0 days 00:41:38.194000,0 days 00:42:06.135000
120,3930161,Italy,75,"[33.4, 3.6]","[77.5, 3.6]",2,0 days 00:42:07.739000,0 days 00:42:59.237000
121,3930161,Italy,11,"[54.3, 80.0]","[65.1, 33.4]",2,0 days 00:43:14.541000,0 days 00:43:24.462000
122,3930161,Albania,60,"[55.0, 46.7]","[3.8, 31.3]",2,0 days 00:43:24.462000,0 days 00:44:35.772000
123,3930161,Italy,3,"[5.5, 33.0]","[63.5, 27.7]",2,0 days 00:45:17.449000,0 days 00:45:20.709000
124,3930161,Albania,7,"[56.6, 52.4]","[64.2, 76.7]",2,0 days 00:45:20.709000,0 days 00:45:25.503000
125,3930161,Italy,1,"[9.8, 31.8]","[9.8, 31.8]",2,0 days 00:45:28.587000,0 days 00:45:28.587000
128,3930161,Italy,28,"[15.9, 50.5]","[71.8, 31.7]",2,0 days 00:47:07.881000,0 days 00:47:33.041000
129,3930161,Italy,18,"[71.3, 31.0]","[74.5, 74.0]",2,0 days 00:47:58.341000,0 days 00:48:14.503000
130,3930161,Albania,16,"[33.0, 0.1]","[74.2, 67.8]",2,0 days 00:48:22.846000,0 days 00:48:37.062000
131,3930161,Italy,9,"[44.7, 13.9]","[62.3, 39.9]",2,0 days 00:48:37.557000,0 days 00:48:41.538000
132,3930161,Italy,13,"[61.5, 42.6]","[89.8, 53.9]",2,0 days 00:49:00.098000,0 days 00:49:08.430000
133,3930161,Albania,11,"[25.9, 22.6]","[88.3, 14.8]",2,0 days 00:49:09.176000,0 days 00:49:20.613000
134,3930161,Italy,13,"[20.7, 65.3]","[48.6, 49.6]",2,0 days 00:49:20.613000,0 days 00:49:26.707000
135,3930161,Albania,30,"[56.6, 14.2]","[2.1, 42.3]",2,0 days 00:49:28.518000,0 days 00:50:00.108000
2,3938637,Poland,7,"[60.0, 40.0]","[68.1, 4.2]",1,0 days 00:00:01.289000,0 days 00:00:07.984000
3,3938637,Netherlands,53,"[12.8, 57.3]","[35.6, 8.1]",1,0 days 00:00:11.143000,0 days 00:00:57.921000
4,3938637,Netherlands,6,"[82.2, 80.0]","[10.6, 2.8]",1,0 days 00:01:19.596000,0 days 00:01:24.243000
5,3938637,Netherlands,12,"[108.1, 80.0]","[0.8, 42.8]",1,0 days 00:01:34.206000,0 days 00:01:46.063000
6,3938637,Netherlands,51,"[120.0, 0.1]","[79.5, 5.7]",1,0 days 00:02:14.645000,0 days 00:03:21.611000
7,3938637,Poland,4,"[38.2, 76.4]","[80.8, 3.4]",1,0 days 00:03:21.692000,0 days 00:03:22.236000
8,3938637,Poland,8,"[45.4, 80.0]","[77.0, 3.7]",1,0 days 00:03:49.476000,0 days 00:03:51.836000
9,3938637,Poland,9,"[37.6, 80.0]","[69.5, 77.3]",1,0 days 00:03:54.734000,0 days 00:04:07.549000
10,3938637,Poland,4,"[50.6, 0.1]","[90.3, 16.5]",1,0 days 00:04:16.806000,0 days 00:04:21.077000
11,3938637,Netherlands,61,"[25.2, 63.2]","[6.3, 34.9]",1,0 days 00:04:21.077000,0 days 00:05:32.259000
12,3938637,Poland,34,"[2.0, 48.7]","[25.2, 24.5]",1,0 days 00:05:34.712000,0 days 00:06:23.492000
13,3938637,Netherlands,42,"[14.7, 2.8]","[65.7, 3.3]",1,0 days 00:06:27.526000,0 days 00:07:05.475000
14,3938637,Netherlands,40,"[63.9, 2.9]","[7.8, 56.9]",1,0 days 00:07:12.508000,0 days 00:07:54.996000
15,3938637,Netherlands,4,"[120.0, 0.1]","[3.0, 3.0]",1,0 days 00:08:26.191000,0 days 00:08:32.767000
16,3938637,Netherlands,13,"[107.2, 80.0]","[1.5, 38.2]",1,0 days 00:08:47.981000,0 days 00:08:55.571000
17,3938637,Poland,29,"[6.0, 49.9]","[1.5, 36.4]",1,0 days 00:09:17.356000,0 days 00:09:49.233000
18,3938637,Poland,16,"[99.9, 80.0]","[48.4, 11.9]",1,0 days 00:10:09.630000,0 days 00:10:25.574000
19,3938637,Netherlands,11,"[59.2, 80.0]","[36.9, 73.7]",1,0 days 00:10:31.582000,0 days 00:11:03.590000
20,3938637,Netherlands,52,"[84.8, 0.1]","[85.6, 52.3]",1,0 days 00:11:09.753000,0 days 00:11:47.619000
21,3938637,Poland,49,"[34.8, 22.3]","[106.4, 23.8]",1,0 days 00:11:48.752000,0 days 00:12:27.674000
22,3938637,Netherlands,27,"[15.9, 61.0]","[1.8, 37.4]",1,0 days 00:12:53.292000,0 days 00:13:36.208000
23,3938637,Poland,31,"[6.0, 30.3]","[64.1, 63.4]",1,0 days 00:14:03.885000,0 days 00:14:27.805000
24,3938637,Poland,8,"[68.5, 62.6]","[4.5, 56.4]",1,0 days 00:15:18.617000,0 days 00:15:24.831000
25,3938637,Poland,5,"[120.0, 0.1]","[0.8, 42.4]",1,0 days 00:15:49.150000,0 days 00:15:51.122000
26,3938637,Netherlands,21,"[61.0, 40.1]","[39.6, 76.8]",1,0 days 00:17:05.327000,0 days 00:17:30.313000
27,3938637,Netherlands,83,"[87.6, 0.1]","[3.0, 8.2]",1,0 days 00:17:35.857000,0 days 00:18:56.351000
28,3938637,Netherlands,9,"[120.0, 80.0]","[5.3, 27.5]",1,0 days 00:19:26.170000,0 days 00:19:31.474000
29,3938637,Netherlands,18,"[100.3, 80.0]","[103.3, 67.0]",1,0 days 00:20:04.182000,0 days 00:20:20.889000
30,3938637,Poland,19,"[18.7, 10.4]","[61.8, 74.7]",1,0 days 00:20:20.889000,0 days 00:20:30.368000
31,3938637,Netherlands,26,"[58.0, 74.7]","[86.9, 31.3]",1,0 days 00:20:30.910000,0 days 00:20:53.839000
32,3938637,Poland,22,"[34.5, 48.8]","[56.5, 45.4]",1,0 days 00:20:53.839000,0 days 00:21:11.172000
33,3938637,Netherlands,12,"[63.6, 34.7]","[4.5, 39.5]",1,0 days 00:21:11.172000,0 days 00:21:16.578000
34,3938637,Poland,9,"[6.0, 34.0]","[56.6, 45.6]",1,0 days 00:21:43.429000,0 days 00:21:51.713000
35,3938637,Poland,12,"[55.6, 49.9]","[76.5, 43.6]",1,0 days 00:22:31.484000,0 days 00:22:37.456000
36,3938637,Netherlands,12,"[41.2, 41.6]","[2.7, 35.5]",1,0 days 00:22:38.810000,0 days 00:22:47.687000
37,3938637,Poland,2,"[19.2, 80.0]","[44.1, 75.8]",1,0 days 00:23:19.239000,0 days 00:23:24.322000
38,3938637,Netherlands,65,"[50.5, 7.0]","[10.4, 50.4]",1,0 days 00:23:24.322000,0 days 00:24:26.521000
39,3938637,Netherlands,63,"[120.0, 0.1]","[21.5, 50.2]",1,0 days 00:24:54.755000,0 days 00:25:59.281000
40,3938637,Netherlands,32,"[23.8, 11.3]","[0.5, 43.1]",1,0 days 00:26:06.905000,0 days 00:26:43.961000
41,3938637,Netherlands,52,"[120.0, 0.1]","[1.3, 42.0]",1,0 days 00:26:58.248000,0 days 00:27:52.483000
42,3938637,Poland,5,"[6.0, 31.4]","[58.1, 34.3]",1,0 days 00:28:15.579000,0 days 00:28:19.182000
43,3938637,Netherlands,32,"[62.0, 45.8]","[97.7, 34.5]",1,0 days 00:28:19.182000,0 days 00:28:49.902000
44,3938637,Poland,2,"[16.1, 44.5]","[2.3, 41.0]",1,0 days 00:28:50.044000,0 days 00:28:50.890000
45,3938637,Poland,18,"[60.0, 40.0]","[82.5, 1.9]",1,0 days 00:29:41.321000,0 days 00:30:04.647000
46,3938637,Netherlands,20,"[25.8, 80.0]","[29.5, 18.9]",1,0 days 00:30:18.837000,0 days 00:30:34.131000
47,3938637,Poland,7,"[27.9, 18.9]","[37.8, 17.0]",1,0 days 00:30:34.934000,0 days 00:30:38.277000
48,3938637,Poland,89,"[37.8, 17.0]","[114.0, 53.0]",1,0 days 00:30:49.617000,0 days 00:32:46.566000
49,3938637,Netherlands,6,"[5.0, 24.5]","[24.1, 6.5]",1,0 days 00:32:46.566000,0 days 00:32:52.205000
50,3938637,Netherlands,24,"[23.8, 7.0]","[63.1, 44.9]",1,0 days 00:33:04.661000,0 days 00:33:38.988000
51,3938637,Poland,71,"[43.3, 0.1]","[102.9, 26.0]",1,0 days 00:33:58.935000,0 days 00:34:51.129000
52,3938637,Netherlands,8,"[13.2, 52.9]","[109.2, 2.1]",1,0 days 00:34:51.129000,0 days 00:34:56.606000
53,3938637,Netherlands,16,"[20.1, 80.0]","[42.1, 70.2]",1,0 days 00:35:17.754000,0 days 00:35:24.411000
54,3938637,Netherlands,14,"[42.3, 69.5]","[57.0, 8.9]",1,0 days 00:35:29.568000,0 days 00:35:41.384000
55,3938637,Netherlands,58,"[54.3, 8.5]","[7.3, 33.4]",1,0 days 00:35:51.494000,0 days 00:36:45.523000
56,3938637,Netherlands,11,"[104.7, 80.0]","[97.9, 78.2]",1,0 days 00:37:01.597000,0 days 00:37:10.351000
57,3938637,Poland,7,"[14.9, 0.1]","[41.6, 2.6]",1,0 days 00:37:41.524000,0 days 00:37:46.380000
58,3938637,Poland,65,"[45.1, 2.6]","[70.5, 27.6]",1,0 days 00:38:03.474000,0 days 00:39:20.216000
59,3938637,Netherlands,17,"[58.6, 80.0]","[24.8, 18.5]",1,0 days 00:39:28.592000,0 days 00:39:38.859000
60,3938637,Netherlands,54,"[92.0, 80.0]","[71.6, 20.5]",1,0 days 00:39:47.033000,0 days 00:40:45.655000
61,3938637,Netherlands,66,"[63.3, 14.4]","[1.2, 42.6]",1,0 days 00:40:57.245000,0 days 00:41:46.058000
62,3938637,Poland,4,"[6.0, 32.2]","[44.6, 59.0]",1,0 days 00:42:24.152000,0 days 00:42:27.932000
63,3938637,Netherlands,41,"[16.0, 36.3]","[85.6, 66.2]",1,0 days 00:42:31.885000,0 days 00:43:24.438000
64,3938637,Poland,29,"[36.4, 12.7]","[87.5, 62.7]",1,0 days 00:43:24.651000,0 days 00:43:59.367000
65,3938637,Netherlands,15,"[3.5, 36.4]","[21.5, 54.9]",1,0 days 00:44:01.689000,0 days 00:44:28.107000
66,3938637,Netherlands,11,"[107.6, 0.1]","[1.3, 41.0]",1,0 days 00:44:50.431000,0 days 00:44:57.601000
67,3938637,Poland,5,"[5.4, 44.5]","[45.2, 47.0]",1,0 days 00:45:33.333000,0 days 00:45:37.460000
68,3938637,Netherlands,23,"[42.0, 44.4]","[4.0, 36.0]",1,0 days 00:45:38.313000,0 days 00:45:59.874000
69,3938637,Netherlands,16,"[60.0, 40.0]","[22.4, 4.0]",2,0 days 00:00:00.745000,0 days 00:00:17.074000
70,3938637,Netherlands,86,"[97.1, 80.0]","[13.2, 43.2]",2,0 days 00:00:34.690000,0 days 00:01:36.804000
71,3938637,Netherlands,94,"[45.6, 0.1]","[5.3, 40.4]",2,0 days 00:02:00.575000,0 days 00:03:08.807000
72,3938637,Poland,4,"[7.0, 30.8]","[51.5, 4.7]",2,0 days 00:03:35.179000,0 days 00:03:41.811000
73,3938637,Netherlands,6,"[77.4, 80.0]","[6.2, 5.0]",2,0 days 00:03:45.560000,0 days 00:03:52.767000
74,3938637,Netherlands,20,"[118.4, 80.0]","[91.3, 49.7]",2,0 days 00:03:59.596000,0 days 00:04:12.498000
75,3938637,Poland,10,"[27.3, 30.1]","[50.1, 12.5]",2,0 days 00:04:13.553000,0 days 00:04:18.460000
76,3938637,Netherlands,6,"[70.0, 67.6]","[52.5, 9.2]",2,0 days 00:04:18.460000,0 days 00:04:20.897000
77,3938637,Netherlands,6,"[79.2, 80.0]","[11.0, 9.0]",2,0 days 00:04:41.417000,0 days 00:04:46.237000
78,3938637,Netherlands,6,"[112.0, 80.0]","[7.2, 11.2]",2,0 days 00:04:56.740000,0 days 00:05:00.037000
79,3938637,Poland,10,"[7.0, 32.5]","[66.0, 20.4]",2,0 days 00:05:19.122000,0 days 00:05:27.776000
80,3938637,Netherlands,18,"[54.1, 59.7]","[112.9, 46.7]",2,0 days 00:05:27.776000,0 days 00:05:50.362000
81,3938637,Poland,5,"[7.0, 48.4]","[27.9, 75.6]",2,0 days 00:06:09.580000,0 days 00:06:12.981000
82,3938637,Netherlands,13,"[92.2, 4.5]","[98.0, 54.9]",2,0 days 00:06:12.981000,0 days 00:06:22.114000
83,3938637,Poland,10,"[15.9, 24.8]","[34.6, 7.7]",2,0 days 00:06:22.621000,0 days 00:07:33.398000
84,3938637,Poland,21,"[37.7, 6.3]","[64.7, 62.3]",2,0 days 00:07:42.194000,0 days 00:08:02.991000
85,3938637,Poland,18,"[58.9, 61.7]","[99.5, 45.4]",2,0 days 00:08:19.809000,0 days 00:08:35.623000
86,3938637,Netherlands,14,"[20.9, 27.1]","[4.4, 36.2]",2,0 days 00:08:35.623000,0 days 00:08:45.933000
87,3938637,Poland,16,"[7.0, 32.5]","[95.7, 75.1]",2,0 days 00:09:49.945000,0 days 00:09:59.546000
88,3938637,Poland,11,"[36.1, 0.1]","[32.5, 5.3]",2,0 days 00:10:09.163000,0 days 00:10:22.749000
89,3938637,Netherlands,80,"[93.4, 80.0]","[104.6, 35.7]",2,0 days 00:10:37.450000,0 days 00:11:34.986000
90,3938637,Poland,15,"[15.5, 44.4]","[95.0, 5.2]",2,0 days 00:11:34.986000,0 days 00:11:50.567000
91,3938637,Poland,29,"[95.7, 5.8]","[95.9, 46.5]",2,0 days 00:12:31.215000,0 days 00:13:04.823000
92,3938637,Netherlands,1,"[1.6, 39.2]","[1.6, 39.2]",2,0 days 00:13:05.662000,0 days 00:13:05.662000
93,3938637,Netherlands,39,"[12.2, 42.0]","[91.7, 13.9]",2,0 days 00:13:18.347000,0 days 00:13:59.621000
94,3938637,Poland,19,"[24.4, 58.5]","[2.1, 56.1]",2,0 days 00:13:59.621000,0 days 00:14:17.687000
95,3938637,Poland,22,"[120.0, 0.1]","[106.7, 36.2]",2,0 days 00:14:48.832000,0 days 00:15:16.120000
96,3938637,Netherlands,10,"[13.4, 43.9]","[47.4, 48.0]",2,0 days 00:15:16.120000,0 days 00:15:25.194000
97,3938637,Poland,21,"[77.8, 33.6]","[111.0, 60.0]",2,0 days 00:15:25.194000,0 days 00:15:44.815000
98,3938637,Netherlands,7,"[8.0, 21.6]","[56.4, 59.0]",2,0 days 00:16:57.992000,0 days 00:17:03.869000
99,3938637,Poland,57,"[72.2, 24.3]","[88.0, 6.0]",2,0 days 00:17:03.869000,0 days 00:17:49.946000
100,3938637,Netherlands,6,"[43.0, 80.0]","[74.1, 58.8]",2,0 days 00:18:11.947000,0 days 00:18:16.163000
101,3938637,Netherlands,41,"[76.1, 58.8]","[1.4, 36.6]",2,0 days 00:18:30.803000,0 days 00:19:06.709000
102,3938637,Poland,5,"[7.0, 37.8]","[69.1, 26.5]",2,0 days 00:19:32.442000,0 days 00:19:38.845000
103,3938637,Netherlands,36,"[44.7, 53.2]","[12.5, 54.1]",2,0 days 00:19:38.845000,0 days 00:20:14.111000
104,3938637,Netherlands,6,"[110.0, 0.1]","[115.3, 23.0]",2,0 days 00:20:28.914000,0 days 00:20:33.167000
105,3938637,Poland,20,"[8.5, 55.1]","[43.9, 75.1]",2,0 days 00:20:33.962000,0 days 00:20:50.095000
106,3938637,Netherlands,6,"[78.5, 4.4]","[32.9, 77.6]",2,0 days 00:20:50.095000,0 days 00:20:53.548000
107,3938637,Netherlands,41,"[82.0, 0.1]","[9.7, 54.5]",2,0 days 00:21:20.770000,0 days 00:21:51.824000
108,3938637,Poland,15,"[13.6, 73.3]","[24.1, 24.2]",2,0 days 00:21:52.866000,0 days 00:22:05.776000
109,3938637,Netherlands,29,"[2.9, 22.0]","[12.6, 17.8]",2,0 days 00:22:09.193000,0 days 00:22:48.176000
110,3938637,Netherlands,22,"[102.6, 80.0]","[11.7, 32.7]",2,0 days 00:22:57.659000,0 days 00:23:08.482000
111,3938637,Poland,5,"[7.0, 34.2]","[56.3, 49.6]",2,0 days 00:23:34.800000,0 days 00:23:41.411000
112,3938637,Netherlands,6,"[63.8, 30.5]","[32.9, 59.8]",2,0 days 00:23:41.411000,0 days 00:23:44.944000
113,3938637,Netherlands,34,"[63.8, 0.1]","[8.7, 7.7]",2,0 days 00:23:53.035000,0 days 00:24:27.558000
114,3938637,Poland,2,"[16.5, 8.5]","[78.3, 4.4]",2,0 days 00:25:04.175000,0 days 00:25:07.253000
115,3938637,Netherlands,105,"[41.8, 80.0]","[8.9, 23.5]",2,0 days 00:25:21.850000,0 days 00:27:27.631000
116,3938637,Netherlands,4,"[120.0, 80.0]","[1.0, 39.5]",2,0 days 00:27:49.230000,0 days 00:27:51.296000
117,3938637,Poland,4,"[7.0, 47.9]","[99.7, 2.1]",2,0 days 00:28:28.665000,0 days 00:28:38.988000
118,3938637,Poland,25,"[24.7, 80.0]","[114.7, 43.4]",2,0 days 00:28:59.361000,0 days 00:29:24.310000
119,3938637,Netherlands,93,"[5.4, 38.4]","[97.8, 57.6]",2,0 days 00:29:24.310000,0 days 00:31:34.158000
120,3938637,Poland,9,"[7.0, 33.1]","[43.6, 57.4]",2,0 days 00:32:36.460000,0 days 00:32:50.365000
121,3938637,Poland,6,"[78.1, 0.1]","[2.0, 70.0]",2,0 days 00:33:16.608000,0 days 00:33:24.027000
122,3938637,Poland,9,"[120.0, 0.1]","[117.7, 42.4]",2,0 days 00:34:14.332000,0 days 00:34:26.025000
123,3938637,Netherlands,17,"[1.7, 38.4]","[8.2, 10.3]",2,0 days 00:34:26.025000,0 days 00:34:54.275000
124,3938637,Netherlands,25,"[105.9, 80.0]","[111.1, 74.2]",2,0 days 00:35:38.076000,0 days 00:36:00.466000
125,3938637,Poland,8,"[7.0, 34.1]","[51.1, 21.9]",2,0 days 00:36:25.170000,0 days 00:36:32.828000
126,3938637,Netherlands,6,"[50.1, 11.3]","[27.9, 31.3]",2,0 days 00:36:36.785000,0 days 00:36:41.222000
127,3938637,Poland,11,"[8.9, 28.3]","[63.2, 73.5]",2,0 days 00:36:43.122000,0 days 00:37:07.486000
128,3938637,Netherlands,11,"[61.7, 5.4]","[78.2, 8.9]",2,0 days 00:37:07.486000,0 days 00:37:14.356000
129,3938637,Netherlands,30,"[76.8, 8.5]","[2.3, 41.9]",2,0 days 00:37:18.531000,0 days 00:40:11.555000
130,3938637,Poland,9,"[61.0, 40.1]","[111.2, 12.9]",2,0 days 00:40:15.484000,0 days 00:40:28.438000
131,3938637,Netherlands,3,"[6.3, 68.4]","[4.3, 78.3]",2,0 days 00:40:28.438000,0 days 00:40:29.829000
132,3938637,Poland,2,"[104.7, 0.1]","[116.9, 30.2]",2,0 days 00:41:43.192000,0 days 00:41:46.133000
133,3938637,Netherlands,37,"[2.2, 45.0]","[85.3, 77.7]",2,0 days 00:41:46.133000,0 days 00:42:32.990000
134,3938637,Netherlands,9,"[83.0, 74.5]","[77.2, 66.2]",2,0 days 00:43:23.182000,0 days 00:43:35.139000
135,3938637,Poland,28,"[42.9, 13.9]","[1.0, 44.4]",2,0 days 00:43:35.139000,0 days 00:43:48.674000
136,3938637,Netherlands,3,"[6.0, 44.6]","[31.0, 31.3]",2,0 days 00:44:22.027000,0 days 00:44:29.856000
137,3938637,Netherlands,3,"[58.5, 80.0]","[85.8, 69.6]",2,0 days 00:44:53.234000,0 days 00:44:56.230000
138,3938637,Poland,8,"[32.4, 12.5]","[54.2, 4.8]",2,0 days 00:44:56.230000,0 days 00:45:01.600000
139,3938637,Netherlands,14,"[59.3, 80.0]","[75.7, 64.8]",2,0 days 00:45:21.342000,0 days 00:45:31.250000
140,3938637,Poland,27,"[44.0, 12.1]","[3.6, 6.6]",2,0 days 00:45:31.250000,0 days 00:45:48.961000
141,3938637,Netherlands,3,"[4.0, 4.8]","[76.4, 9.9]",2,0 days 00:46:22.333000,0 days 00:46:25.532000
142,3938637,Poland,23,"[43.7, 70.2]","[112.0, 43.8]",2,0 days 00:46:25.532000,0 days 00:46:41.705000
143,3938637,Netherlands,15,"[5.7, 27.0]","[1.2, 39.7]",2,0 days 00:46:41.705000,0 days 00:46:48.110000
144,3938637,Netherlands,12,"[16.4, 48.1]","[90.2, 21.0]",2,0 days 00:47:10.912000,0 days 00:47:24.294000
145,3938637,Poland,21,"[9.2, 57.4]","[15.0, 19.6]",2,0 days 00:47:24.294000,0 days 00:47:52.536000
146,3938637,Poland,19,"[97.8, 80.0]","[78.7, 18.9]",2,0 days 00:47:57.233000,0 days 00:48:16.973000
147,3938637,Netherlands,7,"[43.1, 54.6]","[88.2, 5.7]",2,0 days 00:48:18.422000,0 days 00:48:26.295000
148,3938637,Netherlands,31,"[6.0, 45.9]","[72.1, 67.7]",2,0 days 00:48:55.953000,0 days 00:49:22.910000
149,3938637,Poland,8,"[48.0, 12.4]","[70.5, 74.2]",2,0 days 00:49:22.910000,0 days 00:49:25.915000
150,3938637,Poland,14,"[42.3, 0.1]","[1.2, 41.1]",2,0 days 00:49:33.390000,0 days 00:49:48.261000
2,3938640,Slovakia,35,"[60.0, 40.0]","[105.0, 3.8]",1,0 days 00:00:00.450000,0 days 00:00:33.064000
3,3938640,Ukraine,11,"[7.0, 33.9]","[26.8, 60.6]",1,0 days 00:00:51.608000,0 days 00:01:10.507000
4,3938640,Slovakia,8,"[32.7, 7.1]","[84.1, 77.3]",1,0 days 00:01:14.079000,0 days 00:01:16.769000
5,3938640,Slovakia,60,"[37.8, 0.1]","[70.8, 2.2]",1,0 days 00:01:26.712000,0 days 00:02:16.328000
6,3938640,Slovakia,49,"[67.8, 1.0]","[14.9, 3.3]",1,0 days 00:02:36.483000,0 days 00:03:21.430000
7,3938640,Slovakia,6,"[105.2, 80.0]","[109.2, 75.8]",1,0 days 00:03:37.403000,0 days 00:03:40.860000
8,3938640,Ukraine,27,"[10.9, 4.1]","[92.7, 59.6]",1,0 days 00:03:53.158000,0 days 00:04:27.135000
9,3938640,Slovakia,7,"[30.2, 20.9]","[66.4, 36.1]",1,0 days 00:04:52.404000,0 days 00:05:01.581000
10,3938640,Ukraine,41,"[42.3, 35.1]","[109.5, 30.2]",1,0 days 00:05:02.723000,0 days 00:05:40.060000
11,3938640,Slovakia,5,"[10.6, 49.9]","[7.9, 58.0]",1,0 days 00:05:40.060000,0 days 00:05:42.042000
12,3938640,Slovakia,50,"[7.1, 61.5]","[108.8, 3.2]",1,0 days 00:06:12.489000,0 days 00:07:07.686000
13,3938640,Ukraine,35,"[2.6, 43.0]","[43.8, 43.8]",1,0 days 00:07:09.041000,0 days 00:07:52.602000
14,3938640,Slovakia,62,"[72.1, 43.4]","[107.1, 3.4]",1,0 days 00:07:53.399000,0 days 00:08:48.780000
15,3938640,Ukraine,13,"[13.0, 76.7]","[99.6, 61.9]",1,0 days 00:08:48.780000,0 days 00:09:01.133000
16,3938640,Slovakia,51,"[7.5, 26.9]","[75.0, 21.6]",1,0 days 00:09:01.133000,0 days 00:10:06.153000
17,3938640,Ukraine,38,"[43.6, 58.5]","[79.5, 34.5]",1,0 days 00:10:06.633000,0 days 00:10:44.802000
18,3938640,Slovakia,29,"[12.8, 50.7]","[1.9, 42.8]",1,0 days 00:10:44.802000,0 days 00:11:24.066000
19,3938640,Ukraine,54,"[7.0, 46.4]","[92.5, 36.0]",1,0 days 00:11:57.070000,0 days 00:12:50.532000
20,3938640,Slovakia,1,"[2.3, 40.1]","[2.3, 40.1]",1,0 days 00:12:51.690000,0 days 00:12:51.690000
21,3938640,Slovakia,36,"[9.0, 40.9]","[80.2, 4.0]",1,0 days 00:13:05.787000,0 days 00:13:45.388000
22,3938640,Ukraine,18,"[31.0, 58.0]","[97.7, 56.6]",1,0 days 00:13:45.388000,0 days 00:14:01.115000
23,3938640,Slovakia,20,"[22.4, 23.5]","[90.5, 77.1]",1,0 days 00:14:01.115000,0 days 00:14:11.095000
24,3938640,Slovakia,11,"[22.2, 0.1]","[77.0, 78.4]",1,0 days 00:14:28.504000,0 days 00:14:35.587000
25,3938640,Slovakia,39,"[40.9, 0.1]","[99.7, 50.9]",1,0 days 00:14:42.337000,0 days 00:15:14.939000
26,3938640,Slovakia,2,"[99.7, 50.8]","[1.3, 40.8]",1,0 days 00:16:27.958000,0 days 00:16:28.607000
27,3938640,Slovakia,7,"[106.0, 0.1]","[1.5, 38.7]",1,0 days 00:16:52.264000,0 days 00:16:57.052000
28,3938640,Ukraine,4,"[61.0, 40.1]","[48.2, 48.1]",1,0 days 00:18:05.918000,0 days 00:18:08.974000
29,3938640,Slovakia,4,"[42.1, 80.0]","[41.5, 70.0]",1,0 days 00:18:24.907000,0 days 00:18:25.797000
30,3938640,Ukraine,27,"[49.1, 5.4]","[96.9, 67.0]",1,0 days 00:18:28.856000,0 days 00:18:59.325000
31,3938640,Slovakia,5,"[14.9, 26.7]","[28.5, 22.1]",1,0 days 00:19:00.563000,0 days 00:19:02.624000
32,3938640,Ukraine,12,"[89.4, 54.6]","[91.0, 78.3]",1,0 days 00:19:03.043000,0 days 00:19:14.628000
33,3938640,Slovakia,17,"[14.5, 0.1]","[37.6, 6.9]",1,0 days 00:19:33.511000,0 days 00:19:39.532000
34,3938640,Slovakia,47,"[40.6, 0.1]","[85.5, 76.0]",1,0 days 00:19:55.619000,0 days 00:20:37.426000
35,3938640,Ukraine,10,"[34.6, 4.1]","[54.9, 19.9]",1,0 days 00:20:37.426000,0 days 00:20:44.028000
36,3938640,Slovakia,24,"[65.2, 60.2]","[79.0, 17.0]",1,0 days 00:20:44.028000,0 days 00:21:08.756000
37,3938640,Ukraine,44,"[36.2, 80.0]","[3.6, 38.7]",1,0 days 00:21:14.056000,0 days 00:22:01.666000
38,3938640,Slovakia,26,"[6.0, 42.8]","[19.8, 24.7]",1,0 days 00:22:27.933000,0 days 00:22:57.170000
39,3938640,Ukraine,35,"[20.4, 24.7]","[68.9, 19.2]",1,0 days 00:23:09.043000,0 days 00:23:38.346000
40,3938640,Slovakia,54,"[47.2, 61.5]","[106.0, 14.8]",1,0 days 00:23:38.346000,0 days 00:24:29.136000
41,3938640,Ukraine,43,"[5.0, 29.2]","[54.9, 3.0]",1,0 days 00:24:31.510000,0 days 00:25:33.468000
42,3938640,Slovakia,47,"[65.2, 77.1]","[100.7, 39.9]",1,0 days 00:25:33.468000,0 days 00:26:11.480000
43,3938640,Ukraine,19,"[19.4, 40.2]","[51.7, 76.9]",1,0 days 00:26:11.480000,0 days 00:26:26.043000
44,3938640,Slovakia,48,"[70.3, 3.0]","[35.3, 23.9]",1,0 days 00:26:26.043000,0 days 00:27:14.895000
45,3938640,Ukraine,26,"[33.8, 33.0]","[1.9, 43.5]",1,0 days 00:27:16.917000,0 days 00:27:39.872000
46,3938640,Ukraine,2,"[120.0, 0.1]","[1.7, 47.1]",1,0 days 00:28:12.807000,0 days 00:28:13.882000
47,3938640,Ukraine,13,"[120.0, 0.1]","[3.2, 40.1]",1,0 days 00:28:21.906000,0 days 00:28:31.572000
48,3938640,Slovakia,55,"[6.0, 46.0]","[10.0, 23.1]",1,0 days 00:28:51.544000,0 days 00:29:54.541000
49,3938640,Slovakia,9,"[109.2, 80.0]","[1.5, 23.5]",1,0 days 00:30:14.635000,0 days 00:30:18.360000
50,3938640,Slovakia,3,"[120.0, 80.0]","[10.3, 44.9]",1,0 days 00:31:11.601000,0 days 00:31:12.987000
51,3938640,Ukraine,93,"[11.9, 45.1]","[112.8, 46.6]",1,0 days 00:31:27.726000,0 days 00:33:11.737000
52,3938640,Slovakia,38,"[6.9, 34.8]","[91.8, 2.2]",1,0 days 00:34:09.778000,0 days 00:34:44.091000
53,3938640,Ukraine,35,"[2.8, 43.0]","[91.8, 28.2]",1,0 days 00:34:46.112000,0 days 00:35:28.750000
54,3938640,Slovakia,44,"[27.0, 51.7]","[69.9, 52.6]",1,0 days 00:35:28.967000,0 days 00:36:11.306000
55,3938640,Slovakia,8,"[73.3, 53.9]","[88.6, 49.0]",1,0 days 00:36:31.356000,0 days 00:36:34.609000
56,3938640,Ukraine,10,"[31.5, 31.1]","[28.5, 10.1]",1,0 days 00:36:34.609000,0 days 00:36:43.421000
57,3938640,Ukraine,5,"[113.3, 80.0]","[110.1, 78.1]",1,0 days 00:36:48.841000,0 days 00:36:52.575000
58,3938640,Slovakia,11,"[14.3, 46.7]","[24.9, 17.0]",1,0 days 00:36:54.697000,0 days 00:36:59.407000
59,3938640,Ukraine,8,"[91.0, 64.3]","[106.5, 69.3]",1,0 days 00:36:59.665000,0 days 00:37:07.394000
60,3938640,Slovakia,38,"[6.0, 42.6]","[106.0, 23.5]",1,0 days 00:37:39.731000,0 days 00:38:22.398000
61,3938640,Ukraine,21,"[7.0, 45.3]","[66.1, 58.5]",1,0 days 00:38:29.725000,0 days 00:39:03.645000
62,3938640,Ukraine,41,"[69.3, 58.9]","[9.0, 29.0]",1,0 days 00:39:13.596000,0 days 00:39:51.871000
63,3938640,Slovakia,15,"[9.0, 29.2]","[36.8, 5.2]",1,0 days 00:40:23.008000,0 days 00:40:34.772000
64,3938640,Ukraine,20,"[36.8, 5.2]","[105.4, 68.3]",1,0 days 00:40:45.003000,0 days 00:41:09.412000
65,3938640,Ukraine,6,"[106.5, 65.2]","[1.3, 4.0]",1,0 days 00:42:09.973000,0 days 00:42:16.306000
66,3938640,Slovakia,23,"[6.0, 43.2]","[2.1, 42.7]",1,0 days 00:42:54.914000,0 days 00:43:12.766000
67,3938640,Slovakia,75,"[120.0, 80.0]","[9.0, 68.8]",1,0 days 00:43:54.859000,0 days 00:45:11.417000
68,3938640,Ukraine,10,"[9.2, 65.5]","[61.4, 4.6]",1,0 days 00:45:27.104000,0 days 00:45:37.114000
69,3938640,Slovakia,14,"[26.6, 56.0]","[58.7, 68.1]",1,0 days 00:45:39.088000,0 days 00:45:49.789000
70,3938640,Ukraine,13,"[61.6, 6.5]","[38.1, 8.7]",1,0 days 00:45:49.789000,0 days 00:45:59.493000
71,3938640,Ukraine,12,"[60.0, 40.0]","[29.2, 63.8]",2,0 days 00:00:00.613000,0 days 00:01:00.372000
73,3938640,Slovakia,24,"[41.2, 69.3]","[0.8, 0.5]",2,0 days 00:01:17.306000,0 days 00:01:48.271000
74,3938640,Slovakia,19,"[115.8, 80.0]","[7.6, 20.2]",2,0 days 00:02:25.550000,0 days 00:02:32.916000
75,3938640,Slovakia,15,"[111.1, 80.0]","[15.0, 36.3]",2,0 days 00:02:49.521000,0 days 00:02:57.683000
76,3938640,Ukraine,12,"[20.7, 33.8]","[68.4, 2.3]",2,0 days 00:03:05.995000,0 days 00:03:16.492000
77,3938640,Slovakia,20,"[50.3, 63.9]","[33.8, 5.1]",2,0 days 00:03:17.459000,0 days 00:03:39.623000
78,3938640,Slovakia,6,"[86.1, 80.0]","[91.7, 77.6]",2,0 days 00:04:00.406000,0 days 00:04:02.707000
79,3938640,Ukraine,15,"[29.8, 2.3]","[68.1, 26.7]",2,0 days 00:04:03.720000,0 days 00:04:19.198000
80,3938640,Slovakia,49,"[40.9, 57.9]","[99.7, 4.3]",2,0 days 00:04:20.183000,0 days 00:05:01.242000
81,3938640,Ukraine,6,"[13.9, 80.0]","[47.4, 77.0]",2,0 days 00:05:12.066000,0 days 00:05:16.012000
82,3938640,Ukraine,21,"[43.9, 75.6]","[4.2, 43.2]",2,0 days 00:05:23.006000,0 days 00:05:41.757000
83,3938640,Ukraine,18,"[113.0, 80.0]","[102.7, 62.3]",2,0 days 00:05:57.675000,0 days 00:06:13.842000
84,3938640,Slovakia,6,"[14.8, 29.1]","[37.2, 29.5]",2,0 days 00:06:14.468000,0 days 00:06:18.833000
85,3938640,Slovakia,13,"[39.5, 26.1]","[78.7, 63.9]",2,0 days 00:06:46.400000,0 days 00:06:59.465000
86,3938640,Ukraine,12,"[33.8, 14.2]","[40.8, 8.5]",2,0 days 00:06:59.465000,0 days 00:07:05.610000
87,3938640,Slovakia,41,"[73.0, 63.3]","[90.6, 46.3]",2,0 days 00:07:07.272000,0 days 00:07:49.004000
88,3938640,Ukraine,16,"[29.5, 33.8]","[1.5, 42.5]",2,0 days 00:07:49.004000,0 days 00:08:08.493000
89,3938640,Slovakia,6,"[61.0, 40.1]","[89.7, 67.9]",2,0 days 00:09:07.426000,0 days 00:09:10.465000
90,3938640,Slovakia,4,"[30.4, 0.1]","[30.1, 7.4]",2,0 days 00:09:31.802000,0 days 00:09:32.688000
91,3938640,Slovakia,7,"[31.3, 6.8]","[47.9, 14.2]",2,0 days 00:09:39.545000,0 days 00:09:44.482000
92,3938640,Ukraine,49,"[62.4, 7.4]","[93.7, 56.0]",2,0 days 00:09:47.668000,0 days 00:10:26.577000
93,3938640,Slovakia,38,"[4.9, 25.3]","[85.8, 23.5]",2,0 days 00:10:26.577000,0 days 00:11:16.329000
94,3938640,Ukraine,19,"[34.3, 56.6]","[20.2, 46.8]",2,0 days 00:11:16.329000,0 days 00:11:40.012000
96,3938640,Slovakia,32,"[19.4, 42.6]","[3.1, 37.2]",2,0 days 00:12:18.986000,0 days 00:12:43.169000
97,3938640,Ukraine,54,"[20.2, 38.3]","[23.0, 22.4]",2,0 days 00:12:44.604000,0 days 00:13:42.533000
98,3938640,Slovakia,14,"[3.1, 42.0]","[55.1, 2.5]",2,0 days 00:13:44.639000,0 days 00:14:13.728000
99,3938640,Ukraine,17,"[60.7, 80.0]","[4.9, 33.3]",2,0 days 00:14:46.987000,0 days 00:15:05.818000
100,3938640,Ukraine,11,"[105.1, 80.0]","[2.2, 13.4]",2,0 days 00:15:11.707000,0 days 00:15:17.375000
101,3938640,Ukraine,21,"[120.0, 80.0]","[79.5, 36.1]",2,0 days 00:15:35.719000,0 days 00:15:59.908000
102,3938640,Slovakia,13,"[40.3, 42.9]","[71.5, 76.7]",2,0 days 00:16:17.556000,0 days 00:16:28.668000
103,3938640,Ukraine,12,"[48.6, 3.4]","[63.3, 5.9]",2,0 days 00:16:28.668000,0 days 00:16:37.078000
104,3938640,Slovakia,4,"[40.6, 26.7]","[49.4, 23.3]",2,0 days 00:16:38.546000,0 days 00:17:35.019000
105,3938640,Ukraine,7,"[65.3, 80.0]","[51.4, 4.3]",2,0 days 00:18:01.639000,0 days 00:18:14.256000
106,3938640,Ukraine,20,"[63.3, 80.0]","[82.9, 74.7]",2,0 days 00:18:22.915000,0 days 00:18:47.224000
107,3938640,Slovakia,15,"[6.7, 34.4]","[49.4, 73.8]",2,0 days 00:19:42.482000,0 days 00:19:54.668000
108,3938640,Ukraine,16,"[72.4, 6.8]","[42.6, 64.2]",2,0 days 00:19:54.668000,0 days 00:20:05.508000
109,3938640,Slovakia,18,"[19.6, 0.1]","[76.4, 67.3]",2,0 days 00:20:39.702000,0 days 00:20:50.353000
110,3938640,Ukraine,13,"[44.3, 17.7]","[51.7, 2.0]",2,0 days 00:21:57.961000,0 days 00:22:07.024000
111,3938640,Slovakia,6,"[77.5, 80.0]","[42.3, 3.7]",2,0 days 00:22:21.660000,0 days 00:22:23.610000
112,3938640,Ukraine,49,"[43.4, 5.9]","[2.0, 57.9]",2,0 days 00:22:24.708000,0 days 00:23:13.754000
113,3938640,Ukraine,24,"[120.0, 0.1]","[96.6, 56.8]",2,0 days 00:23:39.163000,0 days 00:24:06.997000
114,3938640,Slovakia,1,"[23.5, 31.3]","[23.5, 31.3]",2,0 days 00:24:42.815000,0 days 00:24:42.815000
115,3938640,Ukraine,22,"[30.1, 30.7]","[61.6, 14.8]",2,0 days 00:24:45.834000,0 days 00:24:55.957000
116,3938640,Slovakia,6,"[57.0, 62.2]","[50.3, 52.8]",2,0 days 00:24:56.744000,0 days 00:24:58.281000
117,3938640,Slovakia,15,"[50.3, 51.9]","[69.6, 7.1]",2,0 days 00:25:20.873000,0 days 00:25:31.992000
118,3938640,Ukraine,5,"[55.1, 68.5]","[40.9, 4.3]",2,0 days 00:25:31.992000,0 days 00:25:36.572000
119,3938640,Ukraine,16,"[77.8, 80.0]","[97.4, 15.3]",2,0 days 00:25:42.957000,0 days 00:25:56.871000
120,3938640,Slovakia,25,"[9.1, 44.9]","[54.8, 4.5]",2,0 days 00:25:58.718000,0 days 00:26:21.597000
121,3938640,Slovakia,18,"[57.2, 3.8]","[63.1, 2.5]",2,0 days 00:26:29.552000,0 days 00:26:53.401000
122,3938640,Slovakia,22,"[57.9, 80.0]","[99.0, 2.7]",2,0 days 00:26:57.732000,0 days 00:27:15.386000
123,3938640,Ukraine,5,"[21.1, 77.4]","[19.3, 77.0]",2,0 days 00:27:15.386000,0 days 00:27:16.742000
124,3938640,Ukraine,32,"[19.0, 76.7]","[117.0, 65.6]",2,0 days 00:27:24.628000,0 days 00:28:02.098000
125,3938640,Slovakia,29,"[9.4, 26.1]","[109.3, 59.9]",2,0 days 00:28:02.885000,0 days 00:28:29.181000
126,3938640,Ukraine,15,"[10.8, 20.2]","[1.3, 43.6]",2,0 days 00:28:29.181000,0 days 00:28:45.120000
127,3938640,Slovakia,21,"[2.0, 53.9]","[27.0, 36.0]",2,0 days 00:28:45.914000,0 days 00:29:58.200000
128,3938640,Ukraine,1,"[86.3, 80.0]","[86.3, 80.0]",2,0 days 00:30:09.710000,0 days 00:30:09.710000
129,3938640,Slovakia,13,"[19.6, 11.4]","[48.0, 3.7]",2,0 days 00:30:11.824000,0 days 00:30:19.774000
130,3938640,Ukraine,79,"[71.0, 80.0]","[57.6, 56.6]",2,0 days 00:30:25.180000,0 days 00:32:14.581000
132,3938640,Slovakia,37,"[50.8, 50.6]","[7.3, 73.8]",2,0 days 00:32:26.727000,0 days 00:32:52.291000
133,3938640,Slovakia,11,"[98.8, 0.1]","[99.3, 3.5]",2,0 days 00:32:59.414000,0 days 00:33:03.219000
134,3938640,Ukraine,54,"[21.5, 80.0]","[3.9, 32.1]",2,0 days 00:33:09.228000,0 days 00:34:06.419000
135,3938640,Slovakia,5,"[61.0, 40.1]","[21.5, 72.5]",2,0 days 00:35:21.431000,0 days 00:35:28.429000
136,3938640,Slovakia,49,"[100.3, 0.1]","[1.6, 39.2]",2,0 days 00:35:32.017000,0 days 00:36:21.392000
137,3938640,Ukraine,3,"[5.7, 39.5]","[70.1, 58.8]",2,0 days 00:37:05.212000,0 days 00:37:07.431000
138,3938640,Slovakia,4,"[50.0, 21.3]","[51.1, 70.5]",2,0 days 00:37:07.431000,0 days 00:37:10.327000
139,3938640,Slovakia,66,"[44.5, 0.1]","[91.7, 23.3]",2,0 days 00:37:16.960000,0 days 00:38:21.767000
140,3938640,Slovakia,2,"[92.1, 21.7]","[2.7, 40.7]",2,0 days 00:39:09.548000,0 days 00:39:11.019000
141,3938640,Ukraine,3,"[5.9, 39.5]","[70.1, 71.6]",2,0 days 00:40:09.992000,0 days 00:40:13.532000
142,3938640,Slovakia,17,"[47.7, 17.6]","[99.1, 69.3]",2,0 days 00:40:15.383000,0 days 00:40:24.661000
143,3938640,Slovakia,28,"[16.5, 23.9]","[98.3, 11.4]",2,0 days 00:40:44.579000,0 days 00:41:11.196000
144,3938640,Slovakia,2,"[98.3, 10.5]","[4.3, 37.8]",2,0 days 00:41:38.705000,0 days 00:41:40.145000
145,3938640,Slovakia,25,"[106.5, 80.0]","[119.0, 26.1]",2,0 days 00:41:48.228000,0 days 00:42:08.503000
146,3938640,Ukraine,4,"[5.0, 37.2]","[48.9, 24.7]",2,0 days 00:42:39.793000,0 days 00:42:43.440000
147,3938640,Slovakia,26,"[51.7, 25.9]","[18.4, 71.8]",2,0 days 00:42:50.556000,0 days 00:43:14.635000
148,3938640,Ukraine,3,"[20.7, 80.0]","[9.9, 70.2]",2,0 days 00:43:28.494000,0 days 00:43:29.723000
149,3938640,Slovakia,11,"[44.3, 28.1]","[9.0, 66.5]",2,0 days 00:43:34.852000,0 days 00:43:52.891000
150,3938640,Slovakia,6,"[120.0, 0.1]","[2.1, 41.1]",2,0 days 00:44:21.145000,0 days 00:44:24.284000
151,3938640,Ukraine,3,"[5.7, 39.8]","[20.2, 47.7]",2,0 days 00:44:58.610000,0 days 00:45:06.154000
152,3938640,Slovakia,26,"[77.8, 0.1]","[30.3, 11.9]",2,0 days 00:45:14.330000,0 days 00:45:33.241000
153,3938640,Slovakia,49,"[120.0, 80.0]","[35.4, 2.5]",2,0 days 00:46:27.445000,0 days 00:47:01.949000
154,3938640,Ukraine,27,"[40.6, 0.1]","[61.3, 59.9]",2,0 days 00:47:28.439000,0 days 00:48:00.884000
155,3938640,Slovakia,20,"[19.9, 21.0]","[86.6, 77.0]",2,0 days 00:48:03.433000,0 days 00:48:19.953000
156,3938640,Slovakia,76,"[34.4, 0.1]","[119.0, 72.4]",2,0 days 00:48:28.023000,0 days 00:49:45.784000
157,3938640,Ukraine,1,"[5.8, 42.5]","[5.8, 42.5]",2,0 days 00:50:14.455000,0 days 00:50:14.455000
2,3938642,Georgia,42,"[61.0, 40.1]","[73.9, 43.4]",1,0 days 00:00:00.820000,0 days 00:00:34.494000
3,3938642,Georgia,11,"[73.9, 42.6]","[102.2, 15.9]",1,0 days 00:00:48.106000,0 days 00:00:53.653000
4,3938642,Czech Republic,54,"[5.4, 52.7]","[21.1, 2.8]",1,0 days 00:00:55.778000,0 days 00:01:49.548000
5,3938642,Czech Republic,24,"[97.0, 80.0]","[2.6, 36.3]",1,0 days 00:02:08.008000,0 days 00:02:26.752000
6,3938642,Czech Republic,10,"[120.0, 80.0]","[2.6, 40.3]",1,0 days 00:02:54.586000,0 days 00:03:02.876000
7,3938642,Georgia,9,"[2.5, 70.5]","[71.6, 67.5]",1,0 days 00:03:05.522000,0 days 00:03:13.648000
8,3938642,Georgia,6,"[70.9, 64.3]","[9.8, 52.2]",1,0 days 00:03:43.204000,0 days 00:03:46.318000
9,3938642,Georgia,10,"[120.0, 0.1]","[97.6, 34.7]",1,0 days 00:04:15.394000,0 days 00:04:26.180000
10,3938642,Czech Republic,50,"[22.8, 40.1]","[92.1, 2.5]",1,0 days 00:04:26.180000,0 days 00:05:17.834000
11,3938642,Georgia,11,"[34.1, 77.0]","[15.9, 77.8]",1,0 days 00:05:18.099000,0 days 00:05:24.926000
12,3938642,Czech Republic,4,"[105.1, 0.1]","[94.0, 40.8]",1,0 days 00:05:41.835000,0 days 00:05:44.446000
13,3938642,Georgia,11,"[24.0, 43.2]","[111.1, 9.6]",1,0 days 00:05:44.446000,0 days 00:05:59.702000
14,3938642,Czech Republic,104,"[9.0, 70.5]","[3.6, 36.0]",1,0 days 00:05:59.702000,0 days 00:08:03.562000
15,3938642,Czech Republic,14,"[104.1, 80.0]","[93.2, 58.6]",1,0 days 00:08:30.070000,0 days 00:08:41.306000
16,3938642,Georgia,57,"[28.7, 20.7]","[110.6, 59.5]",1,0 days 00:08:42.563000,0 days 00:09:27.897000
17,3938642,Czech Republic,27,"[3.3, 29.3]","[96.5, 4.9]",1,0 days 00:09:29.381000,0 days 00:10:03.095000
18,3938642,Georgia,5,"[23.6, 75.2]","[49.3, 75.2]",1,0 days 00:10:03.095000,0 days 00:10:09.878000
19,3938642,Georgia,20,"[55.3, 74.6]","[21.1, 48.8]",1,0 days 00:10:47.284000,0 days 00:11:06.581000
20,3938642,Czech Republic,37,"[21.7, 51.5]","[67.5, 14.0]",1,0 days 00:11:28.632000,0 days 00:11:57.592000
21,3938642,Czech Republic,36,"[66.0, 15.5]","[37.6, 1.5]",1,0 days 00:12:07.774000,0 days 00:12:54.588000
22,3938642,Czech Republic,15,"[85.5, 80.0]","[10.1, 13.3]",1,0 days 00:13:08.408000,0 days 00:13:15.217000
23,3938642,Czech Republic,12,"[110.2, 80.0]","[20.4, 61.8]",1,0 days 00:13:22.454000,0 days 00:13:32.783000
24,3938642,Czech Republic,16,"[120.0, 0.1]","[3.4, 46.0]",1,0 days 00:14:08.046000,0 days 00:14:18.431000
25,3938642,Czech Republic,11,"[120.0, 0.1]","[116.2, 34.6]",1,0 days 00:14:42.985000,0 days 00:14:49.906000
26,3938642,Georgia,30,"[7.0, 46.0]","[52.5, 3.5]",1,0 days 00:15:20.778000,0 days 00:15:41.952000
27,3938642,Georgia,9,"[75.8, 80.0]","[100.5, 50.5]",1,0 days 00:15:48.934000,0 days 00:15:53.930000
28,3938642,Czech Republic,15,"[13.6, 34.9]","[53.9, 77.1]",1,0 days 00:15:53.930000,0 days 00:16:13.988000
29,3938642,Czech Republic,20,"[62.5, 0.1]","[8.9, 36.5]",1,0 days 00:16:26.912000,0 days 00:16:53.148000
30,3938642,Georgia,9,"[22.3, 63.2]","[48.4, 26.8]",1,0 days 00:16:55.353000,0 days 00:17:00.406000
31,3938642,Georgia,26,"[48.2, 24.0]","[35.5, 3.4]",1,0 days 00:17:35.458000,0 days 00:17:51.187000
32,3938642,Georgia,34,"[97.1, 80.0]","[38.1, 16.9]",1,0 days 00:18:05.902000,0 days 00:18:31.051000
33,3938642,Czech Republic,51,"[36.0, 17.3]","[69.4, 6.7]",1,0 days 00:19:01.163000,0 days 00:20:13.952000
34,3938642,Georgia,10,"[47.4, 80.0]","[53.6, 77.1]",1,0 days 00:20:31.327000,0 days 00:20:34.234000
35,3938642,Czech Republic,21,"[66.7, 0.1]","[98.4, 20.5]",1,0 days 00:20:41.364000,0 days 00:21:04.971000
36,3938642,Georgia,10,"[11.1, 47.5]","[68.5, 67.0]",1,0 days 00:21:04.971000,0 days 00:21:29.819000
37,3938642,Czech Republic,14,"[22.1, 2.0]","[23.7, 7.7]",1,0 days 00:21:29.819000,0 days 00:21:46.643000
38,3938642,Czech Republic,12,"[109.7, 80.0]","[116.6, 34.3]",1,0 days 00:21:59.313000,0 days 00:22:03.894000
39,3938642,Georgia,5,"[12.8, 48.4]","[87.0, 69.0]",1,0 days 00:24:42.535000,0 days 00:24:47.620000
40,3938642,Czech Republic,13,"[33.1, 11.1]","[63.2, 15.0]",1,0 days 00:24:47.620000,0 days 00:24:55.627000
41,3938642,Georgia,9,"[63.2, 65.3]","[75.8, 74.6]",1,0 days 00:24:55.627000,0 days 00:25:00.118000
42,3938642,Georgia,7,"[65.7, 80.0]","[15.1, 4.4]",1,0 days 00:25:06.014000,0 days 00:25:10.637000
43,3938642,Czech Republic,13,"[18.1, 6.3]","[4.9, 46.4]",1,0 days 00:25:11.316000,0 days 00:25:20.810000
44,3938642,Georgia,21,"[5.4, 45.6]","[52.4, 68.1]",1,0 days 00:25:22.441000,0 days 00:25:48.209000
45,3938642,Georgia,22,"[55.2, 68.4]","[97.2, 49.8]",1,0 days 00:25:51.879000,0 days 00:26:07.543000
46,3938642,Czech Republic,41,"[22.9, 30.3]","[3.9, 38.4]",1,0 days 00:26:07.543000,0 days 00:26:40.750000
47,3938642,Georgia,5,"[14.1, 46.4]","[46.5, 31.3]",1,0 days 00:26:59.842000,0 days 00:27:04.757000
48,3938642,Czech Republic,18,"[68.4, 54.4]","[28.1, 32.0]",1,0 days 00:27:04.757000,0 days 00:27:21.384000
49,3938642,Georgia,13,"[28.7, 25.7]","[3.2, 41.8]",1,0 days 00:27:56.157000,0 days 00:28:09.222000
50,3938642,Georgia,1,"[31.0, 75.0]","[31.0, 75.0]",1,0 days 00:28:14.189000,0 days 00:28:14.189000
51,3938642,Czech Republic,37,"[88.0, 0.1]","[94.5, 28.3]",1,0 days 00:28:30.337000,0 days 00:29:05.287000
52,3938642,Georgia,10,"[29.3, 56.8]","[32.9, 66.8]",1,0 days 00:29:05.287000,0 days 00:29:14.274000
53,3938642,Georgia,59,"[89.3, 0.1]","[71.9, 73.3]",1,0 days 00:29:18.360000,0 days 00:30:08.593000
54,3938642,Georgia,11,"[47.4, 0.1]","[75.0, 71.9]",1,0 days 00:30:16.906000,0 days 00:30:33.805000
55,3938642,Czech Republic,15,"[47.7, 12.7]","[77.8, 10.3]",1,0 days 00:30:33.805000,0 days 00:30:53.358000
56,3938642,Georgia,25,"[43.1, 75.4]","[74.3, 17.8]",1,0 days 00:30:53.358000,0 days 00:31:19.287000
57,3938642,Czech Republic,29,"[21.9, 65.3]","[76.4, 41.4]",1,0 days 00:31:20.368000,0 days 00:31:35.408000
58,3938642,Georgia,107,"[43.7, 38.7]","[58.2, 69.4]",1,0 days 00:31:35.408000,0 days 00:33:19.802000
59,3938642,Georgia,39,"[59.0, 71.9]","[2.6, 34.4]",1,0 days 00:33:53.634000,0 days 00:34:25.562000
60,3938642,Georgia,19,"[120.0, 80.0]","[28.8, 42.4]",1,0 days 00:35:33.645000,0 days 00:35:48.984000
61,3938642,Czech Republic,23,"[28.1, 38.1]","[96.0, 38.9]",1,0 days 00:36:20.825000,0 days 00:36:45.446000
62,3938642,Georgia,9,"[24.1, 41.2]","[43.0, 43.5]",1,0 days 00:36:45.446000,0 days 00:36:48.959000
63,3938642,Georgia,12,"[41.4, 46.0]","[102.0, 70.9]",1,0 days 00:37:36.593000,0 days 00:37:47.490000
64,3938642,Czech Republic,18,"[4.1, 24.2]","[48.4, 79.4]",1,0 days 00:37:49.874000,0 days 00:38:05.592000
65,3938642,Georgia,5,"[55.3, 76.6]","[69.2, 69.0]",1,0 days 00:38:31.890000,0 days 00:38:33.084000
66,3938642,Czech Republic,8,"[50.9, 11.1]","[62.1, 3.3]",1,0 days 00:38:33.084000,0 days 00:38:36.190000
67,3938642,Czech Republic,11,"[64.0, 1.8]","[94.5, 42.6]",1,0 days 00:38:41.122000,0 days 00:38:55.603000
68,3938642,Georgia,7,"[25.6, 34.2]","[36.7, 33.7]",1,0 days 00:38:55.603000,0 days 00:38:56.965000
69,3938642,Georgia,16,"[31.1, 37.0]","[20.1, 69.7]",1,0 days 00:39:43.778000,0 days 00:40:01.807000
70,3938642,Georgia,2,"[120.0, 0.1]","[1.6, 52.9]",1,0 days 00:40:22.529000,0 days 00:40:23.488000
71,3938642,Georgia,1,"[120.0, 0.1]","[120.0, 0.1]",1,0 days 00:40:57.350000,0 days 00:40:57.350000
72,3938642,Czech Republic,4,"[2.9, 39.2]","[87.5, 57.3]",1,0 days 00:40:58.929000,0 days 00:41:06.742000
73,3938642,Georgia,15,"[40.6, 25.5]","[9.8, 61.8]",1,0 days 00:41:06.742000,0 days 00:41:20.486000
74,3938642,Czech Republic,24,"[5.2, 41.9]","[104.4, 41.6]",1,0 days 00:41:34.964000,0 days 00:42:02.391000
75,3938642,Georgia,8,"[12.8, 44.2]","[83.5, 78.7]",1,0 days 00:42:02.391000,0 days 00:42:30.814000
76,3938642,Georgia,13,"[84.3, 74.5]","[44.1, 3.0]",1,0 days 00:43:42.590000,0 days 00:43:52.957000
77,3938642,Georgia,6,"[83.9, 80.0]","[85.7, 76.4]",1,0 days 00:44:15.560000,0 days 00:44:18.850000
78,3938642,Georgia,7,"[84.4, 74.0]","[11.5, 36.4]",1,0 days 00:45:15.008000,0 days 00:45:16.750000
79,3938642,Georgia,2,"[108.1, 40.1]","[1.0, 40.0]",1,0 days 00:48:20.672000,0 days 00:48:21.242000
80,3938642,Czech Republic,20,"[60.0, 40.0]","[4.4, 39.9]",1,0 days 00:49:31.048000,0 days 00:49:46.200000
81,3938642,Czech Republic,18,"[120.0, 0.1]","[27.8, 49.1]",1,0 days 00:50:10.675000,0 days 00:50:27.943000
82,3938642,Czech Republic,38,"[61.0, 40.1]","[14.9, 1.6]",2,0 days 00:00:00.585000,0 days 00:00:22.775000
83,3938642,Czech Republic,2,"[111.7, 80.0]","[106.0, 46.7]",2,0 days 00:00:38.593000,0 days 00:00:42.552000
84,3938642,Georgia,5,"[20.1, 49.5]","[35.4, 76.0]",2,0 days 00:00:42.552000,0 days 00:01:51.198000
85,3938642,Georgia,48,"[35.5, 76.0]","[114.9, 7.5]",2,0 days 00:02:05.341000,0 days 00:02:48.819000
86,3938642,Czech Republic,9,"[2.5, 41.1]","[76.2, 3.6]",2,0 days 00:02:49.743000,0 days 00:03:06.086000
87,3938642,Georgia,31,"[34.5, 72.8]","[60.1, 12.3]",2,0 days 00:03:07.134000,0 days 00:03:42.966000
88,3938642,Czech Republic,42,"[47.3, 72.6]","[103.1, 11.6]",2,0 days 00:03:42.966000,0 days 00:04:28.710000
89,3938642,Georgia,3,"[21.2, 80.0]","[83.2, 3.9]",2,0 days 00:04:47.635000,0 days 00:04:49.204000
90,3938642,Czech Republic,58,"[81.6, 10.8]","[1.3, 39.4]",2,0 days 00:04:50.639000,0 days 00:05:54.033000
91,3938642,Georgia,25,"[7.8, 39.1]","[94.1, 77.8]",2,0 days 00:05:55.014000,0 days 00:06:39.451000
92,3938642,Czech Republic,3,"[34.3, 0.1]","[48.9, 14.3]",2,0 days 00:06:41.417000,0 days 00:06:42.741000
93,3938642,Georgia,25,"[64.0, 65.9]","[50.1, 76.6]",2,0 days 00:06:43.923000,0 days 00:06:57.817000
94,3938642,Czech Republic,15,"[69.5, 23.5]","[104.6, 8.3]",2,0 days 00:06:59.942000,0 days 00:07:13.387000
95,3938642,Georgia,16,"[15.5, 71.8]","[51.9, 42.3]",2,0 days 00:07:13.387000,0 days 00:07:24.689000
96,3938642,Georgia,7,"[54.5, 39.6]","[14.6, 36.4]",2,0 days 00:08:09.049000,0 days 00:08:16.278000
97,3938642,Czech Republic,15,"[54.9, 38.0]","[43.9, 71.8]",2,0 days 00:08:19.497000,0 days 00:08:28.628000
98,3938642,Czech Republic,31,"[48.9, 70.2]","[100.0, 60.7]",2,0 days 00:08:32.759000,0 days 00:09:05.156000
99,3938642,Georgia,6,"[25.3, 21.6]","[62.9, 1.6]",2,0 days 00:10:04.482000,0 days 00:10:10.021000
100,3938642,Czech Republic,28,"[50.6, 70.0]","[42.6, 70.1]",2,0 days 00:10:12.542000,0 days 00:10:33.324000
101,3938642,Georgia,13,"[43.0, 70.3]","[86.6, 52.8]",2,0 days 00:10:33.616000,0 days 00:10:41.991000
102,3938642,Czech Republic,23,"[33.5, 27.3]","[1.8, 35.9]",2,0 days 00:10:41.991000,0 days 00:11:04.867000
103,3938642,Czech Republic,8,"[120.0, 80.0]","[1.6, 40.4]",2,0 days 00:11:31.104000,0 days 00:11:35.162000
104,3938642,Georgia,9,"[23.9, 34.2]","[3.7, 41.0]",2,0 days 00:11:36.956000,0 days 00:11:47.272000
105,3938642,Czech Republic,42,"[7.0, 33.1]","[2.9, 16.0]",2,0 days 00:12:04.456000,0 days 00:12:44.849000
106,3938642,Czech Republic,9,"[120.0, 80.0]","[0.6, 40.1]",2,0 days 00:13:04.728000,0 days 00:13:07.508000
107,3938642,Georgia,3,"[60.0, 40.0]","[51.9, 9.3]",2,0 days 00:14:11.939000,0 days 00:14:12.937000
108,3938642,Czech Republic,11,"[69.5, 67.0]","[19.2, 11.3]",2,0 days 00:14:13.297000,0 days 00:14:19.093000
109,3938642,Czech Republic,13,"[106.0, 80.0]","[118.3, 64.4]",2,0 days 00:15:01.178000,0 days 00:15:11.926000
110,3938642,Czech Republic,4,"[120.0, 80.0]","[1.2, 38.9]",2,0 days 00:15:59.380000,0 days 00:16:01.465000
111,3938642,Georgia,3,"[6.0, 46.4]","[78.3, 60.4]",2,0 days 00:16:58.042000,0 days 00:17:01.555000
112,3938642,Czech Republic,8,"[41.8, 19.7]","[56.9, 3.8]",2,0 days 00:17:01.555000,0 days 00:17:05.575000
113,3938642,Georgia,5,"[70.0, 80.0]","[79.9, 64.0]",2,0 days 00:17:13.655000,0 days 00:17:15.936000
114,3938642,Czech Republic,12,"[40.2, 16.1]","[55.7, 75.9]",2,0 days 00:17:15.936000,0 days 00:17:23.380000
115,3938642,Czech Republic,44,"[75.4, 0.1]","[105.4, 74.4]",2,0 days 00:17:32.196000,0 days 00:18:10.175000
116,3938642,Georgia,23,"[6.0, 46.4]","[41.7, 73.0]",2,0 days 00:18:38.840000,0 days 00:18:57.813000
117,3938642,Czech Republic,22,"[75.3, 8.0]","[97.4, 51.4]",2,0 days 00:18:57.813000,0 days 00:19:09.899000
118,3938642,Georgia,13,"[6.6, 23.8]","[98.6, 15.2]",2,0 days 00:19:13.535000,0 days 00:19:27.437000
119,3938642,Georgia,22,"[6.0, 45.9]","[51.9, 17.0]",2,0 days 00:19:53.277000,0 days 00:20:08.933000
120,3938642,Czech Republic,12,"[68.2, 63.1]","[51.3, 77.7]",2,0 days 00:20:08.933000,0 days 00:20:24.411000
121,3938642,Georgia,11,"[36.7, 0.1]","[9.9, 54.2]",2,0 days 00:20:38.704000,0 days 00:20:52.771000
122,3938642,Czech Republic,7,"[9.7, 54.4]","[56.1, 68.2]",2,0 days 00:21:03.072000,0 days 00:21:20.501000
125,3938642,Czech Republic,26,"[49.3, 58.1]","[85.2, 3.5]",2,0 days 00:23:01.136000,0 days 00:23:34.294000
126,3938642,Georgia,39,"[89.6, 3.5]","[111.7, 40.7]",2,0 days 00:23:37.470000,0 days 00:24:07.641000
127,3938642,Georgia,7,"[3.1, 39.6]","[43.6, 66.2]",2,0 days 00:24:07.641000,0 days 00:24:23.182000
128,3938642,Czech Republic,8,"[77.8, 15.8]","[99.1, 6.0]",2,0 days 00:24:23.182000,0 days 00:24:30.282000
129,3938642,Georgia,19,"[15.8, 74.2]","[11.1, 67.6]",2,0 days 00:24:30.341000,0 days 00:24:51.609000
130,3938642,Georgia,23,"[95.8, 0.1]","[3.5, 40.2]",2,0 days 00:24:56.128000,0 days 00:25:17.990000
131,3938642,Czech Republic,49,"[7.0, 37.4]","[4.2, 41.5]",2,0 days 00:25:31.320000,0 days 00:26:22.887000
132,3938642,Czech Republic,12,"[120.0, 80.0]","[2.4, 40.1]",2,0 days 00:26:43.538000,0 days 00:26:49.953000
133,3938642,Georgia,7,"[6.0, 45.8]","[56.4, 26.2]",2,0 days 00:27:17.916000,0 days 00:27:22.390000
134,3938642,Czech Republic,49,"[54.3, 27.4]","[100.4, 69.9]",2,0 days 00:27:40.658000,0 days 00:28:31.777000
135,3938642,Georgia,1,"[6.0, 44.6]","[6.0, 44.6]",2,0 days 00:28:58.873000,0 days 00:28:58.873000
136,3938642,Czech Republic,11,"[48.9, 0.1]","[48.8, 2.4]",2,0 days 00:29:07.457000,0 days 00:29:19.401000
137,3938642,Czech Republic,37,"[70.7, 80.0]","[7.6, 15.0]",2,0 days 00:29:29.649000,0 days 00:30:04.605000
138,3938642,Czech Republic,6,"[109.1, 80.0]","[7.7, 41.4]",2,0 days 00:30:09.853000,0 days 00:30:13.559000
139,3938642,Georgia,13,"[2.5, 50.1]","[107.7, 56.8]",2,0 days 00:30:16.705000,0 days 00:30:47.118000
140,3938642,Czech Republic,29,"[7.0, 34.0]","[1.6, 41.8]",2,0 days 00:30:52.783000,0 days 00:31:21.293000
141,3938642,Georgia,11,"[6.0, 47.0]","[58.0, 44.1]",2,0 days 00:31:59.968000,0 days 00:32:10.774000
142,3938642,Czech Republic,14,"[60.6, 55.1]","[7.6, 47.1]",2,0 days 00:32:10.774000,0 days 00:32:23.784000
143,3938642,Czech Republic,25,"[120.0, 0.1]","[10.3, 43.8]",2,0 days 00:32:34.414000,0 days 00:33:03.604000
144,3938642,Georgia,8,"[8.4, 47.3]","[84.5, 8.0]",2,0 days 00:33:05.172000,0 days 00:33:12.616000
145,3938642,Czech Republic,13,"[30.4, 80.0]","[2.2, 39.5]",2,0 days 00:33:22.022000,0 days 00:33:43.994000
146,3938642,Georgia,4,"[6.0, 40.6]","[47.1, 11.6]",2,0 days 00:34:12.527000,0 days 00:34:16.298000
147,3938642,Georgia,48,"[65.5, 80.0]","[57.6, 14.9]",2,0 days 00:34:34.624000,0 days 00:36:10.050000
148,3938642,Georgia,15,"[62.5, 15.0]","[83.4, 70.3]",2,0 days 00:37:13.722000,0 days 00:37:29.742000
149,3938642,Czech Republic,5,"[37.0, 12.6]","[42.0, 10.8]",2,0 days 00:37:29.742000,0 days 00:37:31.178000
150,3938642,Czech Republic,11,"[44.5, 16.7]","[60.2, 68.3]",2,0 days 00:38:03.168000,0 days 00:38:17.635000
151,3938642,Czech Republic,113,"[51.2, 71.2]","[97.7, 55.6]",2,0 days 00:38:22.341000,0 days 00:40:00.313000
152,3938642,Georgia,9,"[28.6, 25.3]","[49.2, 37.0]",2,0 days 00:40:00.688000,0 days 00:40:04.755000
153,3938642,Czech Republic,15,"[68.3, 48.8]","[4.5, 29.9]",2,0 days 00:40:04.755000,0 days 00:40:16.411000
154,3938642,Czech Republic,5,"[120.0, 80.0]","[5.2, 45.3]",2,0 days 00:40:24.016000,0 days 00:40:29.702000
155,3938642,Czech Republic,17,"[120.0, 0.1]","[113.2, 45.0]",2,0 days 00:40:45.009000,0 days 00:41:04.395000
156,3938642,Georgia,1,"[6.0, 31.0]","[6.0, 31.0]",2,0 days 00:41:43.685000,0 days 00:41:43.685000
157,3938642,Czech Republic,32,"[43.6, 58.9]","[9.3, 24.5]",2,0 days 00:41:47.131000,0 days 00:42:07.826000
158,3938642,Georgia,4,"[120.0, 80.0]","[4.8, 34.6]",2,0 days 00:42:57.786000,0 days 00:42:59.048000
159,3938642,Czech Republic,25,"[4.8, 34.8]","[93.6, 64.9]",2,0 days 00:43:16.704000,0 days 00:43:44.121000
160,3938642,Georgia,14,"[21.8, 8.6]","[72.6, 23.9]",2,0 days 00:43:44.121000,0 days 00:43:56.464000
161,3938642,Czech Republic,43,"[46.9, 48.6]","[96.5, 52.9]",2,0 days 00:43:56.464000,0 days 00:44:27.259000
162,3938642,Georgia,1,"[6.0, 31.3]","[6.0, 31.3]",2,0 days 00:44:54.892000,0 days 00:44:54.892000
163,3938642,Czech Republic,38,"[46.9, 55.6]","[117.6, 21.7]",2,0 days 00:44:57.908000,0 days 00:45:27.973000
164,3938642,Georgia,3,"[5.2, 31.8]","[69.7, 3.2]",2,0 days 00:45:53.381000,0 days 00:45:56.277000
165,3938642,Czech Republic,37,"[56.2, 80.0]","[109.6, 73.2]",2,0 days 00:46:12.815000,0 days 00:47:01.939000
166,3938642,Georgia,9,"[10.5, 11.7]","[43.2, 2.2]",2,0 days 00:47:01.939000,0 days 00:47:07.958000
167,3938642,Czech Republic,22,"[76.9, 77.9]","[103.1, 26.2]",2,0 days 00:47:07.958000,0 days 00:47:30.673000
168,3938642,Georgia,16,"[14.0, 56.5]","[68.8, 4.5]",2,0 days 00:47:30.673000,0 days 00:47:42.742000
169,3938642,Georgia,11,"[58.6, 80.0]","[15.9, 47.9]",2,0 days 00:47:59.327000,0 days 00:48:08.140000
170,3938642,Czech Republic,21,"[15.5, 44.3]","[2.6, 41.6]",2,0 days 00:48:14.478000,0 days 00:48:39.247000
171,3938642,Georgia,3,"[16.4, 25.1]","[79.0, 18.0]",2,0 days 00:48:53.043000,0 days 00:48:57.114000
172,3938642,Czech Republic,11,"[41.1, 62.1]","[57.2, 35.7]",2,0 days 00:48:57.114000,0 days 00:49:07.326000
173,3938642,Czech Republic,27,"[61.4, 33.4]","[2.7, 40.0]",2,0 days 00:49:22.065000,0 days 00:49:45.057000
174,3938642,Georgia,9,"[23.6, 35.4]","[5.7, 35.7]",2,0 days 00:49:45.929000,0 days 00:49:56.100000
2,3938639,Georgia,24,"[60.0, 40.0]","[48.1, 35.1]",1,0 days 00:00:00.838000,0 days 00:00:27.468000
3,3938639,Turkey,93,"[73.7, 43.9]","[106.8, 37.9]",1,0 days 00:00:27.468000,0 days 00:01:50.604000
4,3938639,Georgia,19,"[4.5, 44.3]","[30.1, 76.4]",1,0 days 00:01:50.604000,0 days 00:02:15.986000
5,3938639,Turkey,58,"[79.9, 0.1]","[110.8, 31.9]",1,0 days 00:02:28.206000,0 days 00:03:21.300000
6,3938639,Georgia,3,"[6.0, 39.9]","[69.7, 24.1]",1,0 days 00:03:50.301000,0 days 00:03:53.961000
7,3938639,Turkey,16,"[50.4, 56.0]","[55.8, 52.6]",1,0 days 00:03:53.961000,0 days 00:03:59.867000
8,3938639,Georgia,24,"[65.1, 53.0]","[100.3, 29.9]",1,0 days 00:04:00.850000,0 days 00:04:23.006000
9,3938639,Turkey,14,"[20.4, 50.6]","[9.9, 75.3]",1,0 days 00:04:23.006000,0 days 00:04:43.607000
10,3938639,Turkey,10,"[92.0, 0.1]","[8.3, 53.9]",1,0 days 00:04:45.238000,0 days 00:04:54.457000
11,3938639,Turkey,5,"[120.0, 0.1]","[1.7, 40.6]",1,0 days 00:05:27.513000,0 days 00:05:29.261000
12,3938639,Georgia,6,"[6.0, 39.1]","[41.6, 33.4]",1,0 days 00:05:55.192000,0 days 00:05:59.632000
13,3938639,Turkey,68,"[77.9, 47.5]","[100.8, 63.5]",1,0 days 00:05:59.632000,0 days 00:06:53.467000
14,3938639,Georgia,5,"[17.9, 10.1]","[19.3, 4.3]",1,0 days 00:06:55.397000,0 days 00:06:56.827000
15,3938639,Georgia,9,"[18.6, 10.1]","[72.4, 70.1]",1,0 days 00:07:31.378000,0 days 00:07:39.792000
16,3938639,Turkey,54,"[43.7, 0.1]","[6.6, 53.0]",1,0 days 00:07:55.218000,0 days 00:08:42.088000
17,3938639,Turkey,5,"[120.0, 0.1]","[1.1, 41.0]",1,0 days 00:09:02.445000,0 days 00:09:04.550000
18,3938639,Georgia,10,"[6.0, 42.2]","[31.4, 54.3]",1,0 days 00:09:29.035000,0 days 00:09:37.415000
19,3938639,Turkey,17,"[85.2, 23.7]","[2.2, 40.9]",1,0 days 00:09:37.415000,0 days 00:09:44.905000
20,3938639,Georgia,18,"[6.0, 48.6]","[47.0, 3.8]",1,0 days 00:10:15.413000,0 days 00:10:27.937000
21,3938639,Georgia,24,"[81.2, 80.0]","[4.3, 39.7]",1,0 days 00:10:42.454000,0 days 00:10:55.485000
22,3938639,Georgia,13,"[120.0, 0.1]","[2.6, 42.1]",1,0 days 00:11:25.685000,0 days 00:11:37.998000
23,3938639,Turkey,63,"[7.0, 45.6]","[7.0, 74.3]",1,0 days 00:11:54.688000,0 days 00:12:52.809000
24,3938639,Turkey,9,"[105.6, 0.1]","[4.9, 68.6]",1,0 days 00:13:05.178000,0 days 00:13:15.236000
25,3938639,Turkey,10,"[110.6, 0.1]","[1.6, 42.1]",1,0 days 00:13:21.529000,0 days 00:13:26.534000
26,3938639,Georgia,5,"[7.0, 40.9]","[83.9, 23.0]",1,0 days 00:13:32.183000,0 days 00:13:39.719000
27,3938639,Turkey,54,"[37.1, 61.2]","[72.7, 5.4]",1,0 days 00:13:39.719000,0 days 00:14:26.076000
28,3938639,Georgia,6,"[52.8, 80.0]","[65.1, 40.3]",1,0 days 00:14:47.902000,0 days 00:14:51.765000
29,3938639,Turkey,120,"[41.0, 20.4]","[104.5, 33.9]",1,0 days 00:14:51.765000,0 days 00:16:52.115000
30,3938639,Georgia,14,"[2.9, 45.7]","[111.0, 36.2]",1,0 days 00:16:52.115000,0 days 00:17:14.967000
31,3938639,Turkey,14,"[3.3, 15.2]","[57.3, 12.9]",1,0 days 00:17:14.967000,0 days 00:17:27.082000
32,3938639,Georgia,35,"[62.8, 67.2]","[49.7, 41.4]",1,0 days 00:17:27.082000,0 days 00:18:04.079000
33,3938639,Turkey,6,"[71.0, 38.5]","[35.1, 2.0]",1,0 days 00:18:04.079000,0 days 00:18:11.160000
34,3938639,Turkey,29,"[83.2, 80.0]","[112.6, 44.6]",1,0 days 00:18:15.352000,0 days 00:18:33.559000
35,3938639,Georgia,6,"[9.9, 39.3]","[22.9, 3.5]",1,0 days 00:19:07.510000,0 days 00:19:08.934000
36,3938639,Georgia,9,"[106.2, 80.0]","[16.9, 4.0]",1,0 days 00:19:13.437000,0 days 00:19:16.259000
37,3938639,Georgia,12,"[106.2, 80.0]","[9.1, 56.6]",1,0 days 00:19:24.762000,0 days 00:19:33.540000
38,3938639,Turkey,75,"[3.3, 54.6]","[3.0, 41.8]",1,0 days 00:19:36.088000,0 days 00:20:34.283000
39,3938639,Georgia,5,"[6.0, 37.8]","[57.6, 59.5]",1,0 days 00:20:58.107000,0 days 00:21:03.053000
40,3938639,Turkey,12,"[47.7, 16.0]","[81.6, 2.9]",1,0 days 00:21:03.053000,0 days 00:21:18.001000
41,3938639,Georgia,15,"[37.6, 64.9]","[63.9, 74.4]",1,0 days 00:21:20.410000,0 days 00:21:32.275000
42,3938639,Turkey,59,"[65.8, 76.8]","[91.6, 27.1]",1,0 days 00:21:46.122000,0 days 00:22:41.329000
43,3938639,Georgia,15,"[28.5, 53.0]","[101.2, 13.2]",1,0 days 00:22:41.329000,0 days 00:23:00.817000
44,3938639,Turkey,16,"[18.9, 66.9]","[70.7, 69.7]",1,0 days 00:23:00.817000,0 days 00:23:14.145000
45,3938639,Georgia,39,"[64.4, 77.8]","[90.9, 47.7]",1,0 days 00:23:17.189000,0 days 00:23:55.121000
46,3938639,Turkey,70,"[8.4, 40.8]","[2.0, 38.3]",1,0 days 00:23:57.910000,0 days 00:24:58.687000
47,3938639,Georgia,10,"[60.0, 40.0]","[92.3, 20.0]",1,0 days 00:26:06.034000,0 days 00:26:22.195000
48,3938639,Turkey,16,"[34.3, 57.5]","[117.4, 38.0]",1,0 days 00:26:22.195000,0 days 00:26:34.218000
49,3938639,Georgia,24,"[11.4, 34.0]","[30.6, 7.7]",1,0 days 00:27:52.978000,0 days 00:28:10.752000
50,3938639,Georgia,24,"[28.5, 3.7]","[1.4, 43.6]",1,0 days 00:28:49.094000,0 days 00:29:13.441000
51,3938639,Georgia,4,"[120.0, 0.1]","[4.3, 48.8]",1,0 days 00:29:46.122000,0 days 00:29:47.150000
52,3938639,Georgia,109,"[76.1, 0.1]","[1.4, 36.7]",1,0 days 00:29:55.410000,0 days 00:31:45.370000
53,3938639,Turkey,53,"[61.0, 40.1]","[96.9, 36.9]",1,0 days 00:32:55.635000,0 days 00:33:40.096000
54,3938639,Georgia,50,"[20.9, 49.6]","[63.3, 38.1]",1,0 days 00:33:40.096000,0 days 00:34:16.416000
55,3938639,Georgia,19,"[64.6, 33.7]","[5.0, 36.7]",1,0 days 00:34:40.214000,0 days 00:34:51.767000
56,3938639,Turkey,47,"[7.0, 33.8]","[90.6, 46.7]",1,0 days 00:35:15.130000,0 days 00:35:56.783000
57,3938639,Georgia,44,"[33.4, 33.4]","[4.7, 41.0]",1,0 days 00:35:56.783000,0 days 00:36:32.322000
58,3938639,Georgia,31,"[33.2, 33.8]","[104.8, 24.0]",1,0 days 00:36:37.112000,0 days 00:37:07.653000
59,3938639,Turkey,24,"[7.0, 46.6]","[15.7, 19.2]",1,0 days 00:37:27.627000,0 days 00:37:50.841000
60,3938639,Georgia,15,"[14.8, 31.8]","[75.0, 12.8]",1,0 days 00:37:52.900000,0 days 00:38:09.276000
61,3938639,Turkey,23,"[27.9, 64.2]","[91.2, 54.8]",1,0 days 00:38:09.276000,0 days 00:38:27.387000
62,3938639,Turkey,42,"[92.2, 58.3]","[96.7, 4.0]",1,0 days 00:39:27.900000,0 days 00:39:54.855000
63,3938639,Turkey,6,"[89.7, 5.9]","[109.5, 43.3]",1,0 days 00:40:33.093000,0 days 00:40:39.188000
64,3938639,Georgia,13,"[10.6, 36.8]","[1.6, 40.6]",1,0 days 00:40:39.188000,0 days 00:40:45.351000
65,3938639,Georgia,24,"[6.0, 45.8]","[22.9, 48.8]",1,0 days 00:41:14.973000,0 days 00:41:34.429000
66,3938639,Turkey,18,"[19.7, 46.6]","[42.3, 50.4]",1,0 days 00:41:35.039000,0 days 00:41:43.218000
67,3938639,Turkey,80,"[32.9, 55.2]","[7.5, 13.6]",1,0 days 00:41:45.831000,0 days 00:43:14.099000
68,3938639,Turkey,15,"[120.0, 80.0]","[102.7, 76.6]",1,0 days 00:43:21.869000,0 days 00:43:36.276000
69,3938639,Georgia,53,"[2.6, 38.7]","[87.0, 12.3]",1,0 days 00:43:37.691000,0 days 00:44:48.695000
70,3938639,Turkey,12,"[30.3, 62.0]","[77.5, 76.2]",1,0 days 00:44:48.695000,0 days 00:44:56.376000
71,3938639,Turkey,1,"[84.1, 75.2]","[84.1, 75.2]",1,0 days 00:45:38.923000,0 days 00:45:38.923000
72,3938639,Georgia,4,"[3.3, 40.6]","[69.0, 19.4]",1,0 days 00:45:41.023000,0 days 00:45:49.407000
73,3938639,Turkey,1,"[19.7, 22.6]","[19.7, 22.6]",1,0 days 00:45:49.407000,0 days 00:45:49.407000
74,3938639,Turkey,27,"[60.0, 40.0]","[111.7, 46.2]",2,0 days 00:00:00.186000,0 days 00:00:27.126000
75,3938639,Georgia,1,"[2.2, 37.4]","[2.2, 37.4]",2,0 days 00:00:27.977000,0 days 00:00:27.977000
76,3938639,Georgia,61,"[9.9, 41.3]","[65.3, 47.7]",2,0 days 00:00:39.854000,0 days 00:01:36.440000
77,3938639,Turkey,68,"[52.0, 32.6]","[2.8, 37.3]",2,0 days 00:01:36.440000,0 days 00:02:34.877000
78,3938639,Georgia,5,"[26.7, 18.8]","[28.6, 14.3]",2,0 days 00:02:36.940000,0 days 00:02:38.362000
79,3938639,Georgia,28,"[29.7, 13.0]","[112.5, 22.7]",2,0 days 00:02:53.454000,0 days 00:03:28.609000
80,3938639,Turkey,1,"[0.9, 43.4]","[0.9, 43.4]",2,0 days 00:03:29.246000,0 days 00:03:29.246000
81,3938639,Turkey,10,"[11.3, 44.2]","[92.5, 23.2]",2,0 days 00:03:40.131000,0 days 00:03:56.130000
82,3938639,Georgia,16,"[28.3, 53.1]","[58.1, 17.4]",2,0 days 00:03:56.130000,0 days 00:04:05.994000
83,3938639,Georgia,10,"[55.8, 18.9]","[50.1, 2.3]",2,0 days 00:04:35.194000,0 days 00:04:50.205000
84,3938639,Turkey,40,"[68.8, 80.0]","[111.6, 15.8]",2,0 days 00:04:56.573000,0 days 00:05:32.426000
85,3938639,Georgia,25,"[8.5, 64.3]","[2.2, 40.9]",2,0 days 00:05:32.426000,0 days 00:06:00.496000
86,3938639,Turkey,1,"[6.4, 35.3]","[6.4, 35.3]",2,0 days 00:06:02.354000,0 days 00:06:02.354000
88,3938639,Turkey,22,"[9.7, 34.3]","[84.4, 6.1]",2,0 days 00:06:46.612000,0 days 00:07:10.440000
89,3938639,Georgia,4,"[35.0, 80.0]","[50.4, 73.9]",2,0 days 00:07:23.977000,0 days 00:07:25.695000
90,3938639,Turkey,57,"[69.7, 6.2]","[2.4, 68.5]",2,0 days 00:07:25.695000,0 days 00:08:04.850000
91,3938639,Turkey,6,"[108.8, 0.1]","[16.0, 74.7]",2,0 days 00:08:08.248000,0 days 00:08:09.646000
92,3938639,Georgia,2,"[16.0, 80.0]","[36.6, 77.5]",2,0 days 00:08:30.776000,0 days 00:08:31.873000
93,3938639,Turkey,10,"[87.0, 2.3]","[106.2, 34.8]",2,0 days 00:08:31.873000,0 days 00:08:37.935000
94,3938639,Georgia,17,"[16.1, 44.2]","[45.4, 15.3]",2,0 days 00:08:37.935000,0 days 00:08:46.964000
95,3938639,Turkey,80,"[77.1, 65.5]","[92.9, 32.6]",2,0 days 00:08:46.964000,0 days 00:09:44.328000
96,3938639,Turkey,4,"[93.2, 31.5]","[8.7, 9.2]",2,0 days 00:11:21.917000,0 days 00:11:26.301000
97,3938639,Georgia,4,"[29.5, 0.1]","[50.4, 23.8]",2,0 days 00:11:35.523000,0 days 00:11:39.307000
98,3938639,Turkey,16,"[65.5, 54.2]","[79.9, 70.9]",2,0 days 00:11:39.307000,0 days 00:11:54.811000
99,3938639,Georgia,8,"[40.7, 7.5]","[6.6, 56.0]",2,0 days 00:11:54.811000,0 days 00:12:04.181000
100,3938639,Georgia,15,"[120.0, 0.1]","[86.5, 15.6]",2,0 days 00:12:46.336000,0 days 00:12:54.252000
101,3938639,Georgia,31,"[95.1, 0.1]","[111.9, 41.5]",2,0 days 00:13:09.914000,0 days 00:13:38.288000
102,3938639,Turkey,117,"[6.4, 43.5]","[2.5, 39.7]",2,0 days 00:13:38.288000,0 days 00:15:10.158000
103,3938639,Turkey,5,"[120.0, 0.1]","[111.6, 11.4]",2,0 days 00:15:32.223000,0 days 00:15:38.812000
104,3938639,Georgia,52,"[2.3, 41.8]","[1.2, 43.6]",2,0 days 00:15:40.245000,0 days 00:16:51.117000
105,3938639,Turkey,43,"[6.0, 38.3]","[109.3, 56.1]",2,0 days 00:17:13.159000,0 days 00:17:54.815000
106,3938639,Georgia,20,"[6.1, 42.0]","[69.3, 73.0]",2,0 days 00:18:28.129000,0 days 00:18:43.789000
107,3938639,Turkey,68,"[56.1, 3.6]","[109.3, 43.8]",2,0 days 00:18:43.789000,0 days 00:19:42.176000
108,3938639,Georgia,13,"[10.2, 34.4]","[34.0, 9.1]",2,0 days 00:19:42.582000,0 days 00:19:51.029000
109,3938639,Turkey,5,"[85.6, 71.6]","[2.5, 38.9]",2,0 days 00:19:51.302000,0 days 00:19:56.021000
110,3938639,Georgia,9,"[61.0, 40.1]","[65.2, 27.8]",2,0 days 00:21:08.984000,0 days 00:21:14.140000
111,3938639,Turkey,13,"[54.9, 52.3]","[46.6, 45.8]",2,0 days 00:21:14.140000,0 days 00:21:18.364000
112,3938639,Turkey,9,"[31.5, 80.0]","[71.4, 5.4]",2,0 days 00:21:38.677000,0 days 00:21:43.465000
113,3938639,Turkey,26,"[36.7, 80.0]","[13.0, 17.7]",2,0 days 00:21:51.022000,0 days 00:22:17.388000
114,3938639,Georgia,7,"[10.2, 15.6]","[67.1, 23.4]",2,0 days 00:22:49.601000,0 days 00:22:55.463000
115,3938639,Turkey,15,"[52.3, 52.5]","[3.9, 42.2]",2,0 days 00:22:55.463000,0 days 00:23:06.141000
116,3938639,Georgia,12,"[4.0, 41.6]","[54.3, 75.6]",2,0 days 00:23:06.527000,0 days 00:23:20.376000
117,3938639,Georgia,52,"[54.3, 74.7]","[115.9, 39.2]",2,0 days 00:23:30.776000,0 days 00:24:19.134000
118,3938639,Turkey,85,"[3.3, 39.9]","[84.0, 75.0]",2,0 days 00:24:19.704000,0 days 00:25:45.201000
119,3938639,Georgia,25,"[33.8, 0.1]","[97.0, 64.2]",2,0 days 00:25:50.872000,0 days 00:26:16.927000
120,3938639,Turkey,15,"[23.1, 15.9]","[9.5, 40.5]",2,0 days 00:26:16.927000,0 days 00:26:30.144000
121,3938639,Georgia,62,"[3.3, 35.0]","[35.7, 4.5]",2,0 days 00:26:30.264000,0 days 00:27:36.472000
122,3938639,Georgia,17,"[84.6, 80.0]","[23.1, 40.5]",2,0 days 00:28:36.334000,0 days 00:28:54.515000
123,3938639,Turkey,16,"[14.4, 3.0]","[20.6, 4.7]",2,0 days 00:28:57.872000,0 days 00:29:06.105000
124,3938639,Georgia,7,"[99.5, 75.4]","[104.5, 75.8]",2,0 days 00:29:06.105000,0 days 00:29:09.509000
125,3938639,Georgia,36,"[98.1, 80.0]","[19.8, 75.2]",2,0 days 00:29:22.823000,0 days 00:31:07.217000
126,3938639,Turkey,6,"[18.9, 65.7]","[79.0, 63.8]",2,0 days 00:31:36.657000,0 days 00:31:42.996000
127,3938639,Georgia,66,"[42.8, 16.5]","[40.6, 22.0]",2,0 days 00:31:42.996000,0 days 00:32:55.796000
128,3938639,Georgia,5,"[80.8, 80.0]","[98.8, 52.2]",2,0 days 00:33:58.624000,0 days 00:34:04.165000
129,3938639,Turkey,14,"[21.5, 23.0]","[85.1, 66.4]",2,0 days 00:34:25.320000,0 days 00:34:40.518000
130,3938639,Georgia,14,"[48.4, 8.4]","[63.1, 8.5]",2,0 days 00:34:42.720000,0 days 00:34:46.459000
131,3938639,Turkey,17,"[56.8, 68.4]","[66.4, 77.5]",2,0 days 00:34:47.291000,0 days 00:34:57.739000
132,3938639,Georgia,25,"[55.3, 0.1]","[83.4, 5.1]",2,0 days 00:35:08.794000,0 days 00:35:42.522000
133,3938639,Turkey,3,"[42.3, 80.0]","[56.9, 3.2]",2,0 days 00:35:59.933000,0 days 00:36:01.418000
134,3938639,Turkey,8,"[63.4, 80.0]","[70.9, 75.0]",2,0 days 00:36:17.178000,0 days 00:36:19.342000
135,3938639,Georgia,29,"[55.6, 0.1]","[84.7, 77.5]",2,0 days 00:36:36.694000,0 days 00:38:36.287000
136,3938639,Turkey,8,"[36.7, 0.1]","[65.3, 5.4]",2,0 days 00:40:11.932000,0 days 00:40:17.052000
137,3938639,Georgia,49,"[49.4, 74.7]","[104.7, 66.1]",2,0 days 00:40:17.052000,0 days 00:41:01.087000
138,3938639,Turkey,17,"[15.4, 14.0]","[1.7, 40.7]",2,0 days 00:41:01.087000,0 days 00:41:24.325000
139,3938639,Turkey,23,"[120.0, 0.1]","[117.1, 63.6]",2,0 days 00:42:05.929000,0 days 00:42:28.070000
140,3938639,Georgia,37,"[4.2, 35.6]","[77.8, 65.5]",2,0 days 00:42:34.727000,0 days 00:43:04.397000
141,3938639,Georgia,4,"[84.1, 62.4]","[4.3, 50.8]",2,0 days 00:43:50.321000,0 days 00:43:52.429000
142,3938639,Georgia,17,"[105.5, 0.1]","[9.2, 2.3]",2,0 days 00:44:04.996000,0 days 00:44:18.525000
143,3938639,Georgia,5,"[105.2, 80.0]","[100.2, 66.4]",2,0 days 00:44:28.036000,0 days 00:44:36.002000
144,3938639,Turkey,18,"[18.9, 12.5]","[90.3, 72.8]",2,0 days 00:44:36.002000,0 days 00:44:49.655000
145,3938639,Georgia,26,"[20.3, 8.5]","[17.5, 32.2]",2,0 days 00:44:51.042000,0 days 00:45:20.602000
146,3938639,Georgia,24,"[104.5, 80.0]","[24.1, 30.2]",2,0 days 00:46:14.487000,0 days 00:46:36.299000
147,3938639,Turkey,16,"[19.6, 28.9]","[56.5, 75.6]",2,0 days 00:46:37.356000,0 days 00:46:52.465000
148,3938639,Turkey,11,"[54.9, 0.1]","[80.2, 36.9]",2,0 days 00:47:01.479000,0 days 00:47:13.030000
149,3938639,Georgia,32,"[35.7, 26.0]","[2.5, 41.4]",2,0 days 00:47:14.869000,0 days 00:47:48.351000
150,3938639,Turkey,3,"[5.6, 39.9]","[79.7, 41.4]",2,0 days 00:48:36.272000,0 days 00:48:39.961000
151,3938639,Georgia,9,"[40.4, 38.7]","[48.7, 29.7]",2,0 days 00:48:39.961000,0 days 00:48:42.303000
152,3938639,Georgia,8,"[51.8, 31.8]","[106.2, 51.2]",2,0 days 00:48:49.455000,0 days 00:48:55.319000
153,3938639,Turkey,5,"[6.0, 33.3]","[91.1, 53.5]",2,0 days 00:49:27.339000,0 days 00:49:32.379000
154,3938639,Georgia,31,"[28.4, 36.4]","[83.9, 11.7]",2,0 days 00:49:32.379000,0 days 00:49:59.984000
155,3938639,Georgia,6,"[84.9, 10.4]","[1.4, 36.9]",2,0 days 00:50:25.838000,0 days 00:50:30.373000
156,3938639,Georgia,4,"[120.0, 0.1]","[6.5, 43.9]",2,0 days 00:51:02.660000,0 days 00:51:03.961000
157,3938639,Georgia,12,"[120.0, 0.1]","[31.8, 36.2]",2,0 days 00:51:17.590000,0 days 00:51:31.124000
2,3938641,Austria,38,"[61.0, 40.1]","[6.8, 47.0]",1,0 days 00:00:01.266000,0 days 00:00:26.153000
3,3938641,Austria,23,"[110.8, 0.1]","[35.4, 38.0]",1,0 days 00:00:45.036000,0 days 00:01:00.045000
4,3938641,Poland,1,"[2.6, 39.8]","[2.6, 39.8]",1,0 days 00:01:01.812000,0 days 00:01:01.812000
5,3938641,Poland,14,"[9.3, 37.3]","[77.6, 77.8]",1,0 days 00:01:12.646000,0 days 00:01:22.248000
6,3938641,Poland,3,"[45.2, 0.1]","[71.5, 8.6]",1,0 days 00:01:34.510000,0 days 00:01:36.149000
7,3938641,Austria,48,"[37.9, 42.0]","[98.8, 55.1]",1,0 days 00:01:39.076000,0 days 00:02:20.343000
8,3938641,Poland,6,"[21.3, 25.0]","[45.7, 4.4]",1,0 days 00:02:20.343000,0 days 00:02:26.112000
9,3938641,Poland,23,"[45.4, 5.0]","[68.7, 77.0]",1,0 days 00:02:46.485000,0 days 00:03:07.589000
10,3938641,Austria,8,"[63.4, 56.2]","[98.5, 58.7]",1,0 days 00:03:09.509000,0 days 00:03:12.769000
11,3938641,Poland,7,"[6.0, 44.8]","[50.9, 47.7]",1,0 days 00:03:46.471000,0 days 00:03:52.705000
12,3938641,Austria,13,"[88.1, 40.0]","[7.3, 42.0]",1,0 days 00:03:54.517000,0 days 00:04:07.618000
13,3938641,Austria,20,"[120.0, 0.1]","[68.0, 4.4]",1,0 days 00:04:38.541000,0 days 00:04:59.127000
14,3938641,Poland,10,"[50.1, 74.1]","[67.7, 69.4]",1,0 days 00:04:59.127000,0 days 00:05:01.359000
15,3938641,Poland,2,"[72.5, 62.1]","[108.7, 54.4]",1,0 days 00:05:24.989000,0 days 00:05:28.812000
16,3938641,Austria,11,"[2.0, 34.5]","[76.6, 6.1]",1,0 days 00:05:28.812000,0 days 00:05:38.208000
17,3938641,Poland,3,"[48.5, 80.0]","[56.4, 2.0]",1,0 days 00:06:04.544000,0 days 00:06:05.692000
18,3938641,Austria,6,"[68.9, 6.1]","[77.1, 12.1]",1,0 days 00:06:06.750000,0 days 00:06:08.559000
19,3938641,Austria,2,"[82.0, 18.4]","[111.4, 53.0]",1,0 days 00:06:39.346000,0 days 00:06:42.420000
20,3938641,Poland,3,"[6.0, 44.8]","[76.4, 57.8]",1,0 days 00:07:10.573000,0 days 00:07:14.184000
21,3938641,Austria,12,"[43.7, 22.3]","[79.9, 72.3]",1,0 days 00:07:14.184000,0 days 00:07:25.812000
22,3938641,Austria,23,"[79.0, 67.0]","[11.0, 68.6]",1,0 days 00:07:57.934000,0 days 00:08:12.772000
23,3938641,Austria,13,"[110.0, 0.1]","[1.3, 42.2]",1,0 days 00:08:37.629000,0 days 00:08:45.646000
24,3938641,Poland,8,"[60.0, 40.0]","[116.0, 77.5]",1,0 days 00:09:40.571000,0 days 00:09:53.185000
25,3938641,Austria,8,"[114.1, 77.5]","[2.2, 38.1]",1,0 days 00:09:54.934000,0 days 00:09:57.444000
26,3938641,Poland,7,"[15.3, 35.9]","[57.8, 6.3]",1,0 days 00:09:58.522000,0 days 00:10:04.546000
27,3938641,Poland,14,"[66.3, 80.0]","[41.6, 14.9]",1,0 days 00:10:22.058000,0 days 00:10:28.696000
28,3938641,Austria,75,"[37.2, 15.3]","[61.0, 33.5]",1,0 days 00:10:29.540000,0 days 00:11:54.244000
29,3938641,Austria,10,"[60.8, 37.3]","[64.6, 72.1]",1,0 days 00:11:59.479000,0 days 00:12:04.706000
30,3938641,Poland,37,"[55.5, 8.0]","[60.5, 2.3]",1,0 days 00:12:04.706000,0 days 00:12:41.361000
31,3938641,Austria,87,"[69.5, 80.0]","[100.9, 53.6]",1,0 days 00:13:03.640000,0 days 00:14:20.113000
32,3938641,Poland,6,"[6.0, 31.6]","[66.7, 39.3]",1,0 days 00:14:33.653000,0 days 00:14:40.692000
33,3938641,Austria,88,"[53.4, 40.8]","[105.5, 38.4]",1,0 days 00:14:40.692000,0 days 00:16:01.473000
34,3938641,Poland,1,"[2.2, 39.5]","[2.2, 39.5]",1,0 days 00:16:02.869000,0 days 00:16:02.869000
35,3938641,Poland,35,"[14.2, 45.0]","[4.0, 39.3]",1,0 days 00:16:06.205000,0 days 00:16:33.586000
36,3938641,Austria,11,"[7.2, 39.0]","[54.1, 43.0]",1,0 days 00:16:34.651000,0 days 00:16:53.599000
37,3938641,Poland,21,"[63.8, 51.4]","[14.7, 77.8]",1,0 days 00:16:53.599000,0 days 00:17:12.884000
38,3938641,Poland,39,"[110.3, 0.1]","[2.8, 42.2]",1,0 days 00:17:31.590000,0 days 00:17:58.535000
39,3938641,Austria,95,"[7.0, 34.5]","[11.7, 33.3]",1,0 days 00:18:25.741000,0 days 00:20:15.037000
40,3938641,Poland,20,"[6.0, 37.6]","[52.2, 14.5]",1,0 days 00:20:37.837000,0 days 00:20:57.841000
41,3938641,Austria,18,"[54.9, 8.0]","[29.8, 51.3]",1,0 days 00:20:58.825000,0 days 00:21:09.735000
42,3938641,Poland,3,"[0.7, 71.0]","[114.1, 9.1]",1,0 days 00:21:13.462000,0 days 00:21:15.129000
43,3938641,Poland,2,"[20.8, 80.0]","[43.5, 72.1]",1,0 days 00:21:36.887000,0 days 00:21:40.894000
44,3938641,Austria,26,"[54.2, 5.2]","[63.8, 6.3]",1,0 days 00:21:40.894000,0 days 00:22:08.768000
45,3938641,Poland,2,"[56.5, 80.0]","[61.7, 69.1]",1,0 days 00:22:27.325000,0 days 00:22:28.230000
46,3938641,Austria,14,"[58.0, 9.6]","[10.9, 40.1]",1,0 days 00:22:28.230000,0 days 00:22:38.848000
47,3938641,Poland,34,"[4.7, 39.7]","[1.7, 39.6]",1,0 days 00:23:00.972000,0 days 00:23:30.433000
48,3938641,Austria,9,"[22.3, 39.0]","[62.3, 20.6]",1,0 days 00:23:31.166000,0 days 00:23:39.562000
49,3938641,Austria,18,"[49.8, 80.0]","[82.7, 77.1]",1,0 days 00:24:03.521000,0 days 00:24:31.248000
50,3938641,Poland,14,"[49.3, 0.1]","[72.3, 50.2]",1,0 days 00:24:37.377000,0 days 00:24:51.220000
51,3938641,Austria,13,"[15.3, 28.8]","[75.5, 40.6]",1,0 days 00:24:54.276000,0 days 00:25:12.261000
52,3938641,Poland,59,"[19.8, 38.7]","[81.8, 49.9]",1,0 days 00:25:12.261000,0 days 00:26:08.296000
53,3938641,Austria,12,"[38.8, 24.5]","[73.9, 9.6]",1,0 days 00:26:08.296000,0 days 00:26:15.605000
54,3938641,Poland,5,"[55.3, 55.2]","[19.9, 63.9]",1,0 days 00:26:15.605000,0 days 00:26:21.632000
55,3938641,Poland,55,"[105.7, 0.1]","[16.6, 45.2]",1,0 days 00:26:34.552000,0 days 00:27:06.577000
56,3938641,Austria,5,"[17.7, 51.2]","[66.5, 34.5]",1,0 days 00:27:32.988000,0 days 00:27:42.052000
57,3938641,Poland,17,"[40.8, 51.0]","[80.0, 32.1]",1,0 days 00:27:42.052000,0 days 00:28:09.056000
58,3938641,Austria,10,"[27.0, 45.8]","[70.0, 14.3]",1,0 days 00:28:09.056000,0 days 00:28:21.150000
59,3938641,Poland,14,"[46.3, 65.8]","[44.7, 68.3]",1,0 days 00:28:21.336000,0 days 00:28:29.994000
60,3938641,Poland,10,"[56.1, 53.0]","[4.3, 34.8]",1,0 days 00:28:40.554000,0 days 00:28:50.116000
61,3938641,Poland,30,"[120.0, 80.0]","[2.0, 39.6]",1,0 days 00:29:18.072000,0 days 00:29:36.649000
62,3938641,Austria,42,"[61.0, 40.1]","[109.8, 43.4]",1,0 days 00:31:12.821000,0 days 00:32:13.810000
63,3938641,Poland,9,"[6.0, 40.1]","[40.3, 25.5]",1,0 days 00:32:25.888000,0 days 00:32:31.298000
64,3938641,Austria,22,"[83.5, 80.0]","[79.3, 56.5]",1,0 days 00:32:37.122000,0 days 00:32:59.129000
65,3938641,Austria,6,"[79.3, 56.5]","[109.1, 49.1]",1,0 days 00:33:22.314000,0 days 00:33:29.451000
66,3938641,Poland,5,"[13.4, 3.6]","[100.4, 77.3]",1,0 days 00:33:29.451000,0 days 00:33:30.372000
67,3938641,Poland,16,"[30.8, 0.1]","[89.3, 78.6]",1,0 days 00:33:47.350000,0 days 00:33:54.194000
68,3938641,Poland,12,"[33.0, 1.5]","[53.1, 3.4]",1,0 days 00:34:03.185000,0 days 00:34:09.798000
69,3938641,Austria,33,"[24.3, 30.7]","[49.8, 78.7]",1,0 days 00:34:12.777000,0 days 00:34:53.853000
70,3938641,Austria,27,"[52.7, 72.9]","[39.4, 73.4]",1,0 days 00:35:02.917000,0 days 00:35:29.449000
71,3938641,Austria,8,"[83.7, 0.1]","[92.9, 17.3]",1,0 days 00:35:41.183000,0 days 00:35:45.589000
72,3938641,Poland,16,"[28.8, 65.8]","[49.9, 75.1]",1,0 days 00:35:45.589000,0 days 00:36:02.289000
73,3938641,Austria,16,"[82.1, 0.1]","[92.7, 34.0]",1,0 days 00:36:20.849000,0 days 00:36:28.512000
74,3938641,Poland,14,"[25.4, 45.3]","[50.0, 23.9]",1,0 days 00:36:28.512000,0 days 00:36:40.835000
75,3938641,Austria,26,"[50.0, 23.9]","[50.6, 77.3]",1,0 days 00:37:32.709000,0 days 00:38:05.815000
76,3938641,Poland,14,"[64.5, 2.6]","[84.6, 25.5]",1,0 days 00:38:05.815000,0 days 00:38:12.689000
77,3938641,Austria,54,"[35.5, 54.6]","[94.7, 42.6]",1,0 days 00:38:12.689000,0 days 00:39:04.660000
78,3938641,Poland,10,"[18.6, 31.1]","[19.4, 19.8]",1,0 days 00:39:04.660000,0 days 00:39:07.604000
79,3938641,Austria,16,"[69.2, 23.7]","[83.9, 2.5]",1,0 days 00:39:10.512000,0 days 00:39:28
80,3938641,Poland,12,"[35.9, 77.6]","[77.7, 7.5]",1,0 days 00:39:28.356000,0 days 00:39:32.164000
81,3938641,Poland,3,"[43.2, 80.0]","[75.3, 78.4]",1,0 days 00:39:48.143000,0 days 00:39:52.283000
82,3938641,Austria,17,"[44.8, 0.1]","[67.3, 64.7]",1,0 days 00:39:58.300000,0 days 00:40:16.917000
83,3938641,Austria,6,"[65.6, 68.8]","[1.3, 21.1]",1,0 days 00:40:19.160000,0 days 00:40:24.299000
84,3938641,Austria,9,"[108.1, 80.0]","[85.3, 76.5]",1,0 days 00:40:46.348000,0 days 00:40:56.178000
85,3938641,Poland,17,"[35.8, 0.1]","[85.9, 67.4]",1,0 days 00:40:58.926000,0 days 00:41:06.530000
86,3938641,Austria,19,"[90.9, 78.1]","[2.4, 39.7]",1,0 days 00:41:09.225000,0 days 00:41:30.027000
87,3938641,Poland,8,"[5.9, 38.7]","[83.9, 8.3]",1,0 days 00:41:51.456000,0 days 00:42:00.241000
88,3938641,Poland,29,"[47.7, 80.0]","[71.7, 3.8]",1,0 days 00:42:09.104000,0 days 00:42:25.850000
89,3938641,Poland,22,"[53.6, 80.0]","[21.1, 58.7]",1,0 days 00:42:41.798000,0 days 00:43:01.743000
90,3938641,Poland,79,"[84.6, 0.1]","[94.2, 47.7]",1,0 days 00:43:13.148000,0 days 00:44:24.097000
91,3938641,Poland,2,"[91.6, 47.5]","[1.4, 40.9]",1,0 days 00:45:40.438000,0 days 00:45:41.394000
92,3938641,Poland,7,"[120.0, 80.0]","[3.5, 50.6]",1,0 days 00:46:06.347000,0 days 00:46:10.175000
93,3938641,Poland,25,"[61.0, 40.1]","[103.3, 27.1]",2,0 days 00:00:00.738000,0 days 00:00:22.206000
94,3938641,Austria,8,"[15.6, 58.2]","[37.3, 71.2]",2,0 days 00:00:22.206000,0 days 00:00:28.656000
95,3938641,Poland,19,"[82.8, 8.9]","[116.3, 7.8]",2,0 days 00:00:28.656000,0 days 00:00:41.126000
96,3938641,Austria,22,"[3.8, 72.3]","[108.8, 49.0]",2,0 days 00:00:41.126000,0 days 00:01:09.771000
97,3938641,Poland,12,"[8.9, 0.1]","[62.7, 73.8]",2,0 days 00:01:25.980000,0 days 00:01:32.743000
98,3938641,Poland,3,"[58.6, 0.1]","[37.6, 75.9]",2,0 days 00:01:49.284000,0 days 00:01:50.847000
99,3938641,Poland,20,"[90.3, 0.1]","[65.9, 25.7]",2,0 days 00:02:00.564000,0 days 00:02:17.506000
100,3938641,Austria,49,"[56.8, 60.6]","[40.9, 4.7]",2,0 days 00:02:17.506000,0 days 00:03:01.569000
101,3938641,Austria,32,"[85.6, 80.0]","[38.3, 76.5]",2,0 days 00:03:13.819000,0 days 00:03:40.470000
102,3938641,Austria,15,"[83.9, 0.1]","[2.8, 38.2]",2,0 days 00:03:44.602000,0 days 00:03:57.991000
103,3938641,Austria,12,"[105.9, 80.0]","[81.3, 70.7]",2,0 days 00:04:21.524000,0 days 00:04:29.342000
104,3938641,Poland,4,"[53.2, 0.1]","[53.7, 5.1]",2,0 days 00:04:48.517000,0 days 00:04:50.302000
105,3938641,Austria,38,"[61.7, 74.9]","[6.8, 12.5]",2,0 days 00:04:50.302000,0 days 00:05:20.812000
106,3938641,Austria,4,"[120.0, 80.0]","[111.5, 37.6]",2,0 days 00:05:46.841000,0 days 00:05:48.519000
107,3938641,Poland,1,"[1.3, 41.0]","[1.3, 41.0]",2,0 days 00:05:49.254000,0 days 00:05:49.254000
108,3938641,Poland,38,"[14.1, 47.7]","[4.2, 39.6]",2,0 days 00:05:59.541000,0 days 00:06:26.811000
109,3938641,Austria,13,"[3.3, 35.7]","[30.3, 13.7]",2,0 days 00:06:31.948000,0 days 00:06:41.339000
110,3938641,Poland,12,"[89.6, 70.2]","[103.5, 65.7]",2,0 days 00:06:41.770000,0 days 00:06:52.423000
111,3938641,Austria,5,"[6.0, 46.2]","[4.5, 37.8]",2,0 days 00:07:09.463000,0 days 00:07:14.555000
112,3938641,Poland,16,"[44.9, 55.8]","[103.6, 53.9]",2,0 days 00:07:18.447000,0 days 00:07:35.695000
113,3938641,Austria,12,"[16.5, 26.2]","[76.9, 23.2]",2,0 days 00:07:35.695000,0 days 00:07:45.031000
114,3938641,Austria,1,"[80.9, 24.8]","[80.9, 24.8]",2,0 days 00:08:33.667000,0 days 00:08:33.667000
115,3938641,Poland,8,"[6.5, 33.5]","[62.7, 44.9]",2,0 days 00:08:52.067000,0 days 00:08:58.030000
116,3938641,Austria,8,"[65.2, 36.7]","[2.5, 43.2]",2,0 days 00:08:58.819000,0 days 00:09:03.714000
117,3938641,Austria,46,"[101.2, 0.1]","[14.8, 39.0]",2,0 days 00:09:10.782000,0 days 00:10:01.588000
118,3938641,Poland,10,"[34.5, 47.5]","[81.3, 12.4]",2,0 days 00:10:03.547000,0 days 00:10:12.314000
119,3938641,Poland,54,"[84.9, 12.5]","[95.5, 27.1]",2,0 days 00:11:06.976000,0 days 00:11:41.965000
120,3938641,Poland,16,"[96.8, 24.1]","[9.7, 38.3]",2,0 days 00:14:36.683000,0 days 00:14:50.064000
121,3938641,Poland,4,"[120.0, 80.0]","[1.2, 37.9]",2,0 days 00:15:17.671000,0 days 00:15:19.434000
122,3938641,Austria,8,"[3.0, 46.6]","[96.4, 77.1]",2,0 days 00:15:45.811000,0 days 00:15:53.513000
123,3938641,Austria,30,"[34.0, 0.1]","[81.1, 24.4]",2,0 days 00:16:05.975000,0 days 00:16:23.711000
124,3938641,Austria,2,"[84.3, 24.3]","[117.3, 48.7]",2,0 days 00:17:53.484000,0 days 00:17:55.113000
125,3938641,Poland,4,"[17.9, 39.2]","[34.5, 22.0]",2,0 days 00:18:34.114000,0 days 00:18:37.456000
126,3938641,Austria,8,"[34.5, 22.0]","[87.7, 20.8]",2,0 days 00:19:33.621000,0 days 00:19:39.974000
127,3938641,Poland,9,"[32.4, 59.3]","[55.5, 56.4]",2,0 days 00:19:39.974000,0 days 00:19:44.739000
128,3938641,Poland,29,"[57.7, 55.8]","[62.9, 79.1]",2,0 days 00:20:10.260000,0 days 00:20:25.199000
129,3938641,Austria,25,"[57.5, 0.1]","[5.4, 41.4]",2,0 days 00:20:36.835000,0 days 00:20:59.487000
130,3938641,Poland,25,"[61.0, 40.1]","[57.7, 10.6]",2,0 days 00:22:19.765000,0 days 00:22:43.751000
131,3938641,Poland,24,"[57.7, 10.6]","[103.1, 17.2]",2,0 days 00:22:47.097000,0 days 00:23:04.285000
132,3938641,Poland,37,"[101.2, 0.1]","[12.5, 47.8]",2,0 days 00:23:09.131000,0 days 00:23:36.866000
133,3938641,Austria,10,"[18.0, 49.0]","[57.2, 19.9]",2,0 days 00:23:38.063000,0 days 00:23:45.931000
134,3938641,Poland,15,"[45.1, 55.8]","[56.0, 65.4]",2,0 days 00:23:45.931000,0 days 00:24:03.865000
135,3938641,Poland,4,"[56.0, 65.4]","[37.0, 56.1]",2,0 days 00:24:16.532000,0 days 00:24:17.876000
136,3938641,Austria,16,"[27.6, 64.3]","[62.2, 74.3]",2,0 days 00:24:45.113000,0 days 00:24:55.059000
137,3938641,Poland,12,"[30.3, 5.4]","[60.8, 13.6]",2,0 days 00:24:55.059000,0 days 00:25:04.371000
138,3938641,Poland,44,"[67.4, 13.0]","[11.6, 32.2]",2,0 days 00:25:28.524000,0 days 00:26:09.363000
139,3938641,Poland,28,"[109.9, 80.0]","[11.3, 65.0]",2,0 days 00:26:20.121000,0 days 00:26:39.269000
140,3938641,Poland,23,"[106.4, 0.1]","[110.9, 34.2]",2,0 days 00:26:44.964000,0 days 00:26:59.142000
141,3938641,Austria,7,"[6.9, 37.3]","[52.9, 53.9]",2,0 days 00:26:59.142000,0 days 00:27:17.393000
142,3938641,Austria,10,"[48.0, 52.3]","[84.4, 71.7]",2,0 days 00:27:48,0 days 00:28:00.227000
143,3938641,Poland,10,"[30.0, 9.2]","[17.9, 4.0]",2,0 days 00:28:00.227000,0 days 00:28:05.450000
144,3938641,Poland,19,"[17.3, 0.1]","[78.8, 21.1]",2,0 days 00:28:16.177000,0 days 00:28:24.710000
145,3938641,Austria,47,"[61.7, 0.9]","[5.4, 48.9]",2,0 days 00:28:28.596000,0 days 00:29:17.856000
146,3938641,Austria,13,"[102.6, 0.1]","[95.9, 35.7]",2,0 days 00:30:26.689000,0 days 00:30:35.581000
147,3938641,Poland,1,"[2.1, 40.7]","[2.1, 40.7]",2,0 days 00:30:36.638000,0 days 00:30:36.638000
148,3938641,Poland,3,"[5.0, 42.2]","[84.4, 71.9]",2,0 days 00:30:38.447000,0 days 00:30:40.864000
149,3938641,Poland,14,"[38.1, 0.1]","[70.9, 8.4]",2,0 days 00:30:48.451000,0 days 00:31:04.521000
150,3938641,Austria,20,"[14.4, 46.1]","[110.5, 33.6]",2,0 days 00:31:04.521000,0 days 00:31:21.127000
151,3938641,Austria,2,"[108.0, 40.0]","[1.0, 40.0]",2,0 days 00:32:50.055000,0 days 00:32:50.513000
152,3938641,Poland,23,"[61.0, 40.1]","[106.6, 61.4]",2,0 days 00:34:11.490000,0 days 00:34:35.517000
153,3938641,Austria,4,"[3.5, 42.8]","[50.4, 45.3]",2,0 days 00:35:42.073000,0 days 00:35:44.549000
154,3938641,Poland,27,"[50.4, 45.3]","[83.9, 2.7]",2,0 days 00:36:08.567000,0 days 00:36:38.217000
155,3938641,Austria,2,"[43.3, 80.0]","[61.7, 76.8]",2,0 days 00:37:08.772000,0 days 00:37:13.319000
156,3938641,Poland,30,"[38.1, 3.2]","[105.5, 6.3]",2,0 days 00:37:13.319000,0 days 00:37:39.860000
157,3938641,Austria,24,"[17.5, 71.7]","[2.2, 39.5]",2,0 days 00:37:39.860000,0 days 00:38:00.067000
158,3938641,Austria,4,"[120.0, 0.1]","[118.3, 53.4]",2,0 days 00:38:43.976000,0 days 00:38:46.886000
159,3938641,Poland,24,"[3.8, 35.0]","[102.8, 30.4]",2,0 days 00:38:56.390000,0 days 00:39:23.500000
160,3938641,Austria,33,"[17.3, 49.7]","[6.0, 50.6]",2,0 days 00:39:23.500000,0 days 00:39:48.262000
161,3938641,Poland,28,"[6.6, 44.6]","[9.5, 3.5]",2,0 days 00:40:14.345000,0 days 00:40:36.664000
162,3938641,Poland,5,"[120.0, 80.0]","[1.8, 38.5]",2,0 days 00:40:57.375000,0 days 00:41:01.426000
163,3938641,Austria,4,"[5.2, 45.7]","[52.2, 43.9]",2,0 days 00:41:37.642000,0 days 00:41:41.438000
164,3938641,Poland,27,"[47.3, 50.1]","[61.0, 24.0]",2,0 days 00:41:52.184000,0 days 00:42:10.763000
165,3938641,Austria,13,"[54.9, 56.7]","[2.8, 56.9]",2,0 days 00:42:10.763000,0 days 00:42:23.166000
166,3938641,Poland,11,"[2.4, 53.1]","[82.7, 57.2]",2,0 days 00:42:25.554000,0 days 00:42:38.945000
167,3938641,Austria,100,"[36.7, 25.3]","[15.1, 28.8]",2,0 days 00:42:39.135000,0 days 00:43:57.734000
168,3938641,Poland,5,"[23.8, 20.5]","[91.8, 70.0]",2,0 days 00:43:59.134000,0 days 00:44:02.044000
169,3938641,Poland,24,"[30.0, 0.1]","[50.6, 66.0]",2,0 days 00:44:16.060000,0 days 00:44:38.285000
170,3938641,Austria,8,"[57.2, 67.9]","[66.7, 67.3]",2,0 days 00:44:39.534000,0 days 00:44:42.574000
171,3938641,Austria,17,"[68.6, 67.9]","[34.2, 49.9]",2,0 days 00:45:14.250000,0 days 00:45:27.967000
172,3938641,Poland,23,"[34.2, 49.9]","[67.9, 71.6]",2,0 days 00:45:40.098000,0 days 00:45:55.176000
173,3938641,Austria,12,"[52.2, 8.5]","[106.9, 18.5]",2,0 days 00:45:55.176000,0 days 00:46:06.977000
174,3938641,Poland,14,"[5.3, 38.0]","[82.5, 8.9]",2,0 days 00:46:11.867000,0 days 00:46:24.610000
175,3938641,Austria,14,"[10.1, 63.6]","[62.0, 71.0]",2,0 days 00:46:27.247000,0 days 00:46:36.663000
176,3938641,Poland,44,"[84.9, 0.1]","[2.0, 41.3]",2,0 days 00:46:48.283000,0 days 00:47:20.916000
177,3938641,Austria,2,"[5.7, 46.0]","[73.4, 62.4]",2,0 days 00:47:48.423000,0 days 00:47:52.243000
178,3938641,Poland,15,"[44.4, 17.3]","[54.1, 76.1]",2,0 days 00:47:52.243000,0 days 00:47:59.611000
179,3938641,Poland,9,"[70.5, 0.1]","[96.4, 5.1]",2,0 days 00:48:09.544000,0 days 00:48:12.866000
180,3938641,Austria,16,"[23.7, 80.0]","[78.0, 66.9]",2,0 days 00:48:21.997000,0 days 00:48:43.114000
181,3938641,Poland,6,"[5.8, 35.2]","[42.8, 57.2]",2,0 days 00:48:49.948000,0 days 00:48:56.218000
2,3938644,Portugal,5,"[61.0, 40.1]","[93.5, 58.3]",1,0 days 00:00:00.905000,0 days 00:00:06.714000
3,3938644,Georgia,14,"[31.8, 24.7]","[66.0, 44.3]",1,0 days 00:00:06.714000,0 days 00:00:10.854000
4,3938644,Portugal,90,"[77.8, 38.0]","[56.2, 38.0]",1,0 days 00:00:12.648000,0 days 00:01:26.552000
5,3938644,Georgia,8,"[56.4, 31.6]","[3.3, 45.1]",1,0 days 00:01:26.552000,0 days 00:01:33.636000
6,3938644,Portugal,63,"[61.0, 40.1]","[113.4, 67.0]",1,0 days 00:02:43.283000,0 days 00:03:45.248000
7,3938644,Georgia,57,"[13.8, 0.1]","[21.3, 7.7]",1,0 days 00:03:51.395000,0 days 00:04:25.145000
8,3938644,Portugal,80,"[71.1, 66.4]","[20.7, 10.0]",1,0 days 00:04:27.237000,0 days 00:05:49.678000
9,3938644,Portugal,96,"[92.7, 80.0]","[97.7, 10.2]",1,0 days 00:05:56.899000,0 days 00:07:24.159000
10,3938644,Georgia,25,"[22.4, 69.9]","[71.0, 68.1]",1,0 days 00:07:24.159000,0 days 00:07:41.096000
11,3938644,Portugal,25,"[35.6, 13.7]","[20.7, 52.8]",1,0 days 00:07:41.096000,0 days 00:08:10.617000
12,3938644,Georgia,46,"[15.0, 41.1]","[69.8, 69.9]",1,0 days 00:08:12.104000,0 days 00:08:50.107000
13,3938644,Portugal,59,"[50.3, 10.2]","[112.8, 71.0]",1,0 days 00:08:50.107000,0 days 00:09:57.228000
14,3938644,Georgia,2,"[6.0, 35.2]","[56.5, 3.2]",1,0 days 00:10:54.892000,0 days 00:10:57.393000
15,3938644,Portugal,2,"[77.2, 80.0]","[97.4, 59.3]",1,0 days 00:11:01.448000,0 days 00:11:02.850000
16,3938644,Georgia,19,"[27.7, 16.5]","[1.8, 43.0]",1,0 days 00:11:02.850000,0 days 00:11:18.728000
17,3938644,Portugal,6,"[11.7, 33.2]","[35.5, 25.5]",1,0 days 00:11:19.936000,0 days 00:11:22.931000
18,3938644,Portugal,15,"[34.9, 25.5]","[90.6, 24.0]",1,0 days 00:11:40.300000,0 days 00:11:55.455000
19,3938644,Georgia,36,"[27.2, 57.4]","[78.0, 28.7]",1,0 days 00:11:55.455000,0 days 00:12:22.151000
20,3938644,Portugal,53,"[42.1, 51.4]","[110.5, 39.5]",1,0 days 00:12:22.151000,0 days 00:13:01.933000
21,3938644,Georgia,19,"[11.6, 45.1]","[92.4, 20.2]",1,0 days 00:13:01.933000,0 days 00:13:12.341000
22,3938644,Georgia,11,"[42.0, 80.0]","[25.1, 61.9]",1,0 days 00:13:38.264000,0 days 00:13:48.185000
23,3938644,Portugal,34,"[3.5, 40.3]","[92.9, 5.2]",1,0 days 00:13:50.057000,0 days 00:14:30.747000
24,3938644,Georgia,11,"[34.3, 80.0]","[18.4, 73.8]",1,0 days 00:14:45.619000,0 days 00:14:49.789000
25,3938644,Portugal,11,"[76.5, 57.0]","[90.2, 40.4]",1,0 days 00:14:52.152000,0 days 00:14:58.399000
26,3938644,Portugal,2,"[87.1, 41.7]","[1.5, 40.0]",1,0 days 00:16:01.174000,0 days 00:16:02.035000
27,3938644,Portugal,3,"[120.0, 80.0]","[9.4, 12.5]",1,0 days 00:16:31.671000,0 days 00:16:35.038000
28,3938644,Portugal,55,"[108.8, 80.0]","[2.3, 38.4]",1,0 days 00:16:35.976000,0 days 00:17:40.107000
29,3938644,Georgia,5,"[6.0, 38.7]","[19.5, 74.4]",1,0 days 00:18:04.031000,0 days 00:18:07.454000
30,3938644,Portugal,86,"[73.6, 30.7]","[96.9, 66.5]",1,0 days 00:18:09.715000,0 days 00:19:21.655000
31,3938644,Portugal,4,"[96.9, 65.9]","[1.1, 43.4]",1,0 days 00:20:14.407000,0 days 00:20:16.533000
32,3938644,Georgia,53,"[6.0, 43.4]","[43.1, 3.9]",1,0 days 00:20:31.965000,0 days 00:21:01.400000
33,3938644,Portugal,77,"[59.4, 53.7]","[2.9, 41.9]",1,0 days 00:21:03.379000,0 days 00:22:15.497000
34,3938644,Georgia,2,"[10.8, 39.4]","[64.7, 67.6]",1,0 days 00:22:37.965000,0 days 00:22:40.216000
35,3938644,Portugal,73,"[57.1, 17.3]","[92.7, 78.9]",1,0 days 00:22:40.216000,0 days 00:23:45.748000
36,3938644,Georgia,8,"[26.7, 0.1]","[40.2, 23.0]",1,0 days 00:23:57.015000,0 days 00:24:02.150000
37,3938644,Portugal,1,"[41.3, 28.6]","[41.3, 28.6]",1,0 days 00:24:06.174000,0 days 00:24:06.174000
39,3938644,Portugal,69,"[54.3, 14.4]","[23.7, 14.4]",1,0 days 00:25:20.251000,0 days 00:26:34.518000
40,3938644,Portugal,9,"[120.0, 0.1]","[4.0, 35.3]",1,0 days 00:26:59.714000,0 days 00:27:32.566000
41,3938644,Georgia,4,"[6.0, 41.1]","[83.2, 72.5]",1,0 days 00:28:13.702000,0 days 00:28:17.391000
42,3938644,Portugal,32,"[36.9, 7.6]","[98.8, 15.7]",1,0 days 00:28:17.391000,0 days 00:28:48.210000
43,3938644,Georgia,23,"[23.0, 61.4]","[55.8, 66.7]",1,0 days 00:28:48.210000,0 days 00:29:01.488000
44,3938644,Portugal,55,"[64.3, 13.4]","[2.2, 38.0]",1,0 days 00:29:01.488000,0 days 00:29:53.915000
45,3938644,Georgia,5,"[6.0, 35.2]","[57.9, 26.1]",1,0 days 00:30:16.949000,0 days 00:30:20.828000
46,3938644,Portugal,18,"[29.8, 20.4]","[104.5, 34.3]",1,0 days 00:30:23.749000,0 days 00:30:36.909000
47,3938644,Georgia,28,"[14.9, 24.7]","[62.8, 66.5]",1,0 days 00:30:36.909000,0 days 00:31:01.888000
48,3938644,Georgia,78,"[63.3, 63.9]","[1.6, 36.4]",1,0 days 00:31:20.045000,0 days 00:32:29.501000
49,3938644,Portugal,75,"[7.0, 41.2]","[2.0, 43.9]",1,0 days 00:32:47.402000,0 days 00:34:10.604000
50,3938644,Portugal,9,"[120.0, 0.1]","[95.0, 37.2]",1,0 days 00:34:34.208000,0 days 00:34:38.049000
51,3938644,Georgia,15,"[25.1, 42.9]","[88.6, 17.1]",1,0 days 00:34:38.049000,0 days 00:34:50.401000
52,3938644,Georgia,2,"[90.8, 19.4]","[117.3, 47.1]",1,0 days 00:35:27.215000,0 days 00:35:29.078000
53,3938644,Portugal,33,"[7.0, 35.5]","[4.4, 64.0]",1,0 days 00:35:41.985000,0 days 00:36:13.045000
54,3938644,Portugal,11,"[120.0, 0.1]","[99.4, 68.8]",1,0 days 00:36:38.095000,0 days 00:36:51.655000
55,3938644,Georgia,41,"[7.9, 13.0]","[46.4, 75.1]",1,0 days 00:36:54.018000,0 days 00:37:25.946000
56,3938644,Georgia,4,"[45.4, 71.0]","[66.7, 65.1]",1,0 days 00:37:48.259000,0 days 00:37:51.646000
57,3938644,Georgia,6,"[39.1, 0.1]","[47.7, 10.6]",1,0 days 00:38:15.930000,0 days 00:38:18.710000
58,3938644,Portugal,50,"[56.8, 80.0]","[95.8, 51.4]",1,0 days 00:38:23.444000,0 days 00:39:11.405000
59,3938644,Georgia,20,"[15.0, 30.6]","[3.1, 43.4]",1,0 days 00:39:11.405000,0 days 00:40:45.415000
62,3938644,Georgia,9,"[9.0, 42.7]","[68.3, 61.7]",1,0 days 00:40:50.990000,0 days 00:41:09.467000
63,3938644,Portugal,75,"[46.0, 18.7]","[105.9, 17.4]",1,0 days 00:41:10.030000,0 days 00:42:10.944000
64,3938644,Georgia,13,"[14.2, 62.7]","[50.3, 74.7]",1,0 days 00:42:10.944000,0 days 00:42:24
65,3938644,Portugal,31,"[50.6, 74.1]","[2.8, 39.1]",1,0 days 00:42:33.232000,0 days 00:42:53.690000
66,3938644,Georgia,5,"[6.0, 31.3]","[62.4, 16.5]",1,0 days 00:43:22.763000,0 days 00:43:27.126000
67,3938644,Portugal,25,"[44.4, 67.8]","[97.7, 32.6]",1,0 days 00:43:28.861000,0 days 00:43:42.068000
68,3938644,Georgia,26,"[22.7, 47.5]","[94.5, 39.8]",1,0 days 00:44:28.328000,0 days 00:44:43.548000
69,3938644,Portugal,14,"[25.6, 40.3]","[42.7, 41.8]",1,0 days 00:44:43.548000,0 days 00:44:53.243000
70,3938644,Portugal,19,"[35.0, 42.0]","[96.9, 45.9]",1,0 days 00:44:55.591000,0 days 00:45:17.306000
71,3938644,Georgia,1,"[2.8, 39.2]","[2.8, 39.2]",1,0 days 00:45:18.127000,0 days 00:45:18.127000
72,3938644,Georgia,14,"[11.6, 36.9]","[64.3, 10.5]",1,0 days 00:45:29.202000,0 days 00:45:38.938000
73,3938644,Georgia,9,"[63.0, 80.0]","[74.1, 63.9]",1,0 days 00:45:55.677000,0 days 00:45:59.732000
74,3938644,Portugal,7,"[46.0, 16.2]","[6.4, 11.9]",1,0 days 00:45:59.732000,0 days 00:46:15.571000
75,3938644,Portugal,14,"[120.0, 80.0]","[112.2, 70.1]",1,0 days 00:46:39.343000,0 days 00:46:51.943000
76,3938644,Georgia,16,"[7.9, 10.0]","[42.9, 3.1]",1,0 days 00:46:51.943000,0 days 00:47:00.541000
77,3938644,Portugal,3,"[83.0, 74.5]","[82.9, 68.8]",1,0 days 00:47:01.310000,0 days 00:47:03.502000
78,3938644,Georgia,10,"[61.0, 40.1]","[67.2, 42.7]",2,0 days 00:00:00.620000,0 days 00:00:03.915000
79,3938644,Portugal,28,"[52.9, 37.4]","[100.4, 20.7]",2,0 days 00:00:03.915000,0 days 00:00:23.135000
80,3938644,Georgia,11,"[19.7, 59.4]","[49.5, 65.6]",2,0 days 00:00:23.135000,0 days 00:00:29.883000
81,3938644,Portugal,15,"[77.5, 15.5]","[2.8, 36.6]",2,0 days 00:00:29.883000,0 days 00:00:38.310000
82,3938644,Portugal,7,"[120.0, 0.1]","[1.5, 39.3]",2,0 days 00:01:08.622000,0 days 00:01:12.076000
83,3938644,Portugal,8,"[120.0, 0.1]","[1.1, 41.9]",2,0 days 00:01:39.497000,0 days 00:01:42.174000
84,3938644,Georgia,4,"[6.1, 46.6]","[16.5, 69.9]",2,0 days 00:02:07.709000,0 days 00:02:10.465000
85,3938644,Portugal,27,"[75.6, 33.7]","[101.9, 20.3]",2,0 days 00:02:12.443000,0 days 00:02:37.560000
86,3938644,Georgia,25,"[18.2, 59.8]","[26.6, 74.6]",2,0 days 00:02:37.560000,0 days 00:02:55.830000
87,3938644,Portugal,40,"[21.2, 19.8]","[106.6, 15.3]",2,0 days 00:02:59.873000,0 days 00:03:33.147000
88,3938644,Georgia,7,"[14.8, 56.9]","[106.4, 42.1]",2,0 days 00:04:00.043000,0 days 00:04:08.432000
89,3938644,Portugal,1,"[2.7, 37.7]","[2.7, 37.7]",2,0 days 00:04:09.242000,0 days 00:04:09.242000
90,3938644,Portugal,11,"[15.5, 48.7]","[110.2, 64.3]",2,0 days 00:04:14.803000,0 days 00:04:33.203000
91,3938644,Georgia,4,"[14.8, 0.1]","[34.1, 16.0]",2,0 days 00:04:49.222000,0 days 00:04:50.822000
92,3938644,Georgia,8,"[35.1, 14.7]","[96.3, 74.2]",2,0 days 00:05:06.041000,0 days 00:05:18.391000
93,3938644,Portugal,66,"[19.7, 13.6]","[101.2, 26.2]",2,0 days 00:05:18.391000,0 days 00:06:28.306000
94,3938644,Georgia,4,"[18.9, 53.9]","[25.1, 58.1]",2,0 days 00:06:28.306000,0 days 00:06:31.094000
96,3938644,Georgia,21,"[26.8, 55.6]","[67.1, 49.5]",2,0 days 00:06:50.795000,0 days 00:07:01.676000
97,3938644,Georgia,26,"[72.1, 51.3]","[110.4, 21.4]",2,0 days 00:07:24.847000,0 days 00:07:46.572000
98,3938644,Georgia,2,"[108.1, 40.1]","[1.0, 40.0]",2,0 days 00:11:13.416000,0 days 00:11:13.911000
99,3938644,Portugal,26,"[60.0, 40.0]","[16.1, 53.2]",2,0 days 00:12:32.692000,0 days 00:13:00.109000
100,3938644,Georgia,46,"[68.5, 72.9]","[66.1, 70.3]",2,0 days 00:13:08.332000,0 days 00:13:48.323000
101,3938644,Portugal,34,"[56.3, 12.1]","[111.3, 37.8]",2,0 days 00:13:48.323000,0 days 00:14:30.844000
102,3938644,Georgia,10,"[2.6, 43.4]","[60.8, 65.4]",2,0 days 00:14:30.844000,0 days 00:14:55.415000
103,3938644,Portugal,12,"[41.3, 17.9]","[91.6, 32.7]",2,0 days 00:14:55.415000,0 days 00:15:06.856000
104,3938644,Georgia,36,"[31.5, 47.9]","[86.2, 5.1]",2,0 days 00:15:07.202000,0 days 00:16:06.987000
105,3938644,Portugal,21,"[43.9, 80.0]","[111.7, 32.9]",2,0 days 00:16:10.472000,0 days 00:16:39.052000
106,3938644,Georgia,22,"[14.4, 80.0]","[64.4, 70.1]",2,0 days 00:17:09.433000,0 days 00:17:34.828000
107,3938644,Georgia,7,"[62.9, 0.1]","[69.1, 5.9]",2,0 days 00:18:02.292000,0 days 00:18:04.939000
108,3938644,Portugal,3,"[51.0, 74.2]","[82.4, 6.8]",2,0 days 00:18:04.939000,0 days 00:18:06.556000
109,3938644,Portugal,74,"[37.3, 80.0]","[22.7, 31.8]",2,0 days 00:18:10.747000,0 days 00:19:18.478000
110,3938644,Georgia,20,"[15.7, 31.8]","[52.0, 49.4]",2,0 days 00:19:19.687000,0 days 00:19:29.619000
111,3938644,Georgia,5,"[51.2, 51.5]","[48.6, 13.4]",2,0 days 00:20:13.849000,0 days 00:20:15.990000
112,3938644,Portugal,5,"[64.9, 13.0]","[69.0, 13.2]",2,0 days 00:20:17.917000,0 days 00:20:18.508000
113,3938644,Portugal,23,"[70.0, 11.1]","[1.2, 39.3]",2,0 days 00:20:26.022000,0 days 00:20:49.810000
114,3938644,Georgia,2,"[6.9, 46.8]","[65.3, 77.0]",2,0 days 00:21:16.940000,0 days 00:21:20.433000
115,3938644,Portugal,41,"[48.4, 0.1]","[7.3, 16.4]",2,0 days 00:21:25.788000,0 days 00:22:01.921000
116,3938644,Portugal,10,"[120.0, 80.0]","[10.1, 28.2]",2,0 days 00:22:15.495000,0 days 00:23:35.780000
117,3938644,Georgia,1,"[15.4, 26.5]","[15.4, 26.5]",2,0 days 00:23:44.186000,0 days 00:23:44.186000
118,3938644,Portugal,113,"[3.9, 69.0]","[25.7, 16.2]",2,0 days 00:23:50.923000,0 days 00:25:51.459000
119,3938644,Georgia,15,"[31.9, 28.0]","[2.8, 36.6]",2,0 days 00:25:53.322000,0 days 00:26:03.761000
120,3938644,Portugal,30,"[5.0, 32.4]","[17.4, 7.4]",2,0 days 00:26:20.570000,0 days 00:26:49.954000
121,3938644,Georgia,3,"[20.6, 8.7]","[84.1, 30.1]",2,0 days 00:27:33.110000,0 days 00:27:35.961000
122,3938644,Portugal,46,"[36.0, 50.0]","[111.9, 63.9]",2,0 days 00:27:35.961000,0 days 00:28:28.848000
123,3938644,Georgia,2,"[7.5, 47.9]","[10.7, 47.9]",2,0 days 00:28:30.469000,0 days 00:28:44.178000
124,3938644,Portugal,88,"[84.3, 0.1]","[99.3, 22.2]",2,0 days 00:30:51.815000,0 days 00:32:12.715000
125,3938644,Georgia,13,"[20.8, 57.9]","[5.6, 48.1]",2,0 days 00:32:12.715000,0 days 00:32:29.621000
126,3938644,Georgia,9,"[120.0, 0.1]","[97.2, 22.8]",2,0 days 00:33:07.636000,0 days 00:33:24.670000
127,3938644,Portugal,14,"[8.2, 55.5]","[116.0, 56.2]",2,0 days 00:33:24.670000,0 days 00:33:45.311000
128,3938644,Georgia,6,"[6.3, 49.6]","[40.7, 14.1]",2,0 days 00:34:16.546000,0 days 00:34:23.972000
129,3938644,Portugal,29,"[49.9, 26.2]","[9.5, 24.8]",2,0 days 00:34:24.833000,0 days 00:34:48.765000
130,3938644,Portugal,10,"[120.0, 80.0]","[34.9, 24.1]",2,0 days 00:35:14.452000,0 days 00:35:21.803000
131,3938644,Portugal,71,"[80.5, 80.0]","[79.0, 4.6]",2,0 days 00:36:19.080000,0 days 00:37:30.322000
132,3938644,Georgia,5,"[50.7, 80.0]","[51.0, 7.0]",2,0 days 00:37:47.136000,0 days 00:37:50.134000
133,3938644,Portugal,12,"[34.1, 4.2]","[62.7, 11.3]",2,0 days 00:37:52.838000,0 days 00:37:59.783000
134,3938644,Georgia,11,"[60.1, 69.7]","[99.5, 2.7]",2,0 days 00:37:59.783000,0 days 00:38:07.835000
135,3938644,Portugal,10,"[98.2, 0.1]","[99.5, 3.4]",2,0 days 00:38:10.183000,0 days 00:38:18.913000
136,3938644,Georgia,27,"[6.5, 48.9]","[42.2, 11.5]",2,0 days 00:38:50.181000,0 days 00:39:02.585000
137,3938644,Portugal,14,"[51.2, 25.0]","[78.1, 73.5]",2,0 days 00:39:03.719000,0 days 00:39:13.898000
138,3938644,Georgia,25,"[34.9, 0.1]","[1.9, 44.8]",2,0 days 00:39:36.221000,0 days 00:39:54.098000
139,3938644,Portugal,45,"[5.8, 43.4]","[96.3, 13.6]",2,0 days 00:40:08.756000,0 days 00:40:45.812000
140,3938644,Georgia,46,"[23.4, 69.5]","[51.2, 75.9]",2,0 days 00:40:45.812000,0 days 00:41:33.955000
141,3938644,Georgia,2,"[54.4, 75.7]","[28.5, 11.7]",2,0 days 00:42:08.741000,0 days 00:42:11.250000
142,3938644,Georgia,14,"[98.0, 80.0]","[96.7, 38.5]",2,0 days 00:42:18.589000,0 days 00:42:25.852000
143,3938644,Portugal,17,"[20.0, 41.2]","[27.0, 8.7]",2,0 days 00:42:26.799000,0 days 00:42:38.916000
144,3938644,Georgia,6,"[86.5, 80.0]","[8.2, 8.5]",2,0 days 00:42:56.246000,0 days 00:43:01.322000
145,3938644,Georgia,5,"[107.4, 80.0]","[117.9, 74.6]",2,0 days 00:43:15.020000,0 days 00:43:16.715000
146,3938644,Portugal,31,"[2.2, 5.5]","[102.5, 16.8]",2,0 days 00:43:16.715000,0 days 00:43:56.080000
147,3938644,Georgia,13,"[6.7, 46.6]","[77.0, 74.4]",2,0 days 00:44:34.657000,0 days 00:45:02.558000
148,3938644,Portugal,53,"[31.5, 12.3]","[9.2, 49.6]",2,0 days 00:45:04.100000,0 days 00:46:26.524000
149,3938644,Portugal,45,"[90.3, 0.1]","[3.3, 43.4]",2,0 days 00:46:31.986000,0 days 00:47:09.685000
150,3938644,Georgia,2,"[6.5, 33.1]","[41.6, 43.4]",2,0 days 00:47:49.199000,0 days 00:47:52.623000
151,3938644,Portugal,32,"[35.6, 23.0]","[3.5, 39.1]",2,0 days 00:47:54.684000,0 days 00:48:24.334000
152,3938644,Portugal,5,"[120.0, 80.0]","[1.5, 38.6]",2,0 days 00:48:45.066000,0 days 00:48:46.718000
153,3938644,Portugal,8,"[120.0, 80.0]","[98.9, 71.8]",2,0 days 00:49:06.321000,0 days 00:49:13.662000
2,3938643,Poland,66,"[61.0, 40.1]","[42.7, 64.8]",1,0 days 00:00:00.420000,0 days 00:01:25.940000
3,3938643,France,31,"[76.3, 13.6]","[109.1, 15.5]",1,0 days 00:01:25.940000,0 days 00:01:48.305000
4,3938643,Poland,15,"[13.5, 61.6]","[47.8, 77.3]",1,0 days 00:01:48.305000,0 days 00:02:00.299000
5,3938643,France,51,"[72.3, 2.8]","[52.6, 3.3]",1,0 days 00:02:00.299000,0 days 00:02:38.003000
6,3938643,France,11,"[62.9, 80.0]","[64.6, 76.6]",1,0 days 00:02:42.342000,0 days 00:02:46.413000
7,3938643,France,30,"[65.6, 77.0]","[2.2, 64.0]",1,0 days 00:02:55.194000,0 days 00:03:13.787000
8,3938643,France,28,"[107.5, 0.1]","[9.3, 45.2]",1,0 days 00:03:33.733000,0 days 00:04:01.939000
9,3938643,France,1,"[120.0, 0.1]","[120.0, 0.1]",1,0 days 00:04:43.062000,0 days 00:04:43.062000
10,3938643,Poland,60,"[6.9, 36.1]","[3.5, 40.2]",1,0 days 00:05:08.739000,0 days 00:05:45.954000
11,3938643,France,5,"[12.4, 30.7]","[93.0, 12.6]",1,0 days 00:05:49.134000,0 days 00:05:57.596000
12,3938643,Poland,31,"[14.7, 57.2]","[51.0, 13.8]",1,0 days 00:05:57.596000,0 days 00:06:26.996000
13,3938643,France,63,"[70.6, 0.1]","[112.1, 37.8]",1,0 days 00:06:34.319000,0 days 00:07:36.215000
14,3938643,Poland,4,"[5.2, 27.8]","[84.5, 75.1]",1,0 days 00:07:36.215000,0 days 00:07:41.944000
15,3938643,Poland,23,"[33.9, 0.1]","[89.9, 36.1]",1,0 days 00:07:57.502000,0 days 00:08:25.568000
16,3938643,France,18,"[24.4, 41.6]","[10.7, 2.0]",1,0 days 00:08:25.568000,0 days 00:08:35.955000
17,3938643,France,42,"[14.2, 3.7]","[113.4, 38.2]",1,0 days 00:08:46.360000,0 days 00:09:34.555000
18,3938643,Poland,28,"[5.4, 36.1]","[91.3, 29.8]",1,0 days 00:09:34.555000,0 days 00:10:02.682000
19,3938643,France,45,"[26.6, 56.9]","[1.1, 42.9]",1,0 days 00:10:02.682000,0 days 00:10:40.047000
20,3938643,France,30,"[120.0, 0.1]","[92.0, 25.6]",1,0 days 00:11:02.575000,0 days 00:11:25.799000
21,3938643,Poland,9,"[25.0, 53.5]","[15.7, 76.8]",1,0 days 00:11:25.799000,0 days 00:11:31.546000
22,3938643,France,10,"[100.5, 0.1]","[107.9, 11.7]",1,0 days 00:11:45.406000,0 days 00:11:51.704000
23,3938643,Poland,15,"[12.2, 68.4]","[97.1, 4.0]",1,0 days 00:11:51.704000,0 days 00:11:59.498000
24,3938643,Poland,28,"[26.3, 80.0]","[101.7, 44.1]",1,0 days 00:12:22.236000,0 days 00:12:46.282000
25,3938643,France,17,"[20.9, 31.2]","[79.8, 5.1]",1,0 days 00:12:46.282000,0 days 00:12:55.746000
26,3938643,Poland,31,"[7.0, 37.2]","[4.4, 44.6]",1,0 days 00:13:08.011000,0 days 00:13:32.547000
27,3938643,Poland,4,"[120.0, 0.1]","[106.1, 38.3]",1,0 days 00:14:06.287000,0 days 00:14:08.552000
28,3938643,France,3,"[1.5, 40.8]","[10.1, 36.6]",1,0 days 00:14:09.198000,0 days 00:14:11.352000
29,3938643,France,63,"[8.5, 37.0]","[96.4, 21.8]",1,0 days 00:14:49.780000,0 days 00:15:52.958000
30,3938643,Poland,57,"[23.7, 58.3]","[11.4, 69.4]",1,0 days 00:15:52.958000,0 days 00:16:36.712000
31,3938643,Poland,9,"[106.7, 0.1]","[2.3, 40.4]",1,0 days 00:16:42.930000,0 days 00:16:51.065000
32,3938643,France,20,"[5.5, 49.4]","[50.1, 79.0]",1,0 days 00:17:05.768000,0 days 00:17:29.902000
33,3938643,Poland,21,"[58.8, 0.1]","[59.1, 75.2]",1,0 days 00:17:39.762000,0 days 00:18:00.990000
34,3938643,France,21,"[61.0, 4.9]","[60.9, 19.2]",1,0 days 00:18:00.990000,0 days 00:18:13.587000
35,3938643,Poland,16,"[59.8, 66.6]","[39.5, 30.8]",1,0 days 00:18:13.587000,0 days 00:18:31.440000
36,3938643,France,13,"[46.8, 45.1]","[111.9, 58.8]",1,0 days 00:18:33.973000,0 days 00:18:47.548000
37,3938643,Poland,4,"[6.9, 31.3]","[61.3, 19.9]",1,0 days 00:19:08.077000,0 days 00:19:14.935000
38,3938643,France,15,"[57.7, 64.4]","[71.3, 3.1]",1,0 days 00:19:14.935000,0 days 00:19:27.389000
39,3938643,France,78,"[78.5, 6.1]","[107.9, 67.5]",1,0 days 00:19:56.252000,0 days 00:21:07.779000
40,3938643,Poland,4,"[10.9, 14.1]","[9.1, 15.5]",1,0 days 00:21:07.859000,0 days 00:21:08.625000
41,3938643,Poland,14,"[12.7, 16.2]","[63.5, 20.1]",1,0 days 00:21:48.608000,0 days 00:22:00.932000
42,3938643,Poland,43,"[63.5, 20.1]","[9.0, 48.2]",1,0 days 00:22:10.571000,0 days 00:22:48.444000
43,3938643,Poland,2,"[120.0, 0.1]","[8.4, 35.6]",1,0 days 00:23:19.869000,0 days 00:23:21.563000
44,3938643,France,5,"[23.4, 23.5]","[42.5, 16.3]",1,0 days 00:23:23.475000,0 days 00:23:25.128000
45,3938643,France,32,"[55.7, 8.3]","[94.9, 24.2]",1,0 days 00:23:49.423000,0 days 00:24:22.142000
46,3938643,Poland,42,"[25.2, 55.9]","[4.7, 46.2]",1,0 days 00:24:22.142000,0 days 00:24:55.847000
47,3938643,France,2,"[120.0, 0.1]","[115.6, 44.4]",1,0 days 00:25:32.378000,0 days 00:25:34.060000
48,3938643,Poland,18,"[4.3, 38.1]","[69.4, 78.5]",1,0 days 00:25:34.060000,0 days 00:26:07.230000
49,3938643,France,14,"[49.7, 3.0]","[107.7, 8.3]",1,0 days 00:26:07.230000,0 days 00:26:22.884000
50,3938643,Poland,21,"[6.7, 42.7]","[62.1, 77.6]",1,0 days 00:26:57.303000,0 days 00:27:09.667000
51,3938643,Poland,48,"[48.9, 0.1]","[54.3, 20.3]",1,0 days 00:29:22.961000,0 days 00:30:06.423000
52,3938643,France,15,"[65.8, 59.8]","[101.5, 69.7]",1,0 days 00:30:06.423000,0 days 00:30:12.688000
53,3938643,Poland,48,"[24.2, 16.6]","[100.2, 33.3]",1,0 days 00:30:14.175000,0 days 00:30:55.878000
54,3938643,France,83,"[13.0, 52.3]","[99.2, 47.6]",1,0 days 00:30:55.878000,0 days 00:32:28.059000
55,3938643,Poland,49,"[21.2, 33.8]","[1.2, 40.3]",1,0 days 00:32:28.237000,0 days 00:33:15.577000
56,3938643,France,43,"[6.0, 33.3]","[47.6, 70.5]",1,0 days 00:33:37.281000,0 days 00:34:16.609000
57,3938643,Poland,34,"[55.3, 69.6]","[53.0, 78.8]",1,0 days 00:34:17.311000,0 days 00:34:55.722000
58,3938643,Poland,3,"[65.2, 0.1]","[95.3, 3.7]",1,0 days 00:35:19.259000,0 days 00:35:20.734000
59,3938643,France,45,"[19.8, 77.4]","[85.3, 34.1]",1,0 days 00:35:21.636000,0 days 00:36:00.444000
60,3938643,Poland,11,"[31.1, 44.1]","[52.2, 30.5]",1,0 days 00:36:00.788000,0 days 00:36:05.988000
61,3938643,France,3,"[60.3, 38.3]","[63.0, 46.8]",1,0 days 00:36:07.915000,0 days 00:36:29.841000
64,3938643,France,27,"[66.2, 60.0]","[1.7, 39.5]",1,0 days 00:36:46.828000,0 days 00:37:06.260000
65,3938643,France,12,"[120.0, 0.1]","[0.8, 39.7]",1,0 days 00:37:32.596000,0 days 00:37:39.564000
66,3938643,Poland,9,"[6.5, 39.2]","[3.6, 40.8]",1,0 days 00:38:12.439000,0 days 00:38:18.259000
67,3938643,France,11,"[6.0, 33.5]","[35.4, 2.0]",1,0 days 00:38:35.777000,0 days 00:38:44.991000
68,3938643,France,11,"[34.6, 3.8]","[26.1, 3.1]",1,0 days 00:38:48.815000,0 days 00:39:02.931000
69,3938643,Poland,3,"[7.0, 34.4]","[85.0, 30.5]",1,0 days 00:39:41.370000,0 days 00:39:45.524000
70,3938643,France,96,"[35.1, 49.6]","[2.3, 46.2]",1,0 days 00:39:45.524000,0 days 00:41:11.496000
71,3938643,France,5,"[120.0, 80.0]","[0.3, 40.4]",1,0 days 00:41:34.107000,0 days 00:41:37.109000
72,3938643,Poland,11,"[6.5, 32.5]","[48.1, 38.0]",1,0 days 00:41:56.915000,0 days 00:42:06.331000
73,3938643,Poland,6,"[51.9, 41.4]","[106.1, 42.9]",1,0 days 00:42:53.298000,0 days 00:43:02.158000
74,3938643,France,24,"[2.5, 33.0]","[3.5, 38.1]",1,0 days 00:43:08.502000,0 days 00:43:39.320000
75,3938643,France,40,"[89.0, 0.1]","[1.3, 45.8]",1,0 days 00:44:01.179000,0 days 00:44:25.515000
76,3938643,France,11,"[120.0, 0.1]","[17.1, 65.9]",1,0 days 00:44:40.429000,0 days 00:44:50.491000
77,3938643,France,14,"[77.7, 0.1]","[118.7, 10.0]",1,0 days 00:44:56.528000,0 days 00:45:10.997000
78,3938643,Poland,18,"[7.0, 34.8]","[82.4, 40.9]",1,0 days 00:45:42.863000,0 days 00:45:55.029000
79,3938643,France,20,"[38.5, 36.4]","[101.1, 3.8]",1,0 days 00:45:55.029000,0 days 00:46:06.538000
80,3938643,France,3,"[98.7, 4.1]","[6.0, 37.0]",1,0 days 00:46:57.212000,0 days 00:46:58.813000
81,3938643,France,18,"[61.0, 40.1]","[70.9, 24.6]",2,0 days 00:00:00.165000,0 days 00:00:15.173000
82,3938643,France,89,"[70.6, 25.0]","[101.2, 66.0]",2,0 days 00:00:22.133000,0 days 00:01:30.631000
83,3938643,Poland,31,"[21.8, 19.9]","[95.2, 57.9]",2,0 days 00:01:57.085000,0 days 00:02:18.923000
84,3938643,France,7,"[22.3, 24.2]","[84.8, 72.8]",2,0 days 00:02:20.372000,0 days 00:02:26.485000
85,3938643,France,23,"[35.6, 0.1]","[1.6, 38.3]",2,0 days 00:02:32.522000,0 days 00:02:51.566000
86,3938643,France,48,"[120.0, 80.0]","[2.6, 41.7]",2,0 days 00:03:12.552000,0 days 00:03:57.392000
87,3938643,Poland,27,"[6.0, 35.2]","[64.7, 61.9]",2,0 days 00:04:12.177000,0 days 00:04:34.624000
88,3938643,France,21,"[65.8, 62.5]","[76.4, 27.6]",2,0 days 00:04:34.770000,0 days 00:04:48.725000
89,3938643,France,52,"[43.9, 52.5]","[100.0, 31.3]",2,0 days 00:05:04.225000,0 days 00:05:50.492000
90,3938643,Poland,5,"[21.5, 47.5]","[22.4, 47.1]",2,0 days 00:05:50.956000,0 days 00:05:52.434000
91,3938643,Poland,19,"[23.2, 47.3]","[84.8, 8.5]",2,0 days 00:06:13.930000,0 days 00:06:34.801000
92,3938643,France,22,"[35.3, 60.3]","[11.6, 52.6]",2,0 days 00:06:34.801000,0 days 00:06:54.048000
93,3938643,Poland,17,"[12.4, 48.3]","[51.6, 72.0]",2,0 days 00:07:31.171000,0 days 00:07:41.719000
94,3938643,Poland,4,"[55.7, 74.2]","[62.5, 71.9]",2,0 days 00:08:14.309000,0 days 00:08:16.397000
95,3938643,France,12,"[57.6, 8.2]","[78.7, 10.6]",2,0 days 00:08:16.397000,0 days 00:08:21.858000
96,3938643,Poland,3,"[41.4, 69.5]","[34.8, 65.4]",2,0 days 00:08:21.858000,0 days 00:08:22.798000
97,3938643,Poland,23,"[35.2, 64.7]","[85.2, 23.2]",2,0 days 00:08:40.205000,0 days 00:08:58.498000
98,3938643,France,24,"[34.0, 55.0]","[109.1, 61.1]",2,0 days 00:08:59.543000,0 days 00:09:22.500000
99,3938643,France,2,"[108.1, 40.1]","[1.0, 40.0]",2,0 days 00:10:37.993000,0 days 00:10:38.870000
100,3938643,Poland,25,"[60.0, 40.0]","[110.2, 23.6]",2,0 days 00:11:43.834000,0 days 00:12:00.610000
101,3938643,France,9,"[11.5, 51.6]","[12.8, 66.0]",2,0 days 00:12:00.855000,0 days 00:12:11.745000
102,3938643,France,5,"[15.4, 80.0]","[33.9, 77.0]",2,0 days 00:12:34.627000,0 days 00:12:37.845000
103,3938643,Poland,49,"[85.8, 0.1]","[55.1, 78.5]",2,0 days 00:12:40.959000,0 days 00:13:44.744000
104,3938643,France,68,"[49.8, 80.0]","[117.6, 65.0]",2,0 days 00:13:50.885000,0 days 00:14:48.592000
105,3938643,Poland,41,"[6.0, 34.8]","[62.4, 1.7]",2,0 days 00:15:53.112000,0 days 00:16:27.182000
106,3938643,France,5,"[56.3, 80.0]","[104.2, 44.4]",2,0 days 00:17:16.710000,0 days 00:17:22.319000
107,3938643,Poland,33,"[15.9, 33.9]","[95.1, 23.4]",2,0 days 00:17:22.319000,0 days 00:17:47.488000
108,3938643,France,9,"[28.2, 61.6]","[116.4, 40.4]",2,0 days 00:17:47.488000,0 days 00:18:01.049000
109,3938643,Poland,38,"[6.0, 39.2]","[25.0, 60.3]",2,0 days 00:18:15.543000,0 days 00:18:53.821000
110,3938643,France,39,"[34.8, 62.8]","[86.6, 33.5]",2,0 days 00:18:55.295000,0 days 00:19:25.511000
111,3938643,Poland,45,"[33.5, 46.6]","[50.3, 6.8]",2,0 days 00:19:25.511000,0 days 00:20:03.970000
112,3938643,France,10,"[73.1, 75.5]","[2.7, 39.2]",2,0 days 00:20:05.055000,0 days 00:20:10.735000
113,3938643,France,5,"[120.0, 0.1]","[12.3, 30.7]",2,0 days 00:20:48.354000,0 days 00:20:50.744000
114,3938643,Poland,37,"[2.8, 39.6]","[94.0, 14.7]",2,0 days 00:20:52.167000,0 days 00:21:28.027000
115,3938643,France,12,"[25.7, 63.3]","[70.5, 23.6]",2,0 days 00:21:28.027000,0 days 00:21:46.747000
116,3938643,France,28,"[71.5, 23.8]","[50.3, 51.4]",2,0 days 00:22:39.972000,0 days 00:22:59.498000
117,3938643,France,34,"[49.3, 51.8]","[54.2, 1.9]",2,0 days 00:23:24.028000,0 days 00:23:48.508000
118,3938643,France,19,"[66.6, 80.0]","[107.3, 56.1]",2,0 days 00:23:57.494000,0 days 00:24:14.753000
119,3938643,Poland,5,"[9.9, 29.8]","[112.9, 55.3]",2,0 days 00:24:14.753000,0 days 00:24:16.550000
120,3938643,Poland,47,"[5.9, 38.3]","[51.0, 28.5]",2,0 days 00:24:29.909000,0 days 00:25:19.456000
121,3938643,Poland,47,"[49.7, 35.3]","[78.3, 17.7]",2,0 days 00:25:35.297000,0 days 00:26:15.486000
122,3938643,France,19,"[41.8, 62.4]","[3.7, 41.5]",2,0 days 00:26:15.486000,0 days 00:26:26.793000
123,3938643,France,9,"[7.0, 45.3]","[72.6, 21.6]",2,0 days 00:27:02.481000,0 days 00:27:12.006000
124,3938643,France,55,"[68.3, 21.8]","[97.6, 51.4]",2,0 days 00:27:24.220000,0 days 00:28:07.740000
125,3938643,Poland,19,"[16.8, 24.6]","[18.8, 73.6]",2,0 days 00:28:08.694000,0 days 00:28:25.235000
126,3938643,Poland,29,"[88.8, 0.1]","[106.1, 35.2]",2,0 days 00:28:31.720000,0 days 00:28:50.111000
127,3938643,Poland,2,"[108.0, 40.0]","[1.0, 40.0]",2,0 days 00:33:13.217000,0 days 00:33:13.802000
128,3938643,France,16,"[61.0, 40.1]","[55.4, 6.4]",2,0 days 00:34:15.700000,0 days 00:34:28.643000
129,3938643,Poland,75,"[64.7, 73.7]","[1.4, 66.5]",2,0 days 00:34:28.643000,0 days 00:35:29.283000
130,3938643,Poland,27,"[108.8, 0.1]","[1.6, 43.7]",2,0 days 00:35:59.495000,0 days 00:36:23.243000
131,3938643,France,26,"[7.0, 43.7]","[80.0, 53.5]",2,0 days 00:36:37.575000,0 days 00:37:05.207000
132,3938643,Poland,10,"[48.2, 18.5]","[51.7, 73.1]",2,0 days 00:37:05.207000,0 days 00:37:10.411000
133,3938643,Poland,5,"[64.6, 0.1]","[82.5, 4.0]",2,0 days 00:37:22.326000,0 days 00:37:26.407000
134,3938643,France,22,"[28.0, 77.1]","[55.7, 35.2]",2,0 days 00:37:26.407000,0 days 00:37:52.444000
135,3938643,Poland,25,"[53.0, 45.5]","[9.7, 35.2]",2,0 days 00:37:52.444000,0 days 00:38:20.747000
136,3938643,Poland,7,"[120.0, 80.0]","[1.4, 40.3]",2,0 days 00:38:54.563000,0 days 00:38:58.126000
137,3938643,France,59,"[3.4, 23.4]","[1.0, 38.6]",2,0 days 00:39:01.685000,0 days 00:39:45.927000
138,3938643,France,13,"[120.0, 0.1]","[28.8, 71.8]",2,0 days 00:40:49.874000,0 days 00:40:58.307000
139,3938643,France,9,"[96.3, 0.1]","[7.8, 33.3]",2,0 days 00:41:02.876000,0 days 00:41:10.821000
140,3938643,France,31,"[120.0, 80.0]","[2.9, 41.3]",2,0 days 00:41:25.695000,0 days 00:41:53.072000
141,3938643,Poland,6,"[16.4, 58.3]","[107.5, 4.4]",2,0 days 00:41:54.102000,0 days 00:41:57.851000
142,3938643,Poland,38,"[12.6, 80.0]","[60.3, 24.2]",2,0 days 00:42:29.784000,0 days 00:42:51.385000
143,3938643,Poland,9,"[63.0, 22.9]","[99.9, 17.3]",2,0 days 00:42:55.109000,0 days 00:43:03.487000
144,3938643,France,6,"[19.1, 65.5]","[98.6, 5.9]",2,0 days 00:43:03.487000,0 days 00:43:07.459000
145,3938643,France,4,"[26.7, 80.0]","[49.1, 72.3]",2,0 days 00:43:15.843000,0 days 00:43:17.081000
146,3938643,France,44,"[49.1, 72.3]","[108.7, 35.9]",2,0 days 00:43:33.226000,0 days 00:44:24.004000
147,3938643,Poland,11,"[13.0, 45.7]","[45.7, 49.8]",2,0 days 00:44:24.004000,0 days 00:44:29.806000
148,3938643,Poland,23,"[49.2, 50.0]","[39.2, 76.6]",2,0 days 00:44:45.732000,0 days 00:45:15.031000
149,3938643,France,9,"[80.9, 3.5]","[5.1, 55.9]",2,0 days 00:45:15.031000,0 days 00:45:21.615000
150,3938643,France,44,"[120.0, 0.1]","[16.0, 48.7]",2,0 days 00:45:36.742000,0 days 00:46:22.538000
151,3938643,Poland,1,"[2.1, 41.7]","[2.1, 41.7]",2,0 days 00:46:23.747000,0 days 00:46:23.747000
152,3938643,Poland,7,"[11.1, 43.3]","[57.1, 62.9]",2,0 days 00:46:39.029000,0 days 00:46:44.782000
153,3938643,France,26,"[63.3, 13.9]","[78.6, 5.1]",2,0 days 00:46:45.207000,0 days 00:46:55.145000
154,3938643,France,3,"[90.1, 6.6]","[112.2, 49.1]",2,0 days 00:47:34.924000,0 days 00:47:37.283000
155,3938643,Poland,15,"[6.0, 32.9]","[78.9, 74.7]",2,0 days 00:48:14.931000,0 days 00:48:29.168000
156,3938643,France,28,"[25.9, 0.1]","[67.3, 72.9]",2,0 days 00:48:33.467000,0 days 00:49:07.751000
157,3938643,Poland,4,"[50.1, 7.6]","[70.2, 72.7]",2,0 days 00:49:08.764000,0 days 00:49:09.062000
158,3938643,Poland,5,"[51.0, 0.1]","[76.8, 3.0]",2,0 days 00:49:37.415000,0 days 00:49:39.148000
159,3938643,France,25,"[24.1, 76.8]","[49.2, 65.2]",2,0 days 00:49:42.094000,0 days 00:50:12.342000
160,3938643,Poland,3,"[62.5, 65.6]","[22.1, 10.4]",2,0 days 00:50:44.168000,0 days 00:50:46.385000
2,3938638,Ukraine,137,"[60.0, 40.0]","[90.9, 26.9]",1,0 days 00:00:00.917000,0 days 00:02:23.048000
3,3938638,Romania,4,"[13.4, 54.6]","[87.7, 74.7]",1,0 days 00:02:24.108000,0 days 00:02:46.514000
4,3938638,Ukraine,6,"[35.6, 9.2]","[48.9, 15.7]",1,0 days 00:02:46.514000,0 days 00:02:50.319000
5,3938638,Romania,34,"[62.8, 70.5]","[111.3, 50.8]",1,0 days 00:02:52.019000,0 days 00:03:29.693000
6,3938638,Ukraine,49,"[3.3, 35.4]","[49.5, 71.1]",1,0 days 00:03:29.693000,0 days 00:04:52.639000
7,3938638,Romania,6,"[57.3, 0.1]","[52.6, 54.7]",1,0 days 00:05:17.360000,0 days 00:05:20.917000
8,3938638,Ukraine,39,"[47.2, 51.8]","[86.7, 3.7]",1,0 days 00:05:37.814000,0 days 00:06:08.582000
9,3938638,Romania,10,"[31.7, 80.0]","[41.9, 70.5]",1,0 days 00:06:29.623000,0 days 00:06:34.118000
10,3938638,Ukraine,63,"[78.2, 9.6]","[30.5, 69.6]",1,0 days 00:06:34.118000,0 days 00:07:25.568000
11,3938638,Romania,13,"[38.1, 65.6]","[89.9, 33.0]",1,0 days 00:07:26.086000,0 days 00:07:40.931000
12,3938638,Ukraine,1,"[0.9, 40.5]","[0.9, 40.5]",1,0 days 00:07:41.823000,0 days 00:07:41.823000
13,3938638,Ukraine,2,"[11.7, 34.7]","[27.6, 9.8]",1,0 days 00:07:44.049000,0 days 00:07:47.072000
15,3938638,Ukraine,60,"[33.1, 9.6]","[105.5, 3.9]",1,0 days 00:08:24.923000,0 days 00:09:21.566000
16,3938638,Romania,4,"[28.6, 80.0]","[41.9, 78.3]",1,0 days 00:09:42.961000,0 days 00:09:44.790000
17,3938638,Ukraine,43,"[74.4, 4.8]","[24.1, 60.6]",1,0 days 00:09:44.790000,0 days 00:10:28.416000
18,3938638,Ukraine,8,"[91.5, 0.1]","[38.9, 74.1]",1,0 days 00:10:43.997000,0 days 00:10:46.878000
19,3938638,Ukraine,5,"[89.6, 0.1]","[100.0, 37.7]",1,0 days 00:11:04.975000,0 days 00:11:08.276000
20,3938638,Romania,8,"[20.1, 42.4]","[18.2, 41.8]",1,0 days 00:11:08.276000,0 days 00:11:10.667000
21,3938638,Ukraine,50,"[30.1, 44.5]","[108.0, 6.0]",1,0 days 00:11:16.570000,0 days 00:12:16.980000
22,3938638,Romania,27,"[7.0, 38.2]","[112.0, 64.2]",1,0 days 00:12:42.694000,0 days 00:13:12.396000
23,3938638,Ukraine,14,"[8.1, 15.9]","[10.4, 19.2]",1,0 days 00:13:12.396000,0 days 00:13:26.918000
24,3938638,Romania,42,"[3.6, 33.1]","[94.2, 66.1]",1,0 days 00:13:28.618000,0 days 00:14:26.967000
25,3938638,Ukraine,53,"[25.9, 14.0]","[90.3, 7.3]",1,0 days 00:14:26.967000,0 days 00:15:21.241000
26,3938638,Romania,42,"[31.1, 80.0]","[99.1, 37.5]",1,0 days 00:15:42.074000,0 days 00:16:09.650000
27,3938638,Ukraine,35,"[21.0, 42.6]","[90.3, 21.9]",1,0 days 00:16:09.650000,0 days 00:16:55.530000
28,3938638,Romania,5,"[29.8, 58.2]","[27.3, 53.0]",1,0 days 00:16:55.530000,0 days 00:16:55.975000
29,3938638,Romania,10,"[33.4, 55.3]","[30.1, 18.3]",1,0 days 00:17:34.491000,0 days 00:17:46.324000
30,3938638,Ukraine,128,"[37.9, 19.5]","[82.9, 26.7]",1,0 days 00:17:47.445000,0 days 00:19:34.738000
31,3938638,Romania,12,"[40.2, 55.1]","[109.9, 66.1]",1,0 days 00:19:34.738000,0 days 00:19:46.255000
32,3938638,Ukraine,49,"[6.0, 36.6]","[8.5, 35.0]",1,0 days 00:19:53.949000,0 days 00:20:43.929000
33,3938638,Ukraine,15,"[120.0, 80.0]","[6.2, 40.5]",1,0 days 00:21:18.572000,0 days 00:21:30.047000
34,3938638,Romania,12,"[7.0, 38.8]","[100.2, 71.7]",1,0 days 00:21:46.099000,0 days 00:21:56.095000
35,3938638,Romania,22,"[7.9, 0.1]","[97.5, 70.0]",1,0 days 00:22:18.484000,0 days 00:22:32.855000
36,3938638,Romania,20,"[22.0, 0.1]","[14.7, 18.6]",1,0 days 00:22:51.135000,0 days 00:23:07.999000
37,3938638,Ukraine,15,"[2.7, 36.4]","[8.8, 22.1]",1,0 days 00:23:09.287000,0 days 00:23:44.980000
38,3938638,Ukraine,4,"[120.0, 80.0]","[74.3, 50.8]",1,0 days 00:24:14.310000,0 days 00:24:18.084000
39,3938638,Romania,5,"[48.9, 0.1]","[70.1, 6.7]",1,0 days 00:24:45.780000,0 days 00:24:47.077000
40,3938638,Ukraine,77,"[48.2, 80.0]","[117.9, 22.6]",1,0 days 00:24:52.793000,0 days 00:26:14.972000
41,3938638,Romania,18,"[2.2, 57.5]","[8.6, 22.2]",1,0 days 00:26:14.972000,0 days 00:26:34.108000
42,3938638,Romania,53,"[120.0, 80.0]","[100.3, 76.1]",1,0 days 00:27:16.916000,0 days 00:28:15.771000
43,3938638,Ukraine,27,"[2.6, 39.6]","[4.4, 37.1]",1,0 days 00:28:17.341000,0 days 00:28:42.331000
44,3938638,Romania,7,"[93.1, 65.0]","[1.1, 38.7]",1,0 days 00:28:43.318000,0 days 00:28:47.359000
45,3938638,Ukraine,19,"[60.0, 40.0]","[41.4, 59.3]",1,0 days 00:30:09.622000,0 days 00:30:29.089000
46,3938638,Romania,26,"[29.6, 59.1]","[49.3, 71.2]",1,0 days 00:30:30.186000,0 days 00:30:53.467000
47,3938638,Romania,5,"[68.6, 0.1]","[39.5, 72.7]",1,0 days 00:31:13.903000,0 days 00:31:15.956000
48,3938638,Ukraine,9,"[40.1, 66.0]","[78.4, 4.7]",1,0 days 00:31:16.814000,0 days 00:31:19.488000
49,3938638,Ukraine,4,"[41.5, 80.0]","[34.9, 77.6]",1,0 days 00:31:46.152000,0 days 00:31:50.405000
50,3938638,Romania,7,"[85.4, 0.1]","[99.7, 5.2]",1,0 days 00:32:25.316000,0 days 00:32:28.185000
51,3938638,Romania,2,"[99.5, 7.8]","[7.3, 43.4]",1,0 days 00:33:15.499000,0 days 00:33:16.716000
52,3938638,Romania,19,"[120.0, 0.1]","[43.2, 71.9]",1,0 days 00:34:08.148000,0 days 00:34:22.951000
53,3938638,Romania,34,"[84.3, 0.1]","[64.5, 15.7]",1,0 days 00:34:27.627000,0 days 00:35:11.142000
54,3938638,Ukraine,11,"[49.3, 80.0]","[7.5, 42.6]",1,0 days 00:35:21.429000,0 days 00:35:36.834000
55,3938638,Ukraine,14,"[120.0, 80.0]","[115.7, 44.7]",1,0 days 00:36:07.904000,0 days 00:36:18.712000
56,3938638,Romania,12,"[16.6, 41.5]","[109.7, 59.7]",1,0 days 00:36:21.075000,0 days 00:36:42.512000
57,3938638,Ukraine,45,"[2.6, 39.2]","[19.5, 37.8]",1,0 days 00:36:54.153000,0 days 00:37:38.334000
58,3938638,Romania,11,"[23.4, 40.9]","[1.2, 37.3]",1,0 days 00:37:39.759000,0 days 00:37:55.388000
59,3938638,Romania,6,"[120.1, 0.8]","[113.0, 63.7]",1,0 days 00:38:43.510000,0 days 00:38:56.835000
60,3938638,Ukraine,5,"[8.1, 18.7]","[22.4, 18.9]",1,0 days 00:38:57.502000,0 days 00:39:00.154000
61,3938638,Ukraine,56,"[23.1, 23.8]","[111.3, 59.8]",1,0 days 00:39:23.353000,0 days 00:40:24.957000
62,3938638,Romania,5,"[6.3, 40.3]","[64.5, 21.6]",1,0 days 00:40:59.336000,0 days 00:41:06.747000
63,3938638,Ukraine,32,"[48.7, 50.4]","[2.0, 56.2]",1,0 days 00:41:06.747000,0 days 00:41:30.213000
64,3938638,Romania,8,"[7.0, 39.8]","[66.4, 54.5]",1,0 days 00:42:08.886000,0 days 00:43:36.126000
66,3938638,Ukraine,39,"[49.3, 54.7]","[40.8, 24.4]",1,0 days 00:43:39.358000,0 days 00:44:16.804000
67,3938638,Romania,9,"[41.0, 23.4]","[35.1, 29.5]",1,0 days 00:44:17.295000,0 days 00:44:22.384000
68,3938638,Romania,17,"[34.4, 28.9]","[28.2, 57.2]",1,0 days 00:44:47.633000,0 days 00:45:01.534000
69,3938638,Ukraine,4,"[36.0, 60.9]","[57.6, 53.1]",1,0 days 00:45:08.679000,0 days 00:45:12.724000
70,3938638,Romania,20,"[58.1, 35.0]","[57.4, 9.6]",1,0 days 00:45:12.724000,0 days 00:45:27.744000
71,3938638,Ukraine,12,"[63.6, 75.0]","[98.6, 31.8]",1,0 days 00:45:27.744000,0 days 00:45:37.418000
72,3938638,Romania,38,"[4.6, 59.1]","[53.9, 35.5]",1,0 days 00:45:37.418000,0 days 00:46:25.835000
73,3938638,Ukraine,19,"[55.4, 36.1]","[104.3, 56.3]",1,0 days 00:46:26.035000,0 days 00:46:43.585000
74,3938638,Romania,3,"[2.5, 25.3]","[16.4, 30.8]",1,0 days 00:46:43.585000,0 days 00:46:58.655000
75,3938638,Romania,6,"[60.0, 40.0]","[87.0, 69.7]",2,0 days 00:00:00.760000,0 days 00:00:06.745000
76,3938638,Ukraine,16,"[33.1, 10.4]","[52.9, 54.3]",2,0 days 00:00:06.745000,0 days 00:00:20.964000
77,3938638,Romania,12,"[68.2, 21.3]","[1.4, 42.5]",2,0 days 00:00:20.964000,0 days 00:00:29.726000
78,3938638,Ukraine,59,"[7.0, 41.8]","[96.9, 5.7]",2,0 days 00:00:43.487000,0 days 00:02:00.472000
79,3938638,Romania,6,"[21.5, 80.0]","[25.2, 63.6]",2,0 days 00:02:17.358000,0 days 00:02:19.508000
80,3938638,Ukraine,97,"[91.6, 12.2]","[1.8, 41.8]",2,0 days 00:02:20.187000,0 days 00:04:06.039000
81,3938638,Romania,17,"[6.0, 40.0]","[96.1, 70.3]",2,0 days 00:04:42.477000,0 days 00:04:55.967000
82,3938638,Ukraine,6,"[16.3, 0.1]","[14.1, 4.7]",2,0 days 00:05:11.420000,0 days 00:05:13.155000
83,3938638,Romania,11,"[101.4, 73.7]","[4.7, 32.3]",2,0 days 00:05:13.155000,0 days 00:05:20.332000
84,3938638,Romania,27,"[109.1, 80.0]","[79.3, 30.7]",2,0 days 00:05:33.530000,0 days 00:05:51.331000
85,3938638,Ukraine,13,"[40.8, 49.4]","[12.2, 52.5]",2,0 days 00:05:51.331000,0 days 00:06:10.437000
86,3938638,Ukraine,13,"[120.0, 0.1]","[1.2, 42.4]",2,0 days 00:06:34.855000,0 days 00:06:43.163000
87,3938638,Ukraine,7,"[110.4, 80.0]","[109.9, 77.9]",2,0 days 00:07:04.877000,0 days 00:07:07.205000
88,3938638,Romania,22,"[10.2, 2.2]","[0.5, 40.3]",2,0 days 00:07:07.205000,0 days 00:07:26.027000
89,3938638,Ukraine,38,"[61.0, 40.1]","[109.7, 39.4]",2,0 days 00:09:00.169000,0 days 00:09:41.764000
90,3938638,Romania,13,"[9.0, 34.7]","[51.6, 72.0]",2,0 days 00:09:41.764000,0 days 00:10:08.729000
91,3938638,Ukraine,28,"[62.5, 15.1]","[41.8, 18.1]",2,0 days 00:10:09.743000,0 days 00:10:24.838000
92,3938638,Romania,46,"[69.6, 68.6]","[1.2, 36.0]",2,0 days 00:10:24.838000,0 days 00:11:00.702000
93,3938638,Romania,15,"[120.0, 80.0]","[1.0, 35.9]",2,0 days 00:11:22.869000,0 days 00:11:28.305000
94,3938638,Ukraine,19,"[61.0, 40.1]","[13.4, 7.5]",2,0 days 00:12:55.554000,0 days 00:13:15.549000
95,3938638,Ukraine,6,"[76.7, 80.0]","[73.1, 27.6]",2,0 days 00:13:32.810000,0 days 00:13:41.684000
96,3938638,Romania,4,"[21.0, 0.1]","[37.6, 1.5]",2,0 days 00:14:48.866000,0 days 00:14:51.080000
97,3938638,Ukraine,50,"[79.8, 80.0]","[110.4, 66.6]",2,0 days 00:14:55.728000,0 days 00:15:59.803000
98,3938638,Romania,13,"[6.0, 38.5]","[77.3, 14.5]",2,0 days 00:17:31.726000,0 days 00:17:40.772000
99,3938638,Ukraine,44,"[42.8, 65.6]","[80.3, 30.4]",2,0 days 00:17:40.772000,0 days 00:18:19.777000
100,3938638,Ukraine,5,"[80.3, 30.0]","[0.8, 38.4]",2,0 days 00:19:07.104000,0 days 00:19:10.251000
101,3938638,Romania,15,"[6.0, 39.0]","[97.3, 7.0]",2,0 days 00:19:40.540000,0 days 00:19:54.021000
102,3938638,Ukraine,15,"[11.7, 0.1]","[98.1, 64.1]",2,0 days 00:20:04.752000,0 days 00:20:22.421000
103,3938638,Romania,10,"[11.0, 24.1]","[75.2, 48.5]",2,0 days 00:20:22.421000,0 days 00:20:40.050000
104,3938638,Ukraine,4,"[49.0, 31.2]","[50.2, 31.9]",2,0 days 00:20:40.736000,0 days 00:20:41.637000
105,3938638,Ukraine,28,"[51.7, 31.2]","[99.6, 56.7]",2,0 days 00:20:48.301000,0 days 00:21:10.719000
106,3938638,Romania,15,"[22.2, 17.0]","[35.4, 39.5]",2,0 days 00:21:12.285000,0 days 00:21:19.011000
107,3938638,Romania,4,"[33.3, 35.9]","[110.1, 6.3]",2,0 days 00:21:51.149000,0 days 00:21:56.547000
108,3938638,Romania,2,"[111.2, 5.6]","[0.5, 41.3]",2,0 days 00:22:43.728000,0 days 00:22:44.877000
109,3938638,Ukraine,23,"[7.0, 42.5]","[79.8, 76.2]",2,0 days 00:22:50.877000,0 days 00:23:16.503000
110,3938638,Romania,26,"[40.3, 3.9]","[70.0, 16.9]",2,0 days 00:23:16.503000,0 days 00:23:35.079000
111,3938638,Ukraine,37,"[70.2, 26.4]","[95.2, 26.9]",2,0 days 00:23:36.785000,0 days 00:24:00.914000
112,3938638,Ukraine,3,"[94.8, 24.9]","[1.2, 39.9]",2,0 days 00:25:07.020000,0 days 00:25:07.531000
113,3938638,Ukraine,10,"[120.0, 0.1]","[91.5, 9.2]",2,0 days 00:25:33.684000,0 days 00:25:46.640000
114,3938638,Romania,1,"[94.8, 6.6]","[94.8, 6.6]",2,0 days 00:26:31.250000,0 days 00:26:31.250000
115,3938638,Ukraine,29,"[7.8, 38.5]","[3.4, 32.3]",2,0 days 00:26:33.299000,0 days 00:27:04.185000
116,3938638,Ukraine,8,"[120.0, 80.0]","[105.6, 37.2]",2,0 days 00:27:56.845000,0 days 00:28:11.744000
117,3938638,Romania,24,"[7.2, 45.3]","[4.4, 20.1]",2,0 days 00:28:11.744000,0 days 00:28:55.138000
118,3938638,Ukraine,28,"[117.3, 79.2]","[87.6, 10.2]",2,0 days 00:28:59.116000,0 days 00:29:21.639000
119,3938638,Romania,4,"[35.2, 72.5]","[81.4, 3.9]",2,0 days 00:29:21.734000,0 days 00:29:25.262000
120,3938638,Romania,20,"[40.6, 80.0]","[101.0, 6.3]",2,0 days 00:30:12.517000,0 days 00:30:30.596000
121,3938638,Ukraine,30,"[23.6, 61.4]","[2.0, 39.7]",2,0 days 00:30:39.734000,0 days 00:31:11.662000
122,3938638,Romania,4,"[7.0, 46.2]","[34.4, 8.0]",2,0 days 00:31:31.662000,0 days 00:31:33.586000
123,3938638,Ukraine,27,"[34.7, 19.6]","[103.2, 42.5]",2,0 days 00:31:37.768000,0 days 00:32:08.950000
124,3938638,Romania,16,"[19.7, 44.9]","[54.7, 45.7]",2,0 days 00:32:10.041000,0 days 00:32:23.722000
125,3938638,Romania,14,"[54.7, 45.7]","[84.9, 31.0]",2,0 days 00:32:58.216000,0 days 00:33:10.572000
126,3938638,Ukraine,13,"[84.2, 30.1]","[87.9, 20.7]",2,0 days 00:33:54.470000,0 days 00:34:24.789000
127,3938638,Romania,8,"[38.6, 59.4]","[109.0, 48.0]",2,0 days 00:34:57.494000,0 days 00:35:07.208000
128,3938638,Ukraine,19,"[13.8, 30.7]","[62.1, 77.8]",2,0 days 00:35:07.208000,0 days 00:35:23.805000
129,3938638,Romania,3,"[30.4, 0.1]","[65.4, 76.4]",2,0 days 00:35:43.116000,0 days 00:35:44.905000
130,3938638,Romania,8,"[61.7, 0.1]","[87.0, 2.8]",2,0 days 00:36:05.534000,0 days 00:36:09.368000
131,3938638,Ukraine,22,"[29.1, 80.0]","[16.2, 8.0]",2,0 days 00:36:13.383000,0 days 00:36:41.795000
132,3938638,Romania,24,"[17.0, 11.0]","[55.8, 8.6]",2,0 days 00:36:43.057000,0 days 00:36:58.343000
133,3938638,Romania,5,"[55.5, 8.9]","[97.8, 64.4]",2,0 days 00:37:40.263000,0 days 00:37:45.097000
134,3938638,Ukraine,31,"[22.3, 15.7]","[57.4, 66.3]",2,0 days 00:37:45.097000,0 days 00:38:14.792000
135,3938638,Romania,12,"[62.7, 13.5]","[61.9, 19.9]",2,0 days 00:38:15.338000,0 days 00:38:19.470000
136,3938638,Ukraine,10,"[58.2, 60.2]","[2.6, 44.1]",2,0 days 00:38:19.470000,0 days 00:39:26.705000
137,3938638,Romania,10,"[6.0, 39.8]","[77.8, 52.4]",2,0 days 00:39:53.456000,0 days 00:40:01.850000
138,3938638,Ukraine,19,"[42.3, 27.7]","[101.0, 52.4]",2,0 days 00:40:01.850000,0 days 00:40:27.896000
139,3938638,Romania,5,"[4.4, 38.2]","[76.1, 38.9]",2,0 days 00:41:30.067000,0 days 00:41:36.071000
140,3938638,Ukraine,23,"[40.2, 33.5]","[101.0, 24.7]",2,0 days 00:41:36.071000,0 days 00:41:54.839000
141,3938638,Romania,3,"[5.5, 41.5]","[51.9, 22.5]",2,0 days 00:42:23.459000,0 days 00:42:26.050000
142,3938638,Ukraine,20,"[57.1, 20.1]","[2.7, 24.7]",2,0 days 00:42:37.537000,0 days 00:43:02.881000
143,3938638,Ukraine,2,"[120.0, 80.0]","[1.7, 35.5]",2,0 days 00:43:30.494000,0 days 00:43:31.537000
144,3938638,Ukraine,14,"[120.0, 0.1]","[4.9, 14.2]",2,0 days 00:43:52.295000,0 days 00:44:11.466000
145,3938638,Romania,6,"[12.7, 0.1]","[43.4, 19.1]",2,0 days 00:44:43.067000,0 days 00:44:47.772000
146,3938638,Ukraine,19,"[77.4, 63.2]","[116.7, 43.0]",2,0 days 00:44:47.772000,0 days 00:45:03.756000
147,3938638,Romania,11,"[3.0, 41.7]","[63.7, 6.5]",2,0 days 00:45:03.756000,0 days 00:45:23.709000
148,3938638,Ukraine,7,"[56.4, 64.9]","[16.7, 3.4]",2,0 days 00:45:23.709000,0 days 00:45:30.199000
149,3938638,Ukraine,10,"[102.0, 80.0]","[11.4, 14.8]",2,0 days 00:45:33.971000,0 days 00:45:38.976000
150,3938638,Ukraine,20,"[105.2, 80.0]","[1.5, 36.3]",2,0 days 00:45:55.483000,0 days 00:46:14.670000
151,3938638,Romania,9,"[5.9, 43.4]","[83.5, 9.1]",2,0 days 00:46:48.975000,0 days 00:46:59.013000
152,3938638,Ukraine,12,"[36.6, 71.0]","[70.3, 75.2]",2,0 days 00:46:59.013000,0 days 00:47:06.644000
153,3938638,Romania,2,"[45.4, 0.1]","[66.9, 5.8]",2,0 days 00:47:23.131000,0 days 00:47:24.895000
154,3938638,Ukraine,57,"[54.7, 75.0]","[82.6, 30.8]",2,0 days 00:47:24.895000,0 days 00:48:23.055000
155,3938638,Romania,1,"[5.9, 40.5]","[5.9, 40.5]",2,0 days 00:48:24.187000,0 days 00:48:24.187000
156,3938638,Romania,9,"[3.1, 65.2]","[71.4, 5.2]",2,0 days 00:48:27.993000,0 days 00:48:33.779000
157,3938638,Romania,5,"[48.8, 80.0]","[61.9, 70.1]",2,0 days 00:48:52.702000,0 days 00:48:56.141000
158,3938638,Ukraine,4,"[55.2, 10.6]","[21.4, 48.2]",2,0 days 00:48:56.141000,0 days 00:49:00.479000
2,3930183,Slovakia,30,"[60.0, 40.0]","[108.3, 68.6]",1,0 days 00:00:00.434000,0 days 00:00:20.052000
3,3930183,Romania,12,"[11.8, 11.5]","[19.9, 8.0]",1,0 days 00:00:20.052000,0 days 00:00:26.294000
4,3930183,Slovakia,82,"[90.3, 80.0]","[97.6, 20.8]",1,0 days 00:00:42.625000,0 days 00:01:45.206000
5,3930183,Romania,20,"[22.5, 59.3]","[73.9, 12.8]",1,0 days 00:01:45.206000,0 days 00:02:00.545000
6,3930183,Romania,32,"[43.9, 80.0]","[112.1, 43.5]",1,0 days 00:02:18.901000,0 days 00:02:59.333000
7,3930183,Slovakia,8,"[4.9, 34.7]","[58.6, 3.0]",1,0 days 00:02:59.333000,0 days 00:03:09.356000
8,3930183,Romania,33,"[68.5, 76.6]","[93.8, 55.8]",1,0 days 00:03:09.356000,0 days 00:03:26.462000
9,3930183,Slovakia,9,"[26.3, 24.8]","[79.7, 75.8]",1,0 days 00:03:27.020000,0 days 00:03:30.567000
10,3930183,Slovakia,4,"[27.4, 0.1]","[35.0, 1.9]",1,0 days 00:03:50.262000,0 days 00:03:51.424000
11,3930183,Romania,13,"[86.1, 77.5]","[91.2, 54.1]",1,0 days 00:03:51.424000,0 days 00:03:58.517000
12,3930183,Slovakia,19,"[29.1, 23.4]","[116.6, 68.1]",1,0 days 00:03:58.801000,0 days 00:04:16.073000
13,3930183,Romania,15,"[7.0, 39.0]","[65.7, 54.3]",1,0 days 00:04:39.158000,0 days 00:04:53.925000
14,3930183,Slovakia,32,"[55.3, 34.5]","[73.6, 25.8]",1,0 days 00:04:53.925000,0 days 00:05:18.260000
15,3930183,Romania,8,"[39.0, 53.6]","[54.6, 65.0]",1,0 days 00:05:18.260000,0 days 00:05:21.553000
16,3930183,Romania,10,"[59.6, 64.2]","[97.4, 60.9]",1,0 days 00:05:59.303000,0 days 00:06:12.596000
17,3930183,Slovakia,8,"[19.9, 17.5]","[74.7, 59.8]",1,0 days 00:06:12.596000,0 days 00:06:16.283000
18,3930183,Romania,2,"[74.7, 59.8]","[14.4, 35.7]",1,0 days 00:06:47.606000,0 days 00:06:49.283000
19,3930183,Slovakia,34,"[3.1, 33.8]","[55.5, 76.5]",1,0 days 00:06:51.068000,0 days 00:07:25.293000
20,3930183,Slovakia,8,"[64.6, 0.1]","[11.1, 34.0]",1,0 days 00:07:27.139000,0 days 00:07:31.513000
21,3930183,Slovakia,3,"[120.0, 80.0]","[108.5, 45.8]",1,0 days 00:08:12.470000,0 days 00:08:13.826000
22,3930183,Romania,1,"[1.3, 37.4]","[1.3, 37.4]",1,0 days 00:08:15.172000,0 days 00:08:15.172000
23,3930183,Romania,15,"[13.0, 38.0]","[58.4, 8.5]",1,0 days 00:08:24.129000,0 days 00:08:43.165000
24,3930183,Slovakia,9,"[61.7, 68.6]","[18.4, 9.9]",1,0 days 00:08:43.165000,0 days 00:08:47.952000
25,3930183,Slovakia,5,"[120.0, 80.0]","[1.4, 39.0]",1,0 days 00:09:23.529000,0 days 00:09:25.913000
26,3930183,Romania,4,"[7.0, 41.6]","[63.6, 78.5]",1,0 days 00:09:48.854000,0 days 00:09:52.108000
27,3930183,Slovakia,2,"[43.8, 0.1]","[54.8, 5.5]",1,0 days 00:10:07.521000,0 days 00:10:08.737000
28,3930183,Romania,25,"[66.2, 74.6]","[2.4, 36.6]",1,0 days 00:10:08.737000,0 days 00:10:25.260000
29,3930183,Slovakia,8,"[6.0, 33.6]","[36.0, 3.0]",1,0 days 00:10:50.317000,0 days 00:10:59.514000
30,3930183,Romania,8,"[81.3, 80.0]","[99.1, 75.9]",1,0 days 00:11:11.332000,0 days 00:11:22.211000
31,3930183,Slovakia,18,"[12.7, 15.1]","[56.5, 59.4]",1,0 days 00:11:22.211000,0 days 00:11:37.082000
32,3930183,Romania,5,"[67.8, 29.9]","[79.2, 33.0]",1,0 days 00:11:37.082000,0 days 00:11:38.399000
33,3930183,Romania,2,"[85.4, 26.7]","[2.9, 40.5]",1,0 days 00:12:25.995000,0 days 00:12:27.136000
34,3930183,Slovakia,11,"[6.0, 42.5]","[36.6, 49.7]",1,0 days 00:12:48.720000,0 days 00:12:57.006000
35,3930183,Romania,22,"[82.0, 30.7]","[66.0, 78.7]",1,0 days 00:12:57.006000,0 days 00:13:15.176000
36,3930183,Slovakia,25,"[46.1, 0.1]","[8.9, 8.0]",1,0 days 00:13:21.024000,0 days 00:13:57.157000
37,3930183,Slovakia,46,"[84.0, 80.0]","[11.3, 22.4]",1,0 days 00:14:05.868000,0 days 00:14:51.831000
38,3930183,Slovakia,40,"[120.0, 80.0]","[94.6, 75.4]",1,0 days 00:15:26.535000,0 days 00:16:03.305000
39,3930183,Romania,12,"[21.2, 0.1]","[87.0, 75.2]",1,0 days 00:16:19.494000,0 days 00:16:24.354000
40,3930183,Slovakia,25,"[86.1, 72.1]","[106.7, 21.3]",1,0 days 00:16:25.476000,0 days 00:16:43.742000
41,3930183,Romania,15,"[16.0, 55.7]","[64.8, 76.4]",1,0 days 00:17:04.047000,0 days 00:17:23.076000
42,3930183,Romania,15,"[47.5, 0.1]","[95.0, 46.8]",1,0 days 00:17:34.131000,0 days 00:17:50.280000
43,3930183,Slovakia,11,"[22.7, 32.8]","[38.1, 8.8]",1,0 days 00:17:50.280000,0 days 00:18:10.395000
44,3930183,Romania,45,"[81.5, 62.9]","[8.3, 53.4]",1,0 days 00:18:10.395000,0 days 00:19:00.068000
45,3930183,Romania,28,"[108.8, 0.1]","[84.6, 2.3]",1,0 days 00:19:16.555000,0 days 00:19:40.458000
46,3930183,Slovakia,21,"[35.0, 80.0]","[102.9, 2.1]",1,0 days 00:19:55.511000,0 days 00:20:18.740000
47,3930183,Slovakia,4,"[102.9, 2.1]","[1.7, 41.0]",1,0 days 00:21:29.733000,0 days 00:21:31.417000
48,3930183,Romania,16,"[7.0, 42.3]","[3.3, 57.4]",1,0 days 00:22:23.012000,0 days 00:22:36.088000
49,3930183,Romania,11,"[113.9, 0.1]","[97.0, 22.1]",1,0 days 00:22:45.557000,0 days 00:22:55.010000
50,3930183,Slovakia,1,"[1.6, 42.0]","[1.6, 42.0]",1,0 days 00:22:55.936000,0 days 00:22:55.936000
51,3930183,Slovakia,26,"[8.2, 40.5]","[1.5, 41.5]",1,0 days 00:23:04.001000,0 days 00:23:44.440000
52,3930183,Romania,13,"[61.0, 40.1]","[48.4, 77.7]",1,0 days 00:26:04.677000,0 days 00:26:17.139000
53,3930183,Slovakia,38,"[71.7, 2.4]","[91.5, 18.7]",1,0 days 00:26:17.139000,0 days 00:26:53.912000
54,3930183,Romania,5,"[28.3, 62.6]","[34.8, 63.3]",1,0 days 00:26:53.912000,0 days 00:26:56.734000
55,3930183,Romania,24,"[34.0, 70.6]","[67.9, 53.2]",1,0 days 00:27:10.794000,0 days 00:27:34.872000
56,3930183,Slovakia,12,"[51.8, 22.2]","[52.7, 36.0]",1,0 days 00:27:34.872000,0 days 00:27:38.301000
57,3930183,Slovakia,37,"[52.7, 36.0]","[111.8, 48.1]",1,0 days 00:28:03.285000,0 days 00:28:54.159000
58,3930183,Romania,2,"[7.0, 39.9]","[55.1, 2.2]",1,0 days 00:29:17.160000,0 days 00:29:20.531000
59,3930183,Slovakia,87,"[62.9, 80.0]","[1.9, 38.1]",1,0 days 00:29:31.394000,0 days 00:30:42.943000
60,3930183,Romania,4,"[6.4, 39.8]","[64.4, 6.4]",1,0 days 00:31:06.479000,0 days 00:31:09.848000
61,3930183,Romania,23,"[59.8, 80.0]","[86.7, 23.2]",1,0 days 00:31:17.438000,0 days 00:31:49.329000
62,3930183,Slovakia,11,"[36.1, 59.2]","[83.4, 60.9]",1,0 days 00:31:49.329000,0 days 00:31:57.146000
63,3930183,Romania,56,"[83.4, 77.5]","[94.0, 43.4]",1,0 days 00:31:59.971000,0 days 00:32:48.798000
64,3930183,Slovakia,1,"[2.7, 40.2]","[2.7, 40.2]",1,0 days 00:32:49.678000,0 days 00:32:49.678000
65,3930183,Slovakia,17,"[4.9, 40.3]","[35.0, 27.0]",1,0 days 00:33:07.789000,0 days 00:33:27.837000
66,3930183,Romania,10,"[85.0, 55.6]","[114.0, 61.4]",1,0 days 00:33:27.837000,0 days 00:33:37.723000
67,3930183,Romania,2,"[108.1, 40.1]","[1.0, 40.0]",1,0 days 00:36:18.937000,0 days 00:36:19.379000
68,3930183,Slovakia,31,"[60.0, 40.0]","[91.9, 21.0]",1,0 days 00:37:30.066000,0 days 00:38:03.604000
69,3930183,Romania,16,"[29.6, 59.5]","[78.5, 76.4]",1,0 days 00:38:03.604000,0 days 00:38:20.848000
70,3930183,Slovakia,13,"[44.5, 0.1]","[27.5, 4.0]",1,0 days 00:38:24.221000,0 days 00:38:41.128000
71,3930183,Romania,84,"[93.7, 80.0]","[116.4, 40.2]",1,0 days 00:38:56.372000,0 days 00:40:24.025000
72,3930183,Slovakia,3,"[5.5, 43.3]","[79.4, 52.4]",1,0 days 00:41:00.276000,0 days 00:41:03.688000
73,3930183,Romania,49,"[40.7, 27.7]","[64.9, 62.4]",1,0 days 00:41:03.688000,0 days 00:41:55.281000
74,3930183,Slovakia,18,"[62.3, 17.2]","[77.5, 54.2]",1,0 days 00:41:55.281000,0 days 00:42:13.333000
75,3930183,Romania,7,"[48.1, 23.2]","[2.3, 41.9]",1,0 days 00:42:13.544000,0 days 00:42:22.336000
76,3930183,Slovakia,14,"[5.7, 48.5]","[2.2, 40.7]",1,0 days 00:43:08.228000,0 days 00:43:20.644000
77,3930183,Romania,3,"[6.9, 40.4]","[51.5, 70.1]",1,0 days 00:43:59.020000,0 days 00:44:02.490000
78,3930183,Romania,17,"[65.0, 0.1]","[55.5, 78.4]",1,0 days 00:44:16.584000,0 days 00:44:29.086000
79,3930183,Romania,8,"[59.2, 78.7]","[83.6, 4.1]",1,0 days 00:44:45.407000,0 days 00:44:54.867000
80,3930183,Slovakia,12,"[31.0, 80.0]","[86.4, 67.2]",1,0 days 00:44:59.635000,0 days 00:45:14.236000
81,3930183,Slovakia,9,"[86.7, 67.5]","[110.8, 1.5]",1,0 days 00:46:22.924000,0 days 00:46:32.726000
82,3930183,Romania,48,"[10.7, 80.0]","[85.9, 28.7]",1,0 days 00:46:52.466000,0 days 00:47:47.834000
83,3930183,Slovakia,12,"[29.1, 50.3]","[49.0, 57.2]",1,0 days 00:47:47.834000,0 days 00:47:54.783000
84,3930183,Romania,6,"[60.0, 40.0]","[27.2, 16.8]",2,0 days 00:00:00.706000,0 days 00:00:07.596000
85,3930183,Slovakia,58,"[28.0, 21.2]","[9.6, 8.6]",2,0 days 00:00:30.491000,0 days 00:01:19.262000
86,3930183,Slovakia,7,"[97.4, 80.0]","[3.0, 5.6]",2,0 days 00:01:24.999000,0 days 00:01:28.502000
87,3930183,Slovakia,7,"[120.0, 80.0]","[109.5, 12.5]",2,0 days 00:02:02.871000,0 days 00:02:14.838000
88,3930183,Romania,17,"[11.2, 68.6]","[23.8, 37.0]",2,0 days 00:02:29.541000,0 days 00:02:55.827000
89,3930183,Slovakia,5,"[39.7, 80.0]","[63.3, 76.7]",2,0 days 00:03:08.929000,0 days 00:03:10.617000
90,3930183,Romania,16,"[60.1, 4.3]","[87.4, 62.9]",2,0 days 00:03:10.617000,0 days 00:03:25.321000
91,3930183,Slovakia,6,"[30.2, 24.4]","[43.8, 8.0]",2,0 days 00:03:25.321000,0 days 00:03:29.526000
92,3930183,Slovakia,31,"[43.1, 10.3]","[105.6, 76.7]",2,0 days 00:03:56.647000,0 days 00:04:29.663000
93,3930183,Romania,19,"[15.1, 0.1]","[95.2, 4.3]",2,0 days 00:04:34.961000,0 days 00:04:55.280000
94,3930183,Romania,29,"[96.4, 0.1]","[107.0, 47.7]",2,0 days 00:04:59.007000,0 days 00:05:25.150000
95,3930183,Slovakia,29,"[7.8, 39.6]","[116.4, 26.9]",2,0 days 00:05:25.150000,0 days 00:06:22.460000
96,3930183,Romania,1,"[1.0, 44.0]","[1.0, 44.0]",2,0 days 00:06:22.859000,0 days 00:06:22.859000
97,3930183,Romania,10,"[5.5, 40.7]","[80.8, 3.8]",2,0 days 00:06:26.496000,0 days 00:06:38.534000
98,3930183,Slovakia,39,"[39.9, 71.8]","[9.6, 21.2]",2,0 days 00:06:38.534000,0 days 00:07:16.045000
99,3930183,Romania,44,"[11.2, 23.2]","[2.6, 54.9]",2,0 days 00:07:50.595000,0 days 00:08:49.610000
100,3930183,Slovakia,1,"[113.8, 0.1]","[113.8, 0.1]",2,0 days 00:09:32.075000,0 days 00:09:32.075000
101,3930183,Romania,16,"[4.3, 54.2]","[63.0, 10.5]",2,0 days 00:09:36.481000,0 days 00:09:50.786000
102,3930183,Slovakia,30,"[55.5, 69.4]","[33.2, 75.0]",2,0 days 00:10:13.139000,0 days 00:10:51.704000
103,3930183,Slovakia,52,"[88.0, 0.1]","[107.8, 58.1]",2,0 days 00:10:56.995000,0 days 00:11:47.547000
104,3930183,Romania,3,"[21.5, 23.3]","[79.6, 4.3]",2,0 days 00:13:15.534000,0 days 00:13:18.884000
105,3930183,Slovakia,10,"[40.5, 75.8]","[104.6, 25.7]",2,0 days 00:13:18.884000,0 days 00:13:27.645000
106,3930183,Romania,8,"[15.5, 54.4]","[32.3, 18.1]",2,0 days 00:13:27.645000,0 days 00:13:35.335000
107,3930183,Romania,25,"[106.0, 80.0]","[9.3, 7.2]",2,0 days 00:14:01.193000,0 days 00:14:22.530000
108,3930183,Romania,4,"[100.8, 80.0]","[112.8, 69.6]",2,0 days 00:14:26.835000,0 days 00:14:32.329000
109,3930183,Slovakia,26,"[7.3, 10.5]","[65.3, 74.1]",2,0 days 00:14:32.329000,0 days 00:14:52.599000
110,3930183,Romania,35,"[54.8, 6.0]","[2.3, 42.3]",2,0 days 00:14:52.599000,0 days 00:15:19.801000
111,3930183,Slovakia,20,"[7.0, 41.1]","[28.3, 60.0]",2,0 days 00:15:51.717000,0 days 00:16:20.160000
112,3930183,Slovakia,30,"[90.4, 0.1]","[3.4, 72.3]",2,0 days 00:16:33.026000,0 days 00:16:54.426000
113,3930183,Romania,4,"[7.1, 80.0]","[9.6, 66.6]",2,0 days 00:17:11.531000,0 days 00:17:13.726000
114,3930183,Slovakia,5,"[69.3, 11.3]","[69.6, 10.9]",2,0 days 00:17:15.771000,0 days 00:17:16.892000
115,3930183,Slovakia,49,"[70.4, 12.9]","[86.5, 46.6]",2,0 days 00:17:37.557000,0 days 00:18:23.163000
116,3930183,Romania,7,"[18.7, 36.0]","[89.6, 13.2]",2,0 days 00:18:58.511000,0 days 00:19:02.985000
117,3930183,Slovakia,6,"[10.7, 58.1]","[112.8, 20.8]",2,0 days 00:19:05.245000,0 days 00:19:06.378000
118,3930183,Slovakia,15,"[23.3, 80.0]","[2.8, 43.1]",2,0 days 00:19:30.722000,0 days 00:19:46.480000
119,3930183,Romania,54,"[5.7, 35.3]","[23.3, 69.0]",2,0 days 00:21:23.134000,0 days 00:22:11.863000
120,3930183,Romania,50,"[91.0, 0.1]","[104.3, 53.0]",2,0 days 00:22:22.443000,0 days 00:23:06.569000
121,3930183,Slovakia,39,"[11.8, 27.7]","[95.7, 58.9]",2,0 days 00:23:06.569000,0 days 00:24:07.113000
122,3930183,Romania,6,"[7.7, 32.7]","[41.7, 14.8]",2,0 days 00:24:07.113000,0 days 00:24:29.337000
123,3930183,Romania,12,"[75.2, 80.0]","[71.0, 56.7]",2,0 days 00:25:02.250000,0 days 00:25:10.384000
124,3930183,Slovakia,11,"[36.8, 38.7]","[74.1, 42.3]",2,0 days 00:25:12.490000,0 days 00:25:22.993000
125,3930183,Romania,23,"[7.7, 20.8]","[109.5, 41.1]",2,0 days 00:25:22.993000,0 days 00:26:00.118000
126,3930183,Romania,4,"[7.2, 37.4]","[76.6, 70.1]",2,0 days 00:26:00.118000,0 days 00:26:20.742000
127,3930183,Slovakia,30,"[43.7, 21.3]","[91.2, 5.7]",2,0 days 00:26:20.742000,0 days 00:26:50.689000
128,3930183,Romania,23,"[28.5, 80.0]","[2.3, 68.7]",2,0 days 00:27:09.853000,0 days 00:27:43.887000
129,3930183,Romania,11,"[111.3, 0.1]","[96.6, 61.8]",2,0 days 00:27:48.458000,0 days 00:27:57.747000
130,3930183,Slovakia,8,"[21.1, 19.5]","[49.8, 36.6]",2,0 days 00:27:57.747000,0 days 00:28:05.532000
131,3930183,Romania,24,"[65.3, 56.8]","[8.9, 46.1]",2,0 days 00:28:05.532000,0 days 00:28:22.057000
132,3930183,Romania,9,"[85.2, 0.1]","[57.7, 33.3]",2,0 days 00:28:39.373000,0 days 00:28:47.272000
133,3930183,Romania,6,"[56.1, 26.8]","[90.4, 53.9]",2,0 days 00:29:08.161000,0 days 00:29:13.486000
134,3930183,Slovakia,41,"[32.4, 28.3]","[12.2, 77.2]",2,0 days 00:29:14.305000,0 days 00:29:52.356000
135,3930183,Slovakia,11,"[105.8, 0.1]","[2.8, 38.9]",2,0 days 00:29:58.242000,0 days 00:30:08.632000
136,3930183,Romania,3,"[5.8, 37.1]","[61.0, 13.6]",2,0 days 00:30:37.860000,0 days 00:30:41.130000
137,3930183,Slovakia,18,"[59.1, 66.5]","[44.6, 11.0]",2,0 days 00:30:41.130000,0 days 00:30:53.561000
138,3930183,Romania,9,"[38.0, 7.5]","[71.2, 3.0]",2,0 days 00:31:24.050000,0 days 00:31:32.821000
139,3930183,Slovakia,21,"[68.3, 80.0]","[3.9, 72.2]",2,0 days 00:32:21.639000,0 days 00:32:40.006000
140,3930183,Slovakia,32,"[78.1, 0.1]","[117.4, 8.8]",2,0 days 00:33:01.582000,0 days 00:33:35.204000
141,3930183,Romania,3,"[5.6, 43.3]","[53.4, 17.4]",2,0 days 00:34:20.134000,0 days 00:34:24.098000
142,3930183,Slovakia,6,"[53.8, 18.1]","[12.6, 28.0]",2,0 days 00:34:59.592000,0 days 00:35:04.190000
143,3930183,Slovakia,6,"[96.6, 80.0]","[20.4, 3.2]",2,0 days 00:35:21.617000,0 days 00:35:23.739000
144,3930183,Slovakia,12,"[120.0, 80.0]","[88.5, 8.1]",2,0 days 00:36:22.708000,0 days 00:36:32.674000
145,3930183,Slovakia,10,"[88.9, 7.4]","[14.0, 37.1]",2,0 days 00:37:17.949000,0 days 00:37:25.594000
146,3930183,Slovakia,8,"[81.9, 80.0]","[39.2, 0.9]",2,0 days 00:37:45.361000,0 days 00:37:47.927000
147,3930183,Slovakia,29,"[88.4, 80.0]","[100.9, 27.4]",2,0 days 00:37:59.893000,0 days 00:38:39.182000
148,3930183,Romania,3,"[5.0, 46.3]","[72.7, 54.2]",2,0 days 00:39:09.388000,0 days 00:39:12.986000
149,3930183,Slovakia,7,"[49.4, 26.8]","[55.7, 15.6]",2,0 days 00:39:12.986000,0 days 00:39:15.425000
150,3930183,Romania,10,"[64.4, 64.5]","[37.6, 4.5]",2,0 days 00:39:15.425000,0 days 00:39:19.158000
151,3930183,Romania,20,"[103.4, 80.0]","[4.3, 19.9]",2,0 days 00:39:39.393000,0 days 00:39:46.867000
152,3930183,Romania,1,"[120.0, 80.0]","[120.0, 80.0]",2,0 days 00:40:44.296000,0 days 00:40:44.296000
153,3930183,Slovakia,5,"[6.3, 35.5]","[65.1, 8.6]",2,0 days 00:41:35.372000,0 days 00:41:39.078000
154,3930183,Romania,10,"[56.3, 80.0]","[41.9, 36.0]",2,0 days 00:42:00.896000,0 days 00:42:11.429000
155,3930183,Slovakia,5,"[35.1, 36.6]","[95.7, 6.3]",2,0 days 00:44:06.698000,0 days 00:44:12.788000
156,3930183,Romania,11,"[20.3, 80.0]","[72.1, 8.8]",2,0 days 00:44:26.937000,0 days 00:44:32.307000
157,3930183,Romania,14,"[4.5, 44.1]","[56.3, 55.9]",2,0 days 00:45:11.336000,0 days 00:45:23.722000
158,3930183,Romania,5,"[64.0, 54.1]","[109.9, 65.6]",2,0 days 00:46:47.172000,0 days 00:46:51.705000
159,3930183,Slovakia,22,"[5.5, 36.0]","[20.4, 72.6]",2,0 days 00:47:22.875000,0 days 00:47:41.492000
160,3930183,Slovakia,7,"[99.7, 0.1]","[3.8, 72.4]",2,0 days 00:48:00.442000,0 days 00:48:07.772000
161,3930183,Slovakia,8,"[112.0, 0.1]","[2.5, 70.1]",2,0 days 00:48:22.137000,0 days 00:48:26.513000
162,3930183,Romania,1,"[6.0, 45.9]","[6.0, 45.9]",2,0 days 00:49:10.373000,0 days 00:49:10.373000
2,3930181,England,79,"[61.0, 40.1]","[54.8, 17.8]",1,0 days 00:00:01.404000,0 days 00:01:19.106000
3,3930181,Slovenia,19,"[69.0, 62.5]","[34.1, 66.2]",1,0 days 00:01:19.106000,0 days 00:01:36.069000
4,3930181,England,16,"[88.7, 13.1]","[116.9, 12.1]",1,0 days 00:01:36.069000,0 days 00:01:45.724000
5,3930181,Slovenia,12,"[6.0, 44.9]","[95.5, 34.7]",1,0 days 00:02:10.134000,0 days 00:02:17.295000
6,3930181,England,5,"[7.0, 46.0]","[48.3, 7.1]",1,0 days 00:02:53.531000,0 days 00:03:01.870000
7,3930181,England,21,"[65.6, 80.0]","[58.0, 41.0]",1,0 days 00:03:04.141000,0 days 00:03:24.040000
8,3930181,Slovenia,6,"[64.8, 44.1]","[58.0, 51.7]",1,0 days 00:03:24.040000,0 days 00:03:26.386000
9,3930181,Slovenia,35,"[58.7, 49.7]","[1.0, 40.2]",1,0 days 00:03:30.667000,0 days 00:04:07.295000
10,3930181,England,4,"[11.2, 30.5]","[36.9, 31.8]",1,0 days 00:04:22.938000,0 days 00:04:32.861000
11,3930181,Slovenia,14,"[71.8, 42.9]","[92.4, 3.2]",1,0 days 00:04:32.861000,0 days 00:04:41.107000
12,3930181,England,4,"[38.3, 80.0]","[54.6, 74.8]",1,0 days 00:05:14.657000,0 days 00:05:16.196000
13,3930181,Slovenia,18,"[57.0, 9.2]","[88.4, 2.2]",1,0 days 00:05:17.326000,0 days 00:05:34.005000
14,3930181,England,9,"[32.7, 72.2]","[25.2, 62.8]",1,0 days 00:05:34.005000,0 days 00:05:49.344000
15,3930181,England,70,"[102.3, 0.1]","[113.0, 74.5]",1,0 days 00:06:01.463000,0 days 00:07:13.883000
16,3930181,Slovenia,10,"[7.1, 10.6]","[115.1, 78.2]",1,0 days 00:07:13.883000,0 days 00:07:18.670000
17,3930181,Slovenia,2,"[12.6, 0.1]","[45.4, 4.6]",1,0 days 00:07:39.978000,0 days 00:07:42.139000
18,3930181,England,110,"[77.6, 75.8]","[82.0, 25.4]",1,0 days 00:07:42.139000,0 days 00:09:21.664000
19,3930181,Slovenia,23,"[36.7, 58.0]","[91.0, 20.0]",1,0 days 00:09:22.410000,0 days 00:09:35.978000
20,3930181,Slovenia,60,"[28.4, 59.1]","[77.4, 1.7]",1,0 days 00:10:10.242000,0 days 00:11:09.710000
21,3930181,England,115,"[51.3, 80.0]","[43.6, 2.9]",1,0 days 00:11:17.774000,0 days 00:13:10.860000
22,3930181,England,4,"[68.9, 80.0]","[83.3, 4.5]",1,0 days 00:13:22.454000,0 days 00:13:27.734000
23,3930181,Slovenia,6,"[42.8, 80.0]","[68.7, 59.6]",1,0 days 00:13:43.088000,0 days 00:13:46.369000
24,3930181,England,52,"[48.3, 22.5]","[48.0, 67.7]",1,0 days 00:13:46.369000,0 days 00:14:29.101000
25,3930181,Slovenia,9,"[70.1, 0.1]","[25.9, 74.3]",1,0 days 00:14:52.847000,0 days 00:14:56.384000
26,3930181,Slovenia,8,"[108.0, 0.1]","[114.7, 41.5]",1,0 days 00:15:18.080000,0 days 00:15:27.118000
27,3930181,England,21,"[7.0, 34.4]","[111.1, 27.3]",1,0 days 00:15:51.633000,0 days 00:16:14.237000
28,3930181,Slovenia,25,"[15.7, 52.5]","[17.8, 10.8]",1,0 days 00:16:14.237000,0 days 00:16:32.892000
29,3930181,Slovenia,1,"[101.7, 69.3]","[101.7, 69.3]",1,0 days 00:17:50.181000,0 days 00:17:50.181000
30,3930181,England,9,"[7.0, 35.4]","[64.0, 22.1]",1,0 days 00:18:08.616000,0 days 00:18:16.032000
31,3930181,Slovenia,18,"[53.7, 57.2]","[95.3, 42.9]",1,0 days 00:18:16.032000,0 days 00:18:40.574000
32,3930181,England,57,"[3.3, 39.6]","[113.2, 25.8]",1,0 days 00:18:42.103000,0 days 00:19:39.172000
33,3930181,Slovenia,36,"[12.0, 64.2]","[60.0, 29.5]",1,0 days 00:20:27.161000,0 days 00:20:49.853000
34,3930181,Slovenia,2,"[59.0, 30.2]","[105.5, 8.8]",1,0 days 00:20:59.757000,0 days 00:21:04.107000
35,3930181,England,15,"[7.0, 47.8]","[66.9, 72.9]",1,0 days 00:21:33.068000,0 days 00:21:48.905000
36,3930181,England,23,"[65.5, 73.2]","[80.3, 71.4]",1,0 days 00:22:25.414000,0 days 00:22:46.580000
37,3930181,Slovenia,7,"[38.6, 10.1]","[50.9, 6.7]",1,0 days 00:22:46.580000,0 days 00:22:50.456000
38,3930181,England,6,"[69.7, 71.6]","[58.5, 3.8]",1,0 days 00:22:50.456000,0 days 00:22:55.349000
39,3930181,England,64,"[60.6, 80.0]","[84.9, 28.9]",1,0 days 00:23:11.608000,0 days 00:24:11.623000
40,3930181,Slovenia,42,"[27.0, 48.6]","[78.7, 8.5]",1,0 days 00:24:11.623000,0 days 00:24:37.554000
41,3930181,England,35,"[41.6, 80.0]","[52.9, 64.1]",1,0 days 00:24:55.638000,0 days 00:25:22.307000
42,3930181,England,14,"[62.6, 0.1]","[87.0, 76.9]",1,0 days 00:25:29.348000,0 days 00:25:49.538000
43,3930181,Slovenia,15,"[37.0, 5.7]","[65.3, 76.9]",1,0 days 00:25:49.538000,0 days 00:25:55.884000
44,3930181,England,10,"[65.8, 76.3]","[112.5, 28.4]",1,0 days 00:26:09.797000,0 days 00:26:23.709000
45,3930181,Slovenia,2,"[5.4, 38.7]","[56.4, 21.3]",1,0 days 00:26:43.441000,0 days 00:26:46.184000
46,3930181,England,93,"[64.0, 58.5]","[20.8, 70.9]",1,0 days 00:26:46.184000,0 days 00:28:09.420000
47,3930181,England,15,"[96.8, 0.1]","[101.0, 21.4]",1,0 days 00:28:22.308000,0 days 00:28:38.019000
48,3930181,England,38,"[13.6, 60.6]","[4.0, 30.3]",1,0 days 00:28:38.019000,0 days 00:29:18.716000
49,3930181,England,18,"[120.0, 80.0]","[98.9, 22.2]",1,0 days 00:30:11.372000,0 days 00:30:24.828000
50,3930181,Slovenia,1,"[1.1, 41.9]","[1.1, 41.9]",1,0 days 00:30:25.789000,0 days 00:30:25.789000
51,3930181,Slovenia,41,"[7.6, 44.4]","[2.4, 41.7]",1,0 days 00:30:31.398000,0 days 00:31:19.485000
52,3930181,England,137,"[10.4, 31.7]","[91.8, 57.7]",1,0 days 00:31:21.778000,0 days 00:33:23.597000
53,3930181,England,1,"[89.4, 52.7]","[89.4, 52.7]",1,0 days 00:34:26.500000,0 days 00:34:26.500000
54,3930181,Slovenia,1,"[1.3, 40.0]","[1.3, 40.0]",1,0 days 00:34:27.744000,0 days 00:34:27.744000
55,3930181,Slovenia,14,"[15.0, 46.5]","[8.7, 7.3]",1,0 days 00:34:46.057000,0 days 00:34:57.809000
56,3930181,Slovenia,32,"[111.8, 80.0]","[83.2, 69.6]",1,0 days 00:35:08.277000,0 days 00:35:33.008000
57,3930181,England,9,"[34.8, 11.1]","[43.3, 25.8]",1,0 days 00:35:33.008000,0 days 00:35:38.285000
58,3930181,Slovenia,131,"[76.8, 54.3]","[108.1, 31.8]",1,0 days 00:35:38.285000,0 days 00:37:44.335000
59,3930181,England,12,"[11.2, 47.7]","[24.9, 69.5]",1,0 days 00:37:44.335000,0 days 00:37:51.594000
60,3930181,England,13,"[25.6, 69.6]","[113.0, 21.0]",1,0 days 00:38:21.851000,0 days 00:38:38.023000
61,3930181,Slovenia,2,"[6.0, 41.0]","[80.0, 50.5]",1,0 days 00:39:07.053000,0 days 00:39:12.768000
62,3930181,England,41,"[29.6, 27.9]","[1.6, 38.9]",1,0 days 00:39:12.768000,0 days 00:39:58.175000
63,3930181,Slovenia,36,"[6.0, 46.0]","[96.3, 48.9]",1,0 days 00:40:26.966000,0 days 00:40:55.385000
64,3930181,England,5,"[23.0, 36.5]","[82.3, 10.8]",1,0 days 00:40:55.385000,0 days 00:40:59.800000
65,3930181,England,56,"[39.6, 80.0]","[4.7, 37.6]",1,0 days 00:41:17.533000,0 days 00:42:10.765000
66,3930181,England,4,"[120.0, 80.0]","[10.7, 50.5]",1,0 days 00:42:44.781000,0 days 00:42:47.455000
67,3930181,Slovenia,4,"[13.4, 51.3]","[87.3, 66.2]",1,0 days 00:43:15.614000,0 days 00:43:21.854000
68,3930181,England,98,"[24.3, 11.5]","[81.0, 76.3]",1,0 days 00:43:21.854000,0 days 00:45:00.279000
69,3930181,Slovenia,5,"[61.0, 40.1]","[89.5, 63.0]",2,0 days 00:00:00.666000,0 days 00:00:07.761000
70,3930181,England,68,"[17.4, 10.5]","[33.4, 76.4]",2,0 days 00:00:07.761000,0 days 00:01:12.490000
71,3930181,England,130,"[88.1, 0.1]","[6.5, 23.5]",2,0 days 00:01:20.421000,0 days 00:03:32.057000
72,3930181,England,58,"[120.0, 80.0]","[103.4, 46.4]",2,0 days 00:03:54.383000,0 days 00:04:31.826000
73,3930181,Slovenia,7,"[18.9, 36.0]","[49.2, 21.1]",2,0 days 00:04:31.826000,0 days 00:04:37.776000
74,3930181,England,11,"[55.0, 65.6]","[6.4, 24.1]",2,0 days 00:04:37.776000,0 days 00:04:48.462000
75,3930181,England,8,"[120.0, 80.0]","[1.7, 40.7]",2,0 days 00:05:24.134000,0 days 00:05:33.680000
76,3930181,Slovenia,4,"[6.5, 42.2]","[59.1, 14.3]",2,0 days 00:05:52.944000,0 days 00:05:56.168000
77,3930181,Slovenia,4,"[70.6, 80.0]","[77.7, 75.6]",2,0 days 00:06:11.536000,0 days 00:06:12.824000
78,3930181,England,57,"[37.2, 14.9]","[99.7, 59.4]",2,0 days 00:06:14.114000,0 days 00:07:13.272000
79,3930181,Slovenia,11,"[18.2, 26.7]","[49.2, 15.9]",2,0 days 00:07:13.272000,0 days 00:07:23.281000
80,3930181,England,15,"[62.5, 57.4]","[115.1, 39.0]",2,0 days 00:07:23.281000,0 days 00:07:42.693000
81,3930181,Slovenia,3,"[5.7, 40.6]","[68.0, 59.8]",2,0 days 00:08:07.436000,0 days 00:08:10.823000
82,3930181,England,19,"[52.1, 20.3]","[13.6, 30.7]",2,0 days 00:08:10.823000,0 days 00:08:27.921000
83,3930181,Slovenia,27,"[7.0, 44.1]","[82.1, 50.4]",2,0 days 00:08:52.340000,0 days 00:09:30.134000
84,3930181,England,72,"[37.4, 23.1]","[87.6, 17.9]",2,0 days 00:09:30.134000,0 days 00:10:41.188000
85,3930181,England,6,"[87.8, 17.6]","[4.2, 33.1]",2,0 days 00:11:28.084000,0 days 00:11:33.645000
86,3930181,England,14,"[120.0, 0.1]","[5.6, 40.8]",2,0 days 00:12:02.242000,0 days 00:13:01.881000
87,3930181,Slovenia,12,"[5.1, 40.8]","[57.1, 44.4]",2,0 days 00:13:28.207000,0 days 00:13:35.661000
88,3930181,England,145,"[64.7, 32.9]","[98.6, 64.2]",2,0 days 00:13:35.755000,0 days 00:15:20.450000
89,3930181,Slovenia,9,"[6.8, 41.4]","[66.5, 66.0]",2,0 days 00:15:53.679000,0 days 00:16:02.114000
90,3930181,England,38,"[53.6, 14.1]","[41.5, 5.8]",2,0 days 00:16:02.114000,0 days 00:16:41.818000
91,3930181,Slovenia,10,"[41.5, 5.8]","[34.2, 18.7]",2,0 days 00:17:23.758000,0 days 00:17:36.341000
92,3930181,Slovenia,20,"[80.5, 80.0]","[1.6, 38.5]",2,0 days 00:17:48.399000,0 days 00:17:58.575000
93,3930181,England,62,"[6.0, 38.9]","[104.1, 55.4]",2,0 days 00:18:14.629000,0 days 00:19:39.885000
94,3930181,Slovenia,22,"[6.9, 41.6]","[67.3, 2.2]",2,0 days 00:20:22.062000,0 days 00:20:41.728000
95,3930181,Slovenia,19,"[58.2, 80.0]","[80.1, 44.2]",2,0 days 00:20:53.874000,0 days 00:21:14.110000
96,3930181,England,102,"[34.0, 55.1]","[85.7, 33.1]",2,0 days 00:21:14.110000,0 days 00:22:42.106000
97,3930181,Slovenia,3,"[88.7, 32.3]","[14.2, 40.1]",2,0 days 00:24:31.059000,0 days 00:24:31.812000
98,3930181,England,30,"[3.5, 36.3]","[94.2, 73.2]",2,0 days 00:25:14.671000,0 days 00:25:44.601000
99,3930181,Slovenia,10,"[25.1, 22.5]","[55.0, 25.6]",2,0 days 00:25:44.601000,0 days 00:25:49.807000
100,3930181,England,61,"[65.1, 54.5]","[95.3, 59.2]",2,0 days 00:25:49.807000,0 days 00:26:47.053000
101,3930181,England,8,"[95.3, 59.2]","[14.1, 74.9]",2,0 days 00:28:05.133000,0 days 00:28:10.909000
102,3930181,England,60,"[98.3, 0.1]","[14.4, 77.3]",2,0 days 00:28:15.257000,0 days 00:29:09.462000
103,3930181,England,13,"[105.7, 0.1]","[2.6, 44.4]",2,0 days 00:29:13.328000,0 days 00:29:22.679000
104,3930181,Slovenia,67,"[4.4, 39.2]","[57.4, 21.3]",2,0 days 00:30:09.546000,0 days 00:31:17.501000
105,3930181,England,15,"[57.4, 22.2]","[110.1, 39.5]",2,0 days 00:31:17.635000,0 days 00:31:32.082000
106,3930181,Slovenia,9,"[13.8, 47.0]","[37.5, 22.7]",2,0 days 00:31:32.082000,0 days 00:31:40.525000
107,3930181,Slovenia,11,"[40.7, 22.8]","[65.1, 59.4]",2,0 days 00:32:06.544000,0 days 00:32:21.898000
108,3930181,England,18,"[28.2, 24.3]","[3.8, 45.6]",2,0 days 00:32:21.898000,0 days 00:32:44.762000
109,3930181,England,4,"[120.0, 0.1]","[10.8, 34.3]",2,0 days 00:33:13.333000,0 days 00:33:15.381000
110,3930181,Slovenia,9,"[14.4, 34.8]","[53.6, 7.8]",2,0 days 00:33:52.078000,0 days 00:33:58.641000
111,3930181,Slovenia,3,"[70.2, 80.0]","[83.5, 77.1]",2,0 days 00:34:08.538000,0 days 00:34:09.460000
112,3930181,England,55,"[34.8, 2.3]","[86.8, 75.9]",2,0 days 00:34:12.186000,0 days 00:35:07.374000
114,3930181,England,26,"[85.1, 76.3]","[61.2, 14.5]",2,0 days 00:36:00.883000,0 days 00:36:24.443000
115,3930181,England,24,"[48.4, 80.0]","[107.8, 37.3]",2,0 days 00:36:26.589000,0 days 00:36:51.741000
116,3930181,Slovenia,7,"[16.9, 38.4]","[46.8, 36.8]",2,0 days 00:36:51.741000,0 days 00:36:55.655000
117,3930181,England,64,"[73.1, 46.4]","[10.9, 39.2]",2,0 days 00:36:55.655000,0 days 00:38:06.395000
118,3930181,Slovenia,18,"[16.6, 14.5]","[57.2, 6.1]",2,0 days 00:38:09.690000,0 days 00:38:26.705000
119,3930181,Slovenia,9,"[57.2, 6.3]","[75.5, 70.4]",2,0 days 00:39:02.035000,0 days 00:39:14.551000
120,3930181,England,4,"[37.4, 11.0]","[33.7, 11.1]",2,0 days 00:39:14.551000,0 days 00:39:14.721000
121,3930181,England,8,"[27.4, 13.2]","[93.4, 24.3]",2,0 days 00:39:17.867000,0 days 00:39:27.942000
122,3930181,Slovenia,12,"[26.7, 46.8]","[57.7, 1.5]",2,0 days 00:39:27.942000,0 days 00:39:36.236000
123,3930181,Slovenia,7,"[62.4, 80.0]","[51.2, 1.0]",2,0 days 00:40:38.844000,0 days 00:40:40.975000
124,3930181,England,10,"[42.5, 0.1]","[49.5, 60.3]",2,0 days 00:40:47.655000,0 days 00:40:59.697000
125,3930181,Slovenia,30,"[72.4, 35.4]","[87.9, 25.5]",2,0 days 00:40:59.697000,0 days 00:41:15.782000
126,3930181,England,52,"[32.0, 55.4]","[113.3, 77.3]",2,0 days 00:41:16.183000,0 days 00:42:12.170000
127,3930181,England,4,"[107.9, 76.2]","[6.4, 38.1]",2,0 days 00:43:12.666000,0 days 00:43:14.036000
128,3930181,Slovenia,9,"[16.3, 35.4]","[28.3, 24.9]",2,0 days 00:43:15.819000,0 days 00:43:17.665000
129,3930181,Slovenia,4,"[28.7, 24.1]","[96.3, 42.2]",2,0 days 00:44:15.484000,0 days 00:44:21.550000
130,3930181,England,16,"[11.0, 24.5]","[76.9, 3.1]",2,0 days 00:44:21.550000,0 days 00:44:39.907000
131,3930181,Slovenia,7,"[36.1, 80.0]","[65.6, 66.6]",2,0 days 00:45:31.756000,0 days 00:45:39.887000
132,3930181,England,41,"[14.8, 0.1]","[103.2, 55.2]",2,0 days 00:45:46.288000,0 days 00:46:37.130000
133,3930181,Slovenia,1,"[1.8, 38.2]","[1.8, 38.2]",2,0 days 00:46:37.868000,0 days 00:46:37.868000
134,3930181,Slovenia,3,"[8.6, 39.5]","[37.2, 22.9]",2,0 days 00:47:04.364000,0 days 00:47:05.409000
135,3930181,Slovenia,5,"[83.5, 80.0]","[79.6, 72.6]",2,0 days 00:47:21.853000,0 days 00:47:23.796000
136,3930181,England,6,"[40.5, 7.5]","[71.6, 73.7]",2,0 days 00:47:23.796000,0 days 00:47:25.640000
137,3930181,England,42,"[55.9, 0.1]","[2.6, 39.9]",2,0 days 00:47:34.993000,0 days 00:48:17.871000
138,3930181,Slovenia,5,"[7.0, 48.2]","[26.2, 39.8]",2,0 days 00:48:54.451000,0 days 00:49:00.006000
2,3930178,Croatia,213,"[61.0, 40.1]","[93.0, 62.5]",1,0 days 00:00:00.287000,0 days 00:03:32.816000
3,3930178,Italy,5,"[6.0, 34.3]","[21.4, 73.1]",1,0 days 00:03:44.288000,0 days 00:03:51.247000
4,3930178,Croatia,15,"[101.0, 9.1]","[1.4, 38.9]",1,0 days 00:03:53.612000,0 days 00:04:05.250000
5,3930178,Croatia,2,"[120.0, 0.1]","[4.0, 48.3]",1,0 days 00:04:41.916000,0 days 00:04:42.895000
6,3930178,Croatia,9,"[103.3, 0.1]","[97.8, 8.3]",1,0 days 00:04:54.775000,0 days 00:04:57.576000
7,3930178,Italy,16,"[29.3, 68.0]","[53.9, 65.0]",1,0 days 00:04:57.954000,0 days 00:05:07.895000
8,3930178,Italy,18,"[68.6, 0.1]","[55.7, 32.0]",1,0 days 00:05:21.929000,0 days 00:05:34.400000
9,3930178,Croatia,60,"[65.9, 32.8]","[41.7, 61.5]",1,0 days 00:05:35.649000,0 days 00:06:22.119000
10,3930178,Italy,45,"[50.0, 26.1]","[7.2, 36.4]",1,0 days 00:06:23.922000,0 days 00:06:57.037000
11,3930178,Italy,51,"[104.2, 80.0]","[113.8, 72.7]",1,0 days 00:07:08.917000,0 days 00:07:40.553000
12,3930178,Croatia,121,"[20.2, 34.2]","[68.1, 37.5]",1,0 days 00:07:42.028000,0 days 00:09:22.339000
13,3930178,Italy,35,"[51.0, 44.9]","[38.8, 71.0]",1,0 days 00:09:22.416000,0 days 00:09:37.665000
14,3930178,Croatia,48,"[81.7, 5.9]","[76.3, 18.6]",1,0 days 00:09:37.946000,0 days 00:10:18.925000
15,3930178,Italy,29,"[41.4, 56.4]","[2.1, 43.1]",1,0 days 00:10:18.925000,0 days 00:10:34.721000
16,3930178,Croatia,8,"[7.0, 45.8]","[66.2, 67.8]",1,0 days 00:10:51.468000,0 days 00:11:02.880000
17,3930178,Italy,9,"[56.1, 9.5]","[36.6, 74.9]",1,0 days 00:11:03.616000,0 days 00:11:14.693000
18,3930178,Italy,14,"[36.9, 74.9]","[47.3, 34.3]",1,0 days 00:11:28.808000,0 days 00:11:39.813000
19,3930178,Croatia,27,"[72.8, 45.8]","[4.4, 38.4]",1,0 days 00:11:39.813000,0 days 00:12:09.410000
20,3930178,Croatia,34,"[83.8, 80.0]","[86.0, 70.3]",1,0 days 00:12:18.746000,0 days 00:12:54.143000
21,3930178,Italy,48,"[77.6, 61.3]","[14.2, 16.3]",1,0 days 00:12:56.476000,0 days 00:13:32.597000
22,3930178,Italy,35,"[120.0, 80.0]","[64.5, 9.1]",1,0 days 00:14:26.195000,0 days 00:15:00.597000
23,3930178,Croatia,56,"[15.6, 69.1]","[53.6, 20.1]",1,0 days 00:15:00.597000,0 days 00:15:55.487000
24,3930178,Croatia,84,"[51.8, 21.9]","[86.1, 38.2]",1,0 days 00:16:03.049000,0 days 00:17:51.214000
25,3930178,Italy,46,"[30.7, 41.7]","[77.2, 40.5]",1,0 days 00:17:52.046000,0 days 00:18:23.246000
26,3930178,Italy,85,"[78.0, 41.0]","[1.3, 39.3]",1,0 days 00:19:28.174000,0 days 00:20:32.393000
27,3930178,Italy,23,"[120.0, 80.0]","[1.5, 41.2]",1,0 days 00:21:37.932000,0 days 00:21:52.011000
28,3930178,Italy,7,"[120.0, 0.1]","[97.5, 17.6]",1,0 days 00:22:38.095000,0 days 00:22:42.477000
29,3930178,Croatia,21,"[7.0, 32.9]","[65.7, 37.0]",1,0 days 00:23:09.948000,0 days 00:23:28.382000
30,3930178,Italy,6,"[54.4, 43.1]","[64.1, 25.3]",1,0 days 00:23:28.382000,0 days 00:23:31.178000
31,3930178,Italy,22,"[68.6, 18.7]","[29.6, 42.6]",1,0 days 00:23:58.386000,0 days 00:24:12.657000
32,3930178,Italy,12,"[79.4, 80.0]","[91.1, 65.8]",1,0 days 00:24:30.706000,0 days 00:24:34.181000
33,3930178,Croatia,13,"[29.0, 14.3]","[81.1, 51.5]",1,0 days 00:24:34.181000,0 days 00:24:44.263000
34,3930178,Italy,72,"[41.5, 35.1]","[2.4, 50.1]",1,0 days 00:24:44.263000,0 days 00:25:45.887000
35,3930178,Italy,12,"[120.0, 0.1]","[1.9, 40.8]",1,0 days 00:26:22.216000,0 days 00:26:29.800000
36,3930178,Italy,6,"[120.0, 0.1]","[13.9, 54.1]",1,0 days 00:27:03.077000,0 days 00:27:09.353000
37,3930178,Croatia,6,"[23.9, 66.1]","[28.3, 55.1]",1,0 days 00:27:11.225000,0 days 00:27:13.145000
38,3930178,Croatia,190,"[34.9, 58.1]","[1.6, 37.4]",1,0 days 00:27:31.052000,0 days 00:30:34.880000
39,3930178,Croatia,44,"[98.8, 80.0]","[81.5, 6.2]",1,0 days 00:30:40.675000,0 days 00:31:18.217000
40,3930178,Italy,4,"[49.4, 80.0]","[43.1, 73.5]",1,0 days 00:31:38.449000,0 days 00:31:39.939000
41,3930178,Croatia,39,"[41.1, 44.9]","[60.7, 2.5]",1,0 days 00:31:43.020000,0 days 00:32:21.517000
42,3930178,Italy,10,"[31.7, 2.1]","[43.4, 21.0]",1,0 days 00:32:24.941000,0 days 00:32:30.572000
43,3930178,Croatia,25,"[63.5, 46.6]","[91.3, 73.2]",1,0 days 00:32:32.858000,0 days 00:33:00.813000
44,3930178,Italy,21,"[33.4, 0.1]","[34.7, 73.0]",1,0 days 00:33:32.438000,0 days 00:33:45.135000
45,3930178,Italy,44,"[35.9, 73.6]","[62.7, 75.5]",1,0 days 00:33:54.714000,0 days 00:34:23.064000
46,3930178,Italy,47,"[63.0, 75.9]","[103.4, 27.1]",1,0 days 00:34:48.487000,0 days 00:35:25.806000
47,3930178,Croatia,1,"[2.1, 43.6]","[2.1, 43.6]",1,0 days 00:35:26.590000,0 days 00:35:26.590000
48,3930178,Croatia,14,"[8.6, 38.2]","[83.5, 69.0]",1,0 days 00:35:35.252000,0 days 00:36:00.910000
49,3930178,Italy,14,"[33.5, 10.4]","[43.4, 61.0]",1,0 days 00:36:01.245000,0 days 00:36:17.600000
50,3930178,Croatia,5,"[79.1, 45.0]","[8.4, 67.5]",1,0 days 00:36:17.600000,0 days 00:36:22.678000
51,3930178,Croatia,7,"[120.0, 0.1]","[95.0, 14.3]",1,0 days 00:36:49.036000,0 days 00:36:53.504000
52,3930178,Italy,24,"[5.6, 35.9]","[71.1, 59.4]",1,0 days 00:37:12.411000,0 days 00:37:34.452000
53,3930178,Croatia,54,"[15.7, 13.5]","[104.1, 59.9]",1,0 days 00:37:34.452000,0 days 00:38:41.799000
54,3930178,Italy,32,"[20.6, 19.2]","[70.3, 59.6]",1,0 days 00:38:41.799000,0 days 00:38:57.037000
55,3930178,Croatia,29,"[45.9, 20.9]","[71.1, 6.5]",1,0 days 00:38:57.643000,0 days 00:39:20.309000
56,3930178,Italy,22,"[71.4, 7.7]","[86.0, 22.4]",1,0 days 00:39:20.322000,0 days 00:39:36.947000
57,3930178,Croatia,5,"[15.3, 63.5]","[104.5, 2.8]",1,0 days 00:39:36.947000,0 days 00:39:39.723000
58,3930178,Croatia,40,"[25.8, 80.0]","[54.2, 27.2]",1,0 days 00:40:04.100000,0 days 00:40:47.299000
59,3930178,Italy,10,"[58.1, 43.1]","[58.0, 37.5]",1,0 days 00:40:49.217000,0 days 00:41:04.922000
60,3930178,Italy,15,"[56.7, 38.6]","[69.3, 24.1]",1,0 days 00:41:36.691000,0 days 00:41:46.150000
61,3930178,Croatia,33,"[50.8, 56.0]","[97.7, 49.6]",1,0 days 00:41:46.150000,0 days 00:42:15.823000
62,3930178,Italy,13,"[22.4, 30.5]","[84.9, 76.5]",1,0 days 00:42:15.823000,0 days 00:42:24.611000
63,3930178,Italy,86,"[39.6, 0.1]","[90.8, 70.4]",1,0 days 00:42:52.340000,0 days 00:44:10.531000
64,3930178,Croatia,11,"[25.6, 0.1]","[31.9, 72.9]",1,0 days 00:44:26.282000,0 days 00:44:37.439000
65,3930178,Italy,8,"[82.1, 0.1]","[47.0, 8.9]",1,0 days 00:44:43.449000,0 days 00:44:52.260000
66,3930178,Croatia,29,"[44.0, 33.5]","[109.7, 30.9]",1,0 days 00:44:55.608000,0 days 00:45:26.714000
67,3930178,Italy,1,"[3.7, 33.1]","[3.7, 33.1]",1,0 days 00:45:54.523000,0 days 00:45:54.523000
68,3930178,Italy,15,"[61.0, 40.1]","[78.2, 55.2]",2,0 days 00:00:01.138000,0 days 00:00:19.864000
69,3930178,Croatia,18,"[32.1, 29.0]","[69.6, 76.1]",2,0 days 00:00:19.864000,0 days 00:00:37.055000
70,3930178,Croatia,17,"[48.6, 0.1]","[57.6, 61.5]",2,0 days 00:00:43.889000,0 days 00:00:59.916000
71,3930178,Italy,37,"[66.4, 17.8]","[84.6, 77.4]",2,0 days 00:00:59.916000,0 days 00:01:35.149000
72,3930178,Croatia,18,"[37.1, 5.0]","[112.7, 69.9]",2,0 days 00:01:35.149000,0 days 00:01:53.501000
73,3930178,Italy,23,"[20.1, 80.0]","[17.9, 75.1]",2,0 days 00:02:23.534000,0 days 00:02:33.213000
74,3930178,Croatia,4,"[103.3, 4.0]","[102.8, 3.2]",2,0 days 00:02:33.213000,0 days 00:02:33.804000
75,3930178,Croatia,37,"[103.5, 4.0]","[51.0, 2.4]",2,0 days 00:03:10.193000,0 days 00:03:42.668000
76,3930178,Croatia,127,"[46.9, 80.0]","[13.7, 55.5]",2,0 days 00:03:53.300000,0 days 00:06:23.206000
77,3930178,Croatia,32,"[108.0, 40.0]","[2.4, 42.3]",2,0 days 00:08:45.492000,0 days 00:09:18.036000
78,3930178,Italy,18,"[61.0, 40.1]","[1.6, 43.1]",2,0 days 00:11:46.148000,0 days 00:12:00.316000
79,3930178,Italy,40,"[120.0, 0.1]","[90.2, 68.5]",2,0 days 00:12:20.724000,0 days 00:13:18.713000
80,3930178,Croatia,17,"[6.5, 19.0]","[59.9, 55.8]",2,0 days 00:13:18.713000,0 days 00:13:45.796000
81,3930178,Italy,56,"[58.9, 25.2]","[51.4, 38.2]",2,0 days 00:13:45.796000,0 days 00:14:29.857000
82,3930178,Italy,5,"[52.8, 37.9]","[63.2, 53.8]",2,0 days 00:14:53.837000,0 days 00:14:57.732000
83,3930178,Italy,9,"[63.4, 60.7]","[7.2, 33.0]",2,0 days 00:15:15.459000,0 days 00:15:25.227000
84,3930178,Italy,4,"[120.0, 80.0]","[1.4, 39.9]",2,0 days 00:15:50.916000,0 days 00:15:52.720000
85,3930178,Croatia,32,"[5.4, 34.4]","[72.3, 49.9]",2,0 days 00:16:22.855000,0 days 00:16:54.083000
86,3930178,Italy,5,"[45.3, 29.2]","[46.5, 29.5]",2,0 days 00:16:54.083000,0 days 00:16:54.381000
87,3930178,Italy,12,"[42.6, 29.5]","[37.5, 7.2]",2,0 days 00:16:59.771000,0 days 00:17:08.521000
88,3930178,Italy,47,"[82.4, 80.0]","[99.7, 79.5]",2,0 days 00:17:18.262000,0 days 00:18:06.357000
89,3930178,Croatia,5,"[18.5, 0.1]","[57.5, 12.1]",2,0 days 00:18:28.548000,0 days 00:18:32.500000
90,3930178,Italy,22,"[60.0, 68.5]","[7.8, 16.4]",2,0 days 00:18:32.776000,0 days 00:19:02.823000
91,3930178,Italy,12,"[120.0, 80.0]","[6.7, 49.7]",2,0 days 00:19:27.205000,0 days 00:19:33.542000
92,3930178,Italy,36,"[98.4, 0.1]","[15.0, 39.2]",2,0 days 00:19:41.522000,0 days 00:20:06.086000
93,3930178,Croatia,13,"[6.7, 38.8]","[78.5, 29.0]",2,0 days 00:20:07.092000,0 days 00:20:36.245000
94,3930178,Italy,50,"[33.5, 53.8]","[1.9, 43.9]",2,0 days 00:20:36.245000,0 days 00:21:13.711000
95,3930178,Italy,49,"[102.2, 0.1]","[8.5, 28.1]",2,0 days 00:21:26.706000,0 days 00:22:07.309000
96,3930178,Italy,79,"[120.0, 80.0]","[10.4, 48.1]",2,0 days 00:22:46.766000,0 days 00:23:56.470000
97,3930178,Italy,39,"[103.8, 0.1]","[92.5, 44.4]",2,0 days 00:25:07.969000,0 days 00:25:36.364000
98,3930178,Italy,3,"[94.2, 44.2]","[1.4, 40.8]",2,0 days 00:26:57.758000,0 days 00:26:58.263000
99,3930178,Italy,22,"[120.0, 0.1]","[80.4, 53.3]",2,0 days 00:27:20.259000,0 days 00:27:44.382000
100,3930178,Italy,64,"[76.8, 55.1]","[37.5, 73.4]",2,0 days 00:28:03.153000,0 days 00:29:03.057000
101,3930178,Italy,27,"[94.7, 0.1]","[104.9, 11.9]",2,0 days 00:29:34.256000,0 days 00:29:55.901000
102,3930178,Croatia,2,"[20.1, 60.8]","[94.1, 12.1]",2,0 days 00:30:31.023000,0 days 00:30:38.660000
103,3930178,Italy,73,"[16.0, 80.0]","[108.7, 59.4]",2,0 days 00:30:50.922000,0 days 00:31:42.165000
104,3930178,Croatia,5,"[11.4, 20.9]","[99.2, 34.3]",2,0 days 00:32:19.776000,0 days 00:32:24.473000
105,3930178,Italy,20,"[23.0, 48.3]","[71.9, 63.1]",2,0 days 00:32:24.473000,0 days 00:32:32.576000
106,3930178,Italy,21,"[70.6, 64.0]","[55.9, 24.8]",2,0 days 00:32:54.593000,0 days 00:33:11.285000
107,3930178,Croatia,39,"[74.6, 80.0]","[7.9, 39.5]",2,0 days 00:33:35.051000,0 days 00:34:07.577000
108,3930178,Croatia,11,"[101.9, 0.1]","[90.9, 1.4]",2,0 days 00:35:14.176000,0 days 00:35:16.427000
109,3930178,Italy,14,"[33.1, 80.0]","[80.8, 31.4]",2,0 days 00:35:29.220000,0 days 00:35:35.346000
110,3930178,Italy,29,"[42.9, 49.3]","[59.8, 12.9]",2,0 days 00:36:17.385000,0 days 00:36:38.942000
111,3930178,Italy,32,"[56.4, 16.5]","[18.5, 7.9]",2,0 days 00:37:00.614000,0 days 00:37:30.576000
112,3930178,Croatia,22,"[99.7, 75.1]","[14.7, 40.6]",2,0 days 00:37:30.576000,0 days 00:37:52.202000
113,3930178,Italy,29,"[45.8, 59.5]","[32.5, 29.9]",2,0 days 00:37:55.934000,0 days 00:38:12.656000
114,3930178,Croatia,30,"[37.0, 23.6]","[106.4, 23.8]",2,0 days 00:38:15.050000,0 days 00:38:34.609000
115,3930178,Italy,9,"[7.6, 56.1]","[61.5, 75.4]",2,0 days 00:38:35.186000,0 days 00:38:43.801000
116,3930178,Croatia,6,"[63.5, 0.1]","[11.0, 75.1]",2,0 days 00:39:05.846000,0 days 00:39:09.972000
117,3930178,Italy,23,"[10.6, 74.3]","[111.0, 37.3]",2,0 days 00:39:25.475000,0 days 00:39:46.881000
118,3930178,Italy,39,"[5.8, 41.5]","[14.6, 38.8]",2,0 days 00:39:46.881000,0 days 00:40:35.913000
119,3930178,Italy,27,"[103.5, 80.0]","[113.4, 39.1]",2,0 days 00:40:56.368000,0 days 00:41:23.085000
120,3930178,Croatia,1,"[5.2, 40.6]","[5.2, 40.6]",2,0 days 00:42:00.616000,0 days 00:42:00.616000
121,3930178,Italy,5,"[43.5, 80.0]","[80.4, 54.3]",2,0 days 00:42:50.007000,0 days 00:43:03.639000
122,3930178,Croatia,31,"[39.7, 25.8]","[117.5, 68.9]",2,0 days 00:43:03.639000,0 days 00:43:28.846000
123,3930178,Italy,70,"[5.4, 38.5]","[65.3, 12.8]",2,0 days 00:44:15.207000,0 days 00:45:24.964000
124,3930178,Italy,9,"[61.5, 7.9]","[95.0, 24.9]",2,0 days 00:45:52.373000,0 days 00:45:57.992000
125,3930178,Croatia,8,"[17.0, 60.6]","[12.3, 55.2]",2,0 days 00:45:58.805000,0 days 00:46:00.692000
126,3930178,Italy,30,"[76.2, 15.0]","[1.5, 40.7]",2,0 days 00:46:03.429000,0 days 00:46:24.349000
127,3930178,Italy,8,"[120.0, 0.1]","[8.0, 31.7]",2,0 days 00:46:53.050000,0 days 00:46:56.450000
128,3930178,Croatia,8,"[7.8, 19.4]","[43.3, 5.7]",2,0 days 00:46:58.821000,0 days 00:47:03.827000
129,3930178,Croatia,4,"[48.8, 6.4]","[20.9, 32.5]",2,0 days 00:47:36.032000,0 days 00:47:41.082000
130,3930178,Italy,5,"[25.0, 72.7]","[80.0, 4.5]",2,0 days 00:47:44.844000,0 days 00:47:46.818000
131,3930178,Italy,14,"[23.5, 80.0]","[53.8, 69.2]",2,0 days 00:47:57.619000,0 days 00:48:06.119000
132,3930178,Croatia,22,"[63.1, 11.6]","[31.8, 62.3]",2,0 days 00:48:06.119000,0 days 00:48:16.114000
133,3930178,Croatia,13,"[71.9, 0.1]","[91.8, 19.2]",2,0 days 00:48:37.771000,0 days 00:48:48.075000
134,3930178,Croatia,44,"[90.8, 20.7]","[111.4, 20.6]",2,0 days 00:49:30.356000,0 days 00:50:01.542000
135,3930178,Italy,11,"[4.8, 48.3]","[74.9, 41.9]",2,0 days 00:50:10.203000,0 days 00:50:21.104000
136,3930178,Croatia,17,"[46.5, 39.3]","[31.2, 42.2]",2,0 days 00:50:21.104000,0 days 00:50:35.324000
137,3930178,Italy,7,"[33.9, 40.6]","[16.3, 31.7]",2,0 days 00:50:58.670000,0 days 00:51:10.399000
138,3930178,Italy,6,"[78.4, 80.0]","[25.4, 38.8]",2,0 days 00:51:18.025000,0 days 00:51:23.923000
139,3930178,Italy,30,"[80.5, 0.1]","[27.7, 56.4]",2,0 days 00:51:31.209000,0 days 00:51:58.209000
140,3930178,Italy,19,"[29.3, 54.6]","[5.0, 43.0]",2,0 days 00:52:08.013000,0 days 00:52:22.217000
141,3930178,Croatia,1,"[60.0, 40.0]","[60.0, 40.0]",2,0 days 00:53:59.520000,0 days 00:53:59.520000
2,3930176,Germany,22,"[61.0, 40.1]","[46.0, 5.7]",1,0 days 00:00:00.393000,0 days 00:00:11.037000
3,3930176,Germany,82,"[47.5, 6.9]","[14.2, 32.1]",1,0 days 00:00:28.022000,0 days 00:01:35.992000
4,3930176,Germany,4,"[120.0, 80.0]","[113.5, 44.4]",1,0 days 00:02:17.564000,0 days 00:02:19.089000
5,3930176,Switzerland,1,"[1.0, 38.6]","[1.0, 38.6]",1,0 days 00:02:19.654000,0 days 00:02:19.654000
6,3930176,Switzerland,11,"[11.5, 45.8]","[6.6, 11.9]",1,0 days 00:02:22.854000,0 days 00:02:34.510000
7,3930176,Switzerland,2,"[120.0, 80.0]","[3.1, 30.3]",1,0 days 00:03:07.496000,0 days 00:03:08.551000
8,3930176,Switzerland,18,"[96.1, 80.0]","[105.6, 61.1]",1,0 days 00:03:30.081000,0 days 00:03:39.273000
9,3930176,Germany,13,"[14.5, 17.7]","[79.5, 58.3]",1,0 days 00:03:39.641000,0 days 00:03:44.399000
10,3930176,Germany,13,"[46.9, 25.6]","[63.2, 23.8]",1,0 days 00:04:03.853000,0 days 00:04:07.715000
11,3930176,Switzerland,12,"[56.6, 56.3]","[62.7, 52.5]",1,0 days 00:04:07.917000,0 days 00:04:11.968000
12,3930176,Switzerland,11,"[56.7, 53.2]","[66.6, 76.0]",1,0 days 00:04:39.167000,0 days 00:04:46.730000
13,3930176,Germany,12,"[51.2, 0.1]","[55.5, 5.4]",1,0 days 00:04:53.597000,0 days 00:05:02.039000
14,3930176,Switzerland,12,"[45.1, 80.0]","[56.0, 69.6]",1,0 days 00:05:10.389000,0 days 00:05:16.311000
15,3930176,Germany,19,"[59.9, 8.7]","[66.3, 43.1]",1,0 days 00:05:16.311000,0 days 00:05:22.673000
16,3930176,Switzerland,19,"[54.5, 37.0]","[83.6, 2.4]",1,0 days 00:05:22.845000,0 days 00:05:35.859000
17,3930176,Germany,38,"[36.5, 77.7]","[99.9, 3.1]",1,0 days 00:05:35.859000,0 days 00:06:14.106000
18,3930176,Switzerland,2,"[21.3, 80.0]","[48.2, 71.6]",1,0 days 00:06:29.117000,0 days 00:06:32.354000
19,3930176,Germany,38,"[71.4, 14.1]","[95.3, 78.1]",1,0 days 00:06:32.354000,0 days 00:07:00.440000
20,3930176,Germany,79,"[70.4, 80.0]","[73.7, 8.7]",1,0 days 00:07:08.260000,0 days 00:08:13.583000
21,3930176,Switzerland,18,"[42.8, 80.0]","[76.9, 55.2]",1,0 days 00:08:31.200000,0 days 00:08:40.350000
22,3930176,Germany,34,"[41.7, 27.2]","[35.8, 50.5]",1,0 days 00:08:40.350000,0 days 00:09:11.059000
23,3930176,Germany,80,"[36.0, 50.5]","[93.5, 47.2]",1,0 days 00:09:40.504000,0 days 00:10:51.574000
24,3930176,Switzerland,8,"[26.9, 33.3]","[101.8, 76.8]",1,0 days 00:10:52.126000,0 days 00:10:59.536000
25,3930176,Germany,8,"[97.3, 80.0]","[28.7, 2.2]",1,0 days 00:11:03.897000,0 days 00:11:11.136000
26,3930176,Germany,44,"[93.4, 80.0]","[109.4, 60.8]",1,0 days 00:11:16.296000,0 days 00:12:01.076000
27,3930176,Switzerland,7,"[10.5, 24.7]","[82.6, 66.4]",1,0 days 00:12:01.377000,0 days 00:12:06.928000
28,3930176,Switzerland,15,"[55.6, 0.1]","[99.6, 30.6]",1,0 days 00:12:34.409000,0 days 00:12:45.098000
29,3930176,Germany,7,"[15.3, 46.1]","[99.1, 74.8]",1,0 days 00:12:45.098000,0 days 00:12:55.287000
30,3930176,Switzerland,27,"[20.0, 39.9]","[64.2, 55.3]",1,0 days 00:13:21.688000,0 days 00:13:51.073000
31,3930176,Germany,87,"[49.9, 20.5]","[62.7, 33.3]",1,0 days 00:13:51.073000,0 days 00:14:55.753000
32,3930176,Germany,67,"[63.2, 33.6]","[9.4, 37.4]",1,0 days 00:15:10.203000,0 days 00:16:02.049000
33,3930176,Switzerland,1,"[9.2, 37.4]","[9.2, 37.4]",1,0 days 00:18:06.034000,0 days 00:18:06.034000
34,3930176,Germany,19,"[13.3, 53.8]","[44.5, 73.5]",1,0 days 00:18:10.645000,0 days 00:18:36.474000
35,3930176,Switzerland,4,"[67.9, 0.1]","[91.4, 2.7]",1,0 days 00:18:53.247000,0 days 00:18:55.571000
36,3930176,Switzerland,18,"[92.9, 2.2]","[97.2, 13.2]",1,0 days 00:19:41.785000,0 days 00:20:01.405000
37,3930176,Germany,27,"[25.5, 62.3]","[99.8, 55.0]",1,0 days 00:20:01.405000,0 days 00:20:22.576000
38,3930176,Switzerland,29,"[20.3, 30.6]","[71.7, 5.2]",1,0 days 00:20:47.020000,0 days 00:21:25.187000
39,3930176,Switzerland,18,"[48.9, 80.0]","[51.2, 69.3]",1,0 days 00:21:31.975000,0 days 00:21:50.919000
40,3930176,Switzerland,53,"[51.5, 69.1]","[68.9, 49.4]",1,0 days 00:22:02.533000,0 days 00:22:56.371000
41,3930176,Germany,113,"[36.9, 66.6]","[66.5, 49.0]",1,0 days 00:22:59.368000,0 days 00:24:34.752000
42,3930176,Germany,64,"[63.9, 53.4]","[108.7, 40.9]",1,0 days 00:25:11.879000,0 days 00:26:15.156000
43,3930176,Switzerland,38,"[5.6, 38.3]","[80.3, 41.6]",1,0 days 00:26:38.029000,0 days 00:27:14.233000
44,3930176,Germany,26,"[16.5, 45.9]","[52.8, 27.3]",1,0 days 00:27:17.363000,0 days 00:27:41.158000
45,3930176,Switzerland,20,"[67.3, 52.8]","[2.9, 43.1]",1,0 days 00:27:41.158000,0 days 00:27:53.226000
46,3930176,Germany,18,"[61.0, 40.1]","[64.5, 14.9]",1,0 days 00:29:09.518000,0 days 00:29:25.637000
47,3930176,Switzerland,14,"[40.0, 80.0]","[3.4, 42.9]",1,0 days 00:29:50.370000,0 days 00:30:02.233000
48,3930176,Germany,34,"[6.5, 44.6]","[18.4, 22.7]",1,0 days 00:30:24.004000,0 days 00:30:50.807000
49,3930176,Switzerland,32,"[20.4, 24.5]","[85.6, 2.8]",1,0 days 00:30:51.181000,0 days 00:31:17.056000
50,3930176,Germany,65,"[6.4, 77.9]","[1.8, 40.4]",1,0 days 00:31:21.511000,0 days 00:32:32.605000
51,3930176,Germany,13,"[120.0, 80.0]","[73.7, 7.7]",1,0 days 00:33:13.100000,0 days 00:33:22.900000
52,3930176,Germany,17,"[72.3, 5.7]","[47.9, 54.1]",1,0 days 00:34:01.898000,0 days 00:34:11.234000
53,3930176,Switzerland,15,"[51.7, 63.6]","[44.7, 67.5]",1,0 days 00:34:12.775000,0 days 00:34:18.731000
54,3930176,Switzerland,35,"[43.4, 67.5]","[65.6, 76.1]",1,0 days 00:34:34.034000,0 days 00:35:03.662000
55,3930176,Germany,9,"[50.3, 3.8]","[64.7, 54.6]",1,0 days 00:35:03.919000,0 days 00:35:13.303000
56,3930176,Switzerland,75,"[49.0, 24.1]","[58.9, 53.8]",1,0 days 00:35:13.303000,0 days 00:36:25.322000
57,3930176,Germany,22,"[58.7, 26.8]","[104.0, 36.3]",1,0 days 00:36:25.427000,0 days 00:36:45.910000
58,3930176,Switzerland,15,"[2.8, 49.2]","[43.9, 66.0]",1,0 days 00:36:45.910000,0 days 00:37:07.349000
59,3930176,Switzerland,8,"[42.5, 66.0]","[82.0, 11.5]",1,0 days 00:38:30.933000,0 days 00:38:43.748000
60,3930176,Switzerland,5,"[43.9, 80.0]","[66.8, 70.5]",1,0 days 00:38:57.631000,0 days 00:39:00.873000
61,3930176,Germany,27,"[51.4, 7.1]","[10.4, 35.5]",1,0 days 00:39:01.356000,0 days 00:39:28.967000
62,3930176,Germany,64,"[106.4, 80.0]","[117.7, 27.7]",1,0 days 00:39:36.029000,0 days 00:40:22.044000
63,3930176,Germany,13,"[120.0, 0.1]","[0.9, 39.0]",1,0 days 00:40:29.776000,0 days 00:40:40.220000
64,3930176,Switzerland,7,"[4.0, 30.5]","[50.9, 31.3]",1,0 days 00:41:06.256000,0 days 00:41:18.973000
65,3930176,Germany,8,"[77.5, 48.2]","[2.2, 37.7]",1,0 days 00:41:18.973000,0 days 00:41:24.399000
66,3930176,Switzerland,3,"[5.6, 42.0]","[67.5, 63.0]",1,0 days 00:41:58.598000,0 days 00:42:04.160000
67,3930176,Germany,4,"[42.6, 12.3]","[42.9, 9.1]",1,0 days 00:42:04.160000,0 days 00:42:05.783000
68,3930176,Germany,27,"[42.3, 8.7]","[1.3, 40.4]",1,0 days 00:42:15.686000,0 days 00:42:37.778000
69,3930176,Switzerland,17,"[5.6, 42.2]","[109.2, 1.6]",1,0 days 00:43:03.042000,0 days 00:43:32.020000
70,3930176,Germany,46,"[6.1, 57.0]","[35.0, 0.6]",1,0 days 00:43:35.115000,0 days 00:44:10.548000
71,3930176,Germany,29,"[79.5, 80.0]","[113.4, 42.6]",1,0 days 00:44:14.853000,0 days 00:44:44.886000
72,3930176,Switzerland,5,"[5.0, 44.7]","[66.7, 69.2]",1,0 days 00:45:11.341000,0 days 00:45:18.773000
73,3930176,Germany,98,"[44.7, 0.1]","[20.6, 12.8]",1,0 days 00:45:37.104000,0 days 00:46:53.072000
74,3930176,Switzerland,9,"[19.2, 21.4]","[30.9, 11.4]",1,0 days 00:46:53.580000,0 days 00:46:56.650000
75,3930176,Switzerland,13,"[61.0, 40.1]","[56.5, 1.8]",2,0 days 00:00:01.349000,0 days 00:00:08.851000
76,3930176,Switzerland,8,"[64.9, 80.0]","[62.0, 22.7]",2,0 days 00:00:22.878000,0 days 00:00:34.132000
77,3930176,Germany,45,"[56.2, 50.1]","[92.0, 78.3]",2,0 days 00:00:34.132000,0 days 00:01:08.139000
78,3930176,Germany,23,"[28.5, 0.1]","[54.6, 40.6]",2,0 days 00:01:12.606000,0 days 00:01:30.733000
79,3930176,Switzerland,28,"[50.6, 31.3]","[102.7, 54.2]",2,0 days 00:01:30.733000,0 days 00:01:50.488000
80,3930176,Germany,38,"[2.7, 25.9]","[52.2, 12.9]",2,0 days 00:01:52.523000,0 days 00:02:46.922000
81,3930176,Switzerland,12,"[63.9, 67.4]","[111.3, 56.4]",2,0 days 00:02:46.922000,0 days 00:02:56.067000
82,3930176,Germany,26,"[6.0, 44.8]","[77.1, 76.2]",2,0 days 00:03:11.970000,0 days 00:03:37.493000
83,3930176,Germany,8,"[77.6, 74.5]","[76.5, 17.3]",2,0 days 00:03:49.364000,0 days 00:03:55.599000
84,3930176,Switzerland,5,"[67.2, 80.0]","[114.2, 66.9]",2,0 days 00:04:18.810000,0 days 00:04:23.029000
85,3930176,Germany,39,"[5.9, 13.2]","[3.7, 39.6]",2,0 days 00:04:23.029000,0 days 00:04:57.201000
86,3930176,Switzerland,30,"[4.2, 38.8]","[102.1, 44.3]",2,0 days 00:05:25.317000,0 days 00:05:50.137000
87,3930176,Germany,72,"[18.0, 35.8]","[106.2, 41.3]",2,0 days 00:05:50.137000,0 days 00:06:59.998000
88,3930176,Switzerland,17,"[2.8, 38.5]","[42.2, 1.3]",2,0 days 00:06:59.998000,0 days 00:07:17.420000
89,3930176,Switzerland,5,"[83.3, 80.0]","[87.9, 76.7]",2,0 days 00:07:46.488000,0 days 00:07:48.635000
90,3930176,Germany,17,"[32.2, 3.4]","[84.9, 5.3]",2,0 days 00:07:48.635000,0 days 00:08:14.546000
91,3930176,Switzerland,13,"[23.3, 80.0]","[57.7, 72.0]",2,0 days 00:08:37.627000,0 days 00:08:45.044000
92,3930176,Germany,25,"[62.4, 8.1]","[2.5, 40.8]",2,0 days 00:08:45.044000,0 days 00:09:07.466000
93,3930176,Switzerland,6,"[7.0, 38.0]","[50.7, 2.7]",2,0 days 00:09:42.406000,0 days 00:09:47.480000
94,3930176,Switzerland,10,"[49.5, 2.8]","[82.2, 50.6]",2,0 days 00:10:03.067000,0 days 00:10:14.034000
95,3930176,Germany,17,"[36.1, 0.1]","[34.9, 53.9]",2,0 days 00:10:27.609000,0 days 00:10:44.602000
96,3930176,Switzerland,45,"[84.0, 25.8]","[72.8, 65.9]",2,0 days 00:10:44.602000,0 days 00:11:18.847000
97,3930176,Switzerland,12,"[73.2, 65.8]","[110.4, 70.3]",2,0 days 00:11:49.307000,0 days 00:11:56.605000
98,3930176,Germany,4,"[10.3, 10.8]","[10.3, 10.8]",2,0 days 00:11:57.107000,0 days 00:11:57.320000
99,3930176,Germany,33,"[10.8, 11.4]","[3.3, 17.7]",2,0 days 00:12:16.520000,0 days 00:12:39.888000
100,3930176,Germany,21,"[120.0, 80.0]","[9.0, 56.7]",2,0 days 00:13:07.992000,0 days 00:13:20.804000
101,3930176,Germany,23,"[120.0, 0.1]","[79.0, 76.8]",2,0 days 00:14:04.747000,0 days 00:14:27.239000
102,3930176,Germany,18,"[86.8, 80.0]","[68.4, 11.7]",2,0 days 00:14:33.506000,0 days 00:14:55.014000
103,3930176,Switzerland,25,"[52.9, 70.0]","[14.6, 57.7]",2,0 days 00:14:55.014000,0 days 00:15:20.824000
104,3930176,Germany,51,"[20.6, 55.4]","[6.8, 24.7]",2,0 days 00:16:01.484000,0 days 00:16:52.059000
105,3930176,Germany,23,"[120.0, 80.0]","[3.3, 41.6]",2,0 days 00:17:15.613000,0 days 00:17:42.391000
106,3930176,Switzerland,2,"[7.0, 50.1]","[59.2, 60.7]",2,0 days 00:18:04.290000,0 days 00:18:08.694000
107,3930176,Germany,32,"[44.6, 16.1]","[1.7, 39.4]",2,0 days 00:18:08.694000,0 days 00:18:32.365000
108,3930176,Germany,8,"[120.0, 80.0]","[1.1, 39.5]",2,0 days 00:18:42.762000,0 days 00:18:47.212000
109,3930176,Switzerland,6,"[6.7, 38.2]","[60.2, 36.3]",2,0 days 00:20:14.550000,0 days 00:20:20.311000
110,3930176,Germany,36,"[62.4, 42.5]","[75.1, 49.2]",2,0 days 00:20:20.311000,0 days 00:20:55.449000
111,3930176,Germany,7,"[78.6, 49.5]","[0.9, 38.7]",2,0 days 00:21:58,0 days 00:22:04.319000
112,3930176,Switzerland,7,"[6.9, 32.3]","[62.1, 57.1]",2,0 days 00:22:24.175000,0 days 00:22:31.737000
113,3930176,Germany,22,"[64.6, 27.8]","[64.7, 40.2]",2,0 days 00:22:31.737000,0 days 00:22:54.542000
114,3930176,Switzerland,62,"[46.9, 35.0]","[104.1, 26.8]",2,0 days 00:22:54.542000,0 days 00:23:43.716000
115,3930176,Germany,63,"[12.7, 52.0]","[6.7, 44.4]",2,0 days 00:23:43.938000,0 days 00:25:08.564000
116,3930176,Germany,22,"[95.5, 0.1]","[25.6, 73.9]",2,0 days 00:26:04.213000,0 days 00:26:37.200000
117,3930176,Switzerland,28,"[101.0, 0.1]","[50.6, 3.1]",2,0 days 00:27:04.162000,0 days 00:27:24.695000
118,3930176,Switzerland,27,"[76.1, 80.0]","[19.1, 49.0]",2,0 days 00:27:42.953000,0 days 00:27:58.982000
119,3930176,Germany,5,"[20.2, 50.8]","[35.9, 39.7]",2,0 days 00:28:06.312000,0 days 00:28:07.982000
120,3930176,Switzerland,6,"[84.2, 40.4]","[93.6, 51.6]",2,0 days 00:28:07.982000,0 days 00:28:11.146000
121,3930176,Germany,1,"[2.9, 38.6]","[2.9, 38.6]",2,0 days 00:28:12.346000,0 days 00:28:12.346000
122,3930176,Germany,71,"[11.6, 37.5]","[64.0, 56.4]",2,0 days 00:28:15.146000,0 days 00:29:25.090000
123,3930176,Switzerland,27,"[57.0, 21.9]","[91.8, 14.6]",2,0 days 00:29:25.090000,0 days 00:29:45.690000
124,3930176,Switzerland,6,"[91.8, 16.3]","[17.8, 26.4]",2,0 days 00:30:45.390000,0 days 00:30:48.043000
125,3930176,Germany,16,"[18.4, 27.1]","[58.1, 51.4]",2,0 days 00:31:03.939000,0 days 00:31:22.108000
126,3930176,Switzerland,14,"[47.7, 13.4]","[70.4, 29.7]",2,0 days 00:31:22.108000,0 days 00:31:33.453000
127,3930176,Germany,22,"[50.6, 52.6]","[105.4, 48.4]",2,0 days 00:31:33.453000,0 days 00:31:49.294000
128,3930176,Switzerland,7,"[14.7, 31.7]","[24.4, 47.0]",2,0 days 00:31:49.294000,0 days 00:31:52.498000
129,3930176,Switzerland,49,"[14.7, 37.7]","[94.4, 57.7]",2,0 days 00:32:21.414000,0 days 00:33:05.207000
130,3930176,Germany,30,"[6.8, 33.1]","[105.1, 51.4]",2,0 days 00:33:05.207000,0 days 00:33:33.379000
131,3930176,Switzerland,16,"[11.4, 24.7]","[46.7, 20.3]",2,0 days 00:33:33.550000,0 days 00:33:48.385000
132,3930176,Germany,78,"[79.8, 53.9]","[109.1, 7.3]",2,0 days 00:33:49.293000,0 days 00:35:03.387000
133,3930176,Germany,6,"[111.5, 8.6]","[1.8, 38.4]",2,0 days 00:36:10.080000,0 days 00:36:14.702000
134,3930176,Switzerland,7,"[7.0, 44.4]","[32.8, 73.9]",2,0 days 00:36:38.215000,0 days 00:36:43.799000
135,3930176,Germany,42,"[82.6, 0.1]","[13.8, 63.1]",2,0 days 00:36:48.288000,0 days 00:37:28.170000
136,3930176,Germany,7,"[120.0, 0.1]","[96.4, 21.5]",2,0 days 00:37:35.957000,0 days 00:37:40.833000
137,3930176,Switzerland,23,"[2.8, 41.0]","[102.7, 26.9]",2,0 days 00:37:42.366000,0 days 00:38:13.663000
138,3930176,Germany,13,"[20.6, 52.6]","[1.3, 26.8]",2,0 days 00:38:51.637000,0 days 00:39:06.053000
139,3930176,Germany,4,"[120.0, 80.0]","[1.4, 39.0]",2,0 days 00:39:35.367000,0 days 00:39:38.110000
140,3930176,Switzerland,2,"[6.0, 44.9]","[69.9, 56.2]",2,0 days 00:40:04.882000,0 days 00:40:10.512000
141,3930176,Germany,21,"[32.3, 23.4]","[100.2, 58.6]",2,0 days 00:40:10.512000,0 days 00:40:33.374000
142,3930176,Switzerland,4,"[7.0, 46.0]","[69.0, 64.4]",2,0 days 00:41:03.462000,0 days 00:41:07.951000
143,3930176,Switzerland,2,"[69.9, 66.9]","[112.5, 68.7]",2,0 days 00:41:38.079000,0 days 00:41:41.306000
144,3930176,Germany,35,"[6.0, 30.9]","[108.0, 54.4]",2,0 days 00:41:50.748000,0 days 00:42:34.005000
145,3930176,Switzerland,13,"[12.1, 25.7]","[2.2, 40.9]",2,0 days 00:42:34.005000,0 days 00:42:52.090000
146,3930176,Switzerland,9,"[120.0, 0.1]","[14.6, 76.2]",2,0 days 00:43:27.692000,0 days 00:43:33.538000
147,3930176,Switzerland,2,"[96.4, 0.1]","[113.9, 6.6]",2,0 days 00:43:56.521000,0 days 00:43:57.623000
148,3930176,Germany,35,"[7.6, 73.4]","[118.0, 53.0]",2,0 days 00:43:57.623000,0 days 00:44:26.738000
149,3930176,Switzerland,2,"[7.0, 44.9]","[67.9, 65.3]",2,0 days 00:44:54.088000,0 days 00:45:00.260000
150,3930176,Germany,10,"[39.0, 13.8]","[105.5, 41.9]",2,0 days 00:45:00.260000,0 days 00:45:11.019000
151,3930176,Switzerland,6,"[12.5, 35.8]","[70.7, 22.3]",2,0 days 00:45:11.019000,0 days 00:45:30.163000
152,3930176,Germany,37,"[45.6, 53.3]","[1.1, 39.7]",2,0 days 00:45:36.614000,0 days 00:46:06.893000
153,3930176,Switzerland,28,"[61.0, 40.1]","[53.3, 3.4]",2,0 days 00:47:33.833000,0 days 00:47:53.085000
154,3930176,Switzerland,10,"[65.1, 80.0]","[40.0, 4.8]",2,0 days 00:48:11.267000,0 days 00:48:16.689000
155,3930176,Switzerland,25,"[81.5, 74.2]","[69.6, 77.3]",2,0 days 00:48:46.354000,0 days 00:49:03.629000
2,3930175,Belgium,19,"[60.0, 40.0]","[67.5, 72.3]",1,0 days 00:00:00.792000,0 days 00:00:10.455000
3,3930175,Belgium,26,"[66.1, 76.4]","[26.1, 42.3]",1,0 days 00:00:22.919000,0 days 00:00:41.784000
4,3930175,Romania,30,"[19.3, 33.9]","[53.2, 12.5]",1,0 days 00:00:42.588000,0 days 00:01:01.023000
5,3930175,Belgium,15,"[90.2, 46.3]","[2.4, 38.8]",1,0 days 00:01:03.417000,0 days 00:01:15.385000
6,3930175,Romania,4,"[61.0, 40.1]","[103.4, 16.9]",1,0 days 00:02:14.392000,0 days 00:02:20.491000
7,3930175,Belgium,9,"[16.1, 58.1]","[30.7, 63.7]",1,0 days 00:02:20.491000,0 days 00:02:23.814000
8,3930175,Romania,22,"[77.6, 21.8]","[2.9, 37.8]",1,0 days 00:02:25.310000,0 days 00:02:39.324000
9,3930175,Belgium,5,"[6.0, 41.4]","[9.2, 27.0]",1,0 days 00:02:48.966000,0 days 00:02:52.513000
10,3930175,Romania,6,"[110.9, 53.1]","[10.8, 28.4]",1,0 days 00:02:52.513000,0 days 00:03:00.239000
11,3930175,Romania,16,"[120.0, 80.0]","[0.8, 39.4]",1,0 days 00:03:48.714000,0 days 00:04:02.347000
12,3930175,Romania,10,"[120.0, 80.0]","[9.6, 68.8]",1,0 days 00:04:27.374000,0 days 00:04:38.923000
13,3930175,Romania,4,"[104.3, 0.1]","[117.0, 9.2]",1,0 days 00:04:46.112000,0 days 00:04:48.777000
14,3930175,Belgium,34,"[6.0, 41.3]","[112.1, 65.6]",1,0 days 00:05:23.728000,0 days 00:05:50.329000
15,3930175,Romania,11,"[6.5, 21.6]","[52.8, 18.9]",1,0 days 00:05:50.329000,0 days 00:05:56.219000
16,3930175,Belgium,29,"[67.3, 61.2]","[106.7, 28.7]",1,0 days 00:05:56.219000,0 days 00:06:26.054000
17,3930175,Romania,9,"[6.4, 48.0]","[56.8, 3.2]",1,0 days 00:06:26.858000,0 days 00:06:43.729000
18,3930175,Romania,14,"[49.2, 80.0]","[27.4, 5.3]",1,0 days 00:06:59.435000,0 days 00:07:13.239000
19,3930175,Belgium,30,"[78.1, 80.0]","[116.5, 75.8]",1,0 days 00:07:21.866000,0 days 00:07:47.909000
20,3930175,Romania,20,"[3.6, 4.3]","[8.5, 44.5]",1,0 days 00:07:47.909000,0 days 00:08:03.547000
21,3930175,Belgium,4,"[72.4, 80.0]","[71.0, 66.3]",1,0 days 00:08:34.220000,0 days 00:08:36.957000
22,3930175,Romania,9,"[20.0, 24.6]","[70.5, 62.6]",1,0 days 00:08:39.457000,0 days 00:08:52.620000
23,3930175,Belgium,39,"[48.6, 0.1]","[43.8, 8.6]",1,0 days 00:09:02.816000,0 days 00:09:27.710000
24,3930175,Belgium,53,"[91.1, 80.0]","[93.4, 15.0]",1,0 days 00:09:40.113000,0 days 00:10:35.500000
25,3930175,Romania,12,"[19.6, 57.9]","[39.3, 78.2]",1,0 days 00:10:35.500000,0 days 00:10:41.083000
26,3930175,Belgium,22,"[80.8, 1.9]","[84.1, 60.6]",1,0 days 00:10:41.083000,0 days 00:11:03.469000
27,3930175,Belgium,33,"[66.1, 80.0]","[10.7, 5.9]",1,0 days 00:11:13.345000,0 days 00:11:38.870000
28,3930175,Belgium,49,"[94.5, 80.0]","[10.5, 36.1]",1,0 days 00:11:45.072000,0 days 00:12:33.522000
29,3930175,Belgium,20,"[51.1, 80.0]","[2.6, 42.0]",1,0 days 00:12:42.243000,0 days 00:13:00.134000
30,3930175,Belgium,2,"[120.0, 0.1]","[117.2, 47.4]",1,0 days 00:13:33.289000,0 days 00:13:36.870000
31,3930175,Romania,1,"[6.9, 43.7]","[6.9, 43.7]",1,0 days 00:14:04.544000,0 days 00:14:04.544000
32,3930175,Belgium,27,"[85.5, 80.0]","[19.8, 25.8]",1,0 days 00:14:17.279000,0 days 00:14:39.164000
33,3930175,Romania,4,"[22.4, 25.9]","[83.8, 21.2]",1,0 days 00:15:17.642000,0 days 00:15:25.507000
34,3930175,Belgium,13,"[5.9, 31.9]","[52.3, 66.3]",1,0 days 00:15:50.695000,0 days 00:16:01.488000
35,3930175,Belgium,12,"[52.3, 66.6]","[8.7, 10.0]",1,0 days 00:16:16.362000,0 days 00:16:28.634000
36,3930175,Belgium,46,"[102.5, 80.0]","[3.4, 39.3]",1,0 days 00:16:41.065000,0 days 00:17:21.112000
37,3930175,Romania,15,"[1.3, 31.6]","[82.6, 53.8]",1,0 days 00:17:21.743000,0 days 00:17:45.118000
38,3930175,Belgium,13,"[41.0, 27.3]","[2.8, 38.4]",1,0 days 00:17:45.118000,0 days 00:17:58.029000
39,3930175,Belgium,7,"[120.0, 0.1]","[1.1, 42.4]",1,0 days 00:18:26.117000,0 days 00:18:30.336000
40,3930175,Romania,13,"[7.0, 41.1]","[29.3, 11.8]",1,0 days 00:18:58.913000,0 days 00:19:11.610000
41,3930175,Romania,6,"[87.5, 80.0]","[92.8, 63.8]",1,0 days 00:19:31.227000,0 days 00:19:33.364000
42,3930175,Romania,4,"[92.8, 63.8]","[5.7, 48.3]",1,0 days 00:20:18.019000,0 days 00:20:19.658000
43,3930175,Romania,9,"[120.0, 0.1]","[1.9, 40.0]",1,0 days 00:20:39.013000,0 days 00:20:45.321000
44,3930175,Belgium,17,"[4.8, 46.0]","[68.3, 65.1]",1,0 days 00:21:10.309000,0 days 00:21:22.867000
45,3930175,Romania,12,"[37.1, 25.2]","[76.0, 6.8]",1,0 days 00:21:22.867000,0 days 00:21:28.723000
46,3930175,Belgium,5,"[44.1, 73.3]","[59.5, 72.7]",1,0 days 00:21:28.723000,0 days 00:21:30.554000
47,3930175,Belgium,51,"[57.0, 76.8]","[77.8, 3.2]",1,0 days 00:21:54.973000,0 days 00:22:36.682000
48,3930175,Belgium,15,"[79.4, 7.2]","[4.4, 55.4]",1,0 days 00:22:47.514000,0 days 00:22:57.800000
49,3930175,Belgium,2,"[120.0, 0.1]","[117.7, 45.7]",1,0 days 00:23:30.842000,0 days 00:23:32.730000
50,3930175,Romania,16,"[2.9, 38.1]","[100.6, 38.2]",1,0 days 00:23:32.730000,0 days 00:23:48.101000
51,3930175,Belgium,6,"[16.3, 36.6]","[15.7, 40.5]",1,0 days 00:23:49.083000,0 days 00:25:29.788000
52,3930175,Belgium,101,"[15.7, 40.5]","[94.8, 73.6]",1,0 days 00:25:36.401000,0 days 00:27:09.781000
53,3930175,Romania,9,"[27.4, 0.1]","[83.0, 58.9]",1,0 days 00:27:22.107000,0 days 00:27:32.502000
54,3930175,Belgium,3,"[83.1, 61.5]","[15.9, 45.6]",1,0 days 00:28:08.910000,0 days 00:28:08.984000
55,3930175,Romania,16,"[15.9, 41.3]","[71.9, 54.8]",1,0 days 00:28:34.075000,0 days 00:28:43.926000
56,3930175,Belgium,59,"[53.3, 31.9]","[8.5, 53.6]",1,0 days 00:28:45.216000,0 days 00:29:37.978000
57,3930175,Belgium,14,"[120.0, 0.1]","[1.2, 44.0]",1,0 days 00:30:09.560000,0 days 00:30:18.448000
58,3930175,Belgium,12,"[120.0, 0.1]","[15.8, 35.3]",1,0 days 00:30:41.124000,0 days 00:30:58.315000
59,3930175,Romania,56,"[20.0, 47.0]","[49.2, 9.5]",1,0 days 00:31:03.731000,0 days 00:31:44.237000
60,3930175,Belgium,94,"[77.8, 70.7]","[2.6, 37.3]",1,0 days 00:31:44.237000,0 days 00:32:58.165000
61,3930175,Belgium,38,"[120.0, 0.1]","[70.9, 74.1]",1,0 days 00:33:37.837000,0 days 00:34:22.211000
62,3930175,Romania,4,"[49.2, 8.0]","[49.8, 7.8]",1,0 days 00:34:22.211000,0 days 00:34:22.646000
63,3930175,Romania,6,"[49.8, 7.8]","[6.3, 2.1]",1,0 days 00:34:50.593000,0 days 00:34:58.426000
64,3930175,Romania,22,"[112.1, 80.0]","[9.2, 34.5]",1,0 days 00:35:05.141000,0 days 00:35:24.686000
65,3930175,Romania,32,"[70.7, 80.0]","[102.7, 54.8]",1,0 days 00:35:34.446000,0 days 00:36:04.153000
66,3930175,Belgium,1,"[2.4, 38.0]","[2.4, 38.0]",1,0 days 00:36:05.104000,0 days 00:36:05.104000
67,3930175,Belgium,46,"[8.8, 39.3]","[3.2, 26.3]",1,0 days 00:36:20.271000,0 days 00:37:07.748000
68,3930175,Belgium,2,"[120.0, 80.0]","[105.7, 40.7]",1,0 days 00:37:55.734000,0 days 00:38:00.701000
69,3930175,Romania,28,"[26.8, 61.4]","[89.8, 53.1]",1,0 days 00:38:00.701000,0 days 00:38:27.152000
70,3930175,Belgium,24,"[7.8, 31.3]","[34.4, 22.7]",1,0 days 00:38:27.152000,0 days 00:39:13.440000
71,3930175,Romania,5,"[15.0, 0.1]","[4.6, 21.7]",1,0 days 00:39:31.304000,0 days 00:39:34.421000
72,3930175,Belgium,22,"[103.2, 80.0]","[110.8, 72.3]",1,0 days 00:39:44.772000,0 days 00:40:06.575000
73,3930175,Romania,6,"[6.5, 37.0]","[64.0, 17.7]",1,0 days 00:40:33.355000,0 days 00:40:39.953000
74,3930175,Belgium,83,"[63.2, 64.1]","[78.4, 2.6]",1,0 days 00:40:39.953000,0 days 00:41:42.581000
75,3930175,Romania,12,"[41.7, 77.5]","[56.7, 18.6]",1,0 days 00:41:42.581000,0 days 00:41:55.823000
76,3930175,Belgium,18,"[49.4, 59.6]","[103.1, 52.4]",1,0 days 00:41:57.230000,0 days 00:42:06.672000
77,3930175,Romania,1,"[5.2, 36.2]","[5.2, 36.2]",1,0 days 00:42:07.413000,0 days 00:42:07.413000
78,3930175,Romania,21,"[13.4, 48.0]","[90.8, 18.6]",1,0 days 00:42:12.697000,0 days 00:42:34.575000
79,3930175,Belgium,41,"[11.7, 48.3]","[71.2, 26.5]",1,0 days 00:42:34.575000,0 days 00:43:28.474000
80,3930175,Romania,6,"[48.9, 53.6]","[49.8, 60.0]",1,0 days 00:43:28.474000,0 days 00:43:31.476000
81,3930175,Romania,25,"[49.8, 60.0]","[25.0, 22.0]",1,0 days 00:43:46.909000,0 days 00:44:16.832000
82,3930175,Romania,3,"[98.8, 80.0]","[8.0, 10.5]",1,0 days 00:44:26.139000,0 days 00:44:27.477000
83,3930175,Romania,7,"[120.0, 80.0]","[1.1, 38.5]",1,0 days 00:44:51.379000,0 days 00:44:54.791000
84,3930175,Belgium,26,"[5.9, 41.7]","[64.0, 6.9]",1,0 days 00:45:32.524000,0 days 00:45:59.139000
85,3930175,Romania,37,"[60.0, 40.0]","[2.2, 37.5]",2,0 days 00:00:00.549000,0 days 00:00:45.237000
86,3930175,Belgium,4,"[9.7, 39.7]","[12.9, 28.4]",2,0 days 00:00:59.109000,0 days 00:01:03.516000
87,3930175,Romania,14,"[60.6, 49.3]","[93.3, 17.0]",2,0 days 00:01:05.795000,0 days 00:01:17.963000
88,3930175,Belgium,15,"[4.6, 49.6]","[56.7, 78.0]",2,0 days 00:01:37.861000,0 days 00:01:47.985000
89,3930175,Romania,34,"[65.1, 0.1]","[3.5, 44.2]",2,0 days 00:01:53.450000,0 days 00:02:21.612000
90,3930175,Belgium,4,"[7.0, 43.8]","[77.5, 46.8]",2,0 days 00:02:59.880000,0 days 00:03:03.520000
91,3930175,Romania,34,"[11.4, 45.5]","[92.5, 17.5]",2,0 days 00:03:06.660000,0 days 00:03:45.927000
92,3930175,Belgium,13,"[27.2, 61.6]","[50.7, 74.0]",2,0 days 00:03:45.927000,0 days 00:03:56.243000
93,3930175,Romania,15,"[14.0, 68.4]","[28.7, 70.3]",2,0 days 00:04:03.392000,0 days 00:04:14.920000
94,3930175,Belgium,7,"[91.8, 7.4]","[2.6, 75.7]",2,0 days 00:04:15.256000,0 days 00:04:20.734000
95,3930175,Romania,1,"[6.0, 38.4]","[6.0, 38.4]",2,0 days 00:04:37.932000,0 days 00:04:37.932000
96,3930175,Belgium,66,"[88.4, 69.5]","[15.0, 2.9]",2,0 days 00:04:39.804000,0 days 00:05:48.802000
97,3930175,Belgium,32,"[93.7, 80.0]","[2.4, 42.1]",2,0 days 00:06:03.250000,0 days 00:07:35.979000
98,3930175,Romania,19,"[4.8, 40.8]","[83.9, 66.2]",2,0 days 00:07:39.386000,0 days 00:08:05.721000
99,3930175,Belgium,8,"[44.3, 14.3]","[48.0, 17.9]",2,0 days 00:08:06.196000,0 days 00:08:08.811000
100,3930175,Belgium,11,"[48.2, 18.6]","[16.5, 22.0]",2,0 days 00:08:26.411000,0 days 00:08:36.278000
101,3930175,Belgium,6,"[14.2, 22.8]","[40.3, 63.2]",2,0 days 00:09:12.693000,0 days 00:09:18.672000
102,3930175,Romania,14,"[9.0, 56.8]","[29.4, 72.0]",2,0 days 00:09:22.198000,0 days 00:09:38.431000
103,3930175,Belgium,9,"[90.7, 12.1]","[101.0, 40.8]",2,0 days 00:09:38.431000,0 days 00:09:43.101000
104,3930175,Romania,1,"[3.1, 39.9]","[3.1, 39.9]",2,0 days 00:09:43.731000,0 days 00:09:43.731000
105,3930175,Romania,3,"[9.0, 35.7]","[53.9, 71.2]",2,0 days 00:09:57.697000,0 days 00:10:00.340000
106,3930175,Romania,25,"[41.3, 0.1]","[2.7, 41.5]",2,0 days 00:10:50.227000,0 days 00:11:15.172000
107,3930175,Belgium,36,"[7.0, 40.6]","[91.8, 77.6]",2,0 days 00:11:48.838000,0 days 00:12:20.754000
108,3930175,Belgium,4,"[92.7, 77.8]","[111.0, 45.3]",2,0 days 00:13:01.519000,0 days 00:13:02.798000
109,3930175,Romania,1,"[1.8, 37.5]","[1.8, 37.5]",2,0 days 00:13:03.494000,0 days 00:13:03.494000
110,3930175,Romania,21,"[8.4, 32.4]","[13.3, 42.1]",2,0 days 00:13:19.148000,0 days 00:13:32.098000
111,3930175,Romania,9,"[98.5, 0.1]","[111.5, 41.6]",2,0 days 00:13:39.215000,0 days 00:13:47.132000
112,3930175,Belgium,11,"[8.2, 32.0]","[39.8, 53.0]",2,0 days 00:13:47.132000,0 days 00:13:55.992000
113,3930175,Belgium,7,"[39.2, 53.0]","[25.9, 67.7]",2,0 days 00:14:23.714000,0 days 00:14:37.001000
114,3930175,Belgium,7,"[98.0, 0.1]","[8.0, 41.6]",2,0 days 00:15:06.435000,0 days 00:15:10.590000
115,3930175,Belgium,20,"[109.1, 0.1]","[110.6, 3.8]",2,0 days 00:15:34.939000,0 days 00:15:46.439000
116,3930175,Belgium,12,"[108.7, 0.1]","[113.0, 4.7]",2,0 days 00:15:49.612000,0 days 00:16:01.381000
117,3930175,Romania,2,"[7.1, 75.4]","[115.3, 5.9]",2,0 days 00:16:01.381000,0 days 00:16:01.847000
118,3930175,Romania,13,"[12.3, 66.9]","[100.0, 6.4]",2,0 days 00:16:31.586000,0 days 00:16:44.705000
119,3930175,Belgium,26,"[14.6, 74.2]","[2.9, 44.1]",2,0 days 00:16:44.705000,0 days 00:17:03.610000
120,3930175,Romania,21,"[6.0, 39.3]","[76.2, 22.2]",2,0 days 00:17:17.552000,0 days 00:17:50.522000
121,3930175,Belgium,13,"[43.7, 56.4]","[97.6, 35.5]",2,0 days 00:17:50.665000,0 days 00:17:58.624000
122,3930175,Romania,26,"[22.5, 46.3]","[11.6, 33.8]",2,0 days 00:19:00.822000,0 days 00:19:19.291000
123,3930175,Belgium,8,"[7.7, 35.5]","[42.8, 14.9]",2,0 days 00:19:20.217000,0 days 00:19:24.205000
124,3930175,Belgium,55,"[41.3, 14.7]","[6.7, 32.0]",2,0 days 00:19:49.144000,0 days 00:20:42.302000
125,3930175,Belgium,26,"[96.5, 80.0]","[2.5, 41.6]",2,0 days 00:21:02.716000,0 days 00:21:32.136000
126,3930175,Romania,13,"[5.6, 38.4]","[7.8, 36.3]",2,0 days 00:22:31.912000,0 days 00:22:41.732000
127,3930175,Romania,6,"[110.2, 80.0]","[109.6, 75.4]",2,0 days 00:22:50.862000,0 days 00:22:53.115000
128,3930175,Belgium,31,"[13.1, 6.6]","[3.7, 42.5]",2,0 days 00:22:53.115000,0 days 00:23:17.429000
129,3930175,Romania,5,"[30.2, 71.4]","[89.5, 4.9]",2,0 days 00:23:20.666000,0 days 00:23:21.694000
130,3930175,Romania,24,"[30.6, 80.0]","[59.5, 74.2]",2,0 days 00:23:47.124000,0 days 00:24:03.557000
131,3930175,Belgium,5,"[49.7, 0.1]","[64.6, 6.4]",2,0 days 00:24:25.449000,0 days 00:24:28.155000
132,3930175,Romania,30,"[55.5, 73.7]","[5.8, 34.4]",2,0 days 00:24:28.155000,0 days 00:24:52.903000
133,3930175,Romania,55,"[100.6, 80.0]","[9.0, 70.3]",2,0 days 00:25:01.935000,0 days 00:25:47.288000
134,3930175,Romania,14,"[111.1, 0.1]","[91.2, 35.0]",2,0 days 00:25:52.957000,0 days 00:25:59.144000
135,3930175,Belgium,2,"[13.9, 0.1]","[53.1, 9.6]",2,0 days 00:26:53.914000,0 days 00:26:57.250000
136,3930175,Romania,10,"[63.6, 71.2]","[42.2, 6.2]",2,0 days 00:26:57.250000,0 days 00:27:01.201000
137,3930175,Belgium,2,"[42.0, 0.1]","[69.3, 4.2]",2,0 days 00:27:18.305000,0 days 00:27:23.619000
138,3930175,Romania,9,"[22.7, 73.9]","[49.5, 20.0]",2,0 days 00:27:23.619000,0 days 00:27:32.274000
139,3930175,Belgium,27,"[71.1, 61.1]","[47.5, 62.0]",2,0 days 00:27:32.274000,0 days 00:28:06
140,3930175,Romania,48,"[48.0, 80.0]","[2.3, 41.4]",2,0 days 00:28:15.509000,0 days 00:29:03.425000
141,3930175,Belgium,3,"[5.2, 43.4]","[43.3, 19.6]",2,0 days 00:29:34.909000,0 days 00:29:38.235000
142,3930175,Romania,12,"[19.5, 24.3]","[42.2, 75.0]",2,0 days 00:29:41.340000,0 days 00:30:00.100000
143,3930175,Belgium,29,"[88.0, 0.1]","[49.7, 3.1]",2,0 days 00:30:26.702000,0 days 00:30:48.347000
144,3930175,Belgium,5,"[69.3, 80.0]","[21.0, 15.5]",2,0 days 00:31:46.401000,0 days 00:31:48.593000
145,3930175,Romania,9,"[22.5, 17.3]","[41.1, 6.4]",2,0 days 00:31:49.849000,0 days 00:31:56.069000
146,3930175,Romania,17,"[40.5, 7.0]","[49.9, 78.2]",2,0 days 00:32:03.475000,0 days 00:32:16.098000
147,3930175,Romania,48,"[70.4, 0.1]","[112.1, 47.8]",2,0 days 00:32:20.908000,0 days 00:33:03.285000
148,3930175,Belgium,7,"[11.6, 31.4]","[11.0, 36.4]",2,0 days 00:33:56.006000,0 days 00:34:01.964000
149,3930175,Romania,31,"[60.0, 40.0]","[2.8, 59.2]",2,0 days 00:35:22.654000,0 days 00:35:58.210000
150,3930175,Romania,12,"[120.0, 0.1]","[10.7, 33.5]",2,0 days 00:36:17.143000,0 days 00:36:26.269000
151,3930175,Romania,4,"[92.0, 80.0]","[89.3, 67.5]",2,0 days 00:36:42.357000,0 days 00:36:43.536000
152,3930175,Belgium,20,"[35.1, 11.3]","[8.4, 43.1]",2,0 days 00:36:44.286000,0 days 00:36:55.954000
153,3930175,Romania,25,"[8.0, 36.5]","[111.5, 57.5]",2,0 days 00:36:56.969000,0 days 00:37:30.039000
154,3930175,Belgium,4,"[6.9, 44.0]","[32.6, 29.0]",2,0 days 00:38:04.878000,0 days 00:38:10.299000
155,3930175,Romania,12,"[32.6, 29.5]","[114.9, 60.1]",2,0 days 00:38:22.549000,0 days 00:38:42.851000
156,3930175,Romania,35,"[6.0, 39.5]","[8.0, 35.9]",2,0 days 00:39:02.316000,0 days 00:39:42.230000
157,3930175,Romania,7,"[120.0, 80.0]","[1.2, 41.8]",2,0 days 00:39:55.514000,0 days 00:39:58.481000
158,3930175,Belgium,18,"[8.2, 40.4]","[3.0, 35.4]",2,0 days 00:40:00.367000,0 days 00:40:27.439000
159,3930175,Belgium,7,"[99.3, 80.0]","[114.3, 75.0]",2,0 days 00:41:01.294000,0 days 00:41:06.665000
160,3930175,Romania,8,"[5.8, 5.1]","[59.7, 53.2]",2,0 days 00:41:18.429000,0 days 00:41:25.765000
161,3930175,Belgium,13,"[62.7, 25.4]","[26.2, 8.1]",2,0 days 00:41:26.697000,0 days 00:41:41.194000
162,3930175,Belgium,2,"[98.6, 80.0]","[111.3, 67.3]",2,0 days 00:42:11.266000,0 days 00:42:14.725000
163,3930175,Romania,4,"[5.6, 36.7]","[46.9, 15.8]",2,0 days 00:42:29.616000,0 days 00:42:32.680000
164,3930175,Romania,6,"[55.7, 80.0]","[35.6, 62.4]",2,0 days 00:42:40.277000,0 days 00:42:44.712000
165,3930175,Romania,19,"[34.9, 63.5]","[1.7, 35.6]",2,0 days 00:42:57.139000,0 days 00:43:31.029000
166,3930175,Belgium,4,"[99.5, 0.1]","[110.4, 7.7]",2,0 days 00:44:26.271000,0 days 00:44:28.210000
167,3930175,Romania,5,"[10.8, 72.9]","[107.0, 5.1]",2,0 days 00:44:28.532000,0 days 00:44:30.787000
168,3930175,Romania,6,"[28.5, 80.0]","[44.3, 75.9]",2,0 days 00:44:41.679000,0 days 00:44:45.144000
169,3930175,Romania,18,"[44.3, 70.1]","[105.3, 32.9]",2,0 days 00:45:06.526000,0 days 00:45:36.340000
170,3930175,Romania,23,"[19.3, 50.8]","[6.2, 26.7]",2,0 days 00:46:06.044000,0 days 00:46:24.546000
171,3930175,Romania,19,"[92.7, 80.0]","[2.2, 39.4]",2,0 days 00:46:33.648000,0 days 00:46:48.223000
172,3930175,Romania,11,"[120.0, 0.1]","[21.0, 71.0]",2,0 days 00:47:03.772000,0 days 00:47:10.062000
173,3930175,Romania,16,"[74.9, 0.1]","[78.6, 71.4]",2,0 days 00:47:20.094000,0 days 00:47:33.860000
174,3930175,Belgium,2,"[43.0, 0.1]","[86.0, 7.2]",2,0 days 00:47:53.599000,0 days 00:47:57.703000
175,3930175,Romania,5,"[30.4, 72.2]","[87.5, 4.4]",2,0 days 00:47:57.703000,0 days 00:48:01.045000
176,3930175,Romania,19,"[34.5, 80.0]","[41.6, 1.4]",2,0 days 00:48:07.643000,0 days 00:48:23.458000
177,3930175,Belgium,28,"[78.8, 80.0]","[30.6, 47.7]",2,0 days 00:48:33.692000,0 days 00:48:53.409000
2,3930174,Portugal,13,"[60.0, 40.0]","[105.8, 62.1]",1,0 days 00:00:00.442000,0 days 00:00:31.817000
3,3930174,Portugal,24,"[6.0, 31.3]","[104.7, 54.5]",1,0 days 00:00:49.676000,0 days 00:01:08.866000
4,3930174,Turkey,2,"[2.3, 37.3]","[99.0, 33.3]",1,0 days 00:01:09.888000,0 days 00:01:32.914000
5,3930174,Turkey,19,"[14.4, 47.4]","[82.5, 49.1]",1,0 days 00:01:33.440000,0 days 00:01:58.113000
6,3930174,Portugal,55,"[38.2, 29.7]","[54.2, 55.4]",1,0 days 00:01:58.113000,0 days 00:02:52.971000
7,3930174,Portugal,62,"[51.6, 55.8]","[56.2, 69.1]",1,0 days 00:03:14.506000,0 days 00:03:53.341000
8,3930174,Turkey,25,"[40.4, 70.7]","[10.9, 6.5]",1,0 days 00:03:54.912000,0 days 00:04:08.962000
9,3930174,Turkey,15,"[104.2, 80.0]","[2.7, 38.3]",1,0 days 00:04:29.324000,0 days 00:04:38.074000
10,3930174,Portugal,4,"[6.0, 33.0]","[90.4, 19.9]",1,0 days 00:05:02.737000,0 days 00:05:15.735000
11,3930174,Turkey,36,"[7.3, 60.2]","[2.9, 69.7]",1,0 days 00:05:15.735000,0 days 00:05:57.645000
12,3930174,Turkey,7,"[120.0, 0.1]","[7.1, 31.9]",1,0 days 00:06:40.746000,0 days 00:06:45.341000
13,3930174,Turkey,17,"[103.2, 80.0]","[84.6, 35.7]",1,0 days 00:06:58.632000,0 days 00:07:13.740000
14,3930174,Portugal,23,"[47.1, 51.9]","[2.0, 41.0]",1,0 days 00:07:13.740000,0 days 00:07:32.763000
15,3930174,Turkey,6,"[6.1, 30.1]","[75.9, 10.9]",1,0 days 00:07:55.360000,0 days 00:08:04.612000
16,3930174,Portugal,81,"[35.7, 80.0]","[78.7, 15.6]",1,0 days 00:08:11.021000,0 days 00:09:32.146000
17,3930174,Turkey,5,"[40.2, 66.8]","[68.8, 14.2]",1,0 days 00:09:32.146000,0 days 00:09:33.105000
18,3930174,Turkey,57,"[49.3, 80.0]","[101.2, 64.8]",1,0 days 00:09:43.323000,0 days 00:10:28.054000
19,3930174,Portugal,23,"[3.9, 39.2]","[90.3, 8.2]",1,0 days 00:10:39.052000,0 days 00:11:09.843000
20,3930174,Portugal,70,"[30.7, 80.0]","[66.7, 60.5]",1,0 days 00:11:13.010000,0 days 00:12:26.656000
21,3930174,Turkey,4,"[52.5, 19.6]","[51.8, 17.7]",1,0 days 00:12:27.037000,0 days 00:12:29.019000
22,3930174,Turkey,21,"[52.0, 18.4]","[94.4, 64.3]",1,0 days 00:12:51.355000,0 days 00:13:18.345000
23,3930174,Portugal,11,"[25.7, 15.8]","[89.0, 21.0]",1,0 days 00:13:18.345000,0 days 00:13:39.301000
24,3930174,Turkey,17,"[35.2, 61.4]","[99.8, 41.5]",1,0 days 00:13:39.301000,0 days 00:13:56.873000
25,3930174,Portugal,28,"[16.6, 36.2]","[2.0, 40.9]",1,0 days 00:13:56.873000,0 days 00:14:33.873000
26,3930174,Turkey,13,"[2.7, 45.9]","[75.5, 19.2]",1,0 days 00:14:33.953000,0 days 00:14:59.020000
27,3930174,Portugal,33,"[75.5, 19.2]","[14.0, 76.4]",1,0 days 00:15:42.857000,0 days 00:16:13.377000
28,3930174,Portugal,15,"[105.1, 0.1]","[25.6, 1.1]",1,0 days 00:16:24.310000,0 days 00:16:34.635000
29,3930174,Portugal,35,"[93.1, 80.0]","[111.7, 12.6]",1,0 days 00:16:40.393000,0 days 00:17:01.689000
30,3930174,Turkey,20,"[6.4, 32.3]","[86.9, 72.8]",1,0 days 00:17:24.046000,0 days 00:17:37.128000
31,3930174,Portugal,20,"[83.3, 80.0]","[107.8, 61.5]",1,0 days 00:17:43.923000,0 days 00:18:09.111000
32,3930174,Turkey,9,"[6.1, 21.1]","[52.3, 25.0]",1,0 days 00:18:09.111000,0 days 00:18:14.041000
33,3930174,Portugal,8,"[63.3, 52.2]","[69.7, 67.9]",1,0 days 00:18:14.041000,0 days 00:18:16.735000
34,3930174,Portugal,26,"[73.7, 66.1]","[74.8, 1.7]",1,0 days 00:18:39.190000,0 days 00:18:59.121000
35,3930174,Turkey,48,"[42.0, 80.0]","[32.4, 54.3]",1,0 days 00:19:20.376000,0 days 00:19:57.510000
36,3930174,Portugal,45,"[28.7, 72.2]","[2.8, 39.3]",1,0 days 00:20:00.963000,0 days 00:20:59.279000
37,3930174,Turkey,38,"[61.0, 40.1]","[4.7, 5.9]",1,0 days 00:22:09.106000,0 days 00:22:57.590000
38,3930174,Portugal,43,"[106.1, 80.0]","[2.8, 40.5]",1,0 days 00:23:07.830000,0 days 00:23:45.855000
39,3930174,Turkey,12,"[7.0, 33.6]","[47.8, 61.9]",1,0 days 00:23:57.833000,0 days 00:24:17.275000
40,3930174,Portugal,47,"[47.8, 61.9]","[51.4, 9.4]",1,0 days 00:24:59.963000,0 days 00:26:00.629000
41,3930174,Portugal,70,"[53.8, 12.1]","[55.1, 0.2]",1,0 days 00:26:04.900000,0 days 00:27:14.081000
42,3930174,Portugal,32,"[68.5, 80.0]","[99.9, 54.1]",1,0 days 00:27:29.587000,0 days 00:28:00.176000
43,3930174,Turkey,14,"[61.0, 40.1]","[101.0, 39.8]",1,0 days 00:29:11.270000,0 days 00:29:24.905000
44,3930174,Portugal,20,"[19.1, 40.3]","[70.8, 6.0]",1,0 days 00:29:24.905000,0 days 00:29:37.729000
45,3930174,Turkey,43,"[47.7, 61.4]","[2.4, 44.0]",1,0 days 00:29:37.729000,0 days 00:30:17.213000
46,3930174,Turkey,2,"[120.0, 0.1]","[4.4, 34.8]",1,0 days 00:30:41.767000,0 days 00:30:43.592000
47,3930174,Turkey,12,"[120.0, 80.0]","[11.8, 55.8]",1,0 days 00:31:28.334000,0 days 00:31:36.720000
48,3930174,Turkey,21,"[104.0, 0.1]","[39.3, 50.6]",1,0 days 00:31:41.807000,0 days 00:31:59.643000
49,3930174,Portugal,9,"[29.8, 58.7]","[28.7, 77.4]",1,0 days 00:32:02.209000,0 days 00:32:13.294000
50,3930174,Turkey,65,"[81.7, 0.1]","[114.6, 42.5]",1,0 days 00:32:18.426000,0 days 00:33:20.421000
51,3930174,Portugal,12,"[6.0, 31.9]","[86.0, 2.4]",1,0 days 00:33:37.828000,0 days 00:33:48.806000
52,3930174,Turkey,16,"[83.0, 0.1]","[101.9, 37.7]",1,0 days 00:33:53.784000,0 days 00:34:06.341000
53,3930174,Portugal,40,"[7.6, 40.1]","[3.8, 36.1]",1,0 days 00:34:08.038000,0 days 00:34:44.042000
54,3930174,Turkey,12,"[5.2, 35.5]","[48.7, 8.9]",1,0 days 00:34:56.079000,0 days 00:35:04.086000
55,3930174,Portugal,14,"[71.4, 71.2]","[8.0, 25.9]",1,0 days 00:35:04.086000,0 days 00:35:14.268000
56,3930174,Portugal,29,"[91.5, 80.0]","[2.4, 41.3]",1,0 days 00:35:27.187000,0 days 00:36:01.668000
57,3930174,Turkey,37,"[6.4, 32.5]","[104.2, 34.8]",1,0 days 00:36:17.268000,0 days 00:36:51.670000
58,3930174,Portugal,6,"[13.7, 45.8]","[28.0, 50.6]",1,0 days 00:36:51.670000,0 days 00:36:54.117000
59,3930174,Portugal,8,"[33.0, 52.6]","[65.0, 6.6]",1,0 days 00:37:33.078000,0 days 00:37:38.926000
60,3930174,Portugal,30,"[33.5, 80.0]","[107.4, 17.6]",1,0 days 00:37:45.924000,0 days 00:38:10.907000
61,3930174,Turkey,10,"[10.2, 68.5]","[86.4, 40.4]",1,0 days 00:38:58.079000,0 days 00:39:09.096000
62,3930174,Turkey,8,"[26.4, 40.2]","[71.0, 78.2]",1,0 days 00:39:15.296000,0 days 00:39:21.556000
63,3930174,Portugal,12,"[45.3, 0.1]","[82.1, 25.7]",1,0 days 00:39:35.141000,0 days 00:39:48.332000
64,3930174,Portugal,11,"[47.4, 80.0]","[45.1, 60.8]",1,0 days 00:39:56.937000,0 days 00:40:07.616000
65,3930174,Turkey,9,"[75.0, 19.3]","[94.9, 32.7]",1,0 days 00:40:07.616000,0 days 00:40:12.359000
66,3930174,Portugal,1,"[2.4, 40.7]","[2.4, 40.7]",1,0 days 00:40:13.247000,0 days 00:40:13.247000
67,3930174,Portugal,9,"[8.5, 41.7]","[92.6, 3.1]",1,0 days 00:40:27.700000,0 days 00:40:36.741000
68,3930174,Portugal,16,"[35.5, 80.0]","[75.1, 44.6]",1,0 days 00:41:03.144000,0 days 00:41:17.920000
69,3930174,Turkey,25,"[50.4, 40.4]","[80.1, 14.0]",1,0 days 00:41:17.920000,0 days 00:41:39.186000
70,3930174,Portugal,2,"[80.1, 14.0]","[109.9, 60.3]",1,0 days 00:42:53.925000,0 days 00:42:56.673000
71,3930174,Turkey,34,"[26.8, 23.8]","[12.1, 78.3]",1,0 days 00:43:17.577000,0 days 00:43:42.976000
72,3930174,Portugal,3,"[15.9, 72.2]","[88.7, 46.0]",1,0 days 00:44:17.956000,0 days 00:44:21.272000
73,3930174,Turkey,14,"[31.4, 34.1]","[68.9, 41.3]",1,0 days 00:44:21.272000,0 days 00:44:28.851000
74,3930174,Turkey,7,"[73.9, 40.7]","[105.6, 49.3]",1,0 days 00:45:00.755000,0 days 00:45:04.836000
75,3930174,Portugal,46,"[11.0, 31.5]","[28.0, 58.3]",1,0 days 00:45:05.257000,0 days 00:45:53.545000
76,3930174,Turkey,22,"[60.0, 40.0]","[53.6, 2.8]",2,0 days 00:00:00.711000,0 days 00:00:24.258000
77,3930174,Turkey,12,"[66.0, 80.0]","[76.5, 68.6]",2,0 days 00:00:30.179000,0 days 00:00:42.524000
78,3930174,Portugal,30,"[44.6, 9.7]","[44.7, 75.6]",2,0 days 00:00:42.711000,0 days 00:01:11.645000
79,3930174,Turkey,55,"[44.7, 75.4]","[2.1, 54.6]",2,0 days 00:01:15.139000,0 days 00:02:02.695000
80,3930174,Turkey,29,"[120.0, 0.1]","[77.5, 12.4]",2,0 days 00:02:27.463000,0 days 00:02:59.269000
81,3930174,Portugal,15,"[53.8, 57.7]","[95.3, 56.6]",2,0 days 00:02:59.269000,0 days 00:03:11.674000
82,3930174,Turkey,30,"[24.8, 23.5]","[72.6, 57.2]",2,0 days 00:03:11.674000,0 days 00:03:30.604000
83,3930174,Portugal,201,"[46.3, 26.5]","[14.1, 2.5]",2,0 days 00:03:30.870000,0 days 00:06:24.562000
84,3930174,Portugal,10,"[120.0, 80.0]","[113.8, 37.0]",2,0 days 00:06:58.208000,0 days 00:07:08.392000
85,3930174,Turkey,45,"[2.2, 24.7]","[22.5, 29.3]",2,0 days 00:07:08.392000,0 days 00:07:43.784000
86,3930174,Portugal,1,"[1.3, 39.6]","[1.3, 39.6]",2,0 days 00:07:44.816000,0 days 00:07:44.816000
87,3930174,Portugal,13,"[5.4, 44.8]","[32.5, 12.1]",2,0 days 00:07:55.568000,0 days 00:08:12.228000
88,3930174,Turkey,25,"[93.3, 66.6]","[87.4, 46.0]",2,0 days 00:08:12.228000,0 days 00:08:34.870000
89,3930174,Portugal,67,"[35.8, 32.4]","[42.8, 2.9]",2,0 days 00:08:36.493000,0 days 00:09:27.457000
90,3930174,Portugal,13,"[40.5, 2.5]","[6.6, 40.3]",2,0 days 00:09:51.137000,0 days 00:10:04.416000
91,3930174,Turkey,13,"[60.0, 40.0]","[20.8, 50.2]",2,0 days 00:11:14.872000,0 days 00:11:26.187000
92,3930174,Portugal,35,"[15.8, 56.6]","[38.0, 62.8]",2,0 days 00:11:26.606000,0 days 00:12:02.393000
93,3930174,Turkey,14,"[26.4, 7.7]","[38.1, 75.6]",2,0 days 00:12:06.799000,0 days 00:12:19.801000
94,3930174,Turkey,1,"[37.9, 76.0]","[37.9, 76.0]",2,0 days 00:12:53.870000,0 days 00:12:53.870000
95,3930174,Portugal,8,"[62.7, 9.2]","[48.1, 3.3]",2,0 days 00:12:56.918000,0 days 00:13:08.400000
96,3930174,Turkey,11,"[72.0, 76.8]","[9.3, 16.0]",2,0 days 00:13:08.400000,0 days 00:13:15.504000
97,3930174,Turkey,3,"[120.0, 80.0]","[7.3, 37.0]",2,0 days 00:13:48.704000,0 days 00:13:49.151000
98,3930174,Portugal,13,"[6.9, 36.7]","[58.1, 60.0]",2,0 days 00:14:12.593000,0 days 00:14:25.338000
99,3930174,Turkey,19,"[62.0, 20.1]","[2.8, 42.8]",2,0 days 00:14:25.338000,0 days 00:14:34.841000
100,3930174,Portugal,17,"[42.5, 73.7]","[117.3, 56.9]",2,0 days 00:14:36.379000,0 days 00:14:58.639000
101,3930174,Turkey,23,"[16.0, 32.9]","[15.8, 76.6]",2,0 days 00:15:17.746000,0 days 00:15:44.503000
102,3930174,Portugal,52,"[103.8, 0.1]","[74.7, 6.0]",2,0 days 00:15:48.094000,0 days 00:16:24.700000
103,3930174,Portugal,12,"[69.9, 5.4]","[70.7, 29.3]",2,0 days 00:16:37.259000,0 days 00:16:45.409000
104,3930174,Portugal,33,"[70.9, 29.0]","[43.4, 66.7]",2,0 days 00:17:04.209000,0 days 00:17:35.761000
105,3930174,Turkey,21,"[72.8, 18.9]","[2.2, 41.5]",2,0 days 00:17:35.761000,0 days 00:17:57.591000
106,3930174,Portugal,13,"[6.3, 40.4]","[97.4, 6.4]",2,0 days 00:18:17.922000,0 days 00:18:23.878000
107,3930174,Portugal,7,"[7.0, 48.8]","[66.2, 14.8]",2,0 days 00:18:49.186000,0 days 00:18:57.718000
108,3930174,Turkey,78,"[53.5, 56.1]","[5.0, 33.3]",2,0 days 00:18:57.718000,0 days 00:19:54.299000
109,3930174,Portugal,28,"[16.7, 8.3]","[1.5, 38.7]",2,0 days 00:19:56.119000,0 days 00:20:23.153000
110,3930174,Turkey,4,"[6.5, 25.9]","[9.8, 20.2]",2,0 days 00:20:24.208000,0 days 00:20:26.852000
111,3930174,Turkey,27,"[9.8, 20.2]","[109.7, 47.1]",2,0 days 00:20:49.053000,0 days 00:21:20.097000
112,3930174,Portugal,61,"[5.2, 37.4]","[28.0, 5.9]",2,0 days 00:21:21.005000,0 days 00:22:25.738000
113,3930174,Portugal,13,"[27.3, 6.0]","[107.0, 66.1]",2,0 days 00:23:27.178000,0 days 00:23:40.812000
114,3930174,Turkey,9,"[13.1, 15.8]","[23.2, 23.5]",2,0 days 00:23:40.812000,0 days 00:23:44.655000
115,3930174,Turkey,14,"[22.7, 23.5]","[54.5, 6.2]",2,0 days 00:24:08.543000,0 days 00:24:20.177000
116,3930174,Portugal,29,"[53.8, 75.7]","[36.9, 8.1]",2,0 days 00:24:20.177000,0 days 00:24:59.380000
117,3930174,Portugal,15,"[80.1, 80.0]","[74.7, 38.8]",2,0 days 00:25:07.616000,0 days 00:25:25.720000
118,3930174,Turkey,42,"[16.3, 41.3]","[73.3, 2.2]",2,0 days 00:25:25.720000,0 days 00:26:01.316000
119,3930174,Turkey,17,"[47.4, 80.0]","[73.2, 70.9]",2,0 days 00:26:11.798000,0 days 00:26:22.704000
120,3930174,Portugal,14,"[44.6, 9.5]","[50.8, 12.6]",2,0 days 00:26:22.704000,0 days 00:26:26.224000
121,3930174,Portugal,38,"[52.8, 25.8]","[53.5, 75.5]",2,0 days 00:26:55.767000,0 days 00:27:28.158000
124,3930174,Portugal,76,"[51.0, 63.2]","[84.0, 68.9]",2,0 days 00:30:37.939000,0 days 00:31:43.328000
125,3930174,Turkey,6,"[33.9, 0.1]","[33.6, 15.8]",2,0 days 00:32:17.228000,0 days 00:32:20.258000
126,3930174,Turkey,15,"[33.6, 16.3]","[10.9, 6.6]",2,0 days 00:32:25.359000,0 days 00:32:46.416000
127,3930174,Portugal,6,"[9.8, 0.1]","[46.0, 14.4]",2,0 days 00:33:07.212000,0 days 00:33:11.531000
128,3930174,Turkey,20,"[75.3, 73.0]","[2.9, 12.5]",2,0 days 00:33:11.531000,0 days 00:33:23.430000
129,3930174,Turkey,2,"[120.0, 80.0]","[6.7, 38.6]",2,0 days 00:33:46.424000,0 days 00:33:47.862000
130,3930174,Turkey,88,"[120.0, 80.0]","[96.6, 42.8]",2,0 days 00:34:00.972000,0 days 00:35:25.993000
131,3930174,Portugal,7,"[22.4, 32.2]","[35.0, 21.7]",2,0 days 00:35:25.993000,0 days 00:35:28.739000
132,3930174,Turkey,10,"[85.9, 63.3]","[2.1, 39.7]",2,0 days 00:35:28.739000,0 days 00:35:34.714000
133,3930174,Turkey,6,"[120.0, 0.1]","[93.1, 55.4]",2,0 days 00:36:05.508000,0 days 00:36:09.276000
134,3930174,Portugal,12,"[27.0, 24.7]","[26.1, 24.4]",2,0 days 00:36:09.276000,0 days 00:36:21.022000
137,3930174,Portugal,8,"[27.3, 24.1]","[53.4, 23.0]",2,0 days 00:37:25.763000,0 days 00:37:31.328000
138,3930174,Portugal,21,"[55.3, 23.6]","[113.2, 39.2]",2,0 days 00:37:52.521000,0 days 00:38:12.703000
139,3930174,Turkey,21,"[6.9, 39.1]","[1.5, 54.0]",2,0 days 00:38:12.703000,0 days 00:38:38.138000
140,3930174,Portugal,2,"[7.0, 33.2]","[48.9, 29.5]",2,0 days 00:39:10.247000,0 days 00:39:12.574000
141,3930174,Turkey,64,"[71.5, 56.7]","[14.6, 64.0]",2,0 days 00:39:12.574000,0 days 00:39:58.887000
142,3930174,Portugal,12,"[14.6, 52.0]","[31.7, 75.5]",2,0 days 00:39:59.735000,0 days 00:40:04.175000
143,3930174,Portugal,29,"[35.8, 74.9]","[43.2, 18.3]",2,0 days 00:40:19.138000,0 days 00:40:42.300000
144,3930174,Turkey,29,"[58.6, 53.2]","[93.1, 37.2]",2,0 days 00:40:44.137000,0 days 00:41:10.709000
145,3930174,Portugal,61,"[28.4, 41.7]","[111.3, 32.4]",2,0 days 00:41:10.709000,0 days 00:42:01.570000
146,3930174,Turkey,19,"[8.4, 48.3]","[84.5, 76.4]",2,0 days 00:42:01.644000,0 days 00:42:30.845000
147,3930174,Portugal,2,"[31.9, 0.1]","[52.0, 3.3]",2,0 days 00:43:15.884000,0 days 00:43:17.083000
148,3930174,Turkey,57,"[70.1, 76.8]","[58.6, 44.2]",2,0 days 00:43:17.083000,0 days 00:44:20.208000
149,3930174,Portugal,17,"[65.0, 43.9]","[3.3, 41.9]",2,0 days 00:44:20.208000,0 days 00:44:29.556000
150,3930174,Portugal,11,"[112.9, 0.1]","[100.3, 60.0]",2,0 days 00:45:11.426000,0 days 00:45:27.381000
151,3930174,Turkey,17,"[21.3, 20.1]","[14.6, 40.9]",2,0 days 00:45:37.630000,0 days 00:45:51.729000
152,3930174,Portugal,25,"[7.0, 33.2]","[110.1, 57.4]",2,0 days 00:46:01.290000,0 days 00:46:24.025000
153,3930174,Turkey,4,"[10.0, 22.7]","[19.2, 17.2]",2,0 days 00:46:24.025000,0 days 00:46:29.627000
156,3930174,Turkey,41,"[26.0, 15.5]","[8.9, 26.5]",2,0 days 00:47:15.222000,0 days 00:47:55.701000
157,3930174,Turkey,2,"[120.0, 80.0]","[3.5, 32.4]",2,0 days 00:48:50.419000,0 days 00:48:51.512000
158,3930174,Turkey,14,"[116.1, 80.0]","[103.4, 64.1]",2,0 days 00:48:58.586000,0 days 00:49:10.370000
159,3930174,Portugal,30,"[15.0, 15.8]","[2.8, 39.4]",2,0 days 00:49:10.370000,0 days 00:49:34.179000
160,3930174,Turkey,29,"[3.0, 45.4]","[32.6, 50.3]",2,0 days 00:49:41.563000,0 days 00:49:59.128000
2,3930170,Slovenia,12,"[61.0, 40.1]","[69.2, 12.6]",1,0 days 00:00:00.203000,0 days 00:00:11.760000
3,3930170,Serbia,64,"[47.9, 70.5]","[96.7, 14.9]",1,0 days 00:00:11.760000,0 days 00:00:58.143000
4,3930170,Slovenia,14,"[16.4, 80.0]","[107.4, 20.2]",1,0 days 00:01:18.033000,0 days 00:01:29.568000
5,3930170,Slovenia,5,"[7.0, 40.2]","[61.2, 11.3]",1,0 days 00:01:41.699000,0 days 00:01:48.954000
6,3930170,Serbia,12,"[47.6, 66.8]","[37.6, 38.0]",1,0 days 00:01:48.954000,0 days 00:01:54.208000
7,3930170,Slovenia,10,"[80.7, 60.1]","[13.1, 1.9]",1,0 days 00:01:56.380000,0 days 00:02:00.956000
8,3930170,Slovenia,47,"[104.2, 80.0]","[85.3, 8.2]",1,0 days 00:02:08.566000,0 days 00:02:49.859000
9,3930170,Serbia,18,"[20.6, 80.0]","[2.7, 37.5]",1,0 days 00:03:11.428000,0 days 00:03:23.941000
10,3930170,Serbia,55,"[5.5, 42.2]","[87.5, 16.6]",1,0 days 00:03:38.025000,0 days 00:04:37.684000
11,3930170,Slovenia,19,"[24.7, 59.3]","[77.3, 72.7]",1,0 days 00:04:37.684000,0 days 00:04:53.008000
12,3930170,Slovenia,10,"[57.9, 0.1]","[64.3, 50.1]",1,0 days 00:05:19.363000,0 days 00:05:26.787000
13,3930170,Serbia,90,"[63.3, 0.1]","[51.3, 75.9]",1,0 days 00:05:32.519000,0 days 00:06:51.192000
14,3930170,Slovenia,22,"[60.0, 64.9]","[1.5, 4.4]",1,0 days 00:06:53.151000,0 days 00:07:09.350000
15,3930170,Slovenia,41,"[120.0, 80.0]","[62.6, 38.9]",1,0 days 00:07:50.406000,0 days 00:08:27.431000
16,3930170,Serbia,4,"[62.2, 38.2]","[62.2, 38.2]",1,0 days 00:08:27.497000,0 days 00:08:27.817000
17,3930170,Serbia,18,"[57.8, 38.2]","[77.4, 61.6]",1,0 days 00:08:33.808000,0 days 00:08:45.790000
18,3930170,Serbia,4,"[80.3, 67.8]","[116.2, 23.1]",1,0 days 00:09:07.310000,0 days 00:09:14.637000
19,3930170,Slovenia,9,"[7.0, 40.9]","[76.9, 66.8]",1,0 days 00:09:37.292000,0 days 00:09:49.003000
20,3930170,Serbia,8,"[43.2, 13.3]","[37.0, 6.0]",1,0 days 00:09:49.003000,0 days 00:09:53.783000
21,3930170,Slovenia,15,"[79.8, 80.0]","[115.6, 79.9]",1,0 days 00:09:59.017000,0 days 00:10:14.317000
22,3930170,Serbia,2,"[10.4, 0.1]","[35.7, 4.2]",1,0 days 00:10:41.577000,0 days 00:10:42.995000
23,3930170,Slovenia,5,"[87.6, 75.7]","[22.3, 2.7]",1,0 days 00:10:42.995000,0 days 00:10:45.832000
24,3930170,Slovenia,17,"[100.8, 80.0]","[72.9, 73.0]",1,0 days 00:11:01.334000,0 days 00:11:18.882000
25,3930170,Serbia,10,"[47.0, 9.3]","[41.4, 3.9]",1,0 days 00:11:18.882000,0 days 00:11:23.998000
26,3930170,Serbia,13,"[36.6, 6.9]","[89.6, 20.6]",1,0 days 00:11:42.814000,0 days 00:11:59.430000
27,3930170,Slovenia,9,"[28.6, 60.1]","[106.7, 43.1]",1,0 days 00:11:59.430000,0 days 00:12:10.321000
28,3930170,Serbia,25,"[13.4, 37.0]","[4.6, 2.7]",1,0 days 00:12:10.321000,0 days 00:12:33.530000
29,3930170,Serbia,17,"[7.7, 3.4]","[58.9, 4.7]",1,0 days 00:12:49.656000,0 days 00:13:02.388000
30,3930170,Serbia,60,"[65.0, 80.0]","[53.3, 10.6]",1,0 days 00:13:06.532000,0 days 00:13:55.753000
31,3930170,Serbia,10,"[48.5, 80.0]","[105.3, 43.9]",1,0 days 00:14:02.932000,0 days 00:14:14.802000
32,3930170,Slovenia,40,"[12.8, 39.2]","[114.4, 49.4]",1,0 days 00:14:14.802000,0 days 00:15:14.962000
33,3930170,Serbia,8,"[6.0, 35.3]","[63.9, 14.2]",1,0 days 00:15:39.857000,0 days 00:15:45.518000
34,3930170,Serbia,35,"[70.8, 8.4]","[92.6, 48.4]",1,0 days 00:16:10.793000,0 days 00:16:39.711000
35,3930170,Slovenia,19,"[27.5, 31.7]","[37.6, 74.0]",1,0 days 00:16:39.711000,0 days 00:16:50.862000
36,3930170,Slovenia,10,"[64.7, 0.1]","[65.0, 20.8]",1,0 days 00:17:14.398000,0 days 00:17:22.883000
37,3930170,Serbia,38,"[52.0, 53.1]","[79.0, 3.2]",1,0 days 00:17:23.236000,0 days 00:17:57.955000
38,3930170,Slovenia,164,"[41.6, 76.9]","[103.5, 73.4]",1,0 days 00:17:57.955000,0 days 00:20:21.600000
39,3930170,Serbia,7,"[14.4, 0.1]","[30.5, 15.6]",1,0 days 00:20:47.610000,0 days 00:20:51.071000
40,3930170,Slovenia,26,"[89.6, 64.5]","[11.4, 9.7]",1,0 days 00:20:51.071000,0 days 00:21:14.590000
41,3930170,Slovenia,27,"[110.7, 80.0]","[107.1, 22.8]",1,0 days 00:21:35.132000,0 days 00:21:57.253000
42,3930170,Serbia,16,"[7.7, 62.6]","[13.7, 66.3]",1,0 days 00:21:57.811000,0 days 00:22:03.598000
43,3930170,Slovenia,5,"[107.7, 14.9]","[3.8, 56.8]",1,0 days 00:22:03.598000,0 days 00:22:06.269000
44,3930170,Slovenia,12,"[120.0, 0.1]","[115.4, 47.8]",1,0 days 00:22:40.181000,0 days 00:22:49.625000
45,3930170,Serbia,51,"[2.5, 33.4]","[83.0, 6.4]",1,0 days 00:22:49.625000,0 days 00:23:54.085000
46,3930170,Slovenia,9,"[33.9, 64.9]","[73.3, 79.0]",1,0 days 00:23:54.085000,0 days 00:23:59.189000
47,3930170,Slovenia,44,"[91.7, 78.5]","[56.2, 70.0]",1,0 days 00:24:29.028000,0 days 00:25:08.652000
48,3930170,Serbia,4,"[63.9, 10.1]","[61.1, 3.7]",1,0 days 00:25:08.765000,0 days 00:25:10.415000
49,3930170,Serbia,31,"[57.8, 4.4]","[69.2, 55.7]",1,0 days 00:25:14.038000,0 days 00:25:36.904000
50,3930170,Serbia,62,"[69.3, 53.1]","[6.0, 53.3]",1,0 days 00:25:41.275000,0 days 00:26:30.986000
51,3930170,Serbia,13,"[103.1, 0.1]","[111.0, 34.9]",1,0 days 00:26:43.629000,0 days 00:26:49.032000
52,3930170,Slovenia,1,"[1.4, 42.6]","[1.4, 42.6]",1,0 days 00:26:49.555000,0 days 00:26:49.555000
53,3930170,Slovenia,8,"[9.1, 48.1]","[111.0, 8.1]",1,0 days 00:27:02.603000,0 days 00:27:11.962000
54,3930170,Slovenia,26,"[6.8, 41.4]","[107.0, 34.9]",1,0 days 00:27:34.865000,0 days 00:28:14.962000
55,3930170,Serbia,11,"[13.1, 47.9]","[54.3, 70.7]",1,0 days 00:28:14.962000,0 days 00:28:19.872000
56,3930170,Serbia,60,"[57.8, 70.5]","[8.1, 6.6]",1,0 days 00:28:38.542000,0 days 00:29:55.082000
57,3930170,Serbia,2,"[120.0, 80.0]","[2.3, 44.0]",1,0 days 00:30:38.213000,0 days 00:30:40.115000
58,3930170,Slovenia,4,"[7.0, 39.6]","[84.1, 24.5]",1,0 days 00:31:08.121000,0 days 00:31:14.416000
59,3930170,Serbia,12,"[36.3, 63.0]","[44.9, 56.1]",1,0 days 00:31:14.416000,0 days 00:31:21.471000
60,3930170,Slovenia,22,"[75.2, 24.0]","[8.0, 34.0]",1,0 days 00:31:21.471000,0 days 00:31:36.985000
61,3930170,Serbia,14,"[37.6, 1.9]","[69.3, 39.7]",1,0 days 00:31:41.862000,0 days 00:31:54.465000
62,3930170,Slovenia,36,"[50.8, 40.4]","[105.2, 32.7]",1,0 days 00:31:54.465000,0 days 00:32:34.040000
63,3930170,Serbia,67,"[6.0, 34.4]","[96.9, 7.6]",1,0 days 00:32:34.040000,0 days 00:33:35.183000
64,3930170,Slovenia,25,"[23.2, 72.5]","[71.9, 67.5]",1,0 days 00:33:35.183000,0 days 00:34:00.138000
65,3930170,Serbia,6,"[43.2, 3.7]","[79.4, 74.1]",1,0 days 00:34:00.138000,0 days 00:34:02.198000
66,3930170,Serbia,19,"[27.4, 0.1]","[102.4, 7.8]",1,0 days 00:34:27.720000,0 days 00:34:48.970000
67,3930170,Slovenia,20,"[27.5, 77.2]","[71.1, 5.7]",1,0 days 00:34:48.970000,0 days 00:35:04.104000
68,3930170,Slovenia,21,"[67.9, 80.0]","[9.0, 66.3]",1,0 days 00:35:11.332000,0 days 00:35:30.850000
69,3930170,Slovenia,68,"[106.2, 0.1]","[3.5, 35.7]",1,0 days 00:36:00.286000,0 days 00:37:05.197000
70,3930170,Serbia,9,"[6.0, 40.7]","[89.3, 29.0]",1,0 days 00:37:48.589000,0 days 00:37:52.941000
71,3930170,Serbia,7,"[92.3, 31.2]","[0.7, 41.6]",1,0 days 00:38:52.668000,0 days 00:38:55.007000
72,3930170,Slovenia,13,"[16.0, 77.9]","[64.7, 68.5]",1,0 days 00:38:58.325000,0 days 00:39:10.272000
73,3930170,Serbia,129,"[55.4, 9.1]","[24.9, 41.0]",1,0 days 00:39:10.272000,0 days 00:41:08.838000
74,3930170,Slovenia,9,"[27.9, 44.0]","[85.3, 26.7]",1,0 days 00:41:50.704000,0 days 00:41:54.597000
75,3930170,Slovenia,36,"[85.1, 25.3]","[1.9, 38.3]",1,0 days 00:42:31.692000,0 days 00:43:08.631000
76,3930170,Slovenia,7,"[120.0, 0.1]","[112.1, 54.6]",1,0 days 00:43:58.024000,0 days 00:44:07.721000
77,3930170,Serbia,3,"[6.0, 36.1]","[69.3, 6.1]",1,0 days 00:44:36.139000,0 days 00:44:39.292000
78,3930170,Slovenia,10,"[47.3, 80.0]","[69.7, 54.9]",1,0 days 00:44:53.159000,0 days 00:44:58.502000
79,3930170,Serbia,16,"[50.4, 25.2]","[7.1, 27.0]",1,0 days 00:44:58.502000,0 days 00:45:10.512000
80,3930170,Serbia,8,"[120.0, 80.0]","[1.1, 42.5]",1,0 days 00:45:22.478000,0 days 00:45:27.617000
81,3930170,Slovenia,1,"[7.0, 33.0]","[7.0, 33.0]",1,0 days 00:45:58.557000,0 days 00:45:58.557000
82,3930170,Serbia,102,"[61.0, 40.1]","[112.9, 50.7]",2,0 days 00:00:00.374000,0 days 00:01:31.502000
83,3930170,Slovenia,1,"[5.0, 31.9]","[5.0, 31.9]",2,0 days 00:01:31.640000,0 days 00:01:31.640000
84,3930170,Slovenia,11,"[8.1, 26.6]","[100.8, 37.7]",2,0 days 00:01:58.945000,0 days 00:02:08.350000
85,3930170,Serbia,57,"[24.5, 41.6]","[53.3, 71.2]",2,0 days 00:02:08.350000,0 days 00:02:57.440000
86,3930170,Serbia,44,"[66.2, 0.1]","[5.0, 34.4]",2,0 days 00:03:05.512000,0 days 00:03:51.434000
87,3930170,Serbia,23,"[120.0, 80.0]","[1.2, 39.9]",2,0 days 00:04:32.097000,0 days 00:05:52.547000
88,3930170,Serbia,13,"[120.0, 80.0]","[100.3, 6.7]",2,0 days 00:06:09.370000,0 days 00:06:33.889000
89,3930170,Slovenia,15,"[20.2, 80.0]","[73.1, 65.2]",2,0 days 00:06:51.454000,0 days 00:07:01.707000
90,3930170,Slovenia,53,"[76.2, 63.5]","[76.6, 20.4]",2,0 days 00:07:45.297000,0 days 00:08:26.577000
91,3930170,Slovenia,34,"[78.3, 17.9]","[96.8, 44.5]",2,0 days 00:09:13.062000,0 days 00:10:01.262000
92,3930170,Serbia,57,"[13.5, 36.0]","[2.9, 19.1]",2,0 days 00:10:01.262000,0 days 00:10:55.731000
93,3930170,Serbia,87,"[120.0, 80.0]","[86.5, 57.0]",2,0 days 00:11:23.458000,0 days 00:12:40.987000
94,3930170,Slovenia,17,"[33.4, 20.9]","[1.1, 41.3]",2,0 days 00:12:41.126000,0 days 00:12:52.681000
95,3930170,Slovenia,35,"[120.0, 80.0]","[58.6, 5.0]",2,0 days 00:13:45.426000,0 days 00:14:19.937000
96,3930170,Slovenia,33,"[52.4, 80.0]","[19.3, 68.4]",2,0 days 00:14:27.428000,0 days 00:14:58.846000
97,3930170,Slovenia,91,"[86.1, 0.1]","[88.2, 37.5]",2,0 days 00:15:04.998000,0 days 00:16:52.174000
98,3930170,Serbia,44,"[35.0, 46.5]","[25.6, 5.9]",2,0 days 00:16:52.174000,0 days 00:17:29.580000
99,3930170,Serbia,15,"[92.8, 80.0]","[114.1, 59.7]",2,0 days 00:18:51.238000,0 days 00:19:04.644000
100,3930170,Slovenia,11,"[6.0, 20.4]","[98.5, 28.2]",2,0 days 00:19:04.644000,0 days 00:19:21.060000
101,3930170,Serbia,12,"[21.6, 51.9]","[4.4, 37.0]",2,0 days 00:19:21.060000,0 days 00:19:34.254000
102,3930170,Slovenia,7,"[6.0, 32.6]","[64.8, 34.2]",2,0 days 00:20:05.832000,0 days 00:20:11.878000
103,3930170,Serbia,37,"[55.3, 45.9]","[114.5, 14.1]",2,0 days 00:20:12.166000,0 days 00:20:56.207000
104,3930170,Slovenia,8,"[6.0, 35.5]","[112.1, 56.3]",2,0 days 00:21:23.166000,0 days 00:21:41.062000
105,3930170,Serbia,40,"[6.5, 42.7]","[95.3, 16.4]",2,0 days 00:22:20.794000,0 days 00:22:50.491000
106,3930170,Slovenia,16,"[27.7, 65.2]","[1.2, 41.7]",2,0 days 00:22:50.552000,0 days 00:23:06.945000
107,3930170,Serbia,9,"[61.0, 40.1]","[23.3, 36.4]",2,0 days 00:24:36.890000,0 days 00:24:44.474000
108,3930170,Slovenia,27,"[26.2, 36.7]","[61.3, 49.7]",2,0 days 00:25:22.929000,0 days 00:25:39.437000
109,3930170,Serbia,11,"[50.5, 51.9]","[17.1, 3.8]",2,0 days 00:25:40.596000,0 days 00:25:48.012000
110,3930170,Serbia,22,"[99.9, 80.0]","[5.6, 30.3]",2,0 days 00:25:55.228000,0 days 00:26:08.766000
111,3930170,Serbia,31,"[90.6, 80.0]","[83.8, 77.2]",2,0 days 00:26:38.259000,0 days 00:27:07.757000
112,3930170,Slovenia,15,"[36.3, 2.9]","[65.0, 74.8]",2,0 days 00:27:07.940000,0 days 00:27:14.058000
113,3930170,Serbia,58,"[61.9, 71.3]","[17.5, 64.6]",2,0 days 00:27:15.699000,0 days 00:28:01.053000
114,3930170,Serbia,39,"[103.6, 0.1]","[90.2, 57.2]",2,0 days 00:28:15.190000,0 days 00:28:49.622000
115,3930170,Serbia,6,"[91.8, 59.9]","[1.0, 41.8]",2,0 days 00:29:48.419000,0 days 00:29:50.228000
116,3930170,Slovenia,14,"[6.0, 39.6]","[110.9, 36.5]",2,0 days 00:30:41.039000,0 days 00:31:01.710000
117,3930170,Serbia,36,"[4.5, 38.9]","[98.6, 69.4]",2,0 days 00:31:01.710000,0 days 00:31:43.429000
118,3930170,Slovenia,2,"[6.0, 33.2]","[84.5, 21.4]",2,0 days 00:32:17.003000,0 days 00:32:21.099000
119,3930170,Serbia,10,"[26.1, 56.6]","[62.5, 62.6]",2,0 days 00:32:21.099000,0 days 00:32:30.011000
120,3930170,Slovenia,6,"[65.7, 21.4]","[26.6, 72.7]",2,0 days 00:32:30.011000,0 days 00:32:32.320000
121,3930170,Slovenia,36,"[105.1, 0.1]","[2.5, 37.6]",2,0 days 00:33:12.813000,0 days 00:33:44.187000
122,3930170,Serbia,18,"[7.0, 46.7]","[107.7, 45.7]",2,0 days 00:33:58.550000,0 days 00:34:14.261000
123,3930170,Slovenia,11,"[3.3, 39.8]","[75.0, 75.0]",2,0 days 00:34:14.261000,0 days 00:34:32.243000
124,3930170,Serbia,37,"[53.0, 0.1]","[7.6, 36.5]",2,0 days 00:34:41.636000,0 days 00:35:22.785000
127,3930170,Slovenia,5,"[10.5, 32.3]","[84.9, 23.9]",2,0 days 00:36:21.220000,0 days 00:36:32.388000
128,3930170,Serbia,39,"[8.8, 34.9]","[1.1, 41.8]",2,0 days 00:36:34.669000,0 days 00:37:23.124000
129,3930170,Slovenia,4,"[6.0, 32.7]","[84.9, 20.6]",2,0 days 00:37:50.734000,0 days 00:37:56.488000
130,3930170,Serbia,24,"[35.0, 59.5]","[2.7, 73.9]",2,0 days 00:37:57.134000,0 days 00:38:23.726000
131,3930170,Serbia,10,"[112.9, 0.1]","[108.5, 7.9]",2,0 days 00:38:32.305000,0 days 00:38:37.455000
132,3930170,Serbia,2,"[108.5, 7.9]","[2.9, 32.8]",2,0 days 00:39:13.420000,0 days 00:39:14.894000
133,3930170,Serbia,2,"[120.0, 80.0]","[2.3, 31.1]",2,0 days 00:39:52.486000,0 days 00:39:53.408000
134,3930170,Serbia,10,"[120.0, 80.0]","[11.4, 28.2]",2,0 days 00:40:19.442000,0 days 00:40:30.055000
135,3930170,Serbia,8,"[62.5, 42.6]","[115.6, 13.3]",2,0 days 00:40:33.848000,0 days 00:41:13.958000
136,3930170,Slovenia,9,"[7.6, 0.1]","[111.6, 6.9]",2,0 days 00:41:37.928000,0 days 00:41:48.869000
137,3930170,Slovenia,7,"[9.9, 80.0]","[81.8, 46.2]",2,0 days 00:42:13.947000,0 days 00:42:20.497000
138,3930170,Serbia,56,"[37.5, 37.2]","[12.0, 70.6]",2,0 days 00:42:20.497000,0 days 00:43:11.262000
139,3930170,Serbia,42,"[99.2, 0.1]","[5.8, 65.6]",2,0 days 00:43:20.505000,0 days 00:44:14.688000
140,3930170,Serbia,11,"[120.0, 0.1]","[49.6, 2.2]",2,0 days 00:44:43.693000,0 days 00:44:59.083000
141,3930170,Serbia,21,"[76.3, 80.0]","[58.0, 6.7]",2,0 days 00:45:44.205000,0 days 00:46:11.064000
142,3930170,Serbia,13,"[59.8, 6.9]","[13.6, 37.5]",2,0 days 00:46:23.910000,0 days 00:46:32.045000
143,3930170,Slovenia,1,"[11.6, 37.1]","[11.6, 37.1]",2,0 days 00:47:10.932000,0 days 00:47:10.932000
144,3930170,Serbia,25,"[21.6, 80.0]","[8.3, 20.4]",2,0 days 00:47:20.260000,0 days 00:47:45.918000
145,3930170,Slovenia,4,"[9.1, 20.8]","[88.8, 18.3]",2,0 days 00:48:28.941000,0 days 00:48:32.607000
146,3930170,Serbia,4,"[15.0, 56.8]","[15.8, 58.3]",2,0 days 00:48:34.953000,0 days 00:48:35.589000
147,3930170,Serbia,33,"[15.8, 55.6]","[1.1, 38.4]",2,0 days 00:49:07.028000,0 days 00:49:38.326000
148,3930170,Serbia,5,"[120.0, 80.0]","[0.5, 39.8]",2,0 days 00:49:58.038000,0 days 00:50:00.186000
149,3930170,Slovenia,1,"[60.0, 40.0]","[60.0, 40.0]",2,0 days 00:51:25.590000,0 days 00:51:25.590000
2,3930169,Scotland,5,"[60.0, 40.0]","[62.7, 74.9]",1,0 days 00:00:00.568000,0 days 00:00:05.982000
3,3930169,Switzerland,5,"[15.6, 0.1]","[77.0, 75.1]",1,0 days 00:00:23.502000,0 days 00:00:27.696000
4,3930169,Switzerland,5,"[49.1, 0.1]","[23.0, 74.1]",1,0 days 00:00:29.088000,0 days 00:00:33.028000
5,3930169,Scotland,4,"[22.2, 67.9]","[42.0, 8.9]",1,0 days 00:01:03.820000,0 days 00:01:07.101000
6,3930169,Scotland,9,"[69.3, 80.0]","[66.5, 19.8]",1,0 days 00:01:12.744000,0 days 00:01:22.954000
7,3930169,Switzerland,16,"[54.5, 56.5]","[51.3, 77.5]",1,0 days 00:01:22.954000,0 days 00:01:32.882000
8,3930169,Scotland,7,"[76.9, 0.1]","[7.3, 77.3]",1,0 days 00:01:38.696000,0 days 00:01:42.690000
9,3930169,Scotland,3,"[120.0, 0.1]","[4.0, 50.5]",1,0 days 00:02:11.967000,0 days 00:02:12.837000
10,3930169,Scotland,25,"[115.9, 0.1]","[2.1, 57.3]",1,0 days 00:02:50.872000,0 days 00:03:02.574000
11,3930169,Scotland,2,"[120.0, 0.1]","[114.9, 39.3]",1,0 days 00:03:37.807000,0 days 00:03:39.189000
12,3930169,Switzerland,8,"[2.0, 39.6]","[79.2, 43.5]",1,0 days 00:03:39.189000,0 days 00:03:52.606000
13,3930169,Scotland,13,"[6.4, 24.3]","[59.4, 66.3]",1,0 days 00:03:52.606000,0 days 00:04:16.721000
14,3930169,Switzerland,26,"[47.4, 19.4]","[36.4, 2.3]",1,0 days 00:04:16.721000,0 days 00:04:40.137000
15,3930169,Switzerland,20,"[86.4, 80.0]","[57.0, 2.9]",1,0 days 00:04:50.098000,0 days 00:05:03.647000
16,3930169,Scotland,31,"[63.1, 77.2]","[49.0, 19.1]",1,0 days 00:05:03.647000,0 days 00:05:20.578000
17,3930169,Scotland,2,"[50.3, 19.6]","[86.5, 2.3]",1,0 days 00:05:53.838000,0 days 00:05:57.921000
18,3930169,Switzerland,11,"[6.4, 36.2]","[6.9, 8.9]",1,0 days 00:06:15.556000,0 days 00:06:27.717000
19,3930169,Switzerland,29,"[104.5, 80.0]","[49.4, 75.1]",1,0 days 00:06:41.698000,0 days 00:07:03.730000
20,3930169,Switzerland,2,"[50.2, 76.0]","[92.5, 38.3]",1,0 days 00:07:13.242000,0 days 00:07:16.787000
21,3930169,Scotland,18,"[15.3, 41.3]","[53.4, 73.5]",1,0 days 00:07:16.787000,0 days 00:07:30.238000
22,3930169,Switzerland,78,"[62.6, 5.5]","[3.3, 23.8]",1,0 days 00:07:30.238000,0 days 00:08:40.588000
23,3930169,Scotland,5,"[5.7, 31.1]","[45.8, 39.8]",1,0 days 00:09:24.968000,0 days 00:09:28.721000
24,3930169,Switzerland,5,"[47.9, 39.6]","[106.2, 10.4]",1,0 days 00:09:53.019000,0 days 00:09:59.359000
25,3930169,Scotland,8,"[10.6, 65.4]","[11.6, 63.6]",1,0 days 00:09:59.531000,0 days 00:10:04.806000
26,3930169,Switzerland,12,"[115.5, 0.1]","[106.1, 2.4]",1,0 days 00:10:12.048000,0 days 00:10:19.101000
27,3930169,Scotland,6,"[29.7, 80.0]","[52.8, 3.6]",1,0 days 00:10:40.506000,0 days 00:10:43.281000
28,3930169,Switzerland,43,"[64.9, 28.6]","[3.0, 30.7]",1,0 days 00:10:46.019000,0 days 00:11:37.926000
29,3930169,Switzerland,15,"[120.0, 80.0]","[106.7, 58.8]",1,0 days 00:12:14.168000,0 days 00:12:25.777000
30,3930169,Scotland,13,"[19.4, 20.1]","[103.8, 32.8]",1,0 days 00:12:25.777000,0 days 00:12:38.670000
31,3930169,Switzerland,2,"[3.7, 41.1]","[1.6, 42.7]",1,0 days 00:12:39.260000,0 days 00:12:39.572000
32,3930169,Switzerland,24,"[61.0, 40.1]","[95.5, 78.9]",1,0 days 00:13:39.617000,0 days 00:14:05.332000
33,3930169,Scotland,10,"[22.2, 0.1]","[62.2, 2.3]",1,0 days 00:14:30.912000,0 days 00:14:35.627000
34,3930169,Switzerland,33,"[57.9, 77.8]","[8.5, 30.0]",1,0 days 00:14:35.627000,0 days 00:15:00.416000
35,3930169,Switzerland,7,"[120.0, 80.0]","[0.7, 40.1]",1,0 days 00:15:31.971000,0 days 00:15:37.373000
36,3930169,Scotland,7,"[5.2, 30.9]","[67.2, 72.8]",1,0 days 00:16:07.218000,0 days 00:16:16.056000
37,3930169,Switzerland,14,"[26.6, 17.8]","[71.4, 75.2]",1,0 days 00:16:16.056000,0 days 00:16:26.879000
38,3930169,Scotland,18,"[37.6, 6.2]","[90.7, 22.5]",1,0 days 00:16:28.479000,0 days 00:16:50.006000
41,3930169,Switzerland,6,"[77.5, 20.3]","[5.0, 54.2]",1,0 days 00:17:06.669000,0 days 00:17:15.418000
42,3930169,Switzerland,7,"[120.0, 0.1]","[85.3, 32.0]",1,0 days 00:17:40.181000,0 days 00:19:56.847000
45,3930169,Switzerland,87,"[81.1, 18.6]","[2.9, 14.9]",1,0 days 00:20:04.906000,0 days 00:21:13.368000
46,3930169,Switzerland,32,"[120.0, 80.0]","[106.2, 66.4]",1,0 days 00:21:44.020000,0 days 00:22:12.073000
47,3930169,Scotland,20,"[6.9, 8.5]","[79.0, 2.1]",1,0 days 00:22:13.339000,0 days 00:22:29.005000
48,3930169,Switzerland,50,"[32.9, 77.5]","[109.4, 60.3]",1,0 days 00:22:29.848000,0 days 00:23:23.228000
49,3930169,Scotland,5,"[18.0, 14.6]","[76.9, 16.1]",1,0 days 00:24:04.840000,0 days 00:24:08.626000
50,3930169,Switzerland,1,"[30.1, 77.2]","[30.1, 77.2]",1,0 days 00:24:12.238000,0 days 00:24:12.238000
53,3930169,Switzerland,40,"[37.6, 77.3]","[84.0, 22.0]",1,0 days 00:24:47.590000,0 days 00:25:29.348000
54,3930169,Scotland,14,"[39.3, 56.4]","[4.8, 41.2]",1,0 days 00:25:29.348000,0 days 00:25:35.751000
55,3930169,Scotland,15,"[60.0, 40.0]","[53.2, 63.1]",1,0 days 00:26:46.895000,0 days 00:26:55.190000
56,3930169,Switzerland,5,"[70.1, 16.8]","[43.3, 74.3]",1,0 days 00:26:55.190000,0 days 00:27:00.244000
57,3930169,Switzerland,24,"[61.4, 0.1]","[27.7, 56.1]",1,0 days 00:27:09.282000,0 days 00:27:29.624000
58,3930169,Switzerland,22,"[99.8, 0.1]","[1.9, 37.2]",1,0 days 00:27:39.183000,0 days 00:27:59.839000
59,3930169,Scotland,21,"[5.6, 33.3]","[53.7, 13.6]",1,0 days 00:28:38.940000,0 days 00:28:57.821000
60,3930169,Switzerland,12,"[54.5, 18.2]","[2.0, 43.6]",1,0 days 00:29:21.877000,0 days 00:29:29.837000
61,3930169,Scotland,72,"[19.4, 44.0]","[56.1, 76.9]",1,0 days 00:29:32.098000,0 days 00:30:30.544000
62,3930169,Scotland,3,"[56.0, 73.1]","[95.0, 22.9]",1,0 days 00:31:18.804000,0 days 00:31:21.812000
63,3930169,Switzerland,34,"[25.1, 57.2]","[2.7, 43.6]",1,0 days 00:31:21.812000,0 days 00:31:45.671000
64,3930169,Switzerland,4,"[120.0, 80.0]","[112.1, 42.3]",1,0 days 00:32:23.680000,0 days 00:32:29.302000
65,3930169,Scotland,5,"[14.7, 38.6]","[82.8, 15.9]",1,0 days 00:33:26.733000,0 days 00:33:31.554000
66,3930169,Switzerland,14,"[32.6, 67.8]","[42.3, 13.0]",1,0 days 00:33:31.554000,0 days 00:33:42.064000
67,3930169,Scotland,10,"[52.9, 80.0]","[75.5, 9.2]",1,0 days 00:34:00.210000,0 days 00:34:09.812000
68,3930169,Switzerland,10,"[29.4, 80.0]","[59.0, 77.9]",1,0 days 00:34:25.829000,0 days 00:34:29.964000
69,3930169,Scotland,33,"[61.1, 2.2]","[60.6, 1.9]",1,0 days 00:34:29.964000,0 days 00:34:55.961000
70,3930169,Switzerland,9,"[47.0, 80.0]","[62.9, 74.9]",1,0 days 00:35:08.934000,0 days 00:35:12.201000
71,3930169,Scotland,3,"[56.1, 0.1]","[87.0, 5.2]",1,0 days 00:35:32.546000,0 days 00:35:35.739000
72,3930169,Switzerland,10,"[18.2, 74.7]","[53.9, 59.9]",1,0 days 00:35:35.739000,0 days 00:35:42.462000
73,3930169,Scotland,79,"[66.2, 20.2]","[91.8, 56.5]",1,0 days 00:35:42.462000,0 days 00:36:43.103000
74,3930169,Scotland,7,"[91.1, 57.5]","[4.4, 48.4]",1,0 days 00:37:44.968000,0 days 00:37:46.867000
75,3930169,Switzerland,11,"[4.4, 46.2]","[34.4, 18.1]",1,0 days 00:37:56.997000,0 days 00:38:05.889000
76,3930169,Scotland,16,"[83.9, 63.9]","[82.5, 34.5]",1,0 days 00:38:06.441000,0 days 00:38:19.766000
77,3930169,Switzerland,16,"[39.2, 41.6]","[26.7, 78.5]",1,0 days 00:38:19.766000,0 days 00:38:37.824000
78,3930169,Scotland,90,"[98.8, 0.1]","[17.2, 57.4]",1,0 days 00:38:52.391000,0 days 00:40:09.972000
79,3930169,Scotland,3,"[120.0, 0.1]","[116.8, 47.4]",1,0 days 00:40:42.920000,0 days 00:40:44.654000
80,3930169,Switzerland,1,"[0.9, 37.2]","[0.9, 37.2]",1,0 days 00:40:44.923000,0 days 00:40:44.923000
81,3930169,Switzerland,55,"[10.1, 35.1]","[23.9, 73.6]",1,0 days 00:40:50.205000,0 days 00:41:47.864000
82,3930169,Switzerland,24,"[89.8, 0.1]","[104.0, 6.3]",1,0 days 00:41:53.177000,0 days 00:42:20.219000
83,3930169,Scotland,8,"[17.6, 71.0]","[92.4, 66.4]",1,0 days 00:42:59.496000,0 days 00:43:05.443000
84,3930169,Switzerland,16,"[29.7, 11.5]","[70.4, 39.0]",1,0 days 00:43:06.164000,0 days 00:43:14.208000
85,3930169,Scotland,98,"[15.4, 34.3]","[65.8, 22.4]",1,0 days 00:43:17.087000,0 days 00:44:57.139000
86,3930169,Switzerland,24,"[40.2, 53.8]","[56.1, 73.8]",1,0 days 00:44:57.139000,0 days 00:45:12.953000
87,3930169,Scotland,35,"[56.1, 73.8]","[42.2, 46.6]",1,0 days 00:45:53.262000,0 days 00:46:30.222000
88,3930169,Scotland,31,"[41.4, 39.1]","[3.7, 35.2]",1,0 days 00:46:35.174000,0 days 00:47:12.761000
89,3930169,Scotland,14,"[87.0, 80.0]","[83.5, 74.3]",1,0 days 00:47:22.799000,0 days 00:47:39.283000
90,3930169,Switzerland,1,"[20.1, 0.1]","[20.1, 0.1]",1,0 days 00:48:03.893000,0 days 00:48:03.893000
91,3930169,Switzerland,21,"[60.0, 40.0]","[20.2, 5.8]",2,0 days 00:00:00.518000,0 days 00:00:18.378000
92,3930169,Switzerland,8,"[99.6, 80.0]","[7.2, 6.7]",2,0 days 00:00:26.645000,0 days 00:00:31.565000
93,3930169,Switzerland,6,"[120.0, 80.0]","[12.5, 16.7]",2,0 days 00:00:56.423000,0 days 00:01:01.396000
94,3930169,Switzerland,11,"[120.0, 80.0]","[109.4, 45.7]",2,0 days 00:01:17.941000,0 days 00:01:23.723000
95,3930169,Scotland,5,"[7.2, 43.0]","[46.8, 7.2]",2,0 days 00:01:44.115000,0 days 00:01:52.126000
96,3930169,Scotland,6,"[54.7, 80.0]","[32.1, 4.8]",2,0 days 00:02:10.760000,0 days 00:02:14.457000
97,3930169,Switzerland,11,"[30.7, 4.4]","[41.9, 1.5]",2,0 days 00:02:15.094000,0 days 00:02:21.504000
98,3930169,Scotland,20,"[83.5, 80.0]","[89.0, 24.3]",2,0 days 00:02:39.922000,0 days 00:02:54.088000
99,3930169,Scotland,14,"[84.4, 20.5]","[12.6, 56.2]",2,0 days 00:03:35.747000,0 days 00:03:53.658000
100,3930169,Scotland,21,"[106.6, 0.1]","[101.4, 6.4]",2,0 days 00:04:25.595000,0 days 00:05:16.887000
102,3930169,Scotland,8,"[98.6, 6.6]","[111.7, 57.5]",2,0 days 00:05:41.631000,0 days 00:05:51.508000
103,3930169,Switzerland,8,"[6.0, 31.5]","[67.5, 56.0]",2,0 days 00:06:07.525000,0 days 00:06:17.502000
104,3930169,Scotland,40,"[42.5, 41.0]","[9.4, 72.0]",2,0 days 00:06:17.502000,0 days 00:06:53.795000
105,3930169,Scotland,23,"[112.1, 0.1]","[76.5, 72.4]",2,0 days 00:06:59.176000,0 days 00:07:15.496000
106,3930169,Switzerland,7,"[41.5, 10.5]","[70.9, 76.0]",2,0 days 00:07:15.496000,0 days 00:07:18.939000
107,3930169,Switzerland,13,"[48.3, 0.1]","[95.5, 50.0]",2,0 days 00:07:30.648000,0 days 00:07:45.284000
108,3930169,Scotland,34,"[13.5, 36.6]","[44.2, 3.4]",2,0 days 00:07:45.284000,0 days 00:08:12.329000
109,3930169,Switzerland,49,"[72.5, 80.0]","[83.0, 74.8]",2,0 days 00:08:20.364000,0 days 00:09:06.236000
110,3930169,Scotland,14,"[35.2, 7.4]","[50.3, 53.0]",2,0 days 00:09:06.236000,0 days 00:09:17.921000
111,3930169,Switzerland,23,"[54.7, 24.4]","[0.7, 72.9]",2,0 days 00:09:20.106000,0 days 00:09:42.996000
112,3930169,Switzerland,45,"[120.0, 0.1]","[104.0, 23.4]",2,0 days 00:10:07.476000,0 days 00:10:45.956000
113,3930169,Scotland,1,"[1.6, 42.9]","[1.6, 42.9]",2,0 days 00:10:46.803000,0 days 00:10:46.803000
114,3930169,Scotland,4,"[30.9, 68.3]","[35.9, 12.9]",2,0 days 00:11:24.134000,0 days 00:11:27.471000
115,3930169,Scotland,24,"[77.3, 80.0]","[28.5, 19.5]",2,0 days 00:11:40.696000,0 days 00:11:56.744000
116,3930169,Scotland,9,"[28.5, 18.8]","[35.4, 77.7]",2,0 days 00:12:27.697000,0 days 00:12:34.125000
117,3930169,Scotland,11,"[86.6, 0.1]","[79.7, 68.3]",2,0 days 00:12:41.108000,0 days 00:12:51.374000
118,3930169,Switzerland,13,"[40.0, 10.1]","[12.2, 41.9]",2,0 days 00:12:51.374000,0 days 00:12:59.468000
119,3930169,Scotland,9,"[7.0, 46.0]","[68.9, 77.3]",2,0 days 00:15:49.998000,0 days 00:15:56.378000
120,3930169,Scotland,12,"[70.4, 80.0]","[67.8, 2.3]",2,0 days 00:16:04.412000,0 days 00:16:11.584000
121,3930169,Switzerland,34,"[81.6, 0.1]","[47.6, 6.6]",2,0 days 00:16:40.874000,0 days 00:17:14.045000
122,3930169,Switzerland,8,"[77.0, 80.0]","[90.5, 63.4]",2,0 days 00:17:25.464000,0 days 00:17:34.097000
123,3930169,Scotland,18,"[27.2, 14.4]","[96.7, 10.6]",2,0 days 00:17:34.097000,0 days 00:17:42.182000
124,3930169,Scotland,12,"[31.4, 80.0]","[32.4, 54.4]",2,0 days 00:17:48.157000,0 days 00:17:56.668000
125,3930169,Switzerland,18,"[61.9, 0.1]","[1.9, 43.1]",2,0 days 00:18:05.025000,0 days 00:18:28.589000
126,3930169,Scotland,9,"[7.0, 45.2]","[66.2, 45.2]",2,0 days 00:19:03.300000,0 days 00:19:09.801000
127,3930169,Switzerland,21,"[53.9, 34.9]","[45.0, 72.9]",2,0 days 00:19:09.801000,0 days 00:19:25.697000
128,3930169,Scotland,6,"[73.9, 9.8]","[2.0, 39.1]",2,0 days 00:19:25.697000,0 days 00:19:32.448000
129,3930169,Scotland,9,"[98.1, 80.0]","[22.7, 3.5]",2,0 days 00:19:42.782000,0 days 00:19:47.208000
130,3930169,Scotland,7,"[90.8, 80.0]","[104.7, 65.8]",2,0 days 00:20:00.956000,0 days 00:20:03.009000
131,3930169,Scotland,11,"[105.1, 66.2]","[84.6, 3.4]",2,0 days 00:21:13.885000,0 days 00:21:23.465000
132,3930169,Switzerland,3,"[43.6, 80.0]","[66.5, 74.3]",2,0 days 00:21:49.931000,0 days 00:21:52.254000
133,3930169,Scotland,9,"[53.6, 5.8]","[73.7, 37.2]",2,0 days 00:21:52.254000,0 days 00:21:58.355000
134,3930169,Switzerland,28,"[44.8, 43.1]","[70.0, 50.5]",2,0 days 00:21:58.355000,0 days 00:22:19.015000
135,3930169,Switzerland,21,"[75.3, 55.8]","[15.3, 72.0]",2,0 days 00:22:59.461000,0 days 00:23:16.487000
136,3930169,Switzerland,19,"[93.4, 0.1]","[110.6, 6.9]",2,0 days 00:23:40.267000,0 days 00:23:50.104000
137,3930169,Scotland,13,"[7.5, 70.8]","[48.1, 78.4]",2,0 days 00:23:50.104000,0 days 00:23:59.214000
138,3930169,Switzerland,8,"[64.4, 0.1]","[63.7, 56.0]",2,0 days 00:24:06.958000,0 days 00:24:12.639000
139,3930169,Scotland,15,"[56.4, 24.1]","[13.9, 19.4]",2,0 days 00:24:12.639000,0 days 00:24:26.126000
140,3930169,Scotland,4,"[120.0, 80.0]","[82.3, 73.5]",2,0 days 00:25:03.219000,0 days 00:25:08.608000
141,3930169,Switzerland,14,"[17.1, 0.1]","[27.1, 65.8]",2,0 days 00:25:31.946000,0 days 00:25:42.078000
142,3930169,Switzerland,2,"[36.6, 67.5]","[84.0, 77.1]",2,0 days 00:26:30.586000,0 days 00:26:34.029000
143,3930169,Scotland,4,"[24.6, 0.1]","[79.7, 74.6]",2,0 days 00:26:57.053000,0 days 00:27:00.555000
144,3930169,Scotland,13,"[27.9, 0.1]","[62.3, 75.3]",2,0 days 00:27:06.675000,0 days 00:27:16.618000
145,3930169,Scotland,4,"[55.1, 0.1]","[80.0, 6.1]",2,0 days 00:27:39.536000,0 days 00:27:41.135000
146,3930169,Scotland,5,"[84.4, 5.5]","[1.2, 40.3]",2,0 days 00:28:15.123000,0 days 00:28:18.060000
147,3930169,Switzerland,22,"[5.7, 32.6]","[48.1, 67.5]",2,0 days 00:29:34.220000,0 days 00:29:49.047000
148,3930169,Scotland,11,"[70.5, 16.4]","[14.8, 67.3]",2,0 days 00:29:49.047000,0 days 00:29:53.469000
149,3930169,Scotland,20,"[120.0, 0.1]","[13.4, 74.4]",2,0 days 00:30:21.904000,0 days 00:30:36.185000
150,3930169,Scotland,7,"[105.1, 0.1]","[107.0, 4.8]",2,0 days 00:30:53.996000,0 days 00:30:58.925000
151,3930169,Switzerland,6,"[6.5, 73.4]","[27.5, 72.8]",2,0 days 00:30:59.219000,0 days 00:31:00.759000
152,3930169,Switzerland,53,"[29.0, 67.6]","[1.5, 43.5]",2,0 days 00:31:21.116000,0 days 00:32:23.247000
153,3930169,Scotland,6,"[7.0, 47.0]","[55.1, 4.3]",2,0 days 00:33:12.521000,0 days 00:33:17.693000
154,3930169,Switzerland,41,"[55.1, 4.3]","[101.3, 50.6]",2,0 days 00:33:56.853000,0 days 00:34:49.211000
155,3930169,Scotland,4,"[6.7, 47.2]","[51.4, 20.8]",2,0 days 00:35:19.802000,0 days 00:35:23.555000
156,3930169,Switzerland,10,"[43.3, 21.2]","[64.4, 2.1]",2,0 days 00:35:24.222000,0 days 00:35:29.889000
157,3930169,Scotland,86,"[41.3, 71.5]","[86.1, 44.6]",2,0 days 00:35:32.327000,0 days 00:36:47.260000
158,3930169,Scotland,8,"[40.1, 39.2]","[63.0, 27.6]",2,0 days 00:37:46.970000,0 days 00:37:55.045000
159,3930169,Switzerland,10,"[67.2, 24.9]","[112.2, 16.9]",2,0 days 00:38:11.653000,0 days 00:38:26.932000
160,3930169,Scotland,9,"[7.0, 48.5]","[69.2, 64.9]",2,0 days 00:38:57.573000,0 days 00:39:03.541000
161,3930169,Switzerland,16,"[47.4, 15.0]","[42.8, 5.2]",2,0 days 00:39:03.796000,0 days 00:39:09.058000
162,3930169,Switzerland,16,"[42.8, 5.2]","[72.4, 73.6]",2,0 days 00:39:22.630000,0 days 00:39:38.259000
163,3930169,Scotland,31,"[36.0, 5.7]","[63.5, 37.6]",2,0 days 00:39:39.211000,0 days 00:40:01.884000
164,3930169,Scotland,21,"[68.0, 32.4]","[98.5, 60.6]",2,0 days 00:40:57.218000,0 days 00:41:13.950000
165,3930169,Switzerland,1,"[1.6, 38.9]","[1.6, 38.9]",2,0 days 00:41:14.936000,0 days 00:41:14.936000
166,3930169,Switzerland,24,"[15.1, 40.3]","[96.1, 45.3]",2,0 days 00:41:23.737000,0 days 00:41:42.235000
167,3930169,Scotland,16,"[21.6, 30.1]","[58.9, 7.1]",2,0 days 00:41:42.542000,0 days 00:41:53.952000
168,3930169,Switzerland,41,"[63.0, 71.2]","[35.7, 10.1]",2,0 days 00:41:54.867000,0 days 00:42:40.206000
169,3930169,Scotland,8,"[30.2, 65.1]","[53.5, 66.7]",2,0 days 00:42:45.662000,0 days 00:42:53.280000
170,3930169,Switzerland,17,"[48.8, 12.0]","[92.1, 68.6]",2,0 days 00:42:55.629000,0 days 00:43:17.536000
171,3930169,Switzerland,4,"[92.1, 68.6]","[1.1, 41.2]",2,0 days 00:44:10.428000,0 days 00:44:12.656000
172,3930169,Scotland,40,"[7.0, 46.8]","[1.0, 41.8]",2,0 days 00:45:16.005000,0 days 00:45:55.449000
173,3930169,Switzerland,16,"[6.0, 32.7]","[59.4, 27.0]",2,0 days 00:46:24.552000,0 days 00:46:40.089000
174,3930169,Scotland,8,"[62.4, 50.9]","[19.8, 56.8]",2,0 days 00:46:40.089000,0 days 00:46:46.003000
175,3930169,Switzerland,40,"[55.1, 0.1]","[80.6, 49.3]",2,0 days 00:46:56.102000,0 days 00:47:44.085000
176,3930169,Scotland,22,"[13.4, 31.6]","[33.2, 69.6]",2,0 days 00:47:44.085000,0 days 00:48:09.861000
177,3930169,Scotland,50,"[92.3, 0.1]","[10.4, 66.6]",2,0 days 00:48:26.173000,0 days 00:49:02.310000
2,3930166,Portugal,9,"[61.0, 40.1]","[67.9, 39.4]",1,0 days 00:00:00.900000,0 days 00:00:08.394000
3,3930166,Czech Republic,50,"[52.6, 43.9]","[111.0, 72.9]",1,0 days 00:00:09.008000,0 days 00:00:44.469000
4,3930166,Portugal,58,"[5.8, 37.6]","[102.3, 45.4]",1,0 days 00:01:01.141000,0 days 00:02:18.319000
5,3930166,Czech Republic,5,"[5.7, 38.1]","[66.5, 33.1]",1,0 days 00:02:40.747000,0 days 00:02:44.745000
6,3930166,Portugal,27,"[54.6, 41.8]","[106.1, 63.9]",1,0 days 00:02:45.963000,0 days 00:03:11.803000
7,3930166,Czech Republic,20,"[6.0, 32.3]","[104.1, 27.2]",1,0 days 00:03:24.057000,0 days 00:03:40.214000
8,3930166,Portugal,38,"[18.0, 51.0]","[16.4, 1.1]",1,0 days 00:04:01.496000,0 days 00:04:43.261000
9,3930166,Portugal,19,"[102.7, 80.0]","[11.4, 61.9]",1,0 days 00:04:58.576000,0 days 00:05:20.642000
10,3930166,Portugal,44,"[120.0, 0.1]","[50.9, 5.2]",1,0 days 00:05:55.492000,0 days 00:06:32.017000
11,3930166,Czech Republic,47,"[69.2, 74.9]","[46.8, 68.5]",1,0 days 00:06:32.017000,0 days 00:07:22.175000
12,3930166,Portugal,11,"[73.7, 21.3]","[2.4, 41.3]",1,0 days 00:07:22.175000,0 days 00:07:32.501000
13,3930166,Czech Republic,8,"[6.0, 35.7]","[85.4, 18.4]",1,0 days 00:08:11.823000,0 days 00:08:19.192000
14,3930166,Portugal,90,"[12.1, 51.0]","[88.5, 13.6]",1,0 days 00:08:22.194000,0 days 00:09:50.244000
15,3930166,Czech Republic,13,"[31.7, 61.9]","[113.8, 73.4]",1,0 days 00:09:50.244000,0 days 00:10:00.366000
16,3930166,Portugal,9,"[4.7, 42.8]","[100.3, 20.3]",1,0 days 00:10:16.157000,0 days 00:10:31.129000
17,3930166,Czech Republic,15,"[15.6, 80.0]","[31.7, 50.9]",1,0 days 00:10:52.363000,0 days 00:11:01.135000
18,3930166,Portugal,33,"[87.0, 25.7]","[109.3, 40.5]",1,0 days 00:11:01.135000,0 days 00:11:34.871000
19,3930166,Czech Republic,21,"[3.0, 33.8]","[52.9, 62.7]",1,0 days 00:11:34.871000,0 days 00:12:04.041000
20,3930166,Portugal,26,"[42.9, 15.8]","[18.8, 22.6]",1,0 days 00:12:04.041000,0 days 00:12:26.608000
21,3930166,Czech Republic,10,"[26.5, 32.4]","[54.0, 13.6]",1,0 days 00:12:27.690000,0 days 00:12:35.571000
22,3930166,Portugal,11,"[66.1, 66.5]","[93.2, 53.3]",1,0 days 00:12:35.571000,0 days 00:12:45.311000
23,3930166,Czech Republic,15,"[11.6, 21.6]","[43.4, 6.2]",1,0 days 00:12:45.311000,0 days 00:12:56.667000
24,3930166,Portugal,5,"[80.9, 80.0]","[77.0, 74.3]",1,0 days 00:13:15.561000,0 days 00:13:16.784000
25,3930166,Portugal,36,"[77.3, 74.3]","[72.8, 15.3]",1,0 days 00:13:30.603000,0 days 00:13:58.971000
28,3930166,Portugal,10,"[77.0, 35.2]","[102.3, 40.8]",1,0 days 00:14:11.672000,0 days 00:14:21.642000
29,3930166,Czech Republic,11,"[6.0, 36.9]","[60.1, 63.3]",1,0 days 00:14:34.023000,0 days 00:14:44.039000
30,3930166,Portugal,84,"[57.6, 8.4]","[3.6, 41.8]",1,0 days 00:14:45.270000,0 days 00:16:11.343000
31,3930166,Czech Republic,8,"[6.0, 38.4]","[52.4, 15.0]",1,0 days 00:16:46.609000,0 days 00:16:53.252000
32,3930166,Portugal,13,"[66.2, 65.1]","[96.2, 79.4]",1,0 days 00:16:53.252000,0 days 00:17:08.705000
33,3930166,Czech Republic,2,"[31.3, 0.1]","[57.9, 7.6]",1,0 days 00:17:25.544000,0 days 00:17:26.684000
34,3930166,Portugal,71,"[70.3, 73.2]","[5.2, 45.6]",1,0 days 00:17:26.684000,0 days 00:18:42.632000
35,3930166,Portugal,7,"[120.0, 0.1]","[74.9, 78.1]",1,0 days 00:19:21.042000,0 days 00:19:30.390000
36,3930166,Portugal,110,"[75.3, 80.0]","[4.0, 36.9]",1,0 days 00:19:38.098000,0 days 00:21:19.284000
37,3930166,Portugal,5,"[120.0, 80.0]","[2.0, 7.9]",1,0 days 00:21:33.089000,0 days 00:21:35.853000
38,3930166,Portugal,23,"[120.0, 80.0]","[87.0, 54.7]",1,0 days 00:21:59.946000,0 days 00:22:26.704000
39,3930166,Czech Republic,13,"[33.1, 25.4]","[25.7, 18.1]",1,0 days 00:22:26.704000,0 days 00:22:32.709000
40,3930166,Portugal,50,"[93.2, 67.7]","[3.0, 42.3]",1,0 days 00:22:33.676000,0 days 00:23:17.642000
41,3930166,Portugal,10,"[120.0, 0.1]","[111.9, 25.9]",1,0 days 00:23:53.179000,0 days 00:23:57.608000
42,3930166,Czech Republic,6,"[9.0, 56.0]","[72.5, 9.7]",1,0 days 00:23:57.975000,0 days 00:24:02.929000
43,3930166,Czech Republic,9,"[58.2, 80.0]","[73.9, 47.0]",1,0 days 00:24:23.045000,0 days 00:24:28.181000
44,3930166,Portugal,26,"[46.2, 33.1]","[50.9, 48.4]",1,0 days 00:24:28.181000,0 days 00:24:50.659000
45,3930166,Czech Republic,21,"[71.8, 31.4]","[110.7, 38.6]",1,0 days 00:24:50.659000,0 days 00:25:16.796000
46,3930166,Czech Republic,57,"[6.0, 30.0]","[81.8, 16.2]",1,0 days 00:25:48.274000,0 days 00:26:54.965000
47,3930166,Portugal,44,"[29.9, 61.3]","[1.0, 32.0]",1,0 days 00:26:54.965000,0 days 00:27:35.607000
48,3930166,Portugal,5,"[120.0, 80.0]","[24.4, 7.6]",1,0 days 00:28:10.339000,0 days 00:28:14.569000
49,3930166,Portugal,35,"[87.8, 80.0]","[117.0, 63.5]",1,0 days 00:28:26.343000,0 days 00:29:10.915000
50,3930166,Czech Republic,15,"[2.4, 33.7]","[50.5, 23.3]",1,0 days 00:29:27.675000,0 days 00:29:43.421000
51,3930166,Portugal,104,"[36.5, 9.7]","[2.2, 39.8]",1,0 days 00:29:44.840000,0 days 00:31:19.375000
52,3930166,Czech Republic,1,"[7.2, 31.7]","[7.2, 31.7]",1,0 days 00:31:36.158000,0 days 00:31:36.158000
53,3930166,Portugal,27,"[74.1, 59.1]","[62.4, 80.0]",1,0 days 00:31:38.383000,0 days 00:32:10.627000
54,3930166,Czech Republic,9,"[51.6, 0.1]","[61.5, 53.0]",1,0 days 00:32:14.926000,0 days 00:32:27.768000
55,3930166,Portugal,17,"[58.6, 27.1]","[4.8, 41.9]",1,0 days 00:32:27.768000,0 days 00:32:37.078000
56,3930166,Portugal,77,"[120.0, 0.1]","[113.8, 44.6]",1,0 days 00:33:07.971000,0 days 00:34:34.513000
57,3930166,Czech Republic,3,"[2.5, 40.3]","[68.7, 51.9]",1,0 days 00:34:55.464000,0 days 00:35:00.666000
58,3930166,Portugal,82,"[51.4, 28.2]","[3.9, 43.1]",1,0 days 00:35:00.666000,0 days 00:36:07.662000
59,3930166,Portugal,20,"[76.9, 0.1]","[65.1, 48.4]",1,0 days 00:37:10.340000,0 days 00:37:35.739000
60,3930166,Czech Republic,36,"[52.2, 34.3]","[9.1, 41.9]",1,0 days 00:37:35.739000,0 days 00:37:55.154000
61,3930166,Portugal,10,"[11.5, 52.3]","[100.9, 20.1]",1,0 days 00:37:56.071000,0 days 00:38:08.111000
62,3930166,Czech Republic,38,"[21.3, 60.0]","[98.9, 65.2]",1,0 days 00:39:01.830000,0 days 00:39:35.560000
63,3930166,Portugal,101,"[21.2, 14.9]","[103.1, 37.2]",1,0 days 00:39:35.560000,0 days 00:41:30.035000
64,3930166,Czech Republic,29,"[19.1, 41.1]","[67.6, 41.5]",1,0 days 00:41:30.035000,0 days 00:42:03.001000
65,3930166,Portugal,63,"[56.8, 35.9]","[100.0, 22.4]",1,0 days 00:42:05.004000,0 days 00:43:17.631000
66,3930166,Czech Republic,17,"[6.0, 45.2]","[26.2, 78.0]",1,0 days 00:43:45.661000,0 days 00:44:03.603000
67,3930166,Portugal,9,"[23.4, 75.6]","[19.0, 57.2]",1,0 days 00:44:04.163000,0 days 00:44:07.686000
68,3930166,Portugal,15,"[19.0, 57.2]","[11.2, 45.7]",1,0 days 00:44:10.494000,0 days 00:44:25.999000
69,3930166,Portugal,28,"[120.0, 0.1]","[15.6, 21.6]",1,0 days 00:44:49.774000,0 days 00:45:18.577000
70,3930166,Czech Republic,14,"[25.2, 17.7]","[66.3, 28.1]",1,0 days 00:45:20.483000,0 days 00:45:30.660000
71,3930166,Portugal,11,"[53.3, 72.2]","[104.8, 53.3]",1,0 days 00:45:30.660000,0 days 00:45:49.507000
72,3930166,Czech Republic,4,"[19.1, 36.6]","[45.5, 76.2]",1,0 days 00:45:49.507000,0 days 00:45:58.848000
73,3930166,Czech Republic,43,"[61.0, 40.1]","[85.9, 47.8]",2,0 days 00:00:00.626000,0 days 00:00:29.757000
74,3930166,Portugal,8,"[28.3, 31.3]","[50.1, 14.1]",2,0 days 00:00:29.757000,0 days 00:00:33.064000
75,3930166,Portugal,12,"[48.1, 14.7]","[2.6, 37.4]",2,0 days 00:00:46.541000,0 days 00:00:58.938000
76,3930166,Czech Republic,5,"[7.0, 46.6]","[81.7, 64.6]",2,0 days 00:01:24.548000,0 days 00:01:29.738000
77,3930166,Portugal,4,"[33.5, 22.4]","[24.6, 40.2]",2,0 days 00:01:29.738000,0 days 00:01:33.704000
79,3930166,Portugal,39,"[34.7, 21.8]","[4.5, 24.7]",2,0 days 00:01:52.706000,0 days 00:02:34.356000
80,3930166,Portugal,7,"[120.0, 80.0]","[107.3, 34.7]",2,0 days 00:02:52.398000,0 days 00:03:01.219000
81,3930166,Czech Republic,4,"[7.0, 46.6]","[42.5, 30.4]",2,0 days 00:03:27.219000,0 days 00:03:30.920000
82,3930166,Portugal,14,"[40.8, 29.4]","[65.1, 65.6]",2,0 days 00:03:32.723000,0 days 00:03:48.226000
83,3930166,Portugal,26,"[42.7, 0.1]","[64.8, 59.9]",2,0 days 00:03:51.738000,0 days 00:04:21.215000
84,3930166,Czech Republic,8,"[55.3, 20.2]","[107.2, 37.9]",2,0 days 00:04:21.215000,0 days 00:04:33.083000
85,3930166,Portugal,2,"[6.0, 40.4]","[80.6, 39.6]",2,0 days 00:05:06.081000,0 days 00:05:10.132000
86,3930166,Czech Republic,17,"[41.2, 48.4]","[66.1, 13.1]",2,0 days 00:05:10.132000,0 days 00:05:29.122000
87,3930166,Portugal,39,"[54.0, 67.0]","[60.1, 59.9]",2,0 days 00:05:29.122000,0 days 00:06:01.396000
88,3930166,Portugal,5,"[62.3, 60.9]","[2.5, 38.0]",2,0 days 00:06:13.946000,0 days 00:06:22.958000
89,3930166,Czech Republic,4,"[7.0, 36.9]","[73.4, 35.6]",2,0 days 00:06:51.366000,0 days 00:06:56.941000
90,3930166,Czech Republic,11,"[41.4, 33.0]","[65.5, 34.0]",2,0 days 00:07:17.528000,0 days 00:07:27.396000
91,3930166,Portugal,20,"[54.6, 46.1]","[85.2, 10.8]",2,0 days 00:07:27.396000,0 days 00:07:45.427000
92,3930166,Portugal,78,"[84.0, 0.1]","[1.1, 39.2]",2,0 days 00:07:49.874000,0 days 00:09:23.316000
93,3930166,Portugal,83,"[120.0, 80.0]","[91.0, 39.6]",2,0 days 00:09:55.447000,0 days 00:11:39.529000
94,3930166,Portugal,2,"[92.3, 38.0]","[1.6, 38.6]",2,0 days 00:12:41.997000,0 days 00:12:42.954000
95,3930166,Czech Republic,4,"[9.8, 34.0]","[33.5, 6.9]",2,0 days 00:12:53.537000,0 days 00:12:56.928000
96,3930166,Portugal,33,"[75.7, 37.5]","[11.8, 28.8]",2,0 days 00:12:59.765000,0 days 00:13:33.007000
97,3930166,Portugal,28,"[120.0, 80.0]","[113.8, 45.1]",2,0 days 00:13:44.344000,0 days 00:14:17.941000
98,3930166,Czech Republic,3,"[13.6, 0.1]","[52.7, 5.8]",2,0 days 00:15:23.288000,0 days 00:15:25.037000
99,3930166,Portugal,12,"[67.4, 74.3]","[108.3, 55.4]",2,0 days 00:15:25.037000,0 days 00:15:37.124000
100,3930166,Czech Republic,31,"[7.0, 37.3]","[1.9, 37.9]",2,0 days 00:16:02.745000,0 days 00:16:32.263000
101,3930166,Portugal,36,"[60.0, 40.0]","[78.0, 74.4]",2,0 days 00:17:56.818000,0 days 00:18:35.399000
102,3930166,Portugal,76,"[38.8, 3.3]","[97.1, 70.4]",2,0 days 00:18:42.389000,0 days 00:19:51.296000
103,3930166,Czech Republic,7,"[7.0, 42.4]","[59.0, 63.2]",2,0 days 00:20:17.283000,0 days 00:20:22.734000
104,3930166,Czech Republic,22,"[69.1, 78.8]","[30.3, 4.6]",2,0 days 00:21:04.818000,0 days 00:21:16.782000
105,3930166,Czech Republic,3,"[92.1, 80.0]","[12.6, 22.4]",2,0 days 00:21:22.987000,0 days 00:21:24.886000
106,3930166,Czech Republic,12,"[103.0, 80.0]","[4.6, 7.6]",2,0 days 00:21:41.599000,0 days 00:21:46.349000
107,3930166,Portugal,6,"[7.2, 16.1]","[65.5, 66.0]",2,0 days 00:21:48.160000,0 days 00:21:51.671000
108,3930166,Portugal,38,"[48.2, 0.1]","[27.6, 76.5]",2,0 days 00:21:56.815000,0 days 00:22:41.864000
109,3930166,Portugal,64,"[91.5, 0.1]","[116.2, 39.2]",2,0 days 00:22:46.393000,0 days 00:23:52.209000
110,3930166,Czech Republic,13,"[61.0, 40.1]","[57.0, 73.4]",2,0 days 00:24:38.987000,0 days 00:24:47.706000
111,3930166,Portugal,24,"[56.9, 0.1]","[24.6, 69.9]",2,0 days 00:24:57.010000,0 days 00:25:40.172000
112,3930166,Portugal,73,"[91.5, 0.1]","[1.6, 44.2]",2,0 days 00:25:45.329000,0 days 00:26:54.095000
113,3930166,Portugal,23,"[100.0, 0.1]","[97.4, 42.6]",2,0 days 00:27:02.225000,0 days 00:27:19.982000
114,3930166,Czech Republic,10,"[22.7, 37.5]","[40.2, 59.6]",2,0 days 00:27:19.982000,0 days 00:27:23.993000
115,3930166,Czech Republic,14,"[43.4, 66.3]","[37.2, 27.6]",2,0 days 00:28:03.562000,0 days 00:28:17.021000
116,3930166,Czech Republic,20,"[65.7, 80.0]","[93.4, 24.7]",2,0 days 00:28:38.307000,0 days 00:28:55.555000
117,3930166,Portugal,14,"[4.9, 51.5]","[98.7, 48.5]",2,0 days 00:28:55.555000,0 days 00:29:08.943000
118,3930166,Czech Republic,13,"[2.5, 40.5]","[54.3, 37.9]",2,0 days 00:29:08.943000,0 days 00:29:25.627000
119,3930166,Czech Republic,12,"[55.9, 41.4]","[84.5, 70.1]",2,0 days 00:29:33.466000,0 days 00:29:42.971000
120,3930166,Portugal,12,"[19.7, 14.7]","[77.3, 22.7]",2,0 days 00:29:42.971000,0 days 00:29:51.754000
121,3930166,Czech Republic,11,"[34.4, 59.6]","[2.7, 10.2]",2,0 days 00:30:23.891000,0 days 00:30:33.449000
122,3930166,Czech Republic,8,"[105.4, 80.0]","[97.7, 74.9]",2,0 days 00:30:57.948000,0 days 00:31:05.426000
123,3930166,Portugal,5,"[17.8, 5.7]","[103.6, 75.2]",2,0 days 00:31:05.581000,0 days 00:31:07.225000
124,3930166,Portugal,13,"[19.8, 0.1]","[106.6, 73.1]",2,0 days 00:31:26.897000,0 days 00:31:30.627000
125,3930166,Portugal,52,"[22.4, 0.1]","[3.1, 41.4]",2,0 days 00:31:43.608000,0 days 00:32:34.317000
126,3930166,Portugal,2,"[120.0, 0.1]","[108.3, 43.3]",2,0 days 00:33:10.255000,0 days 00:33:15.053000
127,3930166,Czech Republic,8,"[19.1, 0.1]","[45.4, 22.1]",2,0 days 00:34:13.553000,0 days 00:34:20.448000
128,3930166,Portugal,33,"[77.7, 58.0]","[5.9, 38.9]",2,0 days 00:34:20.448000,0 days 00:34:51.078000
129,3930166,Portugal,12,"[120.0, 0.1]","[29.0, 74.3]",2,0 days 00:35:02.386000,0 days 00:35:10.732000
130,3930166,Czech Republic,7,"[31.0, 72.5]","[27.3, 7.3]",2,0 days 00:35:42.577000,0 days 00:35:48.047000
131,3930166,Czech Republic,15,"[93.7, 80.0]","[2.6, 39.1]",2,0 days 00:35:51.512000,0 days 00:35:59.684000
132,3930166,Portugal,41,"[6.0, 38.2]","[92.7, 55.6]",2,0 days 00:36:12.141000,0 days 00:36:48.473000
133,3930166,Czech Republic,24,"[20.7, 25.4]","[56.8, 77.4]",2,0 days 00:36:49.388000,0 days 00:37:08.504000
134,3930166,Portugal,25,"[84.6, 0.1]","[79.9, 32.0]",2,0 days 00:37:12.851000,0 days 00:37:32.157000
135,3930166,Portugal,27,"[35.6, 80.0]","[100.4, 76.3]",2,0 days 00:37:36.568000,0 days 00:38:11.235000
136,3930166,Czech Republic,9,"[7.0, 34.3]","[65.8, 28.8]",2,0 days 00:38:37.464000,0 days 00:38:45.221000
137,3930166,Portugal,25,"[21.4, 6.8]","[106.7, 24.0]",2,0 days 00:38:52.565000,0 days 00:39:12.771000
138,3930166,Czech Republic,10,"[13.4, 56.1]","[22.5, 76.5]",2,0 days 00:39:12.771000,0 days 00:39:18.408000
139,3930166,Czech Republic,13,"[22.3, 73.3]","[114.5, 69.1]",2,0 days 00:39:53.744000,0 days 00:40:03.173000
140,3930166,Portugal,14,"[5.6, 11.0]","[24.6, 23.0]",2,0 days 00:40:03.173000,0 days 00:40:08.877000
141,3930166,Czech Republic,21,"[95.5, 57.1]","[88.5, 62.2]",2,0 days 00:40:08.877000,0 days 00:40:25.923000
142,3930166,Portugal,6,"[32.9, 22.4]","[50.1, 19.9]",2,0 days 00:40:26.157000,0 days 00:40:27.614000
143,3930166,Portugal,26,"[49.7, 20.5]","[112.2, 35.3]",2,0 days 00:40:41.197000,0 days 00:41:15.805000
144,3930166,Czech Republic,7,"[10.8, 47.4]","[79.7, 56.7]",2,0 days 00:42:41.450000,0 days 00:42:47.319000
145,3930166,Portugal,4,"[37.6, 27.3]","[39.4, 25.8]",2,0 days 00:42:48.092000,0 days 00:42:48.978000
146,3930166,Portugal,21,"[42.1, 33.3]","[97.6, 8.6]",2,0 days 00:42:53.715000,0 days 00:43:15.955000
147,3930166,Czech Republic,14,"[15.2, 69.1]","[113.8, 12.6]",2,0 days 00:43:15.955000,0 days 00:43:27.465000
148,3930166,Czech Republic,3,"[7.0, 47.6]","[51.0, 15.5]",2,0 days 00:44:31.316000,0 days 00:44:34.995000
149,3930166,Czech Republic,37,"[69.1, 80.0]","[108.0, 3.9]",2,0 days 00:44:49.476000,0 days 00:45:30.029000
150,3930166,Portugal,18,"[6.0, 35.0]","[1.5, 42.0]",2,0 days 00:45:56.405000,0 days 00:47:13.678000
151,3930166,Czech Republic,33,"[61.0, 40.1]","[109.4, 44.8]",2,0 days 00:47:49.574000,0 days 00:48:17.973000
152,3930166,Portugal,4,"[10.7, 36.1]","[38.8, 68.0]",2,0 days 00:49:04.074000,0 days 00:49:08.134000
153,3930166,Portugal,8,"[63.9, 0.1]","[90.1, 19.5]",2,0 days 00:49:30.614000,0 days 00:49:36.872000
154,3930166,Czech Republic,12,"[29.1, 56.5]","[14.7, 37.8]",2,0 days 00:49:36.872000,0 days 00:49:59.374000
2,3930163,England,6,"[61.0, 40.1]","[104.4, 25.9]",1,0 days 00:00:00.458000,0 days 00:00:11.017000
3,3930163,Serbia,13,"[15.7, 54.2]","[88.4, 37.6]",1,0 days 00:00:11.017000,0 days 00:00:23.182000
4,3930163,England,148,"[31.7, 42.5]","[84.1, 74.7]",1,0 days 00:00:23.182000,0 days 00:02:33.039000
5,3930163,England,111,"[84.1, 74.7]","[11.8, 38.6]",1,0 days 00:03:08.017000,0 days 00:04:41.065000
6,3930163,England,8,"[47.7, 29.7]","[106.6, 26.9]",1,0 days 00:04:45.101000,0 days 00:04:56.998000
7,3930163,Serbia,46,"[16.3, 54.3]","[68.6, 42.1]",1,0 days 00:05:40.535000,0 days 00:06:30.954000
8,3930163,England,65,"[51.5, 38.0]","[28.1, 4.2]",1,0 days 00:06:30.954000,0 days 00:07:28.280000
9,3930163,Serbia,3,"[35.4, 0.1]","[57.7, 73.7]",1,0 days 00:07:51.038000,0 days 00:07:52.836000
10,3930163,England,28,"[52.5, 59.1]","[77.9, 38.6]",1,0 days 00:07:54.419000,0 days 00:08:23.467000
11,3930163,England,16,"[78.5, 42.2]","[88.9, 75.4]",1,0 days 00:08:28.395000,0 days 00:08:44
12,3930163,Serbia,3,"[45.7, 0.1]","[53.6, 63.5]",1,0 days 00:09:09.871000,0 days 00:09:11.568000
13,3930163,England,12,"[49.4, 64.5]","[77.5, 48.4]",1,0 days 00:09:13.557000,0 days 00:09:22.136000
14,3930163,England,6,"[78.9, 49.4]","[16.3, 52.0]",1,0 days 00:09:55.339000,0 days 00:09:59.684000
15,3930163,Serbia,8,"[16.6, 52.5]","[70.0, 4.7]",1,0 days 00:10:21.284000,0 days 00:10:33.180000
16,3930163,England,55,"[43.2, 80.0]","[33.3, 69.8]",1,0 days 00:10:38.022000,0 days 00:11:30.349000
17,3930163,England,51,"[87.9, 0.1]","[1.2, 38.0]",1,0 days 00:11:36.343000,0 days 00:12:11.995000
18,3930163,Serbia,15,"[60.0, 40.0]","[63.4, 42.1]",1,0 days 00:13:24.635000,0 days 00:13:39.017000
19,3930163,England,45,"[56.7, 38.0]","[64.5, 18.2]",1,0 days 00:13:39.017000,0 days 00:14:22.163000
20,3930163,Serbia,15,"[64.5, 17.2]","[63.1, 45.2]",1,0 days 00:14:23.449000,0 days 00:14:39.402000
21,3930163,England,154,"[45.2, 38.3]","[76.4, 5.2]",1,0 days 00:14:39.402000,0 days 00:16:54.028000
22,3930163,England,17,"[75.7, 5.8]","[87.5, 74.9]",1,0 days 00:17:01.227000,0 days 00:17:13.115000
23,3930163,Serbia,10,"[29.1, 4.2]","[80.2, 60.3]",1,0 days 00:17:13.115000,0 days 00:17:18.090000
24,3930163,Serbia,44,"[41.2, 17.2]","[61.0, 58.2]",1,0 days 00:17:18.392000,0 days 00:17:55.563000
25,3930163,England,16,"[59.1, 21.9]","[2.2, 37.9]",1,0 days 00:17:55.563000,0 days 00:18:05.941000
26,3930163,Serbia,33,"[4.9, 41.1]","[50.1, 73.9]",1,0 days 00:18:30.533000,0 days 00:18:56.583000
27,3930163,England,15,"[28.3, 73.3]","[22.4, 76.5]",1,0 days 00:18:59.449000,0 days 00:19:08.534000
28,3930163,Serbia,16,"[82.5, 0.1]","[88.7, 60.5]",1,0 days 00:19:19.652000,0 days 00:19:33.902000
29,3930163,England,8,"[34.2, 17.7]","[27.6, 32.1]",1,0 days 00:19:34.133000,0 days 00:19:37.946000
30,3930163,Serbia,6,"[98.8, 51.5]","[2.9, 37.9]",1,0 days 00:19:38.937000,0 days 00:19:41.632000
31,3930163,England,6,"[7.0, 44.6]","[88.0, 56.9]",1,0 days 00:20:17.291000,0 days 00:20:24.217000
32,3930163,England,4,"[87.5, 57.1]","[110.0, 32.3]",1,0 days 00:21:08.517000,0 days 00:21:10.093000
33,3930163,Serbia,88,"[4.5, 42.1]","[80.4, 3.6]",1,0 days 00:21:26.302000,0 days 00:23:00.667000
34,3930163,England,4,"[39.7, 76.5]","[80.9, 3.1]",1,0 days 00:23:00.667000,0 days 00:23:01.734000
35,3930163,England,25,"[40.2, 80.0]","[57.9, 31.0]",1,0 days 00:23:28.305000,0 days 00:24:00.967000
36,3930163,Serbia,10,"[64.1, 47.1]","[74.0, 21.7]",1,0 days 00:24:01.775000,0 days 00:24:09.814000
37,3930163,England,9,"[46.3, 40.4]","[114.2, 40.6]",1,0 days 00:24:09.814000,0 days 00:24:19.783000
38,3930163,Serbia,19,"[4.9, 45.1]","[56.5, 4.9]",1,0 days 00:24:48.103000,0 days 00:25:16.935000
39,3930163,Serbia,27,"[62.2, 80.0]","[95.5, 9.5]",1,0 days 00:25:30.219000,0 days 00:25:56.884000
40,3930163,England,14,"[22.5, 64.3]","[55.3, 42.9]",1,0 days 00:25:56.884000,0 days 00:26:23.534000
41,3930163,Serbia,45,"[54.1, 58.4]","[57.4, 72.1]",1,0 days 00:26:35.295000,0 days 00:27:20.519000
42,3930163,England,69,"[65.2, 17.7]","[91.7, 48.0]",1,0 days 00:27:20.519000,0 days 00:28:12.636000
43,3930163,England,73,"[92.2, 46.3]","[115.8, 65.5]",1,0 days 00:29:49.941000,0 days 00:31:10.009000
44,3930163,Serbia,82,"[3.3, 14.4]","[8.7, 40.8]",1,0 days 00:31:27.096000,0 days 00:32:50.083000
45,3930163,England,9,"[19.6, 41.8]","[53.9, 47.9]",1,0 days 00:32:51.822000,0 days 00:32:57.664000
46,3930163,Serbia,57,"[62.2, 36.9]","[12.8, 46.0]",1,0 days 00:32:57.664000,0 days 00:33:53.518000
47,3930163,Serbia,41,"[78.0, 0.1]","[94.4, 29.5]",1,0 days 00:34:07.187000,0 days 00:34:58.200000
48,3930163,England,25,"[33.1, 52.0]","[57.7, 11.5]",1,0 days 00:34:58.200000,0 days 00:35:18.761000
49,3930163,Serbia,41,"[70.5, 80.0]","[91.3, 55.1]",1,0 days 00:35:22.163000,0 days 00:36:06.759000
50,3930163,England,18,"[28.8, 25.0]","[113.2, 43.4]",1,0 days 00:36:06.759000,0 days 00:36:30.965000
51,3930163,Serbia,75,"[14.2, 73.6]","[110.2, 42.6]",1,0 days 00:36:30.965000,0 days 00:37:49.503000
52,3930163,England,15,"[7.6, 28.1]","[47.7, 45.8]",1,0 days 00:37:49.503000,0 days 00:38:04.766000
53,3930163,England,68,"[53.6, 44.2]","[77.5, 33.3]",1,0 days 00:39:05.640000,0 days 00:39:54.427000
54,3930163,Serbia,14,"[42.6, 46.8]","[11.8, 23.2]",1,0 days 00:39:54.427000,0 days 00:41:44.189000
55,3930163,England,16,"[103.1, 80.0]","[15.3, 79.2]",1,0 days 00:42:06.939000,0 days 00:42:55.595000
56,3930163,Serbia,39,"[100.7, 0.1]","[71.7, 33.8]",1,0 days 00:43:22.872000,0 days 00:44:04.191000
57,3930163,England,21,"[25.5, 56.9]","[49.2, 60.9]",1,0 days 00:44:06.370000,0 days 00:44:23.354000
58,3930163,Serbia,76,"[65.3, 15.9]","[110.4, 26.5]",1,0 days 00:44:23.354000,0 days 00:45:17.329000
59,3930163,England,7,"[7.0, 44.8]","[47.9, 37.4]",1,0 days 00:45:47.556000,0 days 00:45:51.570000
60,3930163,Serbia,10,"[37.1, 32.2]","[63.5, 20.6]",1,0 days 00:45:52.581000,0 days 00:46:00.369000
61,3930163,Serbia,40,"[63.2, 23.2]","[1.9, 48.6]",1,0 days 00:46:02.579000,0 days 00:46:38.726000
62,3930163,Serbia,9,"[120.0, 0.1]","[96.7, 15.1]",1,0 days 00:47:07.949000,0 days 00:47:15.465000
63,3930163,Serbia,95,"[61.0, 40.1]","[90.6, 63.2]",2,0 days 00:00:00.824000,0 days 00:01:35.534000
64,3930163,England,23,"[31.7, 15.3]","[88.2, 62.4]",2,0 days 00:01:35.534000,0 days 00:01:53.673000
67,3930163,England,14,"[77.0, 39.9]","[86.4, 30.5]",2,0 days 00:02:08.378000,0 days 00:02:19.260000
68,3930163,Serbia,33,"[33.7, 49.6]","[103.4, 40.4]",2,0 days 00:02:19.260000,0 days 00:02:48.778000
69,3930163,England,36,"[17.8, 42.7]","[42.6, 23.7]",2,0 days 00:02:48.778000,0 days 00:03:23.810000
70,3930163,Serbia,27,"[29.7, 47.4]","[70.1, 34.0]",2,0 days 00:03:25.548000,0 days 00:03:50.706000
71,3930163,England,30,"[42.0, 48.8]","[64.2, 8.9]",2,0 days 00:03:50.706000,0 days 00:04:31.245000
72,3930163,Serbia,11,"[48.9, 74.0]","[59.8, 54.9]",2,0 days 00:04:31.245000,0 days 00:04:41.117000
73,3930163,England,67,"[54.8, 25.2]","[40.5, 66.3]",2,0 days 00:04:41.117000,0 days 00:05:28.579000
74,3930163,Serbia,31,"[79.6, 13.8]","[27.5, 5.0]",2,0 days 00:05:28.579000,0 days 00:05:51.237000
75,3930163,Serbia,15,"[88.7, 80.0]","[96.9, 64.5]",2,0 days 00:05:56.596000,0 days 00:06:08.367000
76,3930163,England,16,"[23.2, 15.6]","[75.4, 28.8]",2,0 days 00:06:08.367000,0 days 00:06:24.427000
77,3930163,Serbia,35,"[35.9, 51.6]","[110.3, 33.8]",2,0 days 00:06:24.427000,0 days 00:07:14.030000
78,3930163,England,49,"[3.4, 46.6]","[66.7, 59.4]",2,0 days 00:07:14.030000,0 days 00:08:14.077000
79,3930163,Serbia,40,"[38.4, 0.1]","[105.4, 66.0]",2,0 days 00:08:22.889000,0 days 00:09:09.990000
80,3930163,England,15,"[6.0, 45.3]","[49.3, 57.2]",2,0 days 00:09:36.034000,0 days 00:09:47.192000
81,3930163,England,68,"[49.7, 56.7]","[111.1, 43.6]",2,0 days 00:10:03.838000,0 days 00:11:06.330000
82,3930163,Serbia,13,"[9.0, 36.5]","[49.8, 49.8]",2,0 days 00:11:06.330000,0 days 00:11:20.414000
83,3930163,England,106,"[76.1, 29.0]","[98.7, 33.1]",2,0 days 00:11:20.414000,0 days 00:12:44.914000
84,3930163,Serbia,35,"[4.4, 44.3]","[3.2, 42.2]",2,0 days 00:12:44.914000,0 days 00:13:29.011000
85,3930163,England,2,"[4.2, 40.8]","[7.2, 44.2]",2,0 days 00:13:30.130000,0 days 00:13:50.530000
86,3930163,Serbia,1,"[106.7, 0.1]","[106.7, 0.1]",2,0 days 00:15:52.715000,0 days 00:15:52.715000
87,3930163,England,23,"[12.8, 55.2]","[47.4, 60.5]",2,0 days 00:15:54.932000,0 days 00:16:19.237000
88,3930163,England,23,"[50.1, 55.8]","[51.1, 65.2]",2,0 days 00:16:38.038000,0 days 00:16:59.577000
89,3930163,Serbia,3,"[69.0, 14.9]","[68.6, 4.2]",2,0 days 00:16:59.577000,0 days 00:17:00.354000
90,3930163,Serbia,96,"[66.1, 4.8]","[20.4, 21.1]",2,0 days 00:17:07.415000,0 days 00:18:40.451000
91,3930163,Serbia,51,"[77.0, 80.0]","[105.0, 44.9]",2,0 days 00:18:47.777000,0 days 00:19:43.771000
92,3930163,England,8,"[4.0, 37.2]","[75.3, 25.4]",2,0 days 00:19:44.597000,0 days 00:20:15.103000
93,3930163,England,13,"[78.0, 25.8]","[12.9, 23.4]",2,0 days 00:20:50.191000,0 days 00:20:56.968000
94,3930163,England,19,"[120.0, 80.0]","[117.2, 44.3]",2,0 days 00:21:50.002000,0 days 00:22:17.129000
95,3930163,Serbia,24,"[2.3, 42.9]","[100.6, 63.3]",2,0 days 00:22:17.129000,0 days 00:23:04.228000
96,3930163,England,7,"[25.1, 22.9]","[25.1, 15.5]",2,0 days 00:23:04.228000,0 days 00:23:08.994000
97,3930163,Serbia,22,"[104.5, 80.0]","[18.9, 66.5]",2,0 days 00:24:11.430000,0 days 00:24:30.322000
98,3930163,Serbia,17,"[105.9, 0.1]","[104.0, 20.1]",2,0 days 00:24:40.289000,0 days 00:24:59.692000
99,3930163,England,19,"[6.0, 43.2]","[82.5, 10.0]",2,0 days 00:25:20.302000,0 days 00:25:30.985000
100,3930163,England,10,"[82.8, 13.5]","[3.3, 49.4]",2,0 days 00:26:09.097000,0 days 00:26:18.615000
101,3930163,Serbia,13,"[1.3, 44.1]","[59.1, 70.7]",2,0 days 00:26:19.490000,0 days 00:26:42.058000
102,3930163,England,14,"[60.1, 12.0]","[69.9, 11.0]",2,0 days 00:26:42.058000,0 days 00:26:59.200000
103,3930163,England,70,"[46.1, 80.0]","[46.0, 46.8]",2,0 days 00:27:19.949000,0 days 00:28:20.475000
104,3930163,Serbia,11,"[44.5, 43.6]","[79.6, 76.6]",2,0 days 00:28:58.713000,0 days 00:29:11.582000
105,3930163,England,15,"[31.8, 1.8]","[69.7, 2.9]",2,0 days 00:29:11.582000,0 days 00:29:22.468000
106,3930163,England,18,"[73.2, 2.7]","[78.4, 68.8]",2,0 days 00:30:34.044000,0 days 00:30:55.331000
107,3930163,England,14,"[79.1, 70.4]","[117.0, 49.9]",2,0 days 00:31:13.982000,0 days 00:31:34.478000
108,3930163,Serbia,63,"[5.9, 36.7]","[102.2, 57.2]",2,0 days 00:31:49.599000,0 days 00:32:52.157000
109,3930163,England,12,"[16.2, 22.7]","[83.6, 40.9]",2,0 days 00:32:52.157000,0 days 00:33:05.745000
110,3930163,Serbia,14,"[37.4, 42.0]","[37.9, 51.4]",2,0 days 00:33:05.745000,0 days 00:33:14.253000
111,3930163,England,28,"[14.4, 7.9]","[42.3, 57.0]",2,0 days 00:33:18.281000,0 days 00:34:54.413000
112,3930163,Serbia,13,"[51.4, 0.1]","[41.8, 43.8]",2,0 days 00:35:13.194000,0 days 00:35:47.063000
113,3930163,Serbia,41,"[44.9, 32.9]","[2.4, 41.4]",2,0 days 00:35:57.354000,0 days 00:36:38.098000
114,3930163,Serbia,10,"[120.0, 0.1]","[7.4, 52.4]",2,0 days 00:37:13.862000,0 days 00:37:20.673000
115,3930163,England,2,"[11.0, 54.0]","[85.3, 67.6]",2,0 days 00:38:05.304000,0 days 00:38:08.888000
116,3930163,Serbia,16,"[35.4, 15.6]","[55.8, 66.7]",2,0 days 00:38:08.888000,0 days 00:38:16.970000
117,3930163,England,11,"[57.1, 67.6]","[30.4, 6.1]",2,0 days 00:38:18.082000,0 days 00:38:27.790000
118,3930163,England,3,"[85.8, 80.0]","[13.2, 5.7]",2,0 days 00:38:46.709000,0 days 00:38:47.775000
119,3930163,England,59,"[99.9, 80.0]","[44.4, 14.0]",2,0 days 00:38:58.122000,0 days 00:39:47.632000
120,3930163,Serbia,6,"[72.2, 80.0]","[66.5, 13.0]",2,0 days 00:39:51.008000,0 days 00:39:56.617000
121,3930163,England,8,"[37.7, 62.6]","[49.8, 35.2]",2,0 days 00:39:56.617000,0 days 00:40:01.056000
122,3930163,England,23,"[51.2, 40.1]","[68.9, 48.9]",2,0 days 00:41:06.272000,0 days 00:41:31.571000
123,3930163,Serbia,26,"[68.9, 48.9]","[48.7, 15.2]",2,0 days 00:41:46.623000,0 days 00:42:08.913000
124,3930163,England,1,"[54.8, 20.8]","[54.8, 20.8]",2,0 days 00:42:15.864000,0 days 00:42:15.864000
125,3930163,Serbia,38,"[43.3, 15.3]","[31.0, 76.5]",2,0 days 00:42:18.097000,0 days 00:42:52.200000
126,3930163,Serbia,30,"[89.3, 0.1]","[1.4, 40.6]",2,0 days 00:42:55.755000,0 days 00:43:18.959000
127,3930163,England,67,"[6.0, 46.8]","[45.6, 77.9]",2,0 days 00:43:48.409000,0 days 00:44:45.193000
128,3930163,England,38,"[67.6, 0.1]","[68.9, 71.3]",2,0 days 00:45:02.503000,0 days 00:45:28.284000
129,3930163,England,16,"[72.4, 72.3]","[78.1, 28.5]",2,0 days 00:45:51.278000,0 days 00:46:04.961000
130,3930163,England,3,"[81.4, 26.6]","[105.8, 67.1]",2,0 days 00:46:44.256000,0 days 00:46:47.164000
131,3930163,Serbia,30,"[17.9, 0.1]","[14.2, 69.0]",2,0 days 00:46:56.253000,0 days 00:47:22.610000
132,3930163,Serbia,23,"[109.1, 0.1]","[30.5, 74.9]",2,0 days 00:47:29.118000,0 days 00:47:45.142000
133,3930163,Serbia,13,"[93.2, 0.1]","[109.6, 36.2]",2,0 days 00:47:50.525000,0 days 00:48:08.387000
134,3930163,England,7,"[6.0, 48.4]","[40.7, 71.7]",2,0 days 00:48:08.387000,0 days 00:48:15.079000
135,3930163,England,9,"[35.3, 74.2]","[12.5, 25.9]",2,0 days 00:48:51.940000,0 days 00:49:01.094000
2,3930162,Slovenia,7,"[60.0, 40.0]","[90.8, 29.2]",1,0 days 00:00:00.697000,0 days 00:00:09.053000
3,3930162,Denmark,123,"[12.7, 45.1]","[56.4, 26.3]",1,0 days 00:00:09.053000,0 days 00:02:15.205000
5,3930162,Denmark,46,"[56.4, 21.5]","[32.1, 10.6]",1,0 days 00:02:54.713000,0 days 00:03:29.728000
6,3930162,Denmark,85,"[92.4, 80.0]","[92.0, 25.4]",1,0 days 00:03:40.505000,0 days 00:04:48.374000
7,3930162,Slovenia,29,"[26.8, 57.9]","[87.8, 71.2]",1,0 days 00:04:48.374000,0 days 00:05:10.330000
8,3930162,Denmark,6,"[32.3, 8.9]","[43.0, 10.9]",1,0 days 00:05:10.330000,0 days 00:05:12.247000
9,3930162,Denmark,22,"[43.0, 11.3]","[104.6, 45.1]",1,0 days 00:05:25.127000,0 days 00:05:51.895000
10,3930162,Slovenia,56,"[20.2, 23.9]","[108.9, 37.2]",1,0 days 00:06:30.200000,0 days 00:07:13.969000
11,3930162,Denmark,56,"[7.0, 41.4]","[8.4, 25.8]",1,0 days 00:07:36.933000,0 days 00:08:18.924000
12,3930162,Denmark,58,"[120.0, 80.0]","[82.4, 24.8]",1,0 days 00:08:50.904000,0 days 00:09:47.349000
13,3930162,Denmark,5,"[82.8, 24.6]","[1.8, 39.1]",1,0 days 00:10:31.014000,0 days 00:10:33.336000
14,3930162,Slovenia,13,"[5.7, 41.3]","[42.8, 44.2]",1,0 days 00:10:55.266000,0 days 00:11:04.332000
15,3930162,Slovenia,45,"[42.8, 44.2]","[50.3, 7.2]",1,0 days 00:11:17.659000,0 days 00:12:12.689000
16,3930162,Denmark,68,"[66.4, 5.5]","[113.8, 25.8]",1,0 days 00:12:14.843000,0 days 00:13:17.990000
17,3930162,Slovenia,13,"[6.0, 34.2]","[9.9, 11.9]",1,0 days 00:13:32.491000,0 days 00:13:42.715000
18,3930162,Denmark,20,"[110.4, 80.0]","[53.3, 43.6]",1,0 days 00:14:04.734000,0 days 00:14:31.826000
19,3930162,Slovenia,10,"[64.9, 39.7]","[92.5, 60.3]",1,0 days 00:14:31.826000,0 days 00:14:38.852000
20,3930162,Denmark,22,"[27.6, 20.3]","[49.7, 29.0]",1,0 days 00:14:39.047000,0 days 00:14:46.260000
21,3930162,Denmark,20,"[50.5, 28.2]","[78.3, 73.5]",1,0 days 00:15:17.517000,0 days 00:15:33.865000
22,3930162,Slovenia,30,"[37.3, 4.0]","[1.2, 40.3]",1,0 days 00:15:34.427000,0 days 00:15:48.567000
23,3930162,Denmark,13,"[7.0, 47.9]","[20.9, 4.2]",1,0 days 00:16:16.153000,0 days 00:16:30.200000
24,3930162,Denmark,9,"[99.0, 80.0]","[1.7, 37.7]",1,0 days 00:16:33.430000,0 days 00:16:37.264000
25,3930162,Slovenia,11,"[60.0, 40.0]","[83.3, 53.4]",1,0 days 00:18:05.814000,0 days 00:18:24.415000
26,3930162,Denmark,15,"[36.4, 29.3]","[70.9, 52.8]",1,0 days 00:18:24.415000,0 days 00:18:34.578000
27,3930162,Denmark,13,"[44.1, 30.3]","[97.2, 53.6]",1,0 days 00:18:52.569000,0 days 00:19:04.619000
28,3930162,Slovenia,13,"[20.4, 28.6]","[9.9, 34.6]",1,0 days 00:19:04.619000,0 days 00:19:21.697000
29,3930162,Slovenia,7,"[120.0, 80.0]","[0.9, 41.5]",1,0 days 00:20:18.059000,0 days 00:20:22.494000
30,3930162,Slovenia,27,"[120.0, 80.0]","[83.3, 15.3]",1,0 days 00:20:44.934000,0 days 00:21:24.858000
31,3930162,Denmark,14,"[36.4, 62.4]","[54.8, 63.7]",1,0 days 00:21:24.858000,0 days 00:21:32.628000
32,3930162,Denmark,47,"[53.3, 63.3]","[36.4, 4.9]",1,0 days 00:21:51.081000,0 days 00:22:24.085000
33,3930162,Slovenia,72,"[98.7, 80.0]","[96.2, 1.6]",1,0 days 00:22:37.770000,0 days 00:24:04.889000
34,3930162,Denmark,3,"[35.0, 80.0]","[64.7, 8.9]",1,0 days 00:24:20.121000,0 days 00:24:21.771000
35,3930162,Slovenia,16,"[48.0, 6.8]","[105.5, 50.4]",1,0 days 00:24:23.381000,0 days 00:24:44.925000
36,3930162,Denmark,26,"[8.2, 38.5]","[77.7, 54.9]",1,0 days 00:25:02.647000,0 days 00:25:30.524000
37,3930162,Slovenia,12,"[42.4, 25.2]","[101.9, 30.1]",1,0 days 00:25:30.524000,0 days 00:25:38.849000
38,3930162,Denmark,27,"[7.7, 43.4]","[6.8, 42.7]",1,0 days 00:25:38.849000,0 days 00:26:07.469000
39,3930162,Slovenia,11,"[4.7, 54.9]","[45.4, 43.1]",1,0 days 00:26:09.346000,0 days 00:26:15.288000
40,3930162,Denmark,22,"[73.7, 32.1]","[97.6, 73.2]",1,0 days 00:26:15.288000,0 days 00:26:34.786000
41,3930162,Slovenia,11,"[27.2, 14.7]","[23.2, 11.5]",1,0 days 00:26:34.786000,0 days 00:26:41.444000
42,3930162,Denmark,5,"[105.9, 77.0]","[6.5, 22.4]",1,0 days 00:26:44.258000,0 days 00:26:47.389000
43,3930162,Denmark,9,"[120.0, 80.0]","[4.3, 35.4]",1,0 days 00:27:21.431000,0 days 00:27:27.158000
44,3930162,Denmark,5,"[120.0, 0.1]","[0.6, 38.7]",1,0 days 00:27:58.658000,0 days 00:28:00.989000
45,3930162,Slovenia,29,"[5.6, 33.5]","[34.1, 75.7]",1,0 days 00:28:35.384000,0 days 00:28:56.265000
46,3930162,Slovenia,19,"[36.0, 80.0]","[90.5, 38.9]",1,0 days 00:29:06.974000,0 days 00:29:19.969000
47,3930162,Denmark,19,"[9.5, 40.0]","[36.2, 41.0]",1,0 days 00:29:22.185000,0 days 00:29:52.569000
48,3930162,Slovenia,25,"[36.2, 41.0]","[46.1, 69.7]",1,0 days 00:29:53.663000,0 days 00:30:24.779000
49,3930162,Denmark,44,"[76.2, 12.3]","[95.7, 39.7]",1,0 days 00:30:24.779000,0 days 00:30:53.749000
50,3930162,Slovenia,62,"[31.5, 40.6]","[104.2, 35.0]",1,0 days 00:30:53.749000,0 days 00:32:11.883000
51,3930162,Denmark,71,"[4.1, 40.8]","[3.2, 35.8]",1,0 days 00:32:11.883000,0 days 00:33:38.732000
52,3930162,Denmark,119,"[120.0, 80.0]","[80.5, 60.5]",1,0 days 00:34:11.284000,0 days 00:35:49.164000
53,3930162,Slovenia,14,"[39.6, 19.6]","[98.0, 77.8]",1,0 days 00:35:49.164000,0 days 00:36:06.029000
54,3930162,Slovenia,23,"[21.9, 0.1]","[4.1, 48.7]",1,0 days 00:36:23.266000,0 days 00:36:48.428000
55,3930162,Slovenia,14,"[120.0, 0.1]","[110.6, 35.2]",1,0 days 00:37:20.463000,0 days 00:37:30.060000
56,3930162,Denmark,92,"[13.3, 42.9]","[9.5, 38.4]",1,0 days 00:38:01.945000,0 days 00:39:32.178000
57,3930162,Denmark,61,"[120.0, 0.1]","[17.8, 52.2]",1,0 days 00:40:08.335000,0 days 00:41:28.037000
58,3930162,Slovenia,8,"[25.4, 66.6]","[39.5, 68.1]",1,0 days 00:41:30.899000,0 days 00:41:38.022000
59,3930162,Denmark,87,"[78.9, 10.9]","[2.0, 42.4]",1,0 days 00:41:38.274000,0 days 00:42:43.160000
60,3930162,Slovenia,4,"[6.0, 43.1]","[73.0, 17.0]",1,0 days 00:43:14.815000,0 days 00:43:18.387000
61,3930162,Slovenia,4,"[77.1, 17.5]","[92.9, 56.4]",1,0 days 00:43:51.494000,0 days 00:43:55.277000
62,3930162,Denmark,19,"[28.9, 23.5]","[68.7, 71.2]",1,0 days 00:43:56.822000,0 days 00:44:09.054000
63,3930162,Denmark,86,"[68.7, 71.0]","[71.5, 54.5]",1,0 days 00:44:32.997000,0 days 00:45:57.902000
64,3930162,Denmark,33,"[60.0, 40.0]","[62.7, 1.6]",2,0 days 00:00:00.472000,0 days 00:00:31.372000
65,3930162,Slovenia,6,"[39.5, 80.0]","[42.3, 61.0]",2,0 days 00:00:36.189000,0 days 00:00:38.826000
66,3930162,Slovenia,10,"[42.2, 61.0]","[95.0, 73.7]",2,0 days 00:00:49.055000,0 days 00:00:58.901000
67,3930162,Slovenia,11,"[25.7, 0.1]","[67.3, 67.2]",2,0 days 00:01:13.105000,0 days 00:01:18.143000
68,3930162,Slovenia,4,"[56.4, 0.1]","[82.4, 10.5]",2,0 days 00:02:00.282000,0 days 00:02:02.872000
69,3930162,Denmark,24,"[33.1, 68.9]","[3.1, 34.8]",2,0 days 00:02:02.872000,0 days 00:02:21.676000
70,3930162,Denmark,36,"[100.8, 80.0]","[21.2, 77.1]",2,0 days 00:02:35.849000,0 days 00:03:06.010000
71,3930162,Denmark,43,"[87.8, 0.1]","[77.8, 62.2]",2,0 days 00:03:09.808000,0 days 00:03:47.544000
72,3930162,Slovenia,6,"[44.4, 13.8]","[70.8, 31.3]",2,0 days 00:03:47.544000,0 days 00:03:51.743000
73,3930162,Slovenia,25,"[71.2, 31.3]","[9.6, 48.1]",2,0 days 00:04:19.573000,0 days 00:04:39.572000
74,3930162,Slovenia,5,"[110.6, 0.1]","[6.7, 35.1]",2,0 days 00:05:12.761000,0 days 00:05:16.340000
75,3930162,Slovenia,7,"[111.6, 80.0]","[118.9, 20.3]",2,0 days 00:06:03.868000,0 days 00:06:11.763000
76,3930162,Denmark,42,"[6.0, 36.1]","[81.6, 8.9]",2,0 days 00:07:07.323000,0 days 00:07:44.748000
77,3930162,Slovenia,12,"[30.3, 66.4]","[82.9, 13.3]",2,0 days 00:07:45.281000,0 days 00:07:54.360000
78,3930162,Denmark,6,"[77.8, 10.9]","[2.8, 39.9]",2,0 days 00:09:00.049000,0 days 00:09:01.626000
79,3930162,Denmark,6,"[120.0, 0.1]","[113.9, 74.1]",2,0 days 00:09:29.032000,0 days 00:09:34.947000
80,3930162,Denmark,51,"[113.8, 70.3]","[3.4, 28.6]",2,0 days 00:10:16.222000,0 days 00:10:58.173000
81,3930162,Denmark,44,"[120.0, 80.0]","[49.8, 75.4]",2,0 days 00:11:32.389000,0 days 00:12:21.006000
82,3930162,Denmark,38,"[64.0, 0.1]","[67.1, 74.2]",2,0 days 00:12:31.830000,0 days 00:13:04.010000
83,3930162,Slovenia,9,"[38.6, 0.1]","[72.6, 25.5]",2,0 days 00:13:21.298000,0 days 00:13:27.127000
84,3930162,Denmark,41,"[46.0, 47.3]","[54.7, 6.6]",2,0 days 00:13:27.127000,0 days 00:14:07.334000
85,3930162,Slovenia,6,"[71.0, 4.2]","[40.4, 74.9]",2,0 days 00:14:09.283000,0 days 00:14:11.319000
86,3930162,Slovenia,20,"[84.6, 0.1]","[85.2, 28.2]",2,0 days 00:14:34.676000,0 days 00:14:57.158000
87,3930162,Denmark,16,"[34.5, 57.0]","[84.6, 70.6]",2,0 days 00:15:12.274000,0 days 00:15:26.527000
88,3930162,Denmark,64,"[20.9, 0.1]","[109.1, 44.0]",2,0 days 00:15:47.629000,0 days 00:16:43.868000
89,3930162,Slovenia,7,"[28.3, 0.1]","[44.7, 7.0]",2,0 days 00:17:04.442000,0 days 00:17:09.878000
90,3930162,Denmark,32,"[71.0, 80.0]","[65.0, 35.4]",2,0 days 00:17:13.186000,0 days 00:17:45.367000
91,3930162,Slovenia,21,"[55.7, 42.0]","[10.8, 33.4]",2,0 days 00:17:45.367000,0 days 00:18:05.962000
92,3930162,Denmark,15,"[28.8, 18.2]","[56.1, 6.4]",2,0 days 00:18:08.385000,0 days 00:18:18.602000
93,3930162,Denmark,60,"[55.8, 6.4]","[110.1, 29.2]",2,0 days 00:18:33.276000,0 days 00:19:22.339000
94,3930162,Slovenia,23,"[7.3, 53.4]","[47.8, 28.6]",2,0 days 00:19:22.565000,0 days 00:19:43.091000
95,3930162,Slovenia,13,"[56.6, 20.4]","[0.9, 40.2]",2,0 days 00:20:41.103000,0 days 00:20:55.301000
96,3930162,Denmark,37,"[6.0, 30.0]","[6.3, 74.5]",2,0 days 00:21:46.948000,0 days 00:22:13.306000
97,3930162,Denmark,8,"[106.9, 0.1]","[1.0, 43.8]",2,0 days 00:22:28.343000,0 days 00:22:33.082000
98,3930162,Slovenia,20,"[7.0, 34.8]","[46.3, 78.0]",2,0 days 00:22:49.802000,0 days 00:23:05.317000
99,3930162,Denmark,28,"[62.3, 0.1]","[64.0, 53.2]",2,0 days 00:23:07.952000,0 days 00:23:28.180000
100,3930162,Slovenia,13,"[59.4, 26.9]","[79.7, 16.3]",2,0 days 00:23:28.398000,0 days 00:23:33.282000
101,3930162,Denmark,40,"[40.4, 63.8]","[72.3, 32.0]",2,0 days 00:23:33.282000,0 days 00:24:04.528000
102,3930162,Slovenia,9,"[47.8, 48.1]","[71.4, 33.3]",2,0 days 00:24:04.528000,0 days 00:24:08.686000
103,3930162,Slovenia,13,"[76.7, 35.5]","[50.0, 27.5]",2,0 days 00:24:37.206000,0 days 00:24:49.470000
104,3930162,Denmark,13,"[51.1, 40.8]","[8.4, 55.5]",2,0 days 00:24:50.389000,0 days 00:25:00.321000
105,3930162,Denmark,5,"[120.0, 0.1]","[1.3, 39.1]",2,0 days 00:25:38.569000,0 days 00:25:40.769000
106,3930162,Slovenia,62,"[5.1, 33.5]","[70.3, 76.3]",2,0 days 00:26:03.467000,0 days 00:27:04.440000
107,3930162,Denmark,6,"[35.9, 7.0]","[42.2, 14.4]",2,0 days 00:27:04.440000,0 days 00:27:06.046000
108,3930162,Denmark,11,"[45.3, 14.2]","[50.0, 76.8]",2,0 days 00:27:30.963000,0 days 00:27:43.815000
109,3930162,Slovenia,6,"[75.6, 0.1]","[95.9, 8.0]",2,0 days 00:28:01.713000,0 days 00:28:04.713000
110,3930162,Slovenia,5,"[93.7, 9.1]","[0.5, 40.0]",2,0 days 00:28:52.674000,0 days 00:28:54.526000
111,3930162,Denmark,4,"[6.0, 40.3]","[64.0, 2.5]",2,0 days 00:29:26.068000,0 days 00:29:29.755000
112,3930162,Slovenia,26,"[56.1, 80.0]","[12.9, 31.7]",2,0 days 00:30:15.800000,0 days 00:30:48.441000
113,3930162,Slovenia,4,"[120.0, 80.0]","[98.1, 22.6]",2,0 days 00:31:22.757000,0 days 00:31:26.571000
114,3930162,Denmark,2,"[14.6, 53.6]","[1.7, 42.1]",2,0 days 00:31:26.816000,0 days 00:31:27.656000
115,3930162,Denmark,7,"[60.0, 40.0]","[87.4, 25.7]",2,0 days 00:32:42.583000,0 days 00:32:52.402000
116,3930162,Slovenia,32,"[33.6, 47.2]","[0.8, 39.6]",2,0 days 00:32:52.402000,0 days 00:33:19.579000
117,3930162,Denmark,14,"[3.0, 30.3]","[67.6, 17.6]",2,0 days 00:33:44.725000,0 days 00:33:53.816000
118,3930162,Slovenia,10,"[67.1, 24.1]","[27.0, 22.9]",2,0 days 00:34:16.123000,0 days 00:34:24.543000
119,3930162,Denmark,7,"[27.4, 21.9]","[4.8, 9.8]",2,0 days 00:34:42.594000,0 days 00:34:49.112000
120,3930162,Denmark,5,"[120.0, 80.0]","[1.1, 43.4]",2,0 days 00:35:22.971000,0 days 00:35:26.414000
121,3930162,Slovenia,5,"[12.3, 47.5]","[62.2, 79.5]",2,0 days 00:35:36.098000,0 days 00:35:43.361000
122,3930162,Denmark,4,"[55.6, 0.1]","[48.7, 23.3]",2,0 days 00:35:49.327000,0 days 00:35:51.154000
123,3930162,Slovenia,10,"[70.0, 49.8]","[3.0, 31.8]",2,0 days 00:35:51.477000,0 days 00:35:57.676000
124,3930162,Slovenia,1,"[120.0, 80.0]","[120.0, 80.0]",2,0 days 00:36:45.661000,0 days 00:36:45.661000
125,3930162,Denmark,35,"[2.6, 40.0]","[100.8, 53.6]",2,0 days 00:36:47.409000,0 days 00:37:29.918000
126,3930162,Slovenia,25,"[6.9, 42.1]","[83.2, 39.9]",2,0 days 00:38:21.778000,0 days 00:38:48.478000
127,3930162,Denmark,6,"[40.5, 37.5]","[63.7, 24.6]",2,0 days 00:38:48.478000,0 days 00:38:52.237000
128,3930162,Denmark,29,"[67.2, 25.1]","[13.7, 5.5]",2,0 days 00:39:09.708000,0 days 00:39:27.091000
129,3930162,Denmark,76,"[108.0, 80.0]","[95.3, 39.1]",2,0 days 00:39:42.277000,0 days 00:40:34.107000
130,3930162,Slovenia,1,"[1.4, 41.0]","[1.4, 41.0]",2,0 days 00:40:35.069000,0 days 00:40:35.069000
131,3930162,Slovenia,8,"[12.9, 36.3]","[80.3, 52.1]",2,0 days 00:41:24.193000,0 days 00:41:27.983000
132,3930162,Slovenia,26,"[77.6, 54.1]","[108.9, 47.2]",2,0 days 00:41:57.738000,0 days 00:42:25.448000
133,3930162,Denmark,18,"[3.6, 38.9]","[69.8, 75.9]",2,0 days 00:42:56.683000,0 days 00:43:18.923000
134,3930162,Denmark,7,"[47.9, 0.1]","[85.5, 7.9]",2,0 days 00:43:31.083000,0 days 00:43:40.876000
135,3930162,Slovenia,63,"[42.7, 80.0]","[2.1, 36.7]",2,0 days 00:44:14.327000,0 days 00:45:01.720000
136,3930162,Denmark,43,"[6.0, 38.0]","[19.2, 58.2]",2,0 days 00:45:15.735000,0 days 00:45:53.349000
137,3930162,Denmark,19,"[105.1, 0.1]","[105.7, 37.5]",2,0 days 00:46:04.548000,0 days 00:46:19.056000
138,3930162,Slovenia,8,"[7.0, 33.5]","[50.0, 3.2]",2,0 days 00:46:44.723000,0 days 00:46:52.626000
139,3930162,Denmark,26,"[77.5, 80.0]","[107.8, 62.6]",2,0 days 00:46:58.601000,0 days 00:47:25.427000
140,3930162,Slovenia,23,"[7.0, 34.5]","[63.5, 72.2]",2,0 days 00:47:48.192000,0 days 00:48:20.559000
141,3930162,Denmark,2,"[6.0, 38.5]","[27.1, 54.1]",2,0 days 00:49:20.056000,0 days 00:49:20.801000
2,3930160,Croatia,5,"[61.0, 40.1]","[96.7, 4.1]",1,0 days 00:00:00.384000,0 days 00:00:07.661000
3,3930160,Spain,129,"[33.0, 80.0]","[84.2, 45.2]",1,0 days 00:00:16.963000,0 days 00:02:27.579000
4,3930160,Croatia,19,"[11.8, 27.9]","[62.7, 41.3]",1,0 days 00:02:27.579000,0 days 00:02:49.001000
5,3930160,Croatia,36,"[62.0, 40.2]","[76.5, 2.5]",1,0 days 00:03:03.157000,0 days 00:03:35.314000
6,3930160,Croatia,10,"[46.9, 80.0]","[79.8, 30.9]",1,0 days 00:03:37.797000,0 days 00:03:45.644000
7,3930160,Spain,109,"[39.6, 46.5]","[116.5, 19.4]",1,0 days 00:03:45.644000,0 days 00:05:47.966000
8,3930160,Croatia,5,"[7.0, 44.3]","[40.0, 19.8]",1,0 days 00:06:13.554000,0 days 00:06:17.874000
9,3930160,Spain,9,"[77.4, 58.8]","[98.8, 47.5]",1,0 days 00:06:17.874000,0 days 00:06:23.585000
10,3930160,Croatia,1,"[1.1, 39.2]","[1.1, 39.2]",1,0 days 00:06:24.377000,0 days 00:06:24.377000
11,3930160,Croatia,15,"[9.0, 35.6]","[56.2, 46.7]",1,0 days 00:06:37.139000,0 days 00:06:47.819000
12,3930160,Spain,55,"[62.1, 34.9]","[93.0, 3.8]",1,0 days 00:06:47.819000,0 days 00:07:30.106000
13,3930160,Spain,66,"[104.8, 0.1]","[89.0, 6.1]",1,0 days 00:07:38.863000,0 days 00:08:38.765000
14,3930160,Croatia,32,"[31.3, 75.2]","[86.6, 26.4]",1,0 days 00:08:38.765000,0 days 00:09:02.286000
15,3930160,Spain,2,"[86.4, 23.6]","[107.5, 46.4]",1,0 days 00:09:54.292000,0 days 00:09:57.111000
16,3930160,Croatia,13,"[7.0, 41.6]","[51.6, 7.6]",1,0 days 00:10:19.152000,0 days 00:10:28.119000
17,3930160,Croatia,18,"[65.1, 80.0]","[65.3, 72.3]",1,0 days 00:10:35.098000,0 days 00:10:54.667000
18,3930160,Spain,27,"[65.9, 70.1]","[93.2, 19.0]",1,0 days 00:10:55.055000,0 days 00:11:21.034000
19,3930160,Croatia,19,"[7.0, 42.5]","[25.1, 27.6]",1,0 days 00:11:35.651000,0 days 00:11:45.693000
20,3930160,Croatia,79,"[25.5, 27.6]","[110.3, 16.9]",1,0 days 00:11:57.895000,0 days 00:13:06.803000
21,3930160,Spain,6,"[9.2, 63.9]","[114.8, 13.8]",1,0 days 00:13:07.215000,0 days 00:13:08.779000
22,3930160,Spain,9,"[6.0, 38.1]","[62.6, 49.2]",1,0 days 00:13:35.703000,0 days 00:13:41.368000
23,3930160,Croatia,15,"[46.7, 29.1]","[65.9, 66.9]",1,0 days 00:13:53.005000,0 days 00:14:06.197000
24,3930160,Spain,9,"[55.0, 12.8]","[106.5, 49.9]",1,0 days 00:14:06.197000,0 days 00:14:12.886000
25,3930160,Croatia,8,"[3.0, 37.1]","[104.0, 5.6]",1,0 days 00:14:14.265000,0 days 00:14:29.950000
26,3930160,Croatia,11,"[7.0, 37.3]","[24.8, 21.6]",1,0 days 00:14:48.148000,0 days 00:15:00.995000
27,3930160,Croatia,10,"[91.6, 80.0]","[27.2, 14.3]",1,0 days 00:15:05.687000,0 days 00:15:10.712000
28,3930160,Croatia,61,"[111.3, 80.0]","[96.9, 75.2]",1,0 days 00:15:18.874000,0 days 00:16:21.236000
29,3930160,Croatia,2,"[98.5, 73.0]","[8.8, 23.1]",1,0 days 00:17:19.899000,0 days 00:17:20.606000
30,3930160,Croatia,15,"[83.2, 80.0]","[62.9, 78.6]",1,0 days 00:17:39.238000,0 days 00:17:51.667000
31,3930160,Spain,29,"[66.7, 0.1]","[49.5, 2.7]",1,0 days 00:18:14.239000,0 days 00:18:27.497000
32,3930160,Spain,10,"[70.6, 80.0]","[63.0, 35.0]",1,0 days 00:18:39.054000,0 days 00:18:50.506000
33,3930160,Croatia,13,"[56.2, 53.0]","[30.1, 30.7]",1,0 days 00:18:50.506000,0 days 00:19:00.134000
34,3930160,Croatia,30,"[29.9, 35.4]","[55.3, 63.4]",1,0 days 00:19:12.012000,0 days 00:19:32.061000
35,3930160,Croatia,74,"[70.4, 0.1]","[95.3, 31.6]",1,0 days 00:19:51.123000,0 days 00:21:02.950000
36,3930160,Spain,7,"[14.2, 46.6]","[51.6, 29.9]",1,0 days 00:21:02.950000,0 days 00:21:18.353000
37,3930160,Croatia,38,"[63.3, 52.9]","[1.3, 39.0]",1,0 days 00:21:18.353000,0 days 00:21:50.754000
38,3930160,Spain,11,"[6.0, 32.5]","[116.3, 71.4]",1,0 days 00:22:20.356000,0 days 00:22:28.940000
39,3930160,Spain,4,"[6.0, 44.1]","[80.6, 16.9]",1,0 days 00:22:52.371000,0 days 00:22:58.731000
40,3930160,Croatia,26,"[43.4, 63.6]","[85.9, 77.4]",1,0 days 00:23:22.892000,0 days 00:23:40.671000
41,3930160,Croatia,38,"[36.6, 0.1]","[64.3, 26.0]",1,0 days 00:23:59.017000,0 days 00:24:28.692000
42,3930160,Spain,20,"[66.1, 23.8]","[42.2, 79.4]",1,0 days 00:24:42.482000,0 days 00:24:54.893000
43,3930160,Spain,6,"[79.9, 0.1]","[74.6, 28.5]",1,0 days 00:25:09.148000,0 days 00:25:12.454000
44,3930160,Croatia,15,"[49.6, 51.4]","[47.3, 58.9]",1,0 days 00:25:12.454000,0 days 00:25:25.659000
45,3930160,Spain,12,"[72.8, 21.2]","[118.4, 58.8]",1,0 days 00:25:25.659000,0 days 00:25:37.126000
46,3930160,Croatia,5,"[7.0, 43.6]","[78.2, 63.2]",1,0 days 00:26:01.788000,0 days 00:26:07.073000
47,3930160,Spain,19,"[35.6, 15.6]","[93.2, 3.1]",1,0 days 00:26:07.073000,0 days 00:26:37.921000
48,3930160,Croatia,75,"[25.1, 77.0]","[83.2, 50.5]",1,0 days 00:26:37.921000,0 days 00:28:00.326000
49,3930160,Spain,12,"[35.6, 30.3]","[7.0, 40.2]",1,0 days 00:28:00.535000,0 days 00:28:08.852000
50,3930160,Croatia,30,"[61.0, 40.1]","[102.8, 38.7]",1,0 days 00:29:21.630000,0 days 00:29:53.598000
51,3930160,Spain,1,"[3.3, 39.5]","[3.3, 39.5]",1,0 days 00:29:54.285000,0 days 00:29:54.285000
52,3930160,Spain,14,"[8.7, 33.9]","[82.9, 77.8]",1,0 days 00:30:12.437000,0 days 00:30:24.969000
53,3930160,Spain,7,"[34.7, 0.1]","[86.0, 77.8]",1,0 days 00:30:48.613000,0 days 00:30:53.782000
54,3930160,Spain,27,"[36.1, 0.1]","[103.9, 38.7]",1,0 days 00:30:57.849000,0 days 00:31:24.988000
55,3930160,Croatia,2,"[14.6, 41.4]","[2.5, 41.4]",1,0 days 00:31:25.047000,0 days 00:31:25.821000
56,3930160,Croatia,38,"[61.0, 40.1]","[1.2, 35.2]",1,0 days 00:32:33.968000,0 days 00:32:57.274000
57,3930160,Spain,7,"[6.0, 40.5]","[93.8, 4.2]",1,0 days 00:33:29.705000,0 days 00:33:33.647000
58,3930160,Spain,11,"[34.8, 80.0]","[75.6, 4.9]",1,0 days 00:33:43.521000,0 days 00:33:49.558000
59,3930160,Spain,12,"[42.9, 80.0]","[49.2, 75.7]",1,0 days 00:34:00.640000,0 days 00:34:04.570000
60,3930160,Spain,13,"[49.2, 75.7]","[5.5, 73.2]",1,0 days 00:34:21.469000,0 days 00:34:33.778000
61,3930160,Spain,6,"[120.0, 0.1]","[0.3, 42.0]",1,0 days 00:35:09.918000,0 days 00:35:11.405000
62,3930160,Croatia,10,"[7.0, 43.2]","[4.7, 45.6]",1,0 days 00:35:20.526000,0 days 00:35:28.113000
63,3930160,Spain,58,"[76.4, 0.1]","[110.0, 36.5]",1,0 days 00:35:53.735000,0 days 00:36:36.925000
64,3930160,Croatia,29,"[7.0, 41.8]","[56.8, 40.3]",1,0 days 00:37:17.048000,0 days 00:37:44.336000
65,3930160,Spain,2,"[43.6, 29.9]","[43.6, 29.9]",1,0 days 00:37:46.436000,0 days 00:38:55.100000
67,3930160,Spain,9,"[35.6, 29.4]","[71.0, 76.4]",1,0 days 00:39:13.033000,0 days 00:39:21.377000
68,3930160,Croatia,33,"[42.6, 0.1]","[68.7, 39.2]",1,0 days 00:39:31.445000,0 days 00:39:58.676000
69,3930160,Croatia,45,"[72.8, 37.5]","[1.4, 40.1]",1,0 days 00:40:11.010000,0 days 00:40:50.261000
70,3930160,Spain,2,"[6.0, 34.2]","[92.3, 1.6]",1,0 days 00:41:32.179000,0 days 00:41:38.060000
71,3930160,Croatia,10,"[12.9, 80.0]","[116.6, 2.6]",1,0 days 00:41:40.582000,0 days 00:41:46.756000
72,3930160,Croatia,20,"[7.0, 44.2]","[84.3, 73.9]",1,0 days 00:41:54.743000,0 days 00:42:09.296000
73,3930160,Spain,22,"[92.7, 76.4]","[51.8, 77.2]",1,0 days 00:42:10.750000,0 days 00:42:25.492000
74,3930160,Spain,34,"[63.7, 0.1]","[117.0, 35.9]",1,0 days 00:42:46.675000,0 days 00:43:19.786000
75,3930160,Croatia,56,"[3.1, 44.8]","[3.4, 39.4]",1,0 days 00:43:20.334000,0 days 00:44:21.742000
76,3930160,Spain,10,"[6.0, 35.3]","[85.2, 26.0]",1,0 days 00:44:57.558000,0 days 00:45:06.552000
77,3930160,Croatia,34,"[34.5, 55.8]","[1.5, 40.3]",1,0 days 00:45:06.552000,0 days 00:45:34.236000
78,3930160,Spain,17,"[6.0, 41.4]","[5.3, 35.6]",1,0 days 00:46:08.137000,0 days 00:46:23.153000
79,3930160,Spain,12,"[120.0, 80.0]","[1.1, 39.7]",1,0 days 00:46:47.039000,0 days 00:46:55.371000
80,3930160,Croatia,3,"[61.0, 40.1]","[56.2, 44.0]",1,0 days 00:47:53.466000,0 days 00:47:55.387000
81,3930160,Spain,16,"[61.0, 40.1]","[66.5, 3.5]",2,0 days 00:00:00.381000,0 days 00:00:17.199000
82,3930160,Croatia,8,"[5.4, 40.8]","[28.3, 77.2]",2,0 days 00:00:24.303000,0 days 00:00:32.177000
83,3930160,Spain,30,"[57.2, 44.0]","[47.1, 60.5]",2,0 days 00:00:35.041000,0 days 00:01:04.057000
84,3930160,Spain,27,"[45.8, 56.9]","[37.6, 78.7]",2,0 days 00:01:09.990000,0 days 00:01:40.277000
85,3930160,Croatia,13,"[67.5, 0.1]","[49.7, 7.7]",2,0 days 00:01:50.342000,0 days 00:01:57.469000
86,3930160,Spain,12,"[69.4, 73.4]","[103.0, 17.1]",2,0 days 00:01:57.594000,0 days 00:02:08.027000
87,3930160,Croatia,5,"[17.1, 63.0]","[93.6, 1.4]",2,0 days 00:02:08.027000,0 days 00:02:11.274000
88,3930160,Croatia,13,"[29.5, 80.0]","[42.3, 5.9]",2,0 days 00:02:13.580000,0 days 00:02:24.753000
89,3930160,Spain,16,"[77.1, 80.0]","[55.3, 59.2]",2,0 days 00:02:44.122000,0 days 00:02:54.718000
92,3930160,Spain,18,"[50.2, 64.0]","[55.5, 2.2]",2,0 days 00:03:43.252000,0 days 00:03:53.644000
93,3930160,Croatia,29,"[64.6, 77.9]","[48.1, 46.1]",2,0 days 00:03:53.644000,0 days 00:04:14.716000
94,3930160,Spain,5,"[72.0, 34.0]","[73.1, 48.8]",2,0 days 00:04:14.716000,0 days 00:04:16.829000
95,3930160,Spain,21,"[69.6, 51.2]","[42.7, 20.0]",2,0 days 00:04:38.396000,0 days 00:04:51.826000
96,3930160,Croatia,13,"[78.8, 59.5]","[1.6, 43.0]",2,0 days 00:04:52.099000,0 days 00:05:01.145000
97,3930160,Croatia,37,"[101.1, 0.1]","[64.4, 27.1]",2,0 days 00:05:11.769000,0 days 00:05:46.127000
100,3930160,Croatia,34,"[69.3, 32.6]","[103.7, 40.3]",2,0 days 00:06:04.357000,0 days 00:06:27.508000
101,3930160,Spain,35,"[16.8, 39.6]","[82.8, 9.3]",2,0 days 00:06:27.859000,0 days 00:06:50.209000
102,3930160,Croatia,5,"[40.8, 80.0]","[1.2, 46.5]",2,0 days 00:07:24.456000,0 days 00:07:29.700000
103,3930160,Spain,8,"[120.0, 0.1]","[1.0, 43.1]",2,0 days 00:07:55.617000,0 days 00:08:02.295000
104,3930160,Croatia,10,"[8.5, 0.1]","[26.2, 22.4]",2,0 days 00:08:31.840000,0 days 00:08:40.421000
105,3930160,Croatia,51,"[26.2, 22.4]","[116.9, 28.5]",2,0 days 00:08:52.423000,0 days 00:09:35.926000
106,3930160,Spain,4,"[3.6, 50.6]","[116.3, 22.7]",2,0 days 00:09:37.443000,0 days 00:09:38.611000
107,3930160,Spain,50,"[7.0, 39.8]","[93.6, 48.1]",2,0 days 00:10:25.151000,0 days 00:11:16.210000
108,3930160,Spain,13,"[91.3, 45.4]","[84.4, 2.7]",2,0 days 00:12:18.329000,0 days 00:12:30.928000
109,3930160,Croatia,44,"[35.7, 77.4]","[99.3, 56.5]",2,0 days 00:12:30.928000,0 days 00:13:13.309000
110,3930160,Spain,11,"[16.6, 28.3]","[18.6, 24.5]",2,0 days 00:13:13.309000,0 days 00:13:16.637000
111,3930160,Spain,13,"[23.7, 23.7]","[80.8, 25.9]",2,0 days 00:14:19.147000,0 days 00:14:29.831000
112,3930160,Croatia,16,"[13.8, 52.5]","[92.4, 70.7]",2,0 days 00:14:29.831000,0 days 00:14:41.456000
113,3930160,Croatia,24,"[49.1, 0.1]","[107.0, 67.7]",2,0 days 00:14:50.214000,0 days 00:15:14.940000
114,3930160,Spain,82,"[7.8, 45.5]","[51.1, 7.8]",2,0 days 00:15:16.483000,0 days 00:16:45.029000
115,3930160,Croatia,52,"[51.2, 80.0]","[10.9, 58.5]",2,0 days 00:16:58.059000,0 days 00:17:37.013000
116,3930160,Spain,2,"[10.9, 58.5]","[45.3, 42.2]",2,0 days 00:17:41.226000,0 days 00:17:43.807000
117,3930160,Croatia,11,"[76.4, 48.3]","[9.1, 32.5]",2,0 days 00:17:43.807000,0 days 00:17:50.597000
118,3930160,Croatia,38,"[106.1, 80.0]","[73.5, 19.4]",2,0 days 00:17:57.285000,0 days 00:18:40.363000
119,3930160,Spain,24,"[43.1, 63.4]","[69.6, 0.4]",2,0 days 00:18:40.363000,0 days 00:19:10.367000
120,3930160,Croatia,1,"[55.8, 80.0]","[55.8, 80.0]",2,0 days 00:20:25.825000,0 days 00:20:25.825000
121,3930160,Spain,16,"[31.9, 8.0]","[53.6, 43.8]",2,0 days 00:20:27.968000,0 days 00:20:39.231000
122,3930160,Croatia,34,"[59.1, 50.1]","[110.8, 0.8]",2,0 days 00:20:40.960000,0 days 00:21:14.213000
123,3930160,Spain,3,"[7.6, 46.1]","[77.5, 78.6]",2,0 days 00:21:15.790000,0 days 00:21:34.141000
124,3930160,Croatia,7,"[46.8, 0.1]","[83.1, 2.6]",2,0 days 00:22:12.769000,0 days 00:22:17.706000
125,3930160,Spain,20,"[32.7, 77.7]","[57.7, 16.4]",2,0 days 00:22:18.481000,0 days 00:22:32.141000
126,3930160,Croatia,13,"[63.1, 65.0]","[63.8, 49.6]",2,0 days 00:22:32.448000,0 days 00:22:47.666000
127,3930160,Spain,9,"[53.7, 30.2]","[61.4, 11.8]",2,0 days 00:22:47.788000,0 days 00:22:52.078000
128,3930160,Croatia,12,"[56.4, 64.4]","[72.1, 5.9]",2,0 days 00:22:52.078000,0 days 00:23:06.998000
129,3930160,Spain,96,"[41.3, 80.0]","[59.4, 8.2]",2,0 days 00:23:12.037000,0 days 00:24:34.687000
130,3930160,Croatia,12,"[64.6, 72.6]","[48.8, 49.1]",2,0 days 00:24:34.687000,0 days 00:24:41.809000
131,3930160,Spain,49,"[38.4, 51.0]","[95.6, 40.0]",2,0 days 00:24:44.487000,0 days 00:25:26.077000
132,3930160,Croatia,44,"[21.2, 48.3]","[100.2, 18.1]",2,0 days 00:25:26.077000,0 days 00:26:06.283000
133,3930160,Spain,10,"[15.5, 56.5]","[53.6, 76.0]",2,0 days 00:26:06.283000,0 days 00:26:21.112000
134,3930160,Croatia,41,"[56.9, 80.0]","[94.7, 58.0]",2,0 days 00:26:48.072000,0 days 00:27:30.920000
135,3930160,Spain,41,"[20.4, 34.3]","[2.3, 40.2]",2,0 days 00:27:31.977000,0 days 00:28:13.573000
136,3930160,Croatia,14,"[3.5, 44.6]","[45.2, 77.9]",2,0 days 00:28:14.878000,0 days 00:28:26.706000
137,3930160,Spain,38,"[62.5, 3.8]","[76.3, 2.0]",2,0 days 00:28:26.706000,0 days 00:28:52.473000
138,3930160,Croatia,8,"[58.0, 80.0]","[65.2, 76.0]",2,0 days 00:29:05.793000,0 days 00:29:09.822000
139,3930160,Spain,4,"[63.9, 0.1]","[35.5, 71.5]",2,0 days 00:29:38.192000,0 days 00:29:40.505000
140,3930160,Croatia,17,"[33.2, 63.6]","[23.8, 62.2]",2,0 days 00:29:47.240000,0 days 00:29:59.087000
141,3930160,Croatia,15,"[24.0, 63.5]","[47.0, 28.5]",2,0 days 00:30:07.840000,0 days 00:30:23.881000
142,3930160,Croatia,26,"[49.9, 33.2]","[106.1, 13.9]",2,0 days 00:30:32.272000,0 days 00:30:58.668000
143,3930160,Spain,23,"[4.0, 42.2]","[79.3, 68.3]",2,0 days 00:30:59.992000,0 days 00:31:28.974000
144,3930160,Croatia,14,"[39.1, 13.9]","[65.8, 51.1]",2,0 days 00:31:42.657000,0 days 00:31:55.110000
145,3930160,Spain,24,"[53.5, 19.9]","[108.8, 31.6]",2,0 days 00:31:55.110000,0 days 00:32:06.029000
146,3930160,Croatia,9,"[109.0, 28.7]","[112.5, 36.3]",2,0 days 00:32:07.642000,0 days 00:32:10.436000
147,3930160,Croatia,3,"[108.0, 40.0]","[112.3, 27.9]",2,0 days 00:34:03.974000,0 days 00:34:05.494000
148,3930160,Spain,9,"[13.8, 43.5]","[78.4, 12.9]",2,0 days 00:36:06.707000,0 days 00:36:14.006000
149,3930160,Spain,14,"[79.5, 15.5]","[87.9, 61.8]",2,0 days 00:36:29.264000,0 days 00:36:40.050000
150,3930160,Croatia,15,"[26.3, 19.8]","[33.4, 24.2]",2,0 days 00:36:40.050000,0 days 00:36:54.307000
151,3930160,Croatia,13,"[33.0, 24.4]","[72.5, 39.0]",2,0 days 00:37:06.087000,0 days 00:37:19.026000
152,3930160,Spain,25,"[50.2, 34.5]","[71.7, 39.3]",2,0 days 00:37:19.026000,0 days 00:37:39.291000
153,3930160,Spain,6,"[42.5, 37.3]","[55.5, 78.6]",2,0 days 00:37:57.506000,0 days 00:38:02.974000
154,3930160,Croatia,47,"[58.9, 0.1]","[1.4, 42.0]",2,0 days 00:38:08.570000,0 days 00:38:55.293000
155,3930160,Spain,1,"[35.4, 54.6]","[35.4, 54.6]",2,0 days 00:39:04.461000,0 days 00:39:04.461000
156,3930160,Croatia,3,"[72.6, 0.1]","[79.2, 5.0]",2,0 days 00:40:57.997000,0 days 00:40:59.090000
157,3930160,Spain,20,"[33.3, 79.1]","[61.2, 70.6]",2,0 days 00:41:00.427000,0 days 00:41:13.678000
158,3930160,Croatia,73,"[58.9, 9.5]","[84.5, 47.2]",2,0 days 00:41:13.678000,0 days 00:42:38.907000
159,3930160,Spain,26,"[35.6, 32.9]","[2.3, 34.9]",2,0 days 00:42:38.907000,0 days 00:42:54.070000
160,3930160,Spain,51,"[120.0, 80.0]","[63.7, 12.4]",2,0 days 00:43:33.431000,0 days 00:44:14.956000
161,3930160,Spain,23,"[63.5, 13.7]","[89.4, 64.5]",2,0 days 00:44:19.568000,0 days 00:44:52.463000
162,3930160,Croatia,116,"[30.7, 15.6]","[0.4, 42.3]",2,0 days 00:45:04.539000,0 days 00:46:50.909000
163,3930160,Spain,16,"[7.0, 40.6]","[7.5, 58.2]",2,0 days 00:47:23.325000,0 days 00:47:36.786000
164,3930160,Spain,20,"[120.0, 0.1]","[106.5, 35.8]",2,0 days 00:47:57.139000,0 days 00:48:10.859000
165,3930160,Croatia,13,"[4.2, 36.8]","[93.3, 65.4]",2,0 days 00:48:10.859000,0 days 00:48:28.855000
166,3930160,Spain,10,"[26.8, 22.6]","[82.8, 8.6]",2,0 days 00:48:28.855000,0 days 00:48:37.879000
167,3930160,Croatia,4,"[37.3, 71.5]","[24.9, 70.5]",2,0 days 00:48:37.879000,0 days 00:48:39.881000
168,3930160,Croatia,48,"[24.9, 71.9]","[7.4, 61.4]",2,0 days 00:48:55.106000,0 days 00:49:33.275000
169,3930160,Spain,1,"[14.4, 64.2]","[14.4, 64.2]",2,0 days 00:50:06.898000,0 days 00:50:06.898000
2,3930159,Hungary,9,"[60.0, 40.0]","[78.2, 57.1]",1,0 days 00:00:00.310000,0 days 00:00:07.638000
3,3930159,Switzerland,19,"[29.1, 0.1]","[58.3, 20.3]",1,0 days 00:00:15.866000,0 days 00:00:26.118000
4,3930159,Hungary,12,"[62.9, 61.2]","[55.7, 18.7]",1,0 days 00:00:26.118000,0 days 00:00:37.826000
5,3930159,Hungary,10,"[64.2, 56.3]","[1.2, 42.3]",1,0 days 00:01:14.094000,0 days 00:01:20.331000
6,3930159,Switzerland,26,"[2.9, 45.4]","[110.3, 30.2]",1,0 days 00:01:20.908000,0 days 00:01:53.104000
7,3930159,Hungary,10,"[11.5, 48.3]","[97.2, 2.9]",1,0 days 00:02:18.824000,0 days 00:02:23.248000
8,3930159,Hungary,10,"[31.5, 80.0]","[57.4, 73.9]",1,0 days 00:02:37.956000,0 days 00:02:42.792000
9,3930159,Switzerland,15,"[58.3, 0.1]","[75.8, 19.3]",1,0 days 00:02:52.885000,0 days 00:03:15.093000
10,3930159,Hungary,14,"[45.7, 58.6]","[92.5, 56.7]",1,0 days 00:03:15.093000,0 days 00:03:21.948000
11,3930159,Switzerland,17,"[21.9, 0.1]","[107.0, 49.1]",1,0 days 00:03:41.289000,0 days 00:03:59.152000
12,3930159,Hungary,10,"[15.5, 32.5]","[28.7, 26.1]",1,0 days 00:03:59.152000,0 days 00:04:03.735000
13,3930159,Hungary,18,"[28.7, 26.1]","[39.6, 1.4]",1,0 days 00:04:44.284000,0 days 00:05:02.727000
14,3930159,Switzerland,41,"[56.7, 60.6]","[103.7, 16.2]",1,0 days 00:05:04.906000,0 days 00:05:52.259000
15,3930159,Hungary,6,"[15.1, 80.0]","[65.6, 10.3]",1,0 days 00:06:16.659000,0 days 00:06:19.677000
16,3930159,Hungary,20,"[54.0, 80.0]","[58.2, 0.9]",1,0 days 00:06:38.113000,0 days 00:06:58.867000
17,3930159,Switzerland,18,"[61.9, 80.0]","[89.9, 3.4]",1,0 days 00:07:07.567000,0 days 00:07:30.721000
18,3930159,Switzerland,35,"[27.8, 80.0]","[83.4, 5.9]",1,0 days 00:07:50.991000,0 days 00:08:15.424000
19,3930159,Hungary,13,"[35.3, 80.0]","[55.7, 44.5]",1,0 days 00:08:32.007000,0 days 00:08:40.087000
20,3930159,Switzerland,19,"[62.7, 33.9]","[27.8, 32.7]",1,0 days 00:08:40.087000,0 days 00:09:03.068000
21,3930159,Hungary,15,"[34.2, 43.6]","[2.8, 38.2]",1,0 days 00:09:04.258000,0 days 00:09:17.426000
22,3930159,Switzerland,6,"[7.0, 33.2]","[64.4, 41.9]",1,0 days 00:09:46.598000,0 days 00:09:53.795000
23,3930159,Hungary,33,"[55.7, 38.2]","[66.7, 7.4]",1,0 days 00:09:53.795000,0 days 00:10:31.466000
24,3930159,Switzerland,72,"[46.9, 48.8]","[7.4, 39.1]",1,0 days 00:10:33.185000,0 days 00:11:56.584000
25,3930159,Hungary,22,"[60.0, 40.0]","[55.9, 43.5]",1,0 days 00:13:45.296000,0 days 00:15:12.304000
26,3930159,Switzerland,13,"[55.9, 43.5]","[91.2, 72.1]",1,0 days 00:15:31.008000,0 days 00:15:42.462000
27,3930159,Hungary,10,"[25.0, 22.4]","[32.4, 6.9]",1,0 days 00:15:42.462000,0 days 00:15:46.442000
28,3930159,Switzerland,19,"[23.0, 66.5]","[17.6, 56.0]",1,0 days 00:15:52.136000,0 days 00:16:27.732000
29,3930159,Switzerland,2,"[120.0, 0.1]","[8.3, 45.6]",1,0 days 00:16:53.955000,0 days 00:16:55.464000
30,3930159,Switzerland,35,"[98.6, 0.1]","[98.6, 70.8]",1,0 days 00:17:17.990000,0 days 00:17:46.215000
31,3930159,Hungary,6,"[21.5, 9.3]","[21.7, 10.7]",1,0 days 00:17:46.215000,0 days 00:17:48.266000
32,3930159,Hungary,33,"[23.8, 11.2]","[83.5, 2.9]",1,0 days 00:18:07.410000,0 days 00:18:42.215000
33,3930159,Switzerland,47,"[8.1, 33.9]","[7.6, 35.8]",1,0 days 00:18:44.652000,0 days 00:19:40.638000
34,3930159,Switzerland,20,"[120.0, 0.1]","[18.4, 21.8]",1,0 days 00:21:06.674000,0 days 00:21:29.916000
35,3930159,Hungary,6,"[15.1, 26.9]","[97.7, 60.0]",1,0 days 00:21:30.928000,0 days 00:21:32.454000
36,3930159,Hungary,16,"[37.5, 0.1]","[53.2, 43.1]",1,0 days 00:21:52.652000,0 days 00:21:59.935000
37,3930159,Switzerland,77,"[53.5, 46.8]","[45.7, 15.2]",1,0 days 00:22:00.477000,0 days 00:23:34.442000
38,3930159,Hungary,46,"[70.6, 80.0]","[61.8, 6.2]",1,0 days 00:23:58.295000,0 days 00:24:30.363000
39,3930159,Switzerland,28,"[31.9, 22.4]","[48.3, 74.3]",1,0 days 00:24:32.790000,0 days 00:24:55.580000
40,3930159,Hungary,45,"[16.6, 39.3]","[92.5, 70.1]",1,0 days 00:24:58.506000,0 days 00:25:41.291000
41,3930159,Switzerland,33,"[29.9, 12.6]","[38.1, 72.9]",1,0 days 00:25:41.291000,0 days 00:26:20.857000
42,3930159,Hungary,11,"[41.6, 77.0]","[50.2, 75.4]",1,0 days 00:26:21.999000,0 days 00:26:25.360000
43,3930159,Switzerland,6,"[69.9, 4.7]","[64.1, 4.9]",1,0 days 00:26:25.360000,0 days 00:26:26.998000
44,3930159,Switzerland,4,"[56.3, 4.5]","[45.2, 13.7]",1,0 days 00:27:08.832000,0 days 00:27:16.696000
45,3930159,Hungary,1,"[67.7, 80.0]","[67.7, 80.0]",1,0 days 00:27:33.366000,0 days 00:27:33.366000
46,3930159,Switzerland,86,"[35.0, 10.1]","[67.0, 20.7]",1,0 days 00:27:35.711000,0 days 00:29:16.506000
47,3930159,Hungary,12,"[55.8, 60.8]","[15.2, 6.2]",1,0 days 00:29:16.506000,0 days 00:29:26.067000
48,3930159,Hungary,4,"[111.2, 80.0]","[8.7, 34.9]",1,0 days 00:29:56.138000,0 days 00:29:58.551000
49,3930159,Hungary,8,"[120.0, 80.0]","[35.4, 46.8]",1,0 days 00:30:28.127000,0 days 00:30:37.001000
50,3930159,Switzerland,22,"[35.4, 46.8]","[70.6, 65.3]",1,0 days 00:30:53.731000,0 days 00:31:23.701000
51,3930159,Hungary,6,"[74.0, 64.5]","[104.6, 10.5]",1,0 days 00:32:21.630000,0 days 00:32:29.907000
52,3930159,Switzerland,20,"[2.4, 37.8]","[29.1, 6.6]",1,0 days 00:32:32.213000,0 days 00:33:04.398000
53,3930159,Switzerland,50,"[77.0, 80.0]","[5.1, 17.5]",1,0 days 00:33:12.280000,0 days 00:34:12.473000
54,3930159,Switzerland,11,"[92.6, 80.0]","[13.7, 1.9]",1,0 days 00:34:35.900000,0 days 00:34:40.712000
55,3930159,Switzerland,18,"[104.6, 80.0]","[10.8, 1.1]",1,0 days 00:34:49.769000,0 days 00:34:56.548000
56,3930159,Switzerland,46,"[111.5, 80.0]","[11.2, 36.4]",1,0 days 00:35:20.016000,0 days 00:36:04.261000
57,3930159,Hungary,6,"[12.7, 47.9]","[27.9, 20.1]",1,0 days 00:36:05.558000,0 days 00:36:08.664000
58,3930159,Switzerland,33,"[98.4, 63.4]","[5.7, 31.7]",1,0 days 00:36:10.879000,0 days 00:36:37.819000
59,3930159,Switzerland,7,"[91.2, 80.0]","[109.3, 58.7]",1,0 days 00:36:44.213000,0 days 00:36:51.575000
60,3930159,Hungary,67,"[6.0, 40.2]","[6.4, 44.2]",1,0 days 00:37:12.611000,0 days 00:38:14.775000
61,3930159,Hungary,27,"[82.1, 0.1]","[86.2, 16.7]",1,0 days 00:38:26.295000,0 days 00:38:46.641000
62,3930159,Hungary,3,"[87.2, 16.7]","[111.3, 39.9]",1,0 days 00:39:34.808000,0 days 00:39:36.523000
63,3930159,Switzerland,1,"[1.0, 40.0]","[1.0, 40.0]",1,0 days 00:39:37.379000,0 days 00:39:37.379000
64,3930159,Switzerland,24,"[10.1, 41.6]","[34.5, 42.3]",1,0 days 00:39:46.770000,0 days 00:40:09.876000
65,3930159,Switzerland,26,"[25.9, 47.8]","[91.2, 34.4]",1,0 days 00:40:21.956000,0 days 00:40:52.368000
66,3930159,Hungary,7,"[29.7, 50.8]","[40.6, 38.8]",1,0 days 00:40:52.368000,0 days 00:40:56.982000
67,3930159,Hungary,12,"[40.6, 38.8]","[88.4, 1.5]",1,0 days 00:41:09.886000,0 days 00:41:17.966000
68,3930159,Switzerland,30,"[26.7, 77.6]","[8.4, 47.5]",1,0 days 00:41:17.966000,0 days 00:41:45.021000
69,3930159,Switzerland,16,"[105.5, 0.1]","[83.2, 29.8]",1,0 days 00:41:57.593000,0 days 00:42:16.945000
70,3930159,Hungary,61,"[18.9, 51.2]","[105.5, 73.3]",1,0 days 00:42:19.633000,0 days 00:43:22.013000
71,3930159,Switzerland,5,"[14.7, 0.1]","[46.0, 13.8]",1,0 days 00:43:31.021000,0 days 00:43:39.714000
72,3930159,Hungary,5,"[69.1, 66.4]","[88.2, 55.4]",1,0 days 00:43:39.714000,0 days 00:43:42.223000
73,3930159,Switzerland,71,"[24.5, 32.6]","[3.5, 41.1]",1,0 days 00:43:43.296000,0 days 00:44:43.183000
74,3930159,Hungary,37,"[60.0, 40.0]","[4.6, 67.1]",1,0 days 00:45:55.007000,0 days 00:46:23.517000
75,3930159,Switzerland,1,"[7.0, 42.9]","[7.0, 42.9]",1,0 days 00:46:58.486000,0 days 00:46:58.486000
76,3930159,Switzerland,8,"[60.0, 40.0]","[57.6, 51.6]",2,0 days 00:00:00.390000,0 days 00:00:07.071000
77,3930159,Hungary,24,"[12.3, 35.3]","[29.8, 9.8]",2,0 days 00:00:10.804000,0 days 00:00:33.140000
78,3930159,Switzerland,21,"[28.0, 13.4]","[41.6, 8.4]",2,0 days 00:00:33.210000,0 days 00:00:56.697000
79,3930159,Switzerland,27,"[87.0, 80.0]","[82.9, 77.0]",2,0 days 00:01:23.779000,0 days 00:01:37.853000
80,3930159,Switzerland,23,"[75.2, 80.0]","[2.8, 42.9]",2,0 days 00:01:53.749000,0 days 00:02:09.725000
81,3930159,Switzerland,25,"[120.0, 0.1]","[92.6, 4.7]",2,0 days 00:02:43.535000,0 days 00:03:06.811000
82,3930159,Switzerland,7,"[28.7, 80.0]","[43.2, 40.3]",2,0 days 00:03:24.224000,0 days 00:03:32.267000
83,3930159,Hungary,63,"[74.3, 40.4]","[9.5, 61.7]",2,0 days 00:03:32.267000,0 days 00:04:21.573000
84,3930159,Switzerland,17,"[23.0, 47.9]","[100.6, 57.1]",2,0 days 00:04:24.027000,0 days 00:04:38.704000
85,3930159,Hungary,25,"[15.1, 30.5]","[92.0, 18.2]",2,0 days 00:04:38.704000,0 days 00:05:05.826000
86,3930159,Switzerland,79,"[30.9, 58.2]","[34.7, 3.3]",2,0 days 00:05:47.150000,0 days 00:07:04.754000
87,3930159,Switzerland,21,"[86.8, 80.0]","[69.8, 44.9]",2,0 days 00:07:10.319000,0 days 00:07:28.769000
88,3930159,Switzerland,23,"[47.6, 80.0]","[108.6, 30.2]",2,0 days 00:07:52.442000,0 days 00:08:11.890000
89,3930159,Hungary,1,"[3.0, 42.3]","[3.0, 42.3]",2,0 days 00:08:12.555000,0 days 00:08:12.555000
90,3930159,Hungary,68,"[11.5, 42.8]","[63.3, 1.8]",2,0 days 00:08:23.138000,0 days 00:09:23.005000
91,3930159,Hungary,29,"[51.9, 80.0]","[98.9, 16.1]",2,0 days 00:09:32.449000,0 days 00:10:03.324000
92,3930159,Hungary,4,"[98.9, 16.1]","[10.3, 47.4]",2,0 days 00:11:23.629000,0 days 00:11:24.500000
93,3930159,Hungary,13,"[120.0, 0.1]","[101.2, 5.5]",2,0 days 00:11:45.222000,0 days 00:11:53.287000
94,3930159,Switzerland,13,"[35.5, 80.0]","[47.5, 14.3]",2,0 days 00:12:21.602000,0 days 00:12:27.772000
95,3930159,Hungary,15,"[44.7, 29.6]","[55.9, 61.4]",2,0 days 00:12:29.483000,0 days 00:12:39.282000
96,3930159,Hungary,5,"[47.5, 66.9]","[2.6, 38.4]",2,0 days 00:12:49.367000,0 days 00:12:57.706000
97,3930159,Hungary,49,"[7.0, 34.5]","[77.8, 11.0]",2,0 days 00:13:15.733000,0 days 00:13:46.097000
98,3930159,Hungary,2,"[77.8, 11.0]","[107.9, 48.5]",2,0 days 00:14:20.404000,0 days 00:14:22.613000
99,3930159,Switzerland,30,"[12.1, 31.3]","[84.1, 30.8]",2,0 days 00:15:06.263000,0 days 00:15:27.988000
100,3930159,Hungary,36,"[36.0, 57.7]","[93.2, 56.7]",2,0 days 00:15:27.988000,0 days 00:16:19.072000
101,3930159,Switzerland,2,"[43.0, 29.3]","[97.0, 73.2]",2,0 days 00:17:06.310000,0 days 00:17:11.855000
102,3930159,Hungary,4,"[20.4, 3.5]","[20.9, 4.9]",2,0 days 00:17:11.855000,0 days 00:17:12.519000
103,3930159,Hungary,17,"[20.9, 4.9]","[0.6, 40.1]",2,0 days 00:17:29.339000,0 days 00:17:49.296000
104,3930159,Switzerland,21,"[6.0, 41.6]","[54.2, 34.0]",2,0 days 00:18:14.255000,0 days 00:18:28.682000
105,3930159,Hungary,27,"[64.1, 47.3]","[36.2, 76.0]",2,0 days 00:18:28.686000,0 days 00:18:46.151000
106,3930159,Hungary,35,"[83.9, 0.1]","[1.1, 39.2]",2,0 days 00:19:45.487000,0 days 00:20:25.543000
107,3930159,Switzerland,9,"[60.0, 40.0]","[64.6, 51.8]",2,0 days 00:22:05.112000,0 days 00:22:18.619000
108,3930159,Hungary,34,"[58.6, 21.0]","[52.8, 8.2]",2,0 days 00:23:00.779000,0 days 00:23:40.550000
109,3930159,Switzerland,6,"[57.6, 72.1]","[74.8, 77.0]",2,0 days 00:23:40.550000,0 days 00:23:43.591000
110,3930159,Switzerland,17,"[77.2, 76.3]","[92.9, 10.6]",2,0 days 00:24:41.624000,0 days 00:24:58.900000
111,3930159,Hungary,5,"[25.7, 64.5]","[22.6, 78.1]",2,0 days 00:24:59.255000,0 days 00:25:03.071000
112,3930159,Switzerland,22,"[77.8, 0.1]","[2.2, 43.5]",2,0 days 00:25:20.392000,0 days 00:25:40.013000
113,3930159,Switzerland,5,"[120.0, 0.1]","[1.3, 40.2]",2,0 days 00:26:32.818000,0 days 00:26:34.990000
114,3930159,Hungary,14,"[6.9, 36.7]","[111.8, 14.9]",2,0 days 00:26:54.617000,0 days 00:27:13.741000
115,3930159,Switzerland,12,"[1.4, 39.7]","[69.3, 1.2]",2,0 days 00:27:14.707000,0 days 00:27:34.255000
116,3930159,Hungary,16,"[27.4, 66.2]","[61.6, 60.5]",2,0 days 00:27:36.328000,0 days 00:27:50.959000
117,3930159,Switzerland,13,"[66.0, 0.1]","[60.1, 1.5]",2,0 days 00:28:34.373000,0 days 00:28:39.209000
118,3930159,Switzerland,22,"[57.6, 0.1]","[71.1, 14.1]",2,0 days 00:28:42.495000,0 days 00:29:00.158000
119,3930159,Hungary,20,"[49.0, 66.0]","[29.2, 79.5]",2,0 days 00:29:00.158000,0 days 00:29:14.923000
120,3930159,Switzerland,45,"[65.6, 4.3]","[106.8, 32.8]",2,0 days 00:29:16.457000,0 days 00:29:46.877000
121,3930159,Hungary,6,"[8.4, 46.1]","[47.3, 77.1]",2,0 days 00:29:48.486000,0 days 00:30:07.453000
122,3930159,Switzerland,15,"[73.0, 5.1]","[103.9, 21.2]",2,0 days 00:30:07.453000,0 days 00:30:17.355000
123,3930159,Hungary,32,"[16.0, 56.3]","[45.7, 6.9]",2,0 days 00:30:18.118000,0 days 00:30:43.520000
124,3930159,Switzerland,13,"[8.8, 46.1]","[76.2, 16.3]",2,0 days 00:30:47.138000,0 days 00:31:04.660000
125,3930159,Hungary,22,"[47.5, 62.0]","[20.1, 76.0]",2,0 days 00:31:04.660000,0 days 00:31:34.189000
126,3930159,Switzerland,6,"[18.3, 67.0]","[47.5, 18.4]",2,0 days 00:32:14.426000,0 days 00:32:19.403000
127,3930159,Hungary,29,"[46.9, 4.1]","[11.2, 35.9]",2,0 days 00:32:32.808000,0 days 00:33:03.547000
128,3930159,Switzerland,9,"[36.0, 25.5]","[53.6, 39.9]",2,0 days 00:33:06.535000,0 days 00:33:14.450000
129,3930159,Hungary,22,"[47.3, 48.3]","[48.7, 0.8]",2,0 days 00:33:14.450000,0 days 00:33:31.631000
130,3930159,Hungary,29,"[70.4, 80.0]","[77.9, 60.7]",2,0 days 00:34:12.025000,0 days 00:35:36.432000
131,3930159,Hungary,62,"[27.0, 0.1]","[19.4, 47.7]",2,0 days 00:35:39.487000,0 days 00:36:16.189000
132,3930159,Hungary,11,"[47.5, 43.8]","[102.4, 17.9]",2,0 days 00:36:20.148000,0 days 00:36:30.184000
133,3930159,Switzerland,63,"[15.6, 62.6]","[4.1, 36.6]",2,0 days 00:36:30.184000,0 days 00:37:23.952000
134,3930159,Hungary,22,"[6.7, 36.1]","[29.9, 4.6]",2,0 days 00:37:49.874000,0 days 00:38:12.518000
135,3930159,Hungary,29,"[91.0, 80.0]","[92.2, 29.4]",2,0 days 00:38:20.474000,0 days 00:38:51.763000
136,3930159,Switzerland,7,"[25.1, 52.2]","[48.9, 70.7]",2,0 days 00:38:53.566000,0 days 00:38:56.842000
137,3930159,Switzerland,26,"[50.1, 72.8]","[77.0, 64.4]",2,0 days 00:39:31.332000,0 days 00:39:47.031000
138,3930159,Hungary,10,"[55.7, 0.1]","[44.3, 5.8]",2,0 days 00:40:30.770000,0 days 00:40:38.675000
139,3930159,Hungary,14,"[50.2, 7.8]","[1.6, 73.2]",2,0 days 00:41:01.863000,0 days 00:41:16.183000
140,3930159,Hungary,30,"[96.9, 0.1]","[88.6, 36.7]",2,0 days 00:41:20.695000,0 days 00:41:39.378000
141,3930159,Switzerland,11,"[26.3, 24.5]","[74.1, 27.3]",2,0 days 00:41:40.961000,0 days 00:41:47.016000
142,3930159,Switzerland,13,"[70.5, 26.2]","[77.4, 5.7]",2,0 days 00:42:54.435000,0 days 00:43:00.215000
143,3930159,Switzerland,13,"[77.4, 5.7]","[2.7, 42.3]",2,0 days 00:43:23.299000,0 days 00:43:32.393000
144,3930159,Switzerland,6,"[120.0, 80.0]","[1.9, 37.8]",2,0 days 00:44:10.960000,0 days 00:44:13.231000
145,3930159,Switzerland,4,"[120.0, 80.0]","[110.8, 77.0]",2,0 days 00:44:42.692000,0 days 00:44:52.146000
146,3930159,Hungary,19,"[10.0, 0.1]","[20.7, 4.8]",2,0 days 00:45:03.144000,0 days 00:45:18.954000
147,3930159,Hungary,5,"[100.5, 80.0]","[76.7, 78.1]",2,0 days 00:45:32.255000,0 days 00:45:35.964000
148,3930159,Switzerland,12,"[43.4, 2.0]","[1.7, 40.0]",2,0 days 00:45:35.964000,0 days 00:45:48.068000
149,3930159,Switzerland,16,"[98.0, 0.1]","[84.7, 1.8]",2,0 days 00:46:08.676000,0 days 00:46:18.492000
150,3930159,Hungary,33,"[29.0, 80.0]","[54.3, 6.5]",2,0 days 00:46:29.495000,0 days 00:46:53.620000
151,3930159,Hungary,1,"[58.1, 7.8]","[58.1, 7.8]",2,0 days 00:47:14.894000,0 days 00:47:14.894000
152,3930159,Switzerland,10,"[2.6, 36.1]","[10.9, 38.8]",2,0 days 00:47:19.481000,0 days 00:47:41.806000
153,3930159,Hungary,19,"[61.0, 40.1]","[99.4, 10.2]",2,0 days 00:49:49.182000,0 days 00:50:04.688000
154,3930159,Switzerland,15,"[15.9, 45.2]","[2.3, 77.1]",2,0 days 00:50:06.108000,0 days 00:50:27.075000
155,3930159,Switzerland,41,"[112.9, 0.1]","[56.2, 68.6]",2,0 days 00:50:51.246000,0 days 00:51:27.777000
156,3930159,Hungary,32,"[70.6, 0.1]","[64.1, 26.5]",2,0 days 00:51:30.803000,0 days 00:51:58.390000
2,3930158,Germany,57,"[61.0, 40.1]","[97.1, 30.7]",1,0 days 00:00:01.191000,0 days 00:00:53.609000
3,3930158,Scotland,5,"[37.6, 48.4]","[78.3, 63.9]",1,0 days 00:01:35.933000,0 days 00:01:40.601000
4,3930158,Germany,12,"[50.1, 25.7]","[103.8, 21.7]",1,0 days 00:01:42.543000,0 days 00:01:53.693000
5,3930158,Scotland,16,"[28.5, 80.0]","[69.5, 5.8]",1,0 days 00:02:20.713000,0 days 00:02:29.409000
6,3930158,Scotland,8,"[56.7, 80.0]","[87.7, 57.2]",1,0 days 00:02:47.322000,0 days 00:02:52.031000
7,3930158,Germany,6,"[24.0, 23.1]","[35.5, 5.6]",1,0 days 00:02:52.404000,0 days 00:02:55.672000
8,3930158,Germany,8,"[35.5, 5.6]","[3.3, 4.5]",1,0 days 00:03:09.741000,0 days 00:03:19.034000
9,3930158,Scotland,2,"[6.0, 43.1]","[89.2, 51.1]",1,0 days 00:03:53.211000,0 days 00:03:59.390000
10,3930158,Germany,26,"[25.8, 30.4]","[83.8, 34.8]",1,0 days 00:03:59.390000,0 days 00:04:25.707000
11,3930158,Scotland,19,"[42.4, 38.9]","[29.6, 73.8]",1,0 days 00:04:26.395000,0 days 00:04:40.907000
12,3930158,Scotland,4,"[99.2, 0.1]","[91.3, 35.5]",1,0 days 00:05:15.895000,0 days 00:05:19.853000
13,3930158,Germany,10,"[18.6, 44.8]","[86.1, 11.2]",1,0 days 00:05:21.042000,0 days 00:05:30.137000
14,3930158,Scotland,27,"[27.9, 59.8]","[110.0, 20.2]",1,0 days 00:05:30.137000,0 days 00:05:54.907000
15,3930158,Germany,59,"[2.1, 55.7]","[98.2, 70.0]",1,0 days 00:05:54.907000,0 days 00:06:56.720000
16,3930158,Germany,23,"[86.7, 80.0]","[91.8, 60.3]",1,0 days 00:07:04.876000,0 days 00:07:30.920000
17,3930158,Scotland,8,"[22.0, 22.4]","[35.5, 76.9]",1,0 days 00:07:31.615000,0 days 00:07:37.856000
18,3930158,Germany,46,"[84.3, 0.1]","[4.4, 25.7]",1,0 days 00:07:39.717000,0 days 00:08:17.479000
19,3930158,Germany,111,"[102.0, 80.0]","[1.8, 39.4]",1,0 days 00:08:23.826000,0 days 00:09:56.304000
20,3930158,Scotland,56,"[60.0, 40.0]","[92.4, 29.3]",1,0 days 00:11:02.243000,0 days 00:11:50.070000
21,3930158,Scotland,13,"[36.6, 80.0]","[61.9, 59.2]",1,0 days 00:12:13.177000,0 days 00:12:19.529000
22,3930158,Germany,101,"[58.2, 20.9]","[94.8, 38.2]",1,0 days 00:12:19.529000,0 days 00:13:43.677000
23,3930158,Scotland,5,"[25.3, 41.9]","[36.4, 23.2]",1,0 days 00:13:43.677000,0 days 00:13:47.495000
24,3930158,Scotland,20,"[35.9, 24.7]","[70.3, 4.2]",1,0 days 00:14:13.223000,0 days 00:14:29.223000
25,3930158,Scotland,41,"[50.1, 80.0]","[61.9, 12.4]",1,0 days 00:14:47.796000,0 days 00:15:20.341000
26,3930158,Germany,70,"[56.6, 67.3]","[56.4, 69.7]",1,0 days 00:15:20.532000,0 days 00:16:29.949000
27,3930158,Scotland,16,"[56.4, 0.1]","[26.5, 65.8]",1,0 days 00:16:50.073000,0 days 00:17:01.602000
28,3930158,Germany,72,"[59.2, 23.7]","[28.9, 32.2]",1,0 days 00:17:03.141000,0 days 00:18:04.652000
29,3930158,Germany,35,"[73.7, 80.0]","[1.2, 40.5]",1,0 days 00:18:13.997000,0 days 00:18:44.168000
30,3930158,Scotland,16,"[60.0, 40.0]","[112.9, 56.0]",1,0 days 00:20:03.900000,0 days 00:20:26.694000
31,3930158,Germany,24,"[7.0, 41.5]","[19.7, 22.4]",1,0 days 00:20:39.507000,0 days 00:21:06.684000
32,3930158,Germany,54,"[83.8, 80.0]","[61.6, 9.8]",1,0 days 00:21:17.219000,0 days 00:21:43.910000
33,3930158,Scotland,13,"[56.8, 80.0]","[48.7, 12.7]",1,0 days 00:21:55.787000,0 days 00:22:06.430000
34,3930158,Scotland,18,"[48.0, 16.2]","[23.9, 74.3]",1,0 days 00:22:14.785000,0 days 00:22:28.897000
35,3930158,Scotland,37,"[20.6, 74.3]","[44.6, 41.3]",1,0 days 00:22:42.815000,0 days 00:23:22.603000
36,3930158,Germany,27,"[43.2, 41.8]","[101.3, 44.6]",1,0 days 00:23:41.679000,0 days 00:24:03.621000
37,3930158,Germany,6,"[101.2, 44.2]","[10.0, 40.0]",1,0 days 00:27:16.723000,0 days 00:27:18.366000
38,3930158,Scotland,1,"[0.7, 40.8]","[0.7, 40.8]",1,0 days 00:27:18.725000,0 days 00:27:18.725000
39,3930158,Scotland,2,"[15.3, 41.7]","[26.7, 72.4]",1,0 days 00:27:33.717000,0 days 00:27:38.575000
40,3930158,Scotland,25,"[90.5, 0.1]","[74.9, 74.8]",1,0 days 00:27:46.364000,0 days 00:28:05.700000
41,3930158,Scotland,12,"[70.6, 0.1]","[48.2, 76.5]",1,0 days 00:28:26.814000,0 days 00:28:33.350000
42,3930158,Germany,14,"[42.1, 78.4]","[68.9, 73.9]",1,0 days 00:28:34.295000,0 days 00:28:40.779000
43,3930158,Germany,73,"[71.0, 72.9]","[35.5, 26.5]",1,0 days 00:29:00.533000,0 days 00:30:08.325000
44,3930158,Scotland,8,"[43.1, 33.1]","[92.9, 38.2]",1,0 days 00:30:52.661000,0 days 00:30:58.794000
45,3930158,Germany,35,"[20.5, 27.3]","[105.2, 33.1]",1,0 days 00:31:01.543000,0 days 00:31:37.806000
46,3930158,Scotland,2,"[15.9, 48.0]","[91.1, 43.8]",1,0 days 00:32:25.995000,0 days 00:32:32.297000
47,3930158,Germany,23,"[21.2, 37.7]","[101.9, 54.7]",1,0 days 00:32:32.297000,0 days 00:32:52.599000
48,3930158,Scotland,13,"[16.4, 26.2]","[48.4, 39.6]",1,0 days 00:32:52.599000,0 days 00:33:06.443000
49,3930158,Germany,38,"[73.3, 40.5]","[67.4, 46.8]",1,0 days 00:33:06.443000,0 days 00:33:39.655000
50,3930158,Germany,71,"[68.1, 43.2]","[111.0, 42.6]",1,0 days 00:33:46.741000,0 days 00:34:44.608000
51,3930158,Scotland,27,"[12.5, 34.5]","[109.6, 67.2]",1,0 days 00:34:44.608000,0 days 00:35:08.517000
52,3930158,Germany,6,"[16.7, 0.1]","[52.6, 11.1]",1,0 days 00:35:40.838000,0 days 00:35:45.115000
53,3930158,Scotland,16,"[61.0, 69.9]","[45.4, 74.2]",1,0 days 00:35:45.115000,0 days 00:36:14.143000
54,3930158,Germany,27,"[1.4, 17.2]","[51.6, 50.5]",1,0 days 00:36:18.984000,0 days 00:36:58.478000
55,3930158,Scotland,11,"[50.1, 54.4]","[70.7, 60.3]",1,0 days 00:37:00.362000,0 days 00:37:09.179000
56,3930158,Scotland,36,"[71.6, 60.6]","[8.0, 74.6]",1,0 days 00:37:58.483000,0 days 00:38:30.444000
57,3930158,Germany,5,"[5.9, 76.6]","[73.8, 2.8]",1,0 days 00:38:32.343000,0 days 00:38:36.289000
58,3930158,Germany,32,"[49.5, 80.0]","[111.5, 41.0]",1,0 days 00:38:51.869000,0 days 00:39:35.490000
59,3930158,Scotland,26,"[2.4, 38.9]","[25.1, 56.0]",1,0 days 00:39:35.490000,0 days 00:40:02.892000
60,3930158,Germany,73,"[78.2, 29.0]","[112.1, 40.1]",1,0 days 00:40:04.545000,0 days 00:41:07.326000
61,3930158,Germany,2,"[108.1, 40.1]","[1.0, 40.0]",1,0 days 00:45:35.037000,0 days 00:45:35.571000
62,3930158,Scotland,6,"[60.0, 40.0]","[45.6, 40.5]",1,0 days 00:46:38.242000,0 days 00:46:43.253000
63,3930158,Germany,13,"[68.2, 41.8]","[85.3, 72.4]",1,0 days 00:46:44.138000,0 days 00:46:49.664000
64,3930158,Scotland,21,"[3.8, 50.9]","[60.6, 77.8]",1,0 days 00:46:52.738000,0 days 00:47:22.153000
65,3930158,Scotland,17,"[64.8, 0.1]","[78.1, 5.2]",1,0 days 00:47:40.723000,0 days 00:47:49.845000
66,3930158,Scotland,13,"[83.2, 5.4]","[85.1, 53.4]",1,0 days 00:48:24.496000,0 days 00:48:32.548000
67,3930158,Scotland,6,"[61.0, 40.1]","[25.4, 77.8]",2,0 days 00:00:00.471000,0 days 00:00:07.106000
68,3930158,Scotland,4,"[93.3, 0.1]","[110.8, 11.4]",2,0 days 00:00:23.006000,0 days 00:00:23.683000
69,3930158,Scotland,2,"[112.9, 11.4]","[4.4, 46.5]",2,0 days 00:01:17.742000,0 days 00:01:18.529000
70,3930158,Germany,4,"[7.2, 52.7]","[25.3, 73.6]",2,0 days 00:01:19.133000,0 days 00:01:24.530000
71,3930158,Scotland,2,"[70.0, 0.1]","[99.2, 13.4]",2,0 days 00:01:45.127000,0 days 00:01:47.541000
72,3930158,Germany,7,"[19.1, 66.3]","[41.5, 54.2]",2,0 days 00:01:47.541000,0 days 00:01:50.054000
73,3930158,Scotland,6,"[79.5, 28.3]","[78.9, 28.1]",2,0 days 00:01:50.836000,0 days 00:01:52.510000
74,3930158,Scotland,5,"[78.9, 25.9]","[109.9, 35.3]",2,0 days 00:02:06.124000,0 days 00:02:12.093000
75,3930158,Germany,12,"[12.5, 57.2]","[56.9, 40.4]",2,0 days 00:02:13.779000,0 days 00:02:19.411000
76,3930158,Germany,95,"[56.6, 43.5]","[92.9, 61.4]",2,0 days 00:02:44.379000,0 days 00:04:05.774000
77,3930158,Scotland,9,"[24.1, 15.9]","[57.6, 34.0]",2,0 days 00:04:05.774000,0 days 00:04:11.448000
78,3930158,Germany,87,"[62.5, 46.1]","[4.6, 40.2]",2,0 days 00:04:11.448000,0 days 00:05:25.449000
79,3930158,Germany,15,"[120.0, 0.1]","[2.0, 40.6]",2,0 days 00:05:59.922000,0 days 00:06:13.311000
80,3930158,Scotland,6,"[13.3, 48.9]","[35.5, 61.4]",2,0 days 00:06:14.432000,0 days 00:06:17.516000
81,3930158,Scotland,13,"[40.1, 70.5]","[98.0, 62.9]",2,0 days 00:06:36.886000,0 days 00:06:44.975000
82,3930158,Germany,25,"[77.1, 67.9]","[99.6, 58.4]",2,0 days 00:06:47.017000,0 days 00:07:04.135000
83,3930158,Scotland,6,"[7.0, 44.2]","[93.3, 64.2]",2,0 days 00:07:41.512000,0 days 00:07:48.063000
84,3930158,Germany,52,"[13.4, 18.6]","[86.7, 73.1]",2,0 days 00:07:48.063000,0 days 00:08:36.137000
85,3930158,Scotland,21,"[33.3, 10.8]","[101.5, 2.2]",2,0 days 00:08:36.137000,0 days 00:09:00.059000
86,3930158,Scotland,4,"[31.8, 80.0]","[58.6, 68.0]",2,0 days 00:09:25.282000,0 days 00:09:28.294000
87,3930158,Germany,26,"[63.0, 10.4]","[70.8, 0.9]",2,0 days 00:09:28.294000,0 days 00:09:42.513000
88,3930158,Scotland,6,"[49.3, 80.0]","[62.0, 74.3]",2,0 days 00:09:48.727000,0 days 00:09:53.701000
89,3930158,Germany,20,"[54.5, 22.8]","[50.5, 73.8]",2,0 days 00:09:53.701000,0 days 00:10:15.186000
90,3930158,Germany,16,"[50.3, 73.8]","[14.6, 65.5]",2,0 days 00:10:28.237000,0 days 00:10:42.979000
91,3930158,Germany,60,"[120.0, 0.1]","[0.5, 38.4]",2,0 days 00:11:03.517000,0 days 00:12:05.845000
92,3930158,Scotland,9,"[6.8, 42.9]","[80.3, 73.9]",2,0 days 00:12:48.822000,0 days 00:12:56.043000
93,3930158,Germany,145,"[39.4, 2.7]","[1.2, 41.2]",2,0 days 00:12:56.043000,0 days 00:14:56.803000
94,3930158,Scotland,1,"[6.8, 44.0]","[6.8, 44.0]",2,0 days 00:15:34.245000,0 days 00:15:34.245000
95,3930158,Germany,10,"[47.5, 12.7]","[91.2, 43.1]",2,0 days 00:15:38.181000,0 days 00:15:52.504000
96,3930158,Scotland,13,"[13.8, 48.5]","[25.9, 69.0]",2,0 days 00:15:52.504000,0 days 00:16:03.398000
97,3930158,Scotland,33,"[28.9, 69.3]","[69.0, 25.3]",2,0 days 00:16:08.925000,0 days 00:16:32.658000
98,3930158,Scotland,11,"[69.6, 20.7]","[87.7, 3.0]",2,0 days 00:17:45.611000,0 days 00:17:50.495000
99,3930158,Germany,7,"[35.9, 74.8]","[107.5, 54.1]",2,0 days 00:17:51.411000,0 days 00:18:00.237000
100,3930158,Scotland,1,"[1.7, 36.6]","[1.7, 36.6]",2,0 days 00:18:00.759000,0 days 00:18:00.759000
101,3930158,Scotland,7,"[7.2, 42.8]","[50.3, 10.4]",2,0 days 00:18:19.711000,0 days 00:18:25.257000
102,3930158,Scotland,14,"[50.3, 10.4]","[64.3, 12.3]",2,0 days 00:18:40.946000,0 days 00:18:52.665000
103,3930158,Germany,35,"[54.1, 59.4]","[7.1, 34.3]",2,0 days 00:18:53.761000,0 days 00:19:27.253000
104,3930158,Germany,5,"[120.0, 80.0]","[0.9, 42.8]",2,0 days 00:20:20.182000,0 days 00:20:24.602000
105,3930158,Scotland,4,"[6.8, 44.7]","[71.0, 75.7]",2,0 days 00:21:00.550000,0 days 00:21:03.934000
106,3930158,Scotland,1,"[71.5, 75.0]","[71.5, 75.0]",2,0 days 00:22:10.496000,0 days 00:22:10.496000
107,3930158,Germany,21,"[4.4, 80.0]","[1.0, 40.7]",2,0 days 00:22:21.964000,0 days 00:22:43.383000
108,3930158,Scotland,25,"[61.0, 40.1]","[110.2, 4.3]",2,0 days 00:23:47.222000,0 days 00:24:12.179000
109,3930158,Germany,46,"[5.7, 45.3]","[106.3, 58.6]",2,0 days 00:24:19.394000,0 days 00:25:10.608000
110,3930158,Scotland,19,"[7.0, 44.9]","[78.2, 79.5]",2,0 days 00:25:46.317000,0 days 00:26:02.912000
111,3930158,Germany,27,"[14.3, 19.4]","[25.1, 70.7]",2,0 days 00:26:06.639000,0 days 00:26:27.997000
112,3930158,Germany,82,"[84.1, 0.1]","[11.3, 34.5]",2,0 days 00:26:33.456000,0 days 00:27:37.370000
113,3930158,Germany,14,"[120.0, 80.0]","[111.2, 21.2]",2,0 days 00:28:23.386000,0 days 00:28:34.420000
114,3930158,Scotland,10,"[15.3, 47.8]","[57.3, 59.5]",2,0 days 00:29:19.415000,0 days 00:29:29.099000
115,3930158,Germany,34,"[53.1, 16.4]","[108.8, 44.8]",2,0 days 00:29:30.958000,0 days 00:30:06.069000
116,3930158,Scotland,2,"[15.9, 40.5]","[87.8, 78.5]",2,0 days 00:32:08.023000,0 days 00:32:14.024000
117,3930158,Germany,25,"[31.1, 0.1]","[74.7, 52.2]",2,0 days 00:32:27.338000,0 days 00:32:55.857000
118,3930158,Scotland,23,"[47.3, 21.7]","[14.6, 65.7]",2,0 days 00:32:55.857000,0 days 00:33:09.428000
119,3930158,Germany,6,"[90.2, 18.6]","[84.5, 1.7]",2,0 days 00:33:10.879000,0 days 00:33:13.734000
120,3930158,Germany,30,"[83.8, 3.4]","[4.4, 36.2]",2,0 days 00:33:24.652000,0 days 00:33:52.407000
121,3930158,Germany,5,"[120.0, 80.0]","[0.8, 43.1]",2,0 days 00:34:19.531000,0 days 00:34:24.869000
122,3930158,Scotland,1,"[7.0, 43.7]","[7.0, 43.7]",2,0 days 00:35:22.158000,0 days 00:35:22.158000
123,3930158,Germany,10,"[46.9, 20.4]","[101.6, 41.1]",2,0 days 00:35:25.531000,0 days 00:35:36.388000
124,3930158,Scotland,25,"[7.0, 38.7]","[105.7, 40.5]",2,0 days 00:36:34.124000,0 days 00:36:54.770000
125,3930158,Germany,57,"[14.4, 39.6]","[98.9, 55.4]",2,0 days 00:36:54.770000,0 days 00:37:53.489000
126,3930158,Scotland,1,"[1.8, 38.8]","[1.8, 38.8]",2,0 days 00:37:54.380000,0 days 00:37:54.380000
127,3930158,Scotland,51,"[17.8, 30.3]","[43.1, 78.4]",2,0 days 00:38:21.335000,0 days 00:39:00.143000
128,3930158,Germany,14,"[65.1, 0.1]","[9.1, 23.3]",2,0 days 00:39:10.629000,0 days 00:39:28.183000
129,3930158,Scotland,1,"[7.0, 35.9]","[7.0, 35.9]",2,0 days 00:40:01.505000,0 days 00:40:01.505000
130,3930158,Germany,9,"[43.0, 69.6]","[4.1, 40.3]",2,0 days 00:40:04.801000,0 days 00:40:12.585000
131,3930158,Scotland,6,"[6.5, 39.0]","[70.1, 4.0]",2,0 days 00:40:48.977000,0 days 00:40:53.950000
132,3930158,Scotland,11,"[70.8, 5.8]","[10.3, 32.8]",2,0 days 00:41:28.355000,0 days 00:41:32.702000
133,3930158,Germany,121,"[60.0, 40.0]","[112.3, 34.1]",2,0 days 00:42:55.991000,0 days 00:44:34.929000
134,3930158,Scotland,4,"[14.6, 49.9]","[92.2, 16.5]",2,0 days 00:45:12.286000,0 days 00:45:18.458000
135,3930158,Germany,21,"[27.4, 80.0]","[56.6, 44.6]",2,0 days 00:45:20.824000,0 days 00:45:36.711000
136,3930158,Scotland,16,"[41.3, 33.2]","[33.4, 2.3]",2,0 days 00:45:38.648000,0 days 00:45:48.145000
137,3930158,Germany,106,"[28.3, 44.8]","[98.5, 39.4]",2,0 days 00:45:51.804000,0 days 00:47:32.605000
138,3930158,Scotland,2,"[18.4, 40.6]","[0.5, 39.9]",2,0 days 00:47:32.728000,0 days 00:47:33.521000
