possession_id,value,attention_weights,game_id,team_id,team_name,period,time_start,time_end,outcome
138,0.30463773,"[0.16753505, 0.16330767, 0.31314364, 0.17556052, 0.18045314, 0.0]",3943043,768,England,2,5352,5357,Shot
26,0.27689672,"[0.26766473, 0.17861055, 0.13486667, 0.13819417, 0.13969277, 0.1409711]",3943043,768,England,1,876,883,Pass
69,0.2767601,"[0.16855791, 0.15372297, 0.15642755, 0.15166366, 0.14737801, 0.22224993]",3943043,772,Spain,1,2539,2544,Pass
123,0.27672398,"[0.2421585, 0.13953388, 0.17473018, 0.16286226, 0.1423567, 0.13835847]",3943043,772,Spain,2,4647,4660,Pass
9,0.27630752,"[0.2708694, 0.116261266, 0.18827339, 0.17488723, 0.11797243, 0.13173632]",3943043,772,Spain,1,246,258,Pass
110,0.2759179,"[0.14350802, 0.20561346, 0.23691559, 0.14976272, 0.13192834, 0.13227187]",3943043,772,Spain,2,4123,4131,Pass
22,0.2757893,"[0.3871325, 0.3623296, 0.25053787, 0.0, 0.0, 0.0]",3943043,772,Spain,1,738,741,Shot
136,0.27446792,"[0.23321262, 0.19716921, 0.14730845, 0.21265872, 0.10510894, 0.104542024]",3943043,772,Spain,2,5150,5156,Goal
134,0.27232018,"[0.24818598, 0.22474563, 0.2366182, 0.08400461, 0.12116267, 0.08528298]",3943043,772,Spain,2,5087,5097,Pass
136,0.2698692,"[0.22647919, 0.19840807, 0.17484574, 0.10336776, 0.21118271, 0.085716486]",3943043,772,Spain,2,5149,5155,Pass
30,0.26891243,"[0.18780635, 0.14714287, 0.1909191, 0.16766927, 0.22042766, 0.086034656]",3943043,772,Spain,1,1122,1128,Pass
105,0.26813856,"[0.21096131, 0.20078371, 0.170343, 0.10722802, 0.122666806, 0.18801714]",3943043,772,Spain,2,3941,3945,Shot
69,0.26796892,"[0.22820555, 0.15279925, 0.15495239, 0.1815374, 0.15672722, 0.12577811]",3943043,772,Spain,1,2532,2543,Pass
109,0.26747665,"[0.1960793, 0.19625738, 0.18794389, 0.182973, 0.10026832, 0.13647813]",3943043,772,Spain,2,4085,4090,Pass
26,0.2668193,"[0.20750883, 0.19484128, 0.2182119, 0.1105242, 0.16523114, 0.10368258]",3943043,768,England,1,874,883,Pass
129,0.26521337,"[0.14995754, 0.14411929, 0.12927684, 0.09928354, 0.39444476, 0.08291803]",3943043,772,Spain,2,4871,4873,Shot
123,0.26318887,"[0.17059518, 0.16854669, 0.08682221, 0.08698303, 0.39619583, 0.090857096]",3943043,772,Spain,2,4646,4659,Pass
120,0.26064208,"[0.17645065, 0.16757098, 0.20231031, 0.1481353, 0.2084487, 0.09708411]",3943043,768,England,2,4443,4453,Pass
110,0.26025105,"[0.13955498, 0.19633687, 0.14885855, 0.13389704, 0.08582362, 0.2955289]",3943043,772,Spain,2,4131,4142,Pass
9,0.25947866,"[0.23319656, 0.2194344, 0.16496666, 0.15795004, 0.13922635, 0.085225984]",3943043,772,Spain,1,245,257,Pass
36,0.25870892,"[0.158023, 0.1585416, 0.19166914, 0.23270941, 0.18355955, 0.07549726]",3943043,772,Spain,1,1352,1364,Pass
110,0.25414616,"[0.08873768, 0.1579774, 0.20598693, 0.21886437, 0.23642461, 0.09200905]",3943043,772,Spain,2,4129,4140,Pass
9,0.25212765,"[0.21546811, 0.20408669, 0.21441925, 0.17406793, 0.08842669, 0.10353133]",3943043,772,Spain,1,239,252,Pass
9,0.2507924,"[0.18320233, 0.1947279, 0.16196072, 0.20369978, 0.19248341, 0.06392586]",3943043,772,Spain,1,237,249,Pass
120,0.25003847,"[0.1914704, 0.20529963, 0.14921485, 0.14601979, 0.1284098, 0.17958547]",3943043,768,England,2,4445,4454,Pass
69,0.24713555,"[0.09874105, 0.26156083, 0.09536957, 0.08455031, 0.33957058, 0.12020768]",3943043,772,Spain,1,2541,2544,Shot
60,0.24111526,"[0.16478126, 0.15907036, 0.18676825, 0.19212261, 0.18290378, 0.11435376]",3943043,772,Spain,1,2261,2270,Pass
109,0.23998924,"[0.19517088, 0.1066393, 0.2059384, 0.18436153, 0.21003576, 0.0978542]",3943043,772,Spain,2,4084,4089,Pass
83,0.2203563,"[0.17023964, 0.18392907, 0.18033655, 0.13715087, 0.12318321, 0.20516072]",3943043,772,Spain,2,2893,2899,Shot
24,0.20356035,"[0.20814033, 0.21689597, 0.18647355, 0.14916556, 0.09547536, 0.14384918]",3943043,772,Spain,1,821,832,Pass
92,0.20096672,"[0.18911229, 0.19443497, 0.18728918, 0.19122005, 0.041024346, 0.19691907]",3943043,772,Spain,2,3291,3299,Shot
24,0.19161473,"[0.24941343, 0.20301442, 0.21587333, 0.1135268, 0.13627611, 0.08189595]",3943043,772,Spain,1,818,831,Pass
83,0.19122548,"[0.20123419, 0.16584042, 0.18776132, 0.16895251, 0.14140877, 0.13480279]",3943043,772,Spain,2,2893,2898,Pass
92,0.18320806,"[0.18309104, 0.17683455, 0.17640871, 0.17019215, 0.20935932, 0.084114194]",3943043,772,Spain,2,3288,3298,Shot
92,0.17651184,"[0.1904308, 0.19084425, 0.18620834, 0.051763933, 0.18820716, 0.19254543]",3943043,772,Spain,2,3294,3302,Shot
129,0.1694342,"[0.17918664, 0.1794787, 0.18267253, 0.14569849, 0.15302771, 0.15993589]",3943043,772,Spain,2,4871,4874,Shot
75,0.1673318,"[0.3996459, 0.41251191, 0.18784218, 0.0, 0.0, 0.0]",3943043,768,England,1,2739,2741,Shot
129,0.15941006,"[0.16277803, 0.17829978, 0.15276407, 0.15723282, 0.19271177, 0.15621355]",3943043,772,Spain,2,4872,4875,Shot
92,0.13765812,"[0.18626334, 0.06650016, 0.16404298, 0.18094802, 0.20222129, 0.20002429]",3943043,772,Spain,2,3295,3304,Shot
137,0.12758297,"[0.20892033, 0.16840245, 0.1453443, 0.15472576, 0.16357198, 0.1590352]",3943043,768,England,2,5272,5279,Pass
40,0.119544625,"[0.15141247, 0.1282676, 0.14966711, 0.18345515, 0.18056631, 0.20663139]",3943043,768,England,1,1452,1458,Pass
117,0.11668175,"[0.20653181, 0.20791486, 0.20360893, 0.15790443, 0.14356521, 0.08047472]",3943043,768,England,2,4315,4326,Pass
137,0.11401084,"[0.2508286, 0.16573569, 0.15539917, 0.1593123, 0.13614456, 0.13257965]",3943043,768,England,2,5265,5278,Pass
40,0.106328815,"[0.17941307, 0.16915302, 0.17675652, 0.15484847, 0.15243074, 0.16739829]",3943043,768,England,1,1455,1460,Pass
123,0.10568106,"[0.19191658, 0.18961234, 0.19179946, 0.18982123, 0.18899985, 0.047850586]",3943043,772,Spain,2,4644,4651,Pass
98,0.105122805,"[0.17170586, 0.18586579, 0.15148264, 0.09848549, 0.22733966, 0.16512053]",3943043,768,England,2,3570,3577,Pass
40,0.10477768,"[0.16476259, 0.18807246, 0.18310858, 0.18778792, 0.15205471, 0.124213755]",3943043,768,England,1,1453,1459,Pass
21,0.10420884,"[0.19629052, 0.1810408, 0.17099106, 0.15990372, 0.1586402, 0.13313374]",3943043,772,Spain,1,660,668,Pass
21,0.10362002,"[0.25412402, 0.16939472, 0.14440441, 0.11036507, 0.10977073, 0.21194112]",3943043,772,Spain,1,662,673,Shot
124,0.101869844,"[0.15832606, 0.2592734, 0.18383512, 0.20175862, 0.19680685, 0.0]",3943043,772,Spain,2,4697,4703,Pass
92,0.10157655,"[0.19269483, 0.18198286, 0.07209383, 0.17963786, 0.18531947, 0.18827118]",3943043,772,Spain,2,3295,3303,Shot
29,0.09730103,"[0.1877997, 0.18778177, 0.19063911, 0.1572383, 0.17183495, 0.10470608]",3943043,772,Spain,1,1073,1083,Pass
74,0.09559691,"[0.18770237, 0.18832862, 0.18680382, 0.057258826, 0.18970203, 0.19020438]",3943043,768,England,1,2640,2648,Shot
29,0.09525954,"[0.18859576, 0.18379508, 0.16616133, 0.15720978, 0.13804513, 0.1661929]",3943043,772,Spain,1,1074,1085,Pass
58,0.09290592,"[0.15730199, 0.16907145, 0.16558734, 0.16773239, 0.16201851, 0.17828828]",3943043,772,Spain,1,2149,2155,Pass
137,0.09150134,"[0.18100742, 0.17580155, 0.18027985, 0.16422705, 0.17563412, 0.123049945]",3943043,768,England,2,5267,5278,Pass
129,0.090608925,"[0.14861056, 0.16255967, 0.15517248, 0.17770095, 0.15406927, 0.20188716]",3943043,772,Spain,2,4862,4871,Pass
92,0.09045997,"[0.14341174, 0.156752, 0.16065626, 0.18275982, 0.17875232, 0.17766786]",3943043,772,Spain,2,3287,3295,Pass
106,0.09015501,"[0.1832982, 0.07195265, 0.18331598, 0.18389349, 0.18677074, 0.19076899]",3943043,772,Spain,2,3985,3993,Shot
102,0.089574836,"[0.16767424, 0.16808747, 0.16391002, 0.15924953, 0.1659083, 0.17517045]",3943043,768,England,2,3863,3874,Pass
83,0.08818542,"[0.1861223, 0.17890736, 0.1573101, 0.15220279, 0.16932942, 0.15612803]",3943043,772,Spain,2,2891,2897,Pass
129,0.08810142,"[0.15235142, 0.14508748, 0.16529629, 0.1820682, 0.1804433, 0.17475331]",3943043,772,Spain,2,4870,4873,Shot
133,0.08427269,"[0.18260092, 0.15363365, 0.14449649, 0.18876904, 0.20223993, 0.12825999]",3943043,772,Spain,2,5039,5043,Pass
92,0.0836422,"[0.114620715, 0.1615902, 0.17329015, 0.17373496, 0.18372925, 0.19303468]",3943043,772,Spain,2,3298,3307,Shot
81,0.08193177,"[0.18387665, 0.18607663, 0.17872979, 0.15314242, 0.16885427, 0.12932017]",3943043,772,Spain,2,2759,2768,Pass
81,0.081391074,"[0.173536, 0.16502132, 0.18594974, 0.18171732, 0.10603943, 0.18773621]",3943043,772,Spain,2,2761,2769,Goal
69,0.08126228,"[0.17507777, 0.16780409, 0.15009722, 0.15195651, 0.1876312, 0.16743317]",3943043,772,Spain,1,2530,2542,Pass
66,0.08122293,"[0.16269684, 0.17413665, 0.17766935, 0.19060917, 0.17596516, 0.11892282]",3943043,768,England,1,2450,2460,Pass
105,0.07976403,"[0.1475762, 0.15862747, 0.1644721, 0.16403285, 0.17602226, 0.18926916]",3943043,772,Spain,2,3940,3945,Shot
100,0.07897212,"[0.11382949, 0.18525049, 0.18945691, 0.19185354, 0.1469719, 0.17263769]",3943043,768,England,2,3777,3791,Pass
137,0.077102795,"[0.20679578, 0.21374097, 0.1550077, 0.10701645, 0.17710584, 0.14033322]",3943043,768,England,2,5264,5277,Pass
105,0.07663111,"[0.16299614, 0.16530441, 0.1726931, 0.17177373, 0.16289844, 0.16433421]",3943043,772,Spain,2,3938,3943,Pass
115,0.07594421,"[0.21052414, 0.21170892, 0.20363979, 0.20043129, 0.1736958, 0.0]",3943043,772,Spain,2,4304,4310,Shot
69,0.07490549,"[0.18648396, 0.16713926, 0.16635652, 0.14593583, 0.16239953, 0.17168494]",3943043,772,Spain,1,2528,2542,Pass
27,0.07397147,"[0.15138319, 0.16097546, 0.1656278, 0.18211357, 0.13656713, 0.20333287]",3943043,768,England,1,964,980,Shot
133,0.0734955,"[0.1679905, 0.16749501, 0.16064228, 0.16308314, 0.1650291, 0.17575996]",3943043,772,Spain,2,5042,5044,Pass
74,0.07316811,"[0.17993826, 0.18229504, 0.08561469, 0.18206622, 0.18585803, 0.18422784]",3943043,768,England,1,2643,2648,Shot
38,0.07166995,"[0.1961345, 0.18930864, 0.1883427, 0.18939766, 0.23681657, 0.0]",3943043,772,Spain,1,1374,1378,Pass
100,0.07150059,"[0.17983101, 0.17862275, 0.18494363, 0.12484023, 0.15665533, 0.17510693]",3943043,768,England,2,3784,3792,Shot
81,0.07058823,"[0.16390367, 0.17672233, 0.17837203, 0.17169993, 0.15021725, 0.1590848]",3943043,772,Spain,2,2755,2766,Pass
117,0.07023209,"[0.19073166, 0.19106193, 0.18316944, 0.14972822, 0.13294993, 0.15235876]",3943043,768,England,2,4315,4327,Pass
27,0.06941699,"[0.1516056, 0.16165218, 0.16462532, 0.17795065, 0.16852593, 0.17564026]",3943043,768,England,1,1003,1014,Pass
27,0.06906546,"[0.17274638, 0.18196496, 0.17581241, 0.14982161, 0.1812612, 0.13839348]",3943043,768,England,1,961,979,Pass
133,0.06811992,"[0.164564, 0.1646225, 0.16798718, 0.16677377, 0.16936937, 0.16668317]",3943043,772,Spain,2,5022,5028,Pass
129,0.06764746,"[0.16152325, 0.16988371, 0.16188261, 0.16648345, 0.18569589, 0.15453102]",3943043,772,Spain,2,4868,4872,Pass
69,0.06760774,"[0.15711401, 0.17464638, 0.16800234, 0.1622919, 0.17526217, 0.16268328]",3943043,772,Spain,1,2527,2541,Pass
98,0.06688951,"[0.15832183, 0.15219764, 0.1575694, 0.16392368, 0.18517381, 0.18281357]",3943043,768,England,2,3569,3575,Pass
133,0.065065004,"[0.16661614, 0.16361648, 0.15283664, 0.16613358, 0.17927116, 0.17152601]",3943043,772,Spain,2,5036,5042,Pass
26,0.06426659,"[0.15564907, 0.15570611, 0.1642804, 0.16809157, 0.180912, 0.17536089]",3943043,768,England,1,873,883,Pass
134,0.062603965,"[0.15903951, 0.15959974, 0.16140895, 0.16429922, 0.17950763, 0.17614503]",3943043,772,Spain,2,5085,5095,Pass
110,0.06143704,"[0.13504764, 0.17986704, 0.17940809, 0.18071668, 0.18869053, 0.13627006]",3943043,772,Spain,2,4133,4144,Pass
134,0.061323345,"[0.16565979, 0.16614403, 0.17043859, 0.1635652, 0.1693616, 0.16483074]",3943043,772,Spain,2,5083,5092,Pass
44,0.060708776,"[0.16556592, 0.17034635, 0.18065234, 0.15036987, 0.15954408, 0.1735214]",3943043,772,Spain,1,1637,1647,Shot
12,0.059727117,"[0.18601786, 0.16567276, 0.1577448, 0.14920352, 0.19267161, 0.14868939]",3943043,772,Spain,1,428,432,Pass
133,0.05964268,"[0.161479, 0.16440353, 0.16564752, 0.16480921, 0.17523882, 0.1684219]",3943043,772,Spain,2,5020,5026,Pass
97,0.059555,"[0.16643971, 0.16451937, 0.16058607, 0.16683908, 0.17681418, 0.16480154]",3943043,772,Spain,2,3527,3531,Pass
129,0.05919298,"[0.17189465, 0.15862715, 0.1729028, 0.15862148, 0.17412916, 0.16382477]",3943043,772,Spain,2,4869,4872,Pass
125,0.05895061,"[0.15417977, 0.16064067, 0.15695174, 0.17149928, 0.17191267, 0.18481588]",3943043,772,Spain,2,4755,4762,Pass
60,0.05893588,"[0.14921013, 0.16658205, 0.1698557, 0.17226467, 0.17456767, 0.16751981]",3943043,772,Spain,1,2230,2241,Pass
120,0.05843544,"[0.15715502, 0.16647382, 0.16778822, 0.16619349, 0.17376119, 0.16862826]",3943043,768,England,2,4442,4449,Pass
133,0.058414012,"[0.16605824, 0.17216241, 0.17252627, 0.15827979, 0.16910999, 0.16186327]",3943043,772,Spain,2,5021,5027,Pass
98,0.058323916,"[0.15823361, 0.16266005, 0.15821876, 0.16949129, 0.16755514, 0.18384115]",3943043,768,England,2,3565,3573,Pass
26,0.057713233,"[0.15893075, 0.16625802, 0.15987234, 0.17089656, 0.16457526, 0.17946702]",3943043,768,England,1,872,881,Pass
99,0.05735536,"[0.13225663, 0.1703419, 0.17017652, 0.17575237, 0.17590672, 0.17556587]",3943043,768,England,2,3642,3650,Pass
32,0.057008687,"[0.1686871, 0.1735382, 0.17272083, 0.17267898, 0.1615126, 0.15086229]",3943043,772,Spain,1,1237,1245,Pass
122,0.05675918,"[0.20625219, 0.20320107, 0.1895773, 0.18133916, 0.21963036, 0.0]",3943043,768,England,2,4521,4530,Pass
27,0.056188364,"[0.15461704, 0.16366136, 0.1740851, 0.17520936, 0.17791025, 0.15451692]",3943043,768,England,1,1004,1014,Pass
58,0.05530764,"[0.16360776, 0.1635763, 0.16227701, 0.16193868, 0.18402052, 0.16457963]",3943043,772,Spain,1,2093,2100,Shot
60,0.055301815,"[0.1700818, 0.1685144, 0.16319521, 0.16477154, 0.17874368, 0.15469338]",3943043,772,Spain,1,2246,2256,Pass
97,0.054571584,"[0.16814625, 0.16531962, 0.16819392, 0.16604388, 0.16866404, 0.16363226]",3943043,772,Spain,2,3527,3530,Pass
129,0.0543598,"[0.17850366, 0.16809998, 0.14808835, 0.16399601, 0.16200745, 0.17930453]",3943043,772,Spain,2,4861,4870,Pass
12,0.05429966,"[0.15987821, 0.16005643, 0.15321885, 0.1570074, 0.18939367, 0.1804455]",3943043,772,Spain,1,423,431,Pass
133,0.05428055,"[0.161957, 0.16618453, 0.16161567, 0.16906728, 0.16592914, 0.1752464]",3943043,772,Spain,2,5026,5031,Pass
133,0.054199576,"[0.16493945, 0.16281092, 0.16669552, 0.171233, 0.17521642, 0.15910462]",3943043,772,Spain,2,5036,5043,Pass
117,0.05408273,"[0.16222292, 0.17445394, 0.1680567, 0.17135164, 0.17294408, 0.15097074]",3943043,768,England,2,4317,4328,Goal
2,0.05364947,"[0.3322858, 0.3296793, 0.33803493, 0.0, 0.0, 0.0]",3943043,768,England,1,0,4,Pass
44,0.053634517,"[0.16895375, 0.1506298, 0.17748767, 0.1758272, 0.16666467, 0.16043691]",3943043,772,Spain,1,1635,1645,Pass
27,0.053336907,"[0.17226037, 0.17414477, 0.17255548, 0.17237312, 0.1371747, 0.17149158]",3943043,768,England,1,965,981,Shot
92,0.0532353,"[0.16905758, 0.16512027, 0.16340667, 0.16609545, 0.16922878, 0.16709124]",3943043,772,Spain,2,3303,3317,Pass
60,0.053146992,"[0.16320486, 0.16357611, 0.16952114, 0.16929638, 0.16868925, 0.16571224]",3943043,772,Spain,1,2229,2239,Pass
129,0.053077415,"[0.17216747, 0.16756053, 0.15642841, 0.16623184, 0.18049634, 0.15711537]",3943043,772,Spain,2,4861,4871,Pass
44,0.05242011,"[0.17019068, 0.16939548, 0.15169178, 0.15342507, 0.18911494, 0.16618209]",3943043,772,Spain,1,1631,1637,Pass
56,0.05097554,"[0.16522901, 0.16397384, 0.1670214, 0.16685252, 0.16829714, 0.16862608]",3943043,772,Spain,1,2001,2008,Pass
27,0.050819144,"[0.16104223, 0.16172925, 0.16931501, 0.16952403, 0.16825481, 0.1701346]",3943043,768,England,1,959,970,Pass
125,0.050325528,"[0.1581946, 0.17064713, 0.16047691, 0.17333642, 0.16571598, 0.1716289]",3943043,772,Spain,2,4758,4766,Pass
74,0.05030638,"[0.17432334, 0.17254709, 0.17188713, 0.17078717, 0.1359105, 0.17454475]",3943043,768,England,1,2640,2646,Shot
69,0.050290886,"[0.17279908, 0.17490162, 0.17486736, 0.17036828, 0.15825227, 0.14881143]",3943043,772,Spain,1,2525,2539,Pass
133,0.049229898,"[0.16155314, 0.16316836, 0.16557796, 0.1595077, 0.16616137, 0.18403138]",3943043,772,Spain,2,5034,5042,Pass
12,0.049024142,"[0.17737569, 0.16784002, 0.16739252, 0.15435937, 0.16688241, 0.16615015]",3943043,772,Spain,1,418,427,Pass
133,0.0486677,"[0.17088954, 0.16214357, 0.16315824, 0.16476725, 0.17418142, 0.16485992]",3943043,772,Spain,2,5024,5030,Pass
133,0.048492424,"[0.16376978, 0.16686866, 0.16858913, 0.17158034, 0.16249467, 0.16669744]",3943043,772,Spain,2,5038,5043,Pass
40,0.04844886,"[0.16835812, 0.17176451, 0.16770606, 0.16651, 0.15817301, 0.16748817]",3943043,768,England,1,1447,1455,Pass
60,0.047453336,"[0.16724247, 0.1689307, 0.1526396, 0.16085373, 0.17090267, 0.17943086]",3943043,772,Spain,1,2239,2247,Pass
40,0.046513356,"[0.16582745, 0.17028609, 0.16448596, 0.1680621, 0.17374426, 0.15759423]",3943043,768,England,1,1451,1455,Pass
125,0.046484403,"[0.16329642, 0.16369484, 0.16946657, 0.16302711, 0.17466402, 0.16585101]",3943043,772,Spain,2,4756,4765,Pass
117,0.046338923,"[0.16464168, 0.1713739, 0.16842002, 0.16625373, 0.16464663, 0.16466403]",3943043,768,England,2,4315,4320,Foul
27,0.04564876,"[0.1637564, 0.1673499, 0.16615339, 0.16775893, 0.17061476, 0.16436669]",3943043,768,England,1,1002,1013,Pass
92,0.04561106,"[0.16534363, 0.16512978, 0.15821071, 0.16344215, 0.182984, 0.16488981]",3943043,772,Spain,2,3315,3322,Pass
60,0.045562647,"[0.16235736, 0.1642602, 0.16636716, 0.1657731, 0.16966853, 0.17157371]",3943043,772,Spain,1,2245,2255,Pass
100,0.044948753,"[0.17042956, 0.1724824, 0.16851337, 0.15659125, 0.16432448, 0.16765901]",3943043,768,England,2,3763,3777,Pass
40,0.044856846,"[0.1706724, 0.1656014, 0.1660354, 0.15731001, 0.1691827, 0.17119808]",3943043,768,England,1,1448,1455,Pass
12,0.044682287,"[0.1599337, 0.16124375, 0.16132785, 0.17542411, 0.16670202, 0.1753685]",3943043,772,Spain,1,427,432,Pass
100,0.044345744,"[0.16968668, 0.15523282, 0.16928422, 0.17201681, 0.17183805, 0.16194145]",3943043,768,England,2,3773,3789,Pass
60,0.044318072,"[0.16190618, 0.16702011, 0.16610146, 0.1678437, 0.17050682, 0.16662174]",3943043,772,Spain,1,2224,2238,Pass
94,0.044315152,"[0.18012282, 0.15834054, 0.17973979, 0.15419194, 0.15937777, 0.16822708]",3943043,768,England,2,3379,3390,Pass
133,0.0440602,"[0.16733746, 0.168338, 0.16817597, 0.16917692, 0.15984544, 0.16712627]",3943043,772,Spain,2,5027,5033,Pass
10,0.044018954,"[0.2432999, 0.24771377, 0.24990477, 0.25908154, 0.0, 0.0]",3943043,772,Spain,1,287,294,Pass
56,0.043582812,"[0.16441423, 0.17303583, 0.16108394, 0.16546501, 0.16603142, 0.16996956]",3943043,772,Spain,1,2002,2012,Pass
133,0.04319028,"[0.16282888, 0.17109683, 0.162536, 0.16811493, 0.16392557, 0.1714978]",3943043,772,Spain,2,5023,5029,Pass
111,0.042314857,"[0.17047486, 0.17455685, 0.1341408, 0.16691664, 0.17387421, 0.18003666]",3943043,768,England,2,4194,4208,Shot
87,0.041464947,"[0.16225569, 0.16918842, 0.16322702, 0.16381638, 0.16730449, 0.17420806]",3943043,768,England,2,2982,2989,Pass
92,0.04132156,"[0.16629656, 0.16742294, 0.16526113, 0.1657018, 0.1675008, 0.16781679]",3943043,772,Spain,2,3302,3315,Pass
27,0.04130856,"[0.16445144, 0.16442692, 0.16509292, 0.16106626, 0.17874113, 0.16622128]",3943043,768,England,1,981,989,Pass
60,0.041303333,"[0.16555272, 0.16766581, 0.16685598, 0.16616234, 0.1678053, 0.16595785]",3943043,772,Spain,1,2238,2246,Pass
110,0.041171312,"[0.15628965, 0.1692603, 0.17184399, 0.159202, 0.16947797, 0.17392606]",3943043,772,Spain,2,4140,4147,Shot
77,0.041006837,"[0.3324438, 0.33397254, 0.33358362, 0.0, 0.0, 0.0]",3943043,772,Spain,1,2763,2766,Pass
110,0.0407332,"[0.16350314, 0.1725848, 0.16326746, 0.16409665, 0.16850822, 0.16803972]",3943043,772,Spain,2,4127,4140,Pass
27,0.040574294,"[0.1638669, 0.16642852, 0.16659094, 0.16734177, 0.16576698, 0.17000495]",3943043,768,England,1,1001,1007,Pass
110,0.040476605,"[0.16629945, 0.1672706, 0.16968596, 0.1688757, 0.16108654, 0.16678171]",3943043,772,Spain,2,4125,4138,Pass
27,0.040444575,"[0.16607584, 0.16336627, 0.16606377, 0.16606104, 0.17441352, 0.1640196]",3943043,768,England,1,979,984,Shot
92,0.040148333,"[0.17038724, 0.1731225, 0.16458468, 0.1679101, 0.16760851, 0.15638693]",3943043,772,Spain,2,3317,3323,Shot
12,0.03955291,"[0.16529453, 0.1646937, 0.16131474, 0.16423796, 0.17073539, 0.17372365]",3943043,772,Spain,1,422,430,Pass
133,0.03923901,"[0.16509716, 0.16664937, 0.16525997, 0.1673259, 0.16606633, 0.16960129]",3943043,772,Spain,2,5015,5024,Pass
60,0.03910502,"[0.16509975, 0.1667778, 0.16502434, 0.16758545, 0.1670256, 0.16848707]",3943043,772,Spain,1,2222,2234,Pass
44,0.038941756,"[0.16282883, 0.16584615, 0.16751851, 0.16784349, 0.16725212, 0.16871084]",3943043,772,Spain,1,1628,1632,Pass
32,0.038822573,"[0.16782969, 0.16732866, 0.16370928, 0.16070706, 0.17148264, 0.1689427]",3943043,772,Spain,1,1238,1251,Pass
133,0.038419124,"[0.16789916, 0.16549945, 0.16391982, 0.16672753, 0.16857205, 0.167382]",3943043,772,Spain,2,5031,5038,Pass
123,0.038209047,"[0.17011413, 0.16919945, 0.16969211, 0.16648525, 0.16223851, 0.16227052]",3943043,772,Spain,2,4643,4651,Pass
27,0.038108237,"[0.17360625, 0.17260052, 0.17234151, 0.1364573, 0.17243057, 0.17256393]",3943043,768,England,1,967,983,Shot
100,0.03804645,"[0.16474879, 0.16614105, 0.16643313, 0.16578087, 0.1715248, 0.16537136]",3943043,768,England,2,3766,3784,Pass
44,0.03762703,"[0.1614923, 0.15823041, 0.16805868, 0.16855404, 0.16858733, 0.17507727]",3943043,772,Spain,1,1630,1635,Pass
123,0.03759042,"[0.16827105, 0.16923779, 0.16801417, 0.16633162, 0.16866153, 0.15948384]",3943043,772,Spain,2,4642,4649,Pass
111,0.036895934,"[0.1734038, 0.13155878, 0.17293726, 0.17286941, 0.1751346, 0.17409614]",3943043,768,England,2,4198,4209,Shot
91,0.03652884,"[0.16368093, 0.16435228, 0.16860539, 0.16802101, 0.17625804, 0.15908234]",3943043,772,Spain,2,3247,3251,Pass
99,0.036429763,"[0.16613361, 0.16532816, 0.1642464, 0.15967883, 0.17483489, 0.16977814]",3943043,768,England,2,3664,3672,Pass
99,0.035945494,"[0.16645248, 0.16690661, 0.16667601, 0.16609916, 0.16681722, 0.16704851]",3943043,768,England,2,3665,3673,Pass
12,0.035586584,"[0.16510734, 0.1655667, 0.16522485, 0.16380212, 0.17252657, 0.16777234]",3943043,772,Spain,1,315,325,Pass
133,0.03556523,"[0.16822053, 0.16936567, 0.16734946, 0.15902677, 0.16812818, 0.16790935]",3943043,772,Spain,2,5028,5034,Pass
24,0.035349462,"[0.17279889, 0.17120239, 0.16588776, 0.1659127, 0.16248104, 0.1617172]",3943043,772,Spain,1,817,827,Pass
66,0.035309568,"[0.16773841, 0.16802858, 0.16564548, 0.16779707, 0.16313818, 0.16765219]",3943043,768,England,1,2448,2455,Pass
146,0.035136875,"[0.24990344, 0.25380555, 0.24618307, 0.25010797, 0.0, 0.0]",3943043,768,England,2,5560,5567,Foul
121,0.035106827,"[0.1657143, 0.1659103, 0.16664106, 0.16589196, 0.16881144, 0.16703087]",3943043,768,England,2,4482,4487,Pass
107,0.03507539,"[0.33912513, 0.3273502, 0.3335248, 0.0, 0.0, 0.0]",3943043,772,Spain,2,4058,4060,Pass
83,0.034966677,"[0.16861233, 0.16974473, 0.164242, 0.16744891, 0.16781512, 0.1621369]",3943043,772,Spain,2,2879,2893,Pass
32,0.0349072,"[0.16759442, 0.16753046, 0.16685937, 0.16686665, 0.1659798, 0.16516931]",3943043,772,Spain,1,1236,1240,Pass
63,0.03490289,"[0.1666125, 0.16641665, 0.16641569, 0.15568964, 0.17446956, 0.17039599]",3943043,768,England,1,2361,2375,Pass
121,0.034498725,"[0.16499369, 0.16712657, 0.1657288, 0.16698302, 0.16681348, 0.16835436]",3943043,768,England,2,4484,4489,Pass
12,0.034308013,"[0.16729143, 0.16788347, 0.16579333, 0.16762559, 0.16918294, 0.16222323]",3943043,772,Spain,1,316,327,Pass
27,0.03363605,"[0.17992082, 0.1643378, 0.16390589, 0.16382834, 0.16255662, 0.16545044]",3943043,768,England,1,980,987,Shot
40,0.033426106,"[0.16672496, 0.16724253, 0.16610159, 0.16007707, 0.16957852, 0.17027526]",3943043,768,England,1,1447,1453,Pass
27,0.033376858,"[0.16788177, 0.1685305, 0.15834564, 0.16778179, 0.16805273, 0.1694076]",3943043,768,England,1,970,984,Shot
89,0.03330809,"[0.16746667, 0.16769882, 0.16758575, 0.16734861, 0.1675271, 0.16237319]",3943043,768,England,2,3072,3078,Pass
32,0.03307388,"[0.16645174, 0.16832297, 0.16670243, 0.16545503, 0.17232378, 0.16074403]",3943043,772,Spain,1,1169,1174,Foul
98,0.032972105,"[0.16681284, 0.16780536, 0.16433196, 0.16540623, 0.16850935, 0.16713423]",3943043,768,England,2,3581,3587,Pass
109,0.032677032,"[0.16715318, 0.16678505, 0.1645749, 0.16836207, 0.16668859, 0.16643625]",3943043,772,Spain,2,4084,4088,Pass
32,0.032595348,"[0.16731298, 0.16659206, 0.16709642, 0.16649048, 0.16694883, 0.1655593]",3943043,772,Spain,1,1237,1247,Pass
136,0.032477595,"[0.1703331, 0.16920893, 0.16804403, 0.16322081, 0.1621879, 0.16700521]",3943043,772,Spain,2,5148,5155,Pass
58,0.03244047,"[0.16955717, 0.16418354, 0.16975687, 0.16420901, 0.16785364, 0.1644398]",3943043,772,Spain,1,2147,2154,Pass
121,0.03239225,"[0.166892, 0.1660093, 0.16612245, 0.16609488, 0.16781221, 0.16706908]",3943043,768,England,2,4484,4489,Pass
12,0.03238129,"[0.17243688, 0.15734652, 0.17005387, 0.16109617, 0.17321308, 0.16585353]",3943043,772,Spain,1,420,429,Pass
130,0.032366633,"[0.17023043, 0.16768202, 0.17012611, 0.1616663, 0.16410443, 0.16619076]",3943043,772,Spain,2,4922,4929,Pass
46,0.032323994,"[0.16563302, 0.1671045, 0.16332197, 0.17184097, 0.1633277, 0.1687718]",3943043,768,England,1,1699,1714,Pass
58,0.031900395,"[0.16630511, 0.16811812, 0.16620219, 0.16872242, 0.16573554, 0.16491665]",3943043,772,Spain,1,2146,2151,Pass
121,0.031841047,"[0.1653088, 0.16628326, 0.16504674, 0.16697967, 0.16766435, 0.16871716]",3943043,768,England,2,4479,4486,Pass
46,0.0318113,"[0.16450602, 0.16920546, 0.16991593, 0.1720157, 0.15855235, 0.16580452]",3943043,768,England,1,1696,1710,Pass
98,0.031732246,"[0.16611037, 0.16599864, 0.16599107, 0.16605528, 0.16902944, 0.16681527]",3943043,768,England,2,3564,3572,Pass
110,0.03167804,"[0.17061107, 0.16445914, 0.16876405, 0.16568667, 0.16588832, 0.16459069]",3943043,772,Spain,2,4140,4146,Pass
130,0.031615566,"[0.16956763, 0.16945949, 0.1675464, 0.1676014, 0.16416179, 0.16166334]",3943043,772,Spain,2,4921,4927,Pass
100,0.03159313,"[0.16709386, 0.1669844, 0.16632658, 0.16649823, 0.16630663, 0.16679034]",3943043,768,England,2,3768,3785,Pass
92,0.031325627,"[0.1657605, 0.16642344, 0.1664137, 0.16583897, 0.16738893, 0.16817437]",3943043,772,Spain,2,3299,3307,Pass
44,0.0310467,"[0.16599812, 0.16820674, 0.16737826, 0.16554911, 0.16812326, 0.16474448]",3943043,772,Spain,1,1629,1634,Pass
99,0.03095252,"[0.1637026, 0.16736038, 0.16615368, 0.16812018, 0.16764237, 0.16702075]",3943043,768,England,2,3643,3652,Pass
99,0.030920852,"[0.16721179, 0.16877635, 0.16749896, 0.16739635, 0.16307028, 0.16604638]",3943043,768,England,2,3663,3670,Pass
44,0.030912675,"[0.16568412, 0.16646716, 0.16507925, 0.16858882, 0.1680988, 0.1660818]",3943043,772,Spain,1,1629,1634,Pass
136,0.030898612,"[0.16860072, 0.16926016, 0.16779512, 0.1666128, 0.16777545, 0.15995577]",3943043,772,Spain,2,5147,5153,Pass
58,0.03089139,"[0.16711244, 0.16841865, 0.16585013, 0.16828725, 0.16698575, 0.16334574]",3943043,772,Spain,1,2148,2154,Pass
99,0.030819826,"[0.16858329, 0.16802102, 0.1686921, 0.16393007, 0.1663063, 0.16446725]",3943043,768,England,2,3666,3674,Pass
123,0.030811226,"[0.16565917, 0.16624133, 0.1663122, 0.16780427, 0.1674187, 0.16656432]",3943043,772,Spain,2,4599,4605,Pass
98,0.030797563,"[0.16423409, 0.16586153, 0.165573, 0.16759132, 0.16909376, 0.16764635]",3943043,768,England,2,3577,3584,Pass
46,0.030643005,"[0.1657597, 0.16658357, 0.16584876, 0.16182117, 0.17482118, 0.16516562]",3943043,768,England,1,1698,1713,Pass
26,0.03062562,"[0.16645998, 0.16650197, 0.16654357, 0.1676368, 0.16617374, 0.16668385]",3943043,768,England,1,871,878,Pass
130,0.03058511,"[0.16607563, 0.16634552, 0.16625488, 0.16657162, 0.1673222, 0.16743009]",3943043,772,Spain,2,4882,4892,Pass
12,0.030524846,"[0.16854173, 0.16721758, 0.16794947, 0.16191003, 0.16914955, 0.16523166]",3943043,772,Spain,1,324,332,Pass
4,0.03048288,"[0.16648723, 0.16700388, 0.16600971, 0.16644025, 0.1671174, 0.16694145]",3943043,772,Spain,1,75,91,Pass
89,0.030477988,"[0.16596547, 0.16628684, 0.16630204, 0.16693206, 0.16758342, 0.16693017]",3943043,768,England,2,3071,3077,Pass
98,0.0304312,"[0.16628055, 0.1663041, 0.16649686, 0.16649058, 0.1670742, 0.16735375]",3943043,768,England,2,3579,3587,Pass
44,0.030366668,"[0.16848943, 0.1692895, 0.16717005, 0.16734874, 0.16332453, 0.16437772]",3943043,772,Spain,1,1617,1624,Pass
9,0.030150587,"[0.16708055, 0.16884862, 0.16787359, 0.16397923, 0.16723949, 0.16497853]",3943043,772,Spain,1,244,255,Pass
91,0.030138072,"[0.16663258, 0.17142522, 0.16132978, 0.1670548, 0.16108906, 0.17246856]",3943043,772,Spain,2,3247,3255,Shot
42,0.03011971,"[0.16773212, 0.16735813, 0.1664344, 0.16360882, 0.16878231, 0.16608424]",3943043,768,England,1,1466,1473,Pass
60,0.030110221,"[0.16990738, 0.16806923, 0.16827269, 0.165067, 0.16615818, 0.1625255]",3943043,772,Spain,1,2260,2269,Pass
12,0.030075291,"[0.1683625, 0.16797301, 0.16626032, 0.16550937, 0.16414638, 0.16774842]",3943043,772,Spain,1,418,428,Pass
99,0.030070903,"[0.16577953, 0.16628638, 0.16634774, 0.16720687, 0.16712022, 0.16725926]",3943043,768,England,2,3676,3687,Pass
133,0.030044958,"[0.16858739, 0.1681053, 0.158015, 0.16802815, 0.16811234, 0.16915172]",3943043,772,Spain,2,5029,5036,Pass
27,0.030026307,"[0.16883624, 0.16773857, 0.16620456, 0.16418256, 0.16750722, 0.16553085]",3943043,768,England,1,983,992,Pass
130,0.030016351,"[0.16586468, 0.16708109, 0.16653734, 0.16654018, 0.16737911, 0.16659759]",3943043,772,Spain,2,4912,4919,Pass
60,0.02991232,"[0.16634697, 0.16617069, 0.16548425, 0.1680912, 0.1676424, 0.16626449]",3943043,772,Spain,1,2243,2251,Pass
133,0.02989112,"[0.16764279, 0.15968764, 0.16776413, 0.16783325, 0.16902427, 0.1680479]",3943043,772,Spain,2,5030,5036,Pass
133,0.029854324,"[0.16436915, 0.16641529, 0.1659967, 0.16805843, 0.17013986, 0.16502053]",3943043,772,Spain,2,5033,5039,Pass
94,0.029584387,"[0.16734394, 0.16778222, 0.1668746, 0.16669609, 0.16706769, 0.16423544]",3943043,768,England,2,3380,3392,Pass
63,0.029575203,"[0.16592528, 0.16666578, 0.1659194, 0.16603033, 0.16553937, 0.16991979]",3943043,768,England,1,2360,2374,Pass
32,0.029471122,"[0.16713013, 0.16693917, 0.16760743, 0.1655065, 0.1687257, 0.16409105]",3943043,772,Spain,1,1183,1194,Pass
133,0.02941315,"[0.16595067, 0.16684888, 0.16648683, 0.16790839, 0.16660763, 0.16619751]",3943043,772,Spain,2,5014,5023,Pass
105,0.029364519,"[0.16573696, 0.16567881, 0.16560717, 0.167447, 0.16815653, 0.16737363]",3943043,772,Spain,2,3937,3942,Pass
98,0.029287856,"[0.16670659, 0.16332313, 0.1658781, 0.16735294, 0.16875567, 0.16798353]",3943043,768,England,2,3573,3582,Pass
12,0.029232342,"[0.17015466, 0.1691152, 0.16711716, 0.16682981, 0.16377304, 0.16301008]",3943043,772,Spain,1,416,423,Pass
4,0.029219393,"[0.16573659, 0.16642885, 0.16713223, 0.16707821, 0.16671093, 0.16691315]",3943043,772,Spain,1,70,88,Pass
44,0.029190201,"[0.16626249, 0.16703665, 0.16740666, 0.16624886, 0.16756554, 0.16547993]",3943043,772,Spain,1,1623,1629,Pass
110,0.029176256,"[0.16776812, 0.1681427, 0.16406998, 0.1682049, 0.16850217, 0.16331217]",3943043,772,Spain,2,4124,4133,Pass
98,0.029057978,"[0.16474344, 0.16626811, 0.1659763, 0.16798507, 0.1675873, 0.16743976]",3943043,768,England,2,3582,3588,Pass
21,0.029044058,"[0.16770959, 0.168855, 0.16752096, 0.16555133, 0.16791756, 0.16244547]",3943043,772,Spain,1,657,665,Pass
82,0.029034806,"[0.33342105, 0.3326612, 0.33391777, 0.0, 0.0, 0.0]",3943043,768,England,2,2841,2848,Pass
133,0.029034806,"[0.1659478, 0.16727743, 0.16722377, 0.16734274, 0.166935, 0.1652733]",3943043,772,Spain,2,5011,5022,Pass
98,0.029034806,"[0.16712323, 0.16516764, 0.16448474, 0.16730125, 0.16782625, 0.16809693]",3943043,768,England,2,3575,3583,Pass
58,0.029034806,"[0.16525887, 0.16683221, 0.16650216, 0.16719687, 0.16712494, 0.16708496]",3943043,772,Spain,1,2137,2146,Pass
92,0.029034806,"[0.16609867, 0.16830589, 0.1643408, 0.16801876, 0.1677707, 0.16546527]",3943043,772,Spain,2,3307,3321,Pass
99,0.029034806,"[0.16519529, 0.16662687, 0.16643976, 0.16731638, 0.16741626, 0.16700551]",3943043,768,England,2,3677,3690,Foul
99,0.029034806,"[0.16597253, 0.16679214, 0.16703773, 0.16677251, 0.16667105, 0.16675402]",3943043,768,England,2,3646,3655,Pass
32,0.029034806,"[0.1669974, 0.16745749, 0.16648634, 0.16750666, 0.16605364, 0.1654985]",3943043,772,Spain,1,1184,1196,Pass
99,0.029034806,"[0.16810378, 0.16698222, 0.16783038, 0.16672292, 0.16775548, 0.16260521]",3943043,768,England,2,3662,3669,Pass
29,0.029034806,"[0.1680442, 0.16835855, 0.1674717, 0.16736686, 0.16471337, 0.16404526]",3943043,772,Spain,1,1071,1080,Pass
60,0.029034806,"[0.16661671, 0.16819443, 0.16690029, 0.16864933, 0.16625743, 0.16338187]",3943043,772,Spain,1,2231,2243,Pass
60,0.029034806,"[0.16679363, 0.16745302, 0.16727747, 0.16658616, 0.16607375, 0.16581593]",3943043,772,Spain,1,2220,2231,Pass
99,0.029034806,"[0.1680504, 0.16783316, 0.16659534, 0.168546, 0.16515093, 0.16382425]",3943043,768,England,2,3661,3666,Pass
32,0.029034806,"[0.16649324, 0.16728473, 0.1670381, 0.1663, 0.1672277, 0.1656563]",3943043,772,Spain,1,1181,1190,Pass
44,0.029034806,"[0.1654503, 0.16689235, 0.16649035, 0.16702422, 0.1675377, 0.16660498]",3943043,772,Spain,1,1621,1628,Pass
64,0.029034806,"[0.16564058, 0.16658415, 0.16617355, 0.16721624, 0.1673197, 0.16706586]",3943043,772,Spain,1,2402,2417,Pass
56,0.029034806,"[0.16687953, 0.16809466, 0.16716601, 0.167495, 0.16718121, 0.1631836]",3943043,772,Spain,1,1983,1997,Pass
87,0.029034806,"[0.16741173, 0.16738896, 0.16638242, 0.16730903, 0.16859399, 0.1629139]",3943043,768,England,2,2981,2987,Pass
12,0.029034806,"[0.16707864, 0.16735457, 0.16696762, 0.16623555, 0.16398537, 0.16837822]",3943043,772,Spain,1,314,324,Pass
42,0.029034806,"[0.16687545, 0.16812897, 0.16790949, 0.16437784, 0.16628303, 0.1664253]",3943043,768,England,1,1468,1476,Pass
56,0.029034806,"[0.16768745, 0.16780147, 0.16697891, 0.16732639, 0.16503009, 0.16517569]",3943043,772,Spain,1,1985,1998,Pass
120,0.029034806,"[0.16694619, 0.16446489, 0.16735102, 0.16727264, 0.16682236, 0.16714291]",3943043,768,England,2,4439,4448,Pass
64,0.029034806,"[0.16587359, 0.1673474, 0.16653597, 0.1669594, 0.1664681, 0.16681547]",3943043,772,Spain,1,2400,2414,Pass
89,0.029034806,"[0.16610198, 0.16650952, 0.16599818, 0.16604762, 0.16814965, 0.1671931]",3943043,768,England,2,3068,3075,Pass
83,0.029034806,"[0.16567278, 0.16530934, 0.16976641, 0.16682804, 0.16836233, 0.16406114]",3943043,772,Spain,2,2889,2896,Pass
89,0.029034806,"[0.16618052, 0.1663114, 0.16676171, 0.16678669, 0.16666073, 0.16729896]",3943043,768,England,2,3058,3064,Pass
44,0.029032849,"[0.1657198, 0.16704421, 0.16642994, 0.16740622, 0.16666824, 0.16673163]",3943043,772,Spain,1,1627,1631,Pass
109,0.029014133,"[0.16687922, 0.16661443, 0.16625144, 0.16667567, 0.16608839, 0.16749088]",3943043,772,Spain,2,4084,4087,Pass
15,0.029001454,"[0.16665332, 0.1663423, 0.16642927, 0.16578877, 0.16788664, 0.16689982]",3943043,772,Spain,1,473,480,Pass
44,0.028911635,"[0.16823398, 0.16795461, 0.16815734, 0.16580585, 0.16605936, 0.16378884]",3943043,772,Spain,1,1618,1626,Pass
49,0.028889649,"[0.16642791, 0.16642171, 0.16650593, 0.16698623, 0.16697784, 0.16668035]",3943043,768,England,1,1754,1758,Pass
98,0.028846638,"[0.16840881, 0.1654834, 0.16293679, 0.16567528, 0.16848172, 0.16901384]",3943043,768,England,2,3572,3581,Pass
99,0.028836355,"[0.16598682, 0.16729257, 0.16685131, 0.16700377, 0.16732053, 0.165545]",3943043,768,England,2,3653,3663,Pass
130,0.028835999,"[0.16614178, 0.16667365, 0.166638, 0.16670576, 0.16707799, 0.16676286]",3943043,772,Spain,2,4884,4893,Pass
89,0.028794574,"[0.16534248, 0.1665874, 0.16616097, 0.16751204, 0.16714476, 0.16725236]",3943043,768,England,2,3060,3068,Pass
12,0.028785486,"[0.16724096, 0.16661336, 0.16561152, 0.16803128, 0.1674349, 0.16506802]",3943043,772,Spain,1,325,333,Pass
112,0.028779216,"[0.16599344, 0.16657114, 0.16621433, 0.16639319, 0.16727008, 0.16755779]",3943043,768,England,2,4216,4226,Pass
121,0.028750189,"[0.16618079, 0.1663482, 0.16622703, 0.16616079, 0.16839927, 0.16668393]",3943043,768,England,2,4478,4485,Pass
97,0.028749792,"[0.166143, 0.16698444, 0.16666985, 0.1662444, 0.16752987, 0.16642843]",3943043,772,Spain,2,3526,3529,Pass
99,0.028653767,"[0.16647723, 0.16665274, 0.16596933, 0.16661486, 0.16734907, 0.1669368]",3943043,768,England,2,3649,3657,Pass
89,0.028619263,"[0.16642137, 0.16621713, 0.16608423, 0.16680336, 0.16756131, 0.1669126]",3943043,768,England,2,3032,3042,Pass
81,0.028538516,"[0.16518319, 0.16576356, 0.1664391, 0.1666832, 0.16840187, 0.16752912]",3943043,772,Spain,2,2753,2763,Pass
98,0.028536718,"[0.1657154, 0.16659121, 0.1663731, 0.16626039, 0.16684772, 0.16821216]",3943043,768,England,2,3564,3572,Pass
63,0.02852577,"[0.16690949, 0.16700976, 0.16694114, 0.16787991, 0.16687034, 0.16438934]",3943043,768,England,1,2359,2365,Pass
100,0.028510699,"[0.16712172, 0.1668757, 0.16581017, 0.16658238, 0.1671485, 0.1664615]",3943043,768,England,2,3770,3786,Pass
42,0.028491957,"[0.16775806, 0.16739297, 0.16336657, 0.16264075, 0.16801147, 0.17083025]",3943043,768,England,1,1469,1478,Pass
89,0.028462201,"[0.16617171, 0.16648734, 0.1662837, 0.16674314, 0.16728714, 0.16702701]",3943043,768,England,2,3069,3076,Pass
142,0.028453417,"[0.24286784, 0.25609678, 0.24705502, 0.25398037, 0.0, 0.0]",3943043,768,England,2,5447,5454,Foul
60,0.028373666,"[0.16682127, 0.16696265, 0.16611892, 0.16712274, 0.16779676, 0.16517761]",3943043,772,Spain,1,2207,2216,Pass
60,0.0282512,"[0.16603702, 0.166367, 0.16583742, 0.1663878, 0.16733359, 0.16803719]",3943043,772,Spain,1,2206,2214,Pass
99,0.028176615,"[0.16665272, 0.16673432, 0.16694398, 0.16654983, 0.16665342, 0.1664657]",3943043,768,England,2,3669,3675,Pass
130,0.028159402,"[0.16700926, 0.16720209, 0.16729607, 0.16236077, 0.16864857, 0.16748327]",3943043,772,Spain,2,4892,4900,Pass
42,0.028154463,"[0.16843642, 0.16389957, 0.16372405, 0.16499329, 0.17024742, 0.16869931]",3943043,768,England,1,1473,1478,Foul
94,0.028084163,"[0.16740787, 0.16807064, 0.16722494, 0.16131341, 0.16892356, 0.16705956]",3943043,768,England,2,3375,3389,Pass
89,0.028008355,"[0.16614093, 0.16661802, 0.16668507, 0.16670379, 0.16742222, 0.16642994]",3943043,768,England,2,3034,3044,Pass
32,0.027957618,"[0.16824694, 0.16828758, 0.16842824, 0.16701204, 0.1642798, 0.16374531]",3943043,772,Spain,1,1169,1180,Pass
58,0.02785855,"[0.16846354, 0.16841684, 0.15762405, 0.16860501, 0.16883346, 0.16805702]",3943043,772,Spain,1,2095,2104,Shot
50,0.027835503,"[0.16537474, 0.16605787, 0.16523539, 0.16517544, 0.17110948, 0.16704711]",3943043,772,Spain,1,1770,1782,Pass
121,0.027653927,"[0.16597627, 0.16632596, 0.16615088, 0.1663773, 0.16704804, 0.1681215]",3943043,768,England,2,4473,4484,Pass
98,0.02749809,"[0.16669887, 0.16742179, 0.16565174, 0.16663675, 0.16704017, 0.16655064]",3943043,768,England,2,3583,3589,Pass
99,0.027487744,"[0.1669606, 0.1665764, 0.16630705, 0.16640167, 0.16685818, 0.16689608]",3943043,768,England,2,3644,3653,Pass
130,0.027433045,"[0.1654083, 0.16686587, 0.1663301, 0.16714208, 0.16682738, 0.16742624]",3943043,772,Spain,2,4910,4917,Pass
89,0.027404623,"[0.166173, 0.16644499, 0.16662012, 0.16706084, 0.16758414, 0.16611686]",3943043,768,England,2,3060,3066,Pass
32,0.027152121,"[0.16669229, 0.16725345, 0.16686651, 0.1672149, 0.16615719, 0.16581571]",3943043,772,Spain,1,1174,1184,Pass
12,0.027086593,"[0.16718322, 0.16691566, 0.16717702, 0.16706061, 0.16570622, 0.16595721]",3943043,772,Spain,1,374,382,Pass
32,0.027079284,"[0.16625908, 0.16696963, 0.16677146, 0.16690685, 0.16672692, 0.16636606]",3943043,772,Spain,1,1180,1185,Pass
136,0.026982618,"[0.16603282, 0.1663775, 0.16616212, 0.16698188, 0.16661209, 0.16783366]",3943043,772,Spain,2,5146,5152,Pass
12,0.026957868,"[0.1663995, 0.16778494, 0.166843, 0.16707852, 0.16669028, 0.16520375]",3943043,772,Spain,1,313,323,Pass
110,0.026891328,"[0.16871567, 0.16769166, 0.16652086, 0.1640047, 0.16509883, 0.16796824]",3943043,772,Spain,2,4138,4146,Pass
60,0.02687661,"[0.1669846, 0.16820502, 0.16639005, 0.16646352, 0.16575459, 0.16620222]",3943043,772,Spain,1,2258,2268,Pass
58,0.02686188,"[0.16687827, 0.1662393, 0.16697611, 0.16503711, 0.16803183, 0.16683745]",3943043,772,Spain,1,2144,2150,Pass
67,0.026841968,"[0.16630127, 0.16673023, 0.16664432, 0.16669606, 0.16674638, 0.16688177]",3943043,772,Spain,1,2481,2485,Pass
32,0.026830826,"[0.16637725, 0.1667117, 0.1670769, 0.16652882, 0.16718411, 0.16612123]",3943043,772,Spain,1,1182,1191,Pass
94,0.02671013,"[0.16603224, 0.16550958, 0.16563328, 0.16560572, 0.16885123, 0.16836794]",3943043,768,England,2,3377,3389,Pass
58,0.026635176,"[0.16667743, 0.16690159, 0.16657025, 0.1668102, 0.16688706, 0.16615348]",3943043,772,Spain,1,2141,2147,Pass
83,0.026622662,"[0.16548495, 0.16635932, 0.16598387, 0.16667664, 0.16828994, 0.16720526]",3943043,772,Spain,2,2878,2893,Pass
44,0.026554855,"[0.16709273, 0.167082, 0.16645952, 0.16673575, 0.16688293, 0.16574709]",3943043,772,Spain,1,1620,1627,Pass
66,0.026532313,"[0.16718492, 0.16666551, 0.16637689, 0.16622034, 0.16682145, 0.16673096]",3943043,768,England,1,2447,2452,Pass
32,0.026497,"[0.168499, 0.16802193, 0.16658361, 0.1653696, 0.16586982, 0.16565605]",3943043,772,Spain,1,1170,1181,Pass
64,0.026394978,"[0.16628475, 0.16662505, 0.16677651, 0.16637623, 0.16696939, 0.16696812]",3943043,772,Spain,1,2399,2414,Pass
58,0.02638638,"[0.1668317, 0.1676577, 0.16693513, 0.16448094, 0.16705328, 0.16704123]",3943043,772,Spain,1,2094,2101,Shot
130,0.026343662,"[0.1669961, 0.16646473, 0.16515505, 0.16729309, 0.16844729, 0.16564374]",3943043,772,Spain,2,4893,4901,Pass
58,0.026315946,"[0.16755195, 0.16196136, 0.167614, 0.16772546, 0.167551, 0.16759618]",3943043,772,Spain,1,2097,2104,Shot
92,0.026309738,"[0.16500805, 0.1662819, 0.16674463, 0.16735713, 0.16740614, 0.16720225]",3943043,772,Spain,2,3304,3318,Pass
32,0.026177198,"[0.16667086, 0.16656397, 0.16674648, 0.16413386, 0.16777834, 0.16810644]",3943043,772,Spain,1,1235,1239,Pass
133,0.026174044,"[0.16700494, 0.1673643, 0.1670134, 0.16709438, 0.16656406, 0.16495894]",3943043,772,Spain,2,5006,5020,Pass
12,0.026145013,"[0.1679522, 0.16876517, 0.16706097, 0.16538897, 0.16703029, 0.16380249]",3943043,772,Spain,1,412,422,Pass
125,0.026099958,"[0.16754894, 0.1673644, 0.16685377, 0.16565023, 0.16683324, 0.16574946]",3943043,772,Spain,2,4736,4748,Pass
56,0.026034512,"[0.16650297, 0.16687806, 0.16714372, 0.16675746, 0.16660716, 0.1661106]",3943043,772,Spain,1,1997,2002,Pass
32,0.02602137,"[0.16662182, 0.16693272, 0.16665912, 0.16682285, 0.16688234, 0.16608118]",3943043,772,Spain,1,1227,1234,Pass
66,0.025973033,"[0.16536468, 0.16601276, 0.16691917, 0.16788009, 0.16709282, 0.16673055]",3943043,768,England,1,2449,2459,Pass
34,0.025839519,"[0.16459787, 0.16647314, 0.16668141, 0.16748422, 0.16736323, 0.16740017]",3943043,768,England,1,1312,1320,Pass
89,0.025808083,"[0.16598392, 0.16661778, 0.16603944, 0.16629224, 0.16593201, 0.16913454]",3943043,768,England,2,3066,3074,Pass
130,0.025707996,"[0.16558939, 0.16621879, 0.16687474, 0.16784456, 0.16722405, 0.16624841]",3943043,772,Spain,2,4909,4916,Pass
98,0.025688212,"[0.16757047, 0.16742484, 0.16496597, 0.16495554, 0.16713782, 0.16794534]",3943043,768,England,2,3572,3579,Pass
98,0.025671843,"[0.16629586, 0.166496, 0.16664769, 0.16643284, 0.16742949, 0.16669811]",3943043,768,England,2,3558,3565,Pass
99,0.025608161,"[0.16441624, 0.16705644, 0.16709374, 0.16726825, 0.16726762, 0.16689773]",3943043,768,England,2,3652,3662,Pass
27,0.025608012,"[0.16590539, 0.16726682, 0.16613941, 0.16577558, 0.16783755, 0.16707532]",3943043,768,England,1,984,995,Pass
89,0.025528831,"[0.1661156, 0.16637257, 0.16692416, 0.16675693, 0.16743627, 0.16639452]",3943043,768,England,2,3062,3069,Pass
27,0.025478516,"[0.16624334, 0.16683254, 0.16713503, 0.16678542, 0.16635562, 0.16664806]",3943043,768,England,1,1001,1005,Pass
97,0.025406647,"[0.16622761, 0.16670541, 0.16644548, 0.16651331, 0.1670539, 0.16705436]",3943043,772,Spain,2,3520,3526,Pass
9,0.02534084,"[0.1661173, 0.16638646, 0.16651885, 0.16677779, 0.16723737, 0.1669622]",3943043,772,Spain,1,236,246,Pass
60,0.025236966,"[0.16748537, 0.16835013, 0.16426603, 0.16464698, 0.16893823, 0.16631319]",3943043,772,Spain,1,2251,2258,Pass
125,0.025222924,"[0.16720504, 0.16805011, 0.16714545, 0.16689575, 0.16504396, 0.16565979]",3943043,772,Spain,2,4735,4747,Pass
83,0.02521859,"[0.16610754, 0.16622831, 0.16643, 0.16647509, 0.16691874, 0.16784038]",3943043,772,Spain,2,2876,2891,Pass
56,0.025187492,"[0.16574991, 0.16625592, 0.16651137, 0.16670732, 0.16699079, 0.16778468]",3943043,772,Spain,1,2000,2007,Pass
27,0.02513264,"[0.16634175, 0.16626613, 0.16715996, 0.16609277, 0.16717853, 0.16696079]",3943043,768,England,1,984,993,Pass
123,0.024986539,"[0.1662851, 0.16645926, 0.16654858, 0.16665086, 0.16714197, 0.16691421]",3943043,772,Spain,2,4640,4647,Pass
44,0.024864912,"[0.16674407, 0.1665836, 0.16680181, 0.16656946, 0.16687849, 0.16642258]",3943043,772,Spain,1,1626,1630,Pass
42,0.024814848,"[0.16640078, 0.16696434, 0.16596563, 0.16616559, 0.16905595, 0.16544767]",3943043,768,England,1,1467,1475,Pass
123,0.02479454,"[0.16612826, 0.16708787, 0.16653842, 0.16728202, 0.16664974, 0.16631371]",3943043,772,Spain,2,4600,4613,Pass
99,0.024747293,"[0.16683103, 0.1669623, 0.16611558, 0.16684765, 0.16705441, 0.16618897]",3943043,768,England,2,3655,3664,Pass
130,0.024723137,"[0.16708827, 0.16675094, 0.16697803, 0.16587879, 0.16696757, 0.16633633]",3943043,772,Spain,2,4919,4926,Pass
49,0.024720533,"[0.16611473, 0.16678652, 0.16638847, 0.1667321, 0.16696462, 0.16701357]",3943043,768,England,1,1755,1760,Pass
133,0.02469937,"[0.16733095, 0.16803412, 0.16765577, 0.16713324, 0.16548309, 0.16436283]",3943043,772,Spain,2,5005,5015,Pass
98,0.024542542,"[0.1667086, 0.16680218, 0.16657723, 0.1668847, 0.166291, 0.16673623]",3943043,768,England,2,3593,3599,Pass
44,0.024491614,"[0.16676167, 0.16696335, 0.16696121, 0.16655514, 0.16668813, 0.16607058]",3943043,772,Spain,1,1624,1629,Pass
137,0.02448099,"[0.16659684, 0.16911817, 0.1670849, 0.16482633, 0.16672297, 0.16565067]",3943043,768,England,2,5262,5273,Pass
123,0.024396451,"[0.16641715, 0.16657186, 0.16648744, 0.16685653, 0.16693892, 0.16672805]",3943043,772,Spain,2,4602,4614,Pass
58,0.024387844,"[0.16232952, 0.16801092, 0.1672723, 0.16709043, 0.1680955, 0.16720134]",3943043,772,Spain,1,2098,2107,Shot
98,0.024338795,"[0.16737148, 0.16503748, 0.16673125, 0.16669594, 0.16662158, 0.16754217]",3943043,768,England,2,3584,3589,Pass
89,0.024330217,"[0.16682363, 0.16653778, 0.16633198, 0.165079, 0.16676362, 0.16846398]",3943043,768,England,2,3051,3057,Pass
130,0.024318218,"[0.16678323, 0.16647108, 0.16704251, 0.16675174, 0.16638054, 0.16657089]",3943043,772,Spain,2,4904,4912,Pass
98,0.024194017,"[0.16689739, 0.16655736, 0.16714776, 0.16468932, 0.16831619, 0.16639201]",3943043,768,England,2,3594,3600,Pass
92,0.024133455,"[0.16615102, 0.16654754, 0.16670986, 0.16678262, 0.1672188, 0.16659015]",3943043,772,Spain,2,3286,3295,Pass
60,0.024116721,"[0.16614145, 0.16641317, 0.16608031, 0.1667905, 0.16747577, 0.16709875]",3943043,772,Spain,1,2241,2250,Pass
97,0.024085334,"[0.16584712, 0.16653289, 0.16616027, 0.16656579, 0.16711149, 0.16778253]",3943043,772,Spain,2,3524,3529,Pass
58,0.023987636,"[0.16640711, 0.16648829, 0.1665255, 0.16675891, 0.16700387, 0.16681625]",3943043,772,Spain,1,2132,2143,Pass
89,0.023957796,"[0.16621605, 0.16646715, 0.16623051, 0.16679566, 0.16739883, 0.16689184]",3943043,768,England,2,3034,3050,Pass
135,0.023947023,"[0.16719645, 0.16739774, 0.16737196, 0.16679588, 0.16687588, 0.16436212]",3943043,768,England,2,5127,5136,Pass
132,0.023900151,"[0.16681236, 0.1683475, 0.16837724, 0.16512296, 0.16719282, 0.16414703]",3943043,768,England,2,4972,4977,Pass
30,0.023873046,"[0.16629247, 0.16675475, 0.16672325, 0.16690086, 0.1667006, 0.16662809]",3943043,772,Spain,1,1121,1127,Pass
44,0.023787718,"[0.16646592, 0.16787855, 0.16299197, 0.16745996, 0.16768986, 0.16751371]",3943043,772,Spain,1,1634,1644,Pass
83,0.023775162,"[0.16792399, 0.16666925, 0.1664567, 0.16642919, 0.16626349, 0.16625738]",3943043,772,Spain,2,2880,2894,Pass
60,0.02377462,"[0.16648321, 0.16686195, 0.16665055, 0.16693898, 0.16632167, 0.1667435]",3943043,772,Spain,1,2234,2245,Pass
89,0.02375438,"[0.16599987, 0.16688065, 0.16688213, 0.16691339, 0.16661285, 0.16671115]",3943043,768,England,2,3063,3071,Pass
40,0.023706757,"[0.1669289, 0.16716911, 0.16705771, 0.16695115, 0.16648088, 0.16541226]",3943043,768,England,1,1445,1451,Pass
125,0.023657769,"[0.1659732, 0.16645516, 0.16648456, 0.16679108, 0.16694604, 0.1673499]",3943043,772,Spain,2,4753,4758,Pass
63,0.023602389,"[0.16624607, 0.16639091, 0.16650327, 0.16673547, 0.1672522, 0.16687207]",3943043,768,England,1,2333,2342,Pass
97,0.023580018,"[0.16654438, 0.16723756, 0.16648151, 0.16667183, 0.16749348, 0.1655712]",3943043,772,Spain,2,3520,3527,Pass
58,0.0235738,"[0.16619636, 0.16665648, 0.16645408, 0.16669266, 0.1667802, 0.1672202]",3943043,772,Spain,1,2131,2141,Pass
60,0.023532093,"[0.1679107, 0.16561437, 0.16618691, 0.16494031, 0.16706507, 0.16828266]",3943043,772,Spain,1,2250,2258,Pass
130,0.023516448,"[0.16672774, 0.16677332, 0.16649951, 0.166724, 0.16706125, 0.16621414]",3943043,772,Spain,2,4886,4894,Pass
12,0.023414819,"[0.16616952, 0.16632721, 0.16663182, 0.16679035, 0.16721341, 0.16686767]",3943043,772,Spain,1,388,396,Pass
12,0.023384096,"[0.1668559, 0.16693516, 0.16651733, 0.16644387, 0.16658002, 0.16666768]",3943043,772,Spain,1,318,328,Pass
12,0.023274647,"[0.1659101, 0.16662636, 0.16599682, 0.16700235, 0.16685921, 0.16760519]",3943043,772,Spain,1,387,395,Pass
97,0.023232562,"[0.16671768, 0.16682339, 0.16688661, 0.16671513, 0.1658361, 0.16702108]",3943043,772,Spain,2,3502,3512,Pass
24,0.023177011,"[0.16819778, 0.16765931, 0.166802, 0.16634972, 0.16667451, 0.16431671]",3943043,772,Spain,1,815,825,Pass
26,0.023139719,"[0.16611893, 0.16703917, 0.16719818, 0.16642083, 0.16668181, 0.16654101]",3943043,768,England,1,870,876,Pass
94,0.023137182,"[0.16742487, 0.16788842, 0.16682814, 0.16706893, 0.16702075, 0.16376896]",3943043,768,England,2,3370,3380,Pass
56,0.023036316,"[0.16663624, 0.16699357, 0.16663994, 0.16684693, 0.16622733, 0.16665602]",3943043,772,Spain,1,1992,2001,Pass
123,0.02298947,"[0.16582425, 0.16652748, 0.16608542, 0.16722006, 0.1667895, 0.1675533]",3943043,772,Spain,2,4595,4604,Pass
40,0.022984497,"[0.16616608, 0.16637643, 0.16669427, 0.1669966, 0.16714379, 0.16662273]",3943043,768,England,1,1442,1448,Pass
63,0.02294915,"[0.16627008, 0.1665489, 0.1661858, 0.16661988, 0.16674668, 0.16762865]",3943043,768,England,1,2330,2341,Pass
99,0.022907987,"[0.16631706, 0.16584545, 0.16655919, 0.16714989, 0.16708018, 0.16704819]",3943043,768,England,2,3650,3661,Pass
12,0.022867719,"[0.16628353, 0.16640046, 0.16658533, 0.16677621, 0.16706933, 0.1668852]",3943043,772,Spain,1,349,358,Pass
130,0.022851467,"[0.16579024, 0.16684262, 0.16629587, 0.16740575, 0.16663262, 0.16703273]",3943043,772,Spain,2,4906,4914,Pass
133,0.022821281,"[0.16674526, 0.1668068, 0.16675279, 0.16659765, 0.16673514, 0.1663624]",3943043,772,Spain,2,5010,5021,Pass
94,0.022804342,"[0.16702558, 0.1666483, 0.16640534, 0.16724125, 0.16667134, 0.16600822]",3943043,768,England,2,3384,3397,Pass
130,0.022732077,"[0.16667742, 0.16698673, 0.16682209, 0.16657534, 0.16689475, 0.1660437]",3943043,772,Spain,2,4887,4897,Pass
64,0.022725705,"[0.16645199, 0.16676243, 0.16639519, 0.16671076, 0.16649914, 0.1671805]",3943043,772,Spain,1,2414,2422,Pass
12,0.02270177,"[0.16641007, 0.16655402, 0.16641016, 0.16671827, 0.16675928, 0.16714813]",3943043,772,Spain,1,348,357,Pass
98,0.022683924,"[0.16630888, 0.16670431, 0.1663982, 0.16623801, 0.167477, 0.1668736]",3943043,768,England,2,3593,3598,Pass
125,0.022640262,"[0.16652574, 0.1664485, 0.16651657, 0.166538, 0.16747053, 0.16650072]",3943043,772,Spain,2,4753,4760,Pass
40,0.022619646,"[0.16689406, 0.16698352, 0.16688101, 0.16688973, 0.16611154, 0.16624013]",3943043,768,England,1,1445,1452,Pass
53,0.02261502,"[0.20012574, 0.20019993, 0.19975108, 0.19971403, 0.2002092, 0.0]",3943043,768,England,1,1920,1932,Pass
12,0.022521473,"[0.16628855, 0.16688204, 0.16650838, 0.16669282, 0.16660918, 0.16701894]",3943043,772,Spain,1,392,398,Pass
112,0.022469584,"[0.16659875, 0.16662997, 0.16657229, 0.16669364, 0.16650167, 0.16700365]",3943043,768,England,2,4222,4229,Pass
56,0.022465331,"[0.16683136, 0.16663903, 0.1668014, 0.16666226, 0.16669054, 0.16637544]",3943043,772,Spain,1,1983,1992,Pass
15,0.022376392,"[0.1665582, 0.16677935, 0.16650203, 0.16685848, 0.16670409, 0.16659792]",3943043,772,Spain,1,472,479,Pass
121,0.022356374,"[0.16690825, 0.16667308, 0.16635229, 0.16678602, 0.16678506, 0.16649532]",3943043,768,England,2,4471,4484,Pass
30,0.022355173,"[0.16628674, 0.16675185, 0.16717286, 0.16716279, 0.16617766, 0.16644818]",3943043,772,Spain,1,1120,1125,Pass
32,0.02221176,"[0.16663727, 0.16728006, 0.16675068, 0.16705136, 0.16653872, 0.16574185]",3943043,772,Spain,1,1228,1235,Pass
89,0.022208344,"[0.16661969, 0.16676421, 0.16680805, 0.16662915, 0.16668741, 0.16649142]",3943043,768,England,2,3042,3054,Pass
123,0.02217761,"[0.16625348, 0.16632365, 0.16690286, 0.16658841, 0.16661882, 0.16731282]",3943043,772,Spain,2,4577,4586,Pass
130,0.02217303,"[0.16629381, 0.16699035, 0.16651644, 0.16690758, 0.16723348, 0.16605833]",3943043,772,Spain,2,4905,4913,Pass
56,0.02215095,"[0.16694038, 0.1673718, 0.16752616, 0.1662737, 0.16632107, 0.16556685]",3943043,772,Spain,1,1987,1999,Pass
66,0.02207598,"[0.16648062, 0.1667605, 0.16676232, 0.1666491, 0.16668367, 0.1666637]",3943043,768,England,1,2439,2445,Pass
98,0.02207413,"[0.1664557, 0.16664043, 0.1665959, 0.16711915, 0.16669422, 0.16649453]",3943043,768,England,2,3562,3570,Pass
89,0.022027005,"[0.16661814, 0.16664319, 0.1668938, 0.16666771, 0.1667412, 0.16643596]",3943043,768,England,2,3064,3072,Pass
12,0.021985747,"[0.1660845, 0.16689579, 0.16672798, 0.16794088, 0.1659977, 0.16635318]",3943043,772,Spain,1,328,334,Pass
65,0.021931302,"[0.16660127, 0.16650459, 0.1665351, 0.16727312, 0.16661838, 0.16646759]",3943043,772,Spain,1,2434,2439,Pass
83,0.021919075,"[0.16613396, 0.16665179, 0.16635323, 0.16679819, 0.16681191, 0.16725093]",3943043,772,Spain,2,2875,2889,Pass
12,0.02189409,"[0.16617362, 0.16708122, 0.16691102, 0.16734496, 0.1664802, 0.16600902]",3943043,772,Spain,1,323,330,Pass
58,0.021893118,"[0.16591984, 0.16649038, 0.16689834, 0.16706721, 0.16699702, 0.16662727]",3943043,772,Spain,1,2135,2144,Pass
19,0.021889606,"[0.16707285, 0.16733706, 0.16698933, 0.166923, 0.16703823, 0.16463949]",3943043,768,England,1,548,561,Pass
60,0.021853387,"[0.1665015, 0.16790463, 0.1656778, 0.16663808, 0.16591176, 0.16736616]",3943043,772,Spain,1,2247,2257,Pass
46,0.021758016,"[0.16689248, 0.16689958, 0.1669718, 0.1672228, 0.16715243, 0.16486089]",3943043,768,England,1,1693,1706,Pass
60,0.021695575,"[0.16718559, 0.16678399, 0.16698045, 0.16642961, 0.16704443, 0.16557592]",3943043,772,Spain,1,2258,2263,Pass
120,0.021589622,"[0.16674475, 0.16718262, 0.16544499, 0.16704123, 0.1670187, 0.16656771]",3943043,768,England,2,4438,4447,Pass
56,0.021571595,"[0.16665453, 0.16697529, 0.1667877, 0.16658358, 0.16662249, 0.16637638]",3943043,772,Spain,1,1991,2000,Pass
91,0.021554757,"[0.1666589, 0.16675629, 0.16504589, 0.1668166, 0.16723685, 0.16748548]",3943043,772,Spain,2,3245,3251,Pass
32,0.021527616,"[0.16720256, 0.16699089, 0.16743329, 0.16669135, 0.16641231, 0.16526958]",3943043,772,Spain,1,1185,1199,Pass
130,0.021442082,"[0.16620472, 0.16679977, 0.16654377, 0.16780438, 0.16612324, 0.16652408]",3943043,772,Spain,2,4897,4904,Pass
12,0.02143643,"[0.16688178, 0.16702032, 0.16670193, 0.16672277, 0.16675472, 0.16591835]",3943043,772,Spain,1,334,347,Pass
44,0.02143561,"[0.16685519, 0.16727026, 0.16692661, 0.16674556, 0.1670455, 0.16515681]",3943043,772,Spain,1,1613,1623,Pass
58,0.021428246,"[0.16659711, 0.16668957, 0.1666564, 0.1666108, 0.16673896, 0.1667071]",3943043,772,Spain,1,2130,2137,Pass
9,0.021421311,"[0.16595161, 0.16688477, 0.16607718, 0.16702418, 0.16673501, 0.16732714]",3943043,772,Spain,1,233,244,Pass
92,0.021276621,"[0.16639934, 0.16672795, 0.16625953, 0.16642554, 0.1666093, 0.16757827]",3943043,772,Spain,2,3285,3294,Pass
49,0.021262774,"[0.16623352, 0.16677125, 0.16639943, 0.16716653, 0.16642259, 0.16700669]",3943043,768,England,1,1751,1757,Pass
112,0.021239784,"[0.16685614, 0.16713795, 0.16660762, 0.16633974, 0.16658212, 0.16647644]",3943043,768,England,2,4218,4227,Pass
123,0.021193312,"[0.16691734, 0.16659348, 0.16675572, 0.16667582, 0.16652277, 0.16653496]",3943043,772,Spain,2,4619,4628,Pass
99,0.021162797,"[0.16684063, 0.16715519, 0.16698791, 0.16634488, 0.1661557, 0.16651577]",3943043,768,England,2,3675,3685,Pass
123,0.02115212,"[0.16692835, 0.16650438, 0.16678491, 0.16648556, 0.16649911, 0.1667976]",3943043,772,Spain,2,4592,4602,Pass
123,0.021149222,"[0.16641146, 0.16653349, 0.16641222, 0.16667703, 0.16676572, 0.16720004]",3943043,772,Spain,2,4637,4646,Pass
123,0.021055069,"[0.16722398, 0.16699542, 0.16627583, 0.16686918, 0.16681187, 0.1658237]",3943043,772,Spain,2,4617,4626,Pass
65,0.021051735,"[0.16718961, 0.16559665, 0.16574284, 0.16641267, 0.16628088, 0.16877739]",3943043,772,Spain,1,2434,2439,Pass
36,0.021048892,"[0.16639905, 0.16721416, 0.16761407, 0.1657469, 0.1662353, 0.16679063]",3943043,772,Spain,1,1351,1358,Pass
130,0.021048002,"[0.166412, 0.1667152, 0.16640173, 0.16676594, 0.16693918, 0.16676594]",3943043,772,Spain,2,4913,4921,Pass
97,0.021047946,"[0.1667206, 0.16693965, 0.16685961, 0.16681303, 0.16744474, 0.1652223]",3943043,772,Spain,2,3503,3514,Pass
120,0.02100407,"[0.1665708, 0.16677071, 0.16658777, 0.16749224, 0.16666178, 0.16591658]",3943043,768,England,2,4438,4445,Pass
9,0.020982293,"[0.16666698, 0.16620167, 0.16610321, 0.16621533, 0.16839917, 0.16641359]",3943043,772,Spain,1,215,223,Pass
32,0.020971715,"[0.16724677, 0.16693795, 0.16672663, 0.16693693, 0.1658185, 0.16633329]",3943043,772,Spain,1,1171,1182,Pass
92,0.020961914,"[0.16626455, 0.16707553, 0.16661705, 0.16647169, 0.1671221, 0.16644907]",3943043,772,Spain,2,3307,3320,Pass
30,0.020952543,"[0.16617504, 0.16671352, 0.16635622, 0.16679811, 0.1670286, 0.1669285]",3943043,772,Spain,1,1103,1120,Pass
64,0.020938268,"[0.16714889, 0.16706087, 0.16702159, 0.16685797, 0.16589631, 0.16601431]",3943043,772,Spain,1,2394,2399,Pass
58,0.020916758,"[0.16701727, 0.16719481, 0.1669264, 0.16615179, 0.16675615, 0.16595355]",3943043,772,Spain,1,2143,2148,Pass
60,0.020864155,"[0.16825767, 0.1652986, 0.16523746, 0.16669875, 0.16631392, 0.1681937]",3943043,772,Spain,1,2255,2260,Pass
56,0.020733312,"[0.16649128, 0.16697124, 0.16671012, 0.16685882, 0.1663156, 0.166653]",3943043,772,Spain,1,1998,2004,Pass
89,0.02071743,"[0.1672225, 0.16738202, 0.16672081, 0.16637331, 0.16663079, 0.16567059]",3943043,768,England,2,3044,3054,Pass
32,0.020708319,"[0.1664635, 0.1662594, 0.16572005, 0.16774613, 0.16736168, 0.1664493]",3943043,772,Spain,1,1169,1172,Foul
125,0.020624042,"[0.16702288, 0.16711172, 0.16709638, 0.16721447, 0.16651335, 0.16504122]",3943043,772,Spain,2,4733,4739,Pass
12,0.020589974,"[0.16679363, 0.16691798, 0.16679962, 0.16613893, 0.16686949, 0.16648032]",3943043,772,Spain,1,327,333,Pass
97,0.020547124,"[0.16635567, 0.16666074, 0.16662467, 0.1672925, 0.16673097, 0.16633552]",3943043,772,Spain,2,3522,3528,Pass
12,0.02052664,"[0.16647017, 0.16646041, 0.16666405, 0.16651036, 0.16703394, 0.16686112]",3943043,772,Spain,1,405,412,Pass
27,0.020518942,"[0.16600795, 0.16613062, 0.16729292, 0.16728024, 0.16632737, 0.16696097]",3943043,768,England,1,955,967,Pass
130,0.020485975,"[0.16677043, 0.16693398, 0.16703679, 0.16687344, 0.16623875, 0.16614665]",3943043,772,Spain,2,4890,4899,Pass
58,0.020373166,"[0.16618282, 0.166465, 0.16664101, 0.16694039, 0.16694982, 0.16682088]",3943043,772,Spain,1,2132,2143,Pass
89,0.020358667,"[0.16724296, 0.16688068, 0.16671757, 0.16647449, 0.1666049, 0.16607948]",3943043,768,England,2,3050,3056,Pass
99,0.02033954,"[0.1671189, 0.16722123, 0.1668793, 0.16630338, 0.16651616, 0.16596109]",3943043,768,England,2,3657,3665,Pass
50,0.020332918,"[0.16626553, 0.16621825, 0.16624025, 0.16612417, 0.16689748, 0.1682544]",3943043,772,Spain,1,1769,1781,Pass
66,0.02033024,"[0.16643772, 0.16683175, 0.16656017, 0.16687538, 0.16690032, 0.1663946]",3943043,768,England,1,2439,2447,Pass
12,0.020293193,"[0.16663703, 0.16692942, 0.1668412, 0.16680855, 0.16659914, 0.16618459]",3943043,772,Spain,1,333,341,Pass
32,0.020277482,"[0.16805309, 0.16583759, 0.16686185, 0.16585495, 0.16707969, 0.16631284]",3943043,772,Spain,1,1191,1203,Foul
60,0.020275693,"[0.16713145, 0.16779573, 0.16777346, 0.16740711, 0.16518469, 0.16470754]",3943043,772,Spain,1,2214,2224,Pass
58,0.020227639,"[0.1666044, 0.16668199, 0.16680677, 0.16659027, 0.16661042, 0.16670622]",3943043,772,Spain,1,2143,2149,Pass
9,0.02021509,"[0.16685277, 0.1668206, 0.16594009, 0.16602674, 0.16667517, 0.16768458]",3943043,772,Spain,1,214,222,Pass
94,0.020192605,"[0.16672619, 0.16694658, 0.16702197, 0.16746227, 0.16673593, 0.16510706]",3943043,768,England,2,3398,3407,Pass
125,0.02018822,"[0.16692221, 0.16680545, 0.16654116, 0.16693714, 0.16652597, 0.16626807]",3943043,772,Spain,2,4737,4750,Pass
32,0.020184968,"[0.1667928, 0.16658059, 0.16672099, 0.16683628, 0.16652982, 0.16653965]",3943043,772,Spain,1,1194,1203,Foul
125,0.02017812,"[0.1671967, 0.16741587, 0.16704251, 0.16621056, 0.16676503, 0.16536927]",3943043,772,Spain,2,4737,4749,Pass
90,0.020168334,"[0.16652067, 0.16686906, 0.1666104, 0.16689044, 0.16663253, 0.16647683]",3943043,772,Spain,2,3143,3151,Foul
60,0.020060271,"[0.16564395, 0.1675857, 0.16684647, 0.16635479, 0.16685507, 0.16671404]",3943043,772,Spain,1,2216,2229,Pass
94,0.020031156,"[0.16639683, 0.16666542, 0.16676061, 0.16648743, 0.16625443, 0.16743524]",3943043,768,England,2,3389,3398,Pass
64,0.020005379,"[0.16680449, 0.16708334, 0.16663353, 0.16654868, 0.16720939, 0.16572045]",3943043,772,Spain,1,2393,2398,Pass
90,0.01996593,"[0.16649649, 0.1667597, 0.1666078, 0.16685191, 0.16661002, 0.16667399]",3943043,772,Spain,2,3140,3149,Pass
30,0.019878678,"[0.16626194, 0.16629341, 0.1663071, 0.16640249, 0.16712248, 0.16761261]",3943043,772,Spain,1,1115,1122,Pass
98,0.019856477,"[0.16656114, 0.16681963, 0.16651405, 0.16676508, 0.16666894, 0.1666712]",3943043,768,England,2,3561,3569,Pass
89,0.019856215,"[0.16676074, 0.16699253, 0.16708298, 0.16705942, 0.16656174, 0.16554262]",3943043,768,England,2,3052,3058,Pass
64,0.019845646,"[0.16636583, 0.16666743, 0.16671327, 0.1668259, 0.16669223, 0.16673546]",3943043,772,Spain,1,2405,2420,Pass
65,0.019819114,"[0.16698913, 0.1667113, 0.16517179, 0.1668662, 0.1676086, 0.16665299]",3943043,772,Spain,1,2431,2436,Pass
60,0.01980037,"[0.16717046, 0.16684508, 0.16669866, 0.16640605, 0.16626213, 0.16661768]",3943043,772,Spain,1,2218,2230,Pass
12,0.019794751,"[0.1669273, 0.16706856, 0.16703516, 0.16686378, 0.16636232, 0.165743]",3943043,772,Spain,1,376,386,Pass
94,0.01975748,"[0.16711015, 0.16708426, 0.16715664, 0.16680367, 0.16538878, 0.16645648]",3943043,768,England,2,3374,3384,Pass
32,0.019742688,"[0.16639477, 0.16702627, 0.16689892, 0.1669543, 0.16661575, 0.16610996]",3943043,772,Spain,1,1234,1238,Pass
89,0.01968798,"[0.16640052, 0.1664428, 0.16702804, 0.16669059, 0.1668957, 0.16654232]",3943043,768,England,2,3039,3051,Pass
89,0.019626565,"[0.16613252, 0.1669642, 0.16652295, 0.16679622, 0.16646655, 0.16711748]",3943043,768,England,2,3041,3052,Pass
130,0.019559171,"[0.16673611, 0.16684213, 0.16683996, 0.16663316, 0.1666366, 0.16631202]",3943043,772,Spain,2,4917,4924,Pass
60,0.01955158,"[0.16635974, 0.16658789, 0.16660912, 0.1666671, 0.16678418, 0.16699196]",3943043,772,Spain,1,2202,2212,Pass
63,0.019548956,"[0.16671272, 0.16678116, 0.16652343, 0.16645017, 0.1669488, 0.16658369]",3943043,768,England,1,2330,2337,Pass
60,0.019487454,"[0.16660021, 0.16663812, 0.1664972, 0.1664705, 0.16696846, 0.16682543]",3943043,772,Spain,1,2205,2213,Pass
123,0.019464597,"[0.16673635, 0.16666545, 0.16671418, 0.16654874, 0.1668385, 0.1664967]",3943043,772,Spain,2,4621,4630,Pass
97,0.019428724,"[0.16657266, 0.1667684, 0.16675028, 0.16669814, 0.16679417, 0.16641635]",3943043,772,Spain,2,3512,3520,Pass
99,0.01942116,"[0.1662602, 0.16664848, 0.16686793, 0.166911, 0.16643153, 0.16688094]",3943043,768,England,2,3670,3676,Pass
56,0.019413639,"[0.16630061, 0.16662036, 0.1666966, 0.16684146, 0.16694985, 0.16659106]",3943043,772,Spain,1,1999,2005,Pass
98,0.01938945,"[0.16601062, 0.16643499, 0.16596907, 0.1668035, 0.16714257, 0.16763924]",3943043,768,England,2,3587,3591,Pass
123,0.019357014,"[0.16690642, 0.16667305, 0.1669457, 0.16659802, 0.16694005, 0.16593674]",3943043,772,Spain,2,4614,4621,Pass
9,0.019334015,"[0.16643192, 0.1663854, 0.16679831, 0.16681975, 0.1667247, 0.16683988]",3943043,772,Spain,1,234,245,Pass
12,0.019321576,"[0.16636813, 0.16643819, 0.16606632, 0.1661302, 0.16779895, 0.16719826]",3943043,772,Spain,1,371,381,Pass
123,0.019297551,"[0.16650407, 0.16682276, 0.16653277, 0.16666256, 0.16701896, 0.16645889]",3943043,772,Spain,2,4594,4603,Pass
67,0.019231863,"[0.16598229, 0.16645938, 0.16627106, 0.16684766, 0.16698089, 0.16745877]",3943043,772,Spain,1,2476,2483,Pass
32,0.01920082,"[0.16675533, 0.16639832, 0.16677766, 0.16684273, 0.16720791, 0.16601802]",3943043,772,Spain,1,1231,1237,Pass
12,0.019134684,"[0.16643727, 0.16654544, 0.16659792, 0.16662721, 0.16664825, 0.16714391]",3943043,772,Spain,1,404,411,Pass
29,0.019131143,"[0.16645491, 0.16678749, 0.16657022, 0.16683048, 0.16685212, 0.16650474]",3943043,772,Spain,1,1067,1079,Pass
130,0.019124897,"[0.16694543, 0.16643919, 0.16668461, 0.16688171, 0.16664442, 0.16640462]",3943043,772,Spain,2,4894,4903,Pass
91,0.019058898,"[0.1663987, 0.16690862, 0.16675502, 0.16659641, 0.16675997, 0.16658129]",3943043,772,Spain,2,3243,3247,Pass
130,0.019027922,"[0.1667046, 0.16690773, 0.16697665, 0.16674314, 0.16683498, 0.16583294]",3943043,772,Spain,2,4916,4923,Pass
123,0.01899954,"[0.16640778, 0.16659276, 0.16677898, 0.16668129, 0.16686459, 0.16667469]",3943043,772,Spain,2,4635,4644,Pass
44,0.018999089,"[0.16685686, 0.16624157, 0.16713254, 0.16525678, 0.16736236, 0.16714995]",3943043,772,Spain,1,1634,1642,Pass
66,0.018954352,"[0.16689867, 0.16676673, 0.1665535, 0.1664119, 0.16701457, 0.16635464]",3943043,768,England,1,2441,2448,Pass
97,0.018880676,"[0.16658635, 0.16609257, 0.16656591, 0.16657439, 0.16709131, 0.16708946]",3943043,772,Spain,2,3508,3519,Pass
12,0.01886496,"[0.16661981, 0.16684175, 0.16689543, 0.16700572, 0.16637363, 0.16626361]",3943043,772,Spain,1,335,348,Pass
30,0.018822957,"[0.16646251, 0.16683349, 0.16661645, 0.16658427, 0.16707322, 0.16643018]",3943043,772,Spain,1,1116,1123,Pass
32,0.018790625,"[0.16651873, 0.16677594, 0.16663486, 0.1667381, 0.16676663, 0.16656573]",3943043,772,Spain,1,1220,1231,Pass
58,0.018763332,"[0.1662689, 0.16647448, 0.16658153, 0.16622041, 0.16708289, 0.16737178]",3943043,772,Spain,1,2119,2128,Pass
39,0.018747717,"[0.19969252, 0.20044199, 0.20040058, 0.1996613, 0.1998036, 0.0]",3943043,772,Spain,1,1391,1400,Foul
27,0.018727913,"[0.16619222, 0.16670725, 0.1663115, 0.16668093, 0.166798, 0.16731018]",3943043,768,England,1,936,946,Pass
9,0.018713772,"[0.16644311, 0.16657427, 0.16668145, 0.16666698, 0.16685809, 0.16677615]",3943043,772,Spain,1,212,219,Pass
104,0.018572252,"[0.16639735, 0.16685005, 0.1665466, 0.16668577, 0.16646218, 0.16705814]",3943043,768,England,2,3915,3935,Pass
91,0.018562928,"[0.16616832, 0.16618964, 0.16548388, 0.16724156, 0.16758229, 0.16733427]",3943043,772,Spain,2,3239,3245,Pass
97,0.018504392,"[0.16643994, 0.16646263, 0.16678117, 0.16606502, 0.16760619, 0.16664499]",3943043,772,Spain,2,3492,3502,Pass
12,0.018476633,"[0.16691144, 0.16633712, 0.16709873, 0.16631436, 0.16694593, 0.16639233]",3943043,772,Spain,1,333,340,Pass
112,0.018454734,"[0.16692393, 0.1666987, 0.16620737, 0.16656056, 0.16681992, 0.16678952]",3943043,768,England,2,4221,4228,Pass
94,0.018411731,"[0.16650362, 0.1668636, 0.16647406, 0.16634883, 0.1672855, 0.16652441]",3943043,768,England,2,3389,3398,Pass
12,0.01840815,"[0.16662012, 0.16677353, 0.16679968, 0.16676746, 0.16667287, 0.16636631]",3943043,772,Spain,1,311,318,Pass
113,0.018358301,"[0.1661182, 0.16670015, 0.16642217, 0.16666023, 0.16682428, 0.16727486]",3943043,772,Spain,2,4232,4241,Pass
123,0.018340824,"[0.16644706, 0.166657, 0.16679731, 0.16674113, 0.16679965, 0.16655786]",3943043,772,Spain,2,4633,4642,Pass
97,0.018281283,"[0.16732885, 0.16678007, 0.16631801, 0.1668422, 0.1663899, 0.16634087]",3943043,772,Spain,2,3506,3517,Pass
63,0.018229827,"[0.1664704, 0.16649665, 0.16664721, 0.16672596, 0.16697647, 0.16668332]",3943043,768,England,1,2347,2354,Pass
130,0.018210486,"[0.16654326, 0.1668051, 0.16681841, 0.16668367, 0.16658665, 0.16656291]",3943043,772,Spain,2,4901,4909,Pass
12,0.018190656,"[0.16647612, 0.16681038, 0.1668756, 0.16671057, 0.16657683, 0.16655044]",3943043,772,Spain,1,386,392,Pass
123,0.01818272,"[0.16651283, 0.16665377, 0.16665456, 0.16676095, 0.16674033, 0.1666775]",3943043,772,Spain,2,4632,4640,Pass
32,0.018139971,"[0.16650602, 0.16669445, 0.1660978, 0.16645154, 0.16680959, 0.16744058]",3943043,772,Spain,1,1218,1229,Pass
98,0.018070329,"[0.16663195, 0.16678095, 0.16603662, 0.16615948, 0.16693275, 0.16745828]",3943043,768,England,2,3588,3593,Pass
60,0.018027384,"[0.16649455, 0.16676429, 0.16663843, 0.16680144, 0.16667588, 0.16662551]",3943043,772,Spain,1,2208,2218,Pass
58,0.017998137,"[0.16682625, 0.16699585, 0.16678803, 0.16710462, 0.16654085, 0.16574438]",3943043,772,Spain,1,2115,2121,Pass
97,0.017957306,"[0.16648488, 0.16673176, 0.16657469, 0.16682065, 0.16671745, 0.16667062]",3943043,772,Spain,2,3521,3527,Pass
12,0.017954402,"[0.16684757, 0.16689356, 0.166433, 0.16659011, 0.16677657, 0.16645916]",3943043,772,Spain,1,379,387,Pass
136,0.017947238,"[0.16671908, 0.16637053, 0.1667823, 0.16628762, 0.1672534, 0.16658702]",3943043,772,Spain,2,5143,5150,Pass
64,0.017928507,"[0.16651021, 0.1665648, 0.16682433, 0.16647604, 0.16704288, 0.1665818]",3943043,772,Spain,1,2377,2388,Pass
17,0.017914835,"[0.16663098, 0.1669012, 0.16639498, 0.16666679, 0.16679333, 0.16661268]",3943043,772,Spain,1,500,507,Pass
12,0.01789217,"[0.16652113, 0.16655105, 0.16667575, 0.16656506, 0.16689244, 0.16679454]",3943043,772,Spain,1,395,400,Pass
89,0.017887205,"[0.16643463, 0.16683479, 0.16674569, 0.1670907, 0.16633792, 0.16655628]",3943043,768,England,2,3054,3060,Pass
97,0.01788525,"[0.16617884, 0.1664357, 0.16638507, 0.16670755, 0.1667651, 0.16752774]",3943043,772,Spain,2,3491,3500,Pass
32,0.017876852,"[0.16676818, 0.16677465, 0.16661331, 0.16658461, 0.166843, 0.16641621]",3943043,772,Spain,1,1190,1201,Pass
98,0.017872112,"[0.16632327, 0.16661622, 0.16657585, 0.16666867, 0.16669081, 0.16712523]",3943043,768,England,2,3554,3564,Pass
87,0.017859109,"[0.16649427, 0.16683245, 0.1662608, 0.16608416, 0.16697896, 0.16734946]",3943043,768,England,2,2980,2985,Pass
12,0.01784084,"[0.16661206, 0.16652931, 0.16657856, 0.16675639, 0.16671546, 0.16680816]",3943043,772,Spain,1,360,369,Pass
61,0.0178057,"[0.16662323, 0.16676085, 0.16650595, 0.16632278, 0.16693608, 0.16685109]",3943043,768,England,1,2312,2320,Pass
89,0.01780159,"[0.16690877, 0.1670579, 0.1667333, 0.16650246, 0.16651988, 0.16627778]",3943043,768,England,2,3057,3063,Pass
91,0.017745491,"[0.16667114, 0.16660155, 0.1666157, 0.16650143, 0.1669002, 0.16670997]",3943043,772,Spain,2,3234,3243,Pass
65,0.017733451,"[0.16686128, 0.16618986, 0.16635902, 0.16609626, 0.16731952, 0.16717403]",3943043,772,Spain,1,2434,2438,Pass
98,0.01771153,"[0.16697967, 0.16670504, 0.16621162, 0.16633376, 0.16721617, 0.16655372]",3943043,768,England,2,3589,3594,Pass
60,0.01766291,"[0.1665527, 0.16656478, 0.16676292, 0.16658096, 0.1667966, 0.16674209]",3943043,772,Spain,1,2200,2208,Pass
69,0.017651517,"[0.16675752, 0.1666973, 0.16677469, 0.1668387, 0.16677018, 0.16616164]",3943043,772,Spain,1,2522,2532,Pass
43,0.017590962,"[0.16692425, 0.1667451, 0.16683203, 0.16663706, 0.1661947, 0.16666701]",3943043,772,Spain,1,1594,1602,Pass
88,0.017574549,"[0.33294842, 0.33331996, 0.33373165, 0.0, 0.0, 0.0]",3943043,772,Spain,2,3013,3020,Pass
60,0.017547056,"[0.16637105, 0.16643448, 0.16658746, 0.16627194, 0.1674093, 0.16692583]",3943043,772,Spain,1,2256,2261,Pass
43,0.0175174,"[0.16627772, 0.16650926, 0.16620237, 0.16626096, 0.16764897, 0.16710082]",3943043,772,Spain,1,1576,1591,Pass
94,0.017509947,"[0.16750933, 0.16612484, 0.16609885, 0.16717954, 0.16645814, 0.1666293]",3943043,768,England,2,3390,3400,Pass
43,0.017490983,"[0.1663114, 0.16633248, 0.16646212, 0.16652614, 0.16745223, 0.16691563]",3943043,772,Spain,1,1590,1594,Pass
91,0.017487668,"[0.16636412, 0.166448, 0.16652292, 0.16677253, 0.16717458, 0.16671783]",3943043,772,Spain,2,3241,3247,Pass
43,0.017468996,"[0.16660449, 0.1668778, 0.16625825, 0.16688235, 0.16682974, 0.16654736]",3943043,772,Spain,1,1593,1601,Pass
32,0.017463675,"[0.16681984, 0.16671264, 0.16654666, 0.16689608, 0.16659522, 0.16642955]",3943043,772,Spain,1,1230,1237,Pass
30,0.017444536,"[0.16661085, 0.1668101, 0.16670486, 0.16648552, 0.16683127, 0.16655745]",3943043,772,Spain,1,1107,1122,Pass
64,0.017413981,"[0.16648619, 0.16675106, 0.16675383, 0.16667569, 0.16677845, 0.16655482]",3943043,772,Spain,1,2407,2421,Pass
12,0.017385315,"[0.16695887, 0.16706121, 0.16725276, 0.16646251, 0.16627006, 0.16599464]",3943043,772,Spain,1,347,353,Pass
60,0.017375035,"[0.16689394, 0.16695663, 0.16600306, 0.1670902, 0.16690978, 0.16614641]",3943043,772,Spain,1,2213,2222,Pass
60,0.017368209,"[0.1665156, 0.16659063, 0.16671848, 0.16686834, 0.16681613, 0.1664909]",3943043,772,Spain,1,2212,2220,Pass
43,0.017367257,"[0.16638131, 0.16671254, 0.16664891, 0.16664878, 0.16683981, 0.16676864]",3943043,772,Spain,1,1592,1599,Pass
12,0.017198432,"[0.16629781, 0.16695479, 0.16626936, 0.1670441, 0.16690257, 0.16653147]",3943043,772,Spain,1,396,400,Pass
7,0.017193863,"[0.1660724, 0.1666672, 0.16636074, 0.16678534, 0.16695191, 0.16716243]",3943043,772,Spain,1,171,182,Pass
63,0.017172307,"[0.16642809, 0.1665169, 0.16622683, 0.1666684, 0.16681759, 0.16734225]",3943043,768,England,1,2345,2353,Pass
43,0.01712022,"[0.16646373, 0.16689108, 0.16682012, 0.16655548, 0.16661617, 0.16665347]",3943043,772,Spain,1,1595,1602,Pass
130,0.017111782,"[0.16667525, 0.16698712, 0.16660094, 0.1668086, 0.16643304, 0.16649504]",3943043,772,Spain,2,4900,4906,Pass
9,0.017103516,"[0.16663933, 0.16655554, 0.16668817, 0.16657168, 0.16686615, 0.16667917]",3943043,772,Spain,1,210,217,Pass
64,0.017093647,"[0.16641946, 0.16645329, 0.16631818, 0.16679461, 0.16697621, 0.16703819]",3943043,772,Spain,1,2377,2387,Pass
12,0.017080937,"[0.16647726, 0.16677739, 0.16630305, 0.16657005, 0.16715716, 0.16671501]",3943043,772,Spain,1,358,365,Pass
50,0.017075691,"[0.16653591, 0.16685726, 0.16653982, 0.16683619, 0.16681077, 0.16642009]",3943043,772,Spain,1,1768,1780,Pass
130,0.017029151,"[0.1666826, 0.16674018, 0.166481, 0.16637333, 0.16717492, 0.16654797]",3943043,772,Spain,2,4899,4905,Pass
97,0.016939653,"[0.16686401, 0.16686112, 0.16696842, 0.16680352, 0.16680837, 0.16569449]",3943043,772,Spain,2,3500,3508,Pass
58,0.016926102,"[0.1665806, 0.16670592, 0.16668813, 0.16652101, 0.16686481, 0.16663961]",3943043,772,Spain,1,2104,2112,Pass
43,0.016909664,"[0.16671422, 0.16680954, 0.16605625, 0.166963, 0.16693512, 0.16652183]",3943043,772,Spain,1,1590,1595,Pass
98,0.016904246,"[0.16644762, 0.16678761, 0.16649632, 0.16675332, 0.1665374, 0.16697766]",3943043,768,England,2,3548,3558,Pass
32,0.016901318,"[0.16681375, 0.16680367, 0.16655603, 0.1665671, 0.16677342, 0.16648605]",3943043,772,Spain,1,1172,1183,Pass
89,0.016891632,"[0.1666226, 0.16708636, 0.16707851, 0.1666993, 0.16611218, 0.16640104]",3943043,768,England,2,3056,3062,Pass
43,0.016891195,"[0.1667681, 0.16672775, 0.16641454, 0.16665863, 0.16700274, 0.16642813]",3943043,772,Spain,1,1579,1592,Pass
67,0.016889984,"[0.16655955, 0.16669874, 0.16682504, 0.16681445, 0.16700944, 0.1660928]",3943043,772,Spain,1,2478,2484,Pass
123,0.01688091,"[0.16655542, 0.16681638, 0.16668196, 0.16694412, 0.1668406, 0.16616143]",3943043,772,Spain,2,4615,4622,Pass
32,0.016842434,"[0.16683431, 0.16628154, 0.16658598, 0.16702381, 0.16680734, 0.166467]",3943043,772,Spain,1,1196,1203,Foul
137,0.016834961,"[0.16641009, 0.16660424, 0.16788585, 0.16655745, 0.16525428, 0.16728814]",3943043,768,England,2,5260,5272,Pass
120,0.016825587,"[0.16667451, 0.16689542, 0.1671166, 0.16678411, 0.16657531, 0.16595404]",3943043,768,England,2,4428,4438,Pass
91,0.016811334,"[0.16664214, 0.16663903, 0.1662773, 0.16672525, 0.16657984, 0.16713648]",3943043,772,Spain,2,3236,3244,Pass
66,0.016798394,"[0.16671336, 0.16682188, 0.16657838, 0.16673978, 0.16653228, 0.16661437]",3943043,768,England,1,2442,2449,Pass
133,0.01679723,"[0.16649497, 0.16664703, 0.16691293, 0.16683051, 0.16666164, 0.16645305]",3943043,772,Spain,2,5004,5014,Pass
92,0.016789293,"[0.1666893, 0.1672505, 0.16614188, 0.16631368, 0.16673441, 0.16687018]",3943043,772,Spain,2,3277,3284,Pass
34,0.016785754,"[0.16730735, 0.16687179, 0.16646044, 0.16754523, 0.16515474, 0.16666034]",3943043,768,England,1,1308,1318,Pass
130,0.016784323,"[0.166714, 0.16664118, 0.16676593, 0.16664763, 0.16674209, 0.16648918]",3943043,772,Spain,2,4914,4922,Pass
63,0.016775744,"[0.16633108, 0.16659044, 0.16686301, 0.16678509, 0.16674037, 0.16668995]",3943043,768,England,1,2334,2344,Pass
44,0.016766097,"[0.16700734, 0.16635165, 0.16586144, 0.16711721, 0.16653064, 0.16713169]",3943043,772,Spain,1,1632,1640,Pass
123,0.016748203,"[0.16652459, 0.16673784, 0.1665495, 0.16643889, 0.1666038, 0.16714536]",3943043,772,Spain,2,4616,4625,Pass
67,0.01672528,"[0.1665711, 0.16656849, 0.16667557, 0.16658986, 0.1668633, 0.16673167]",3943043,772,Spain,1,2475,2481,Pass
19,0.01671044,"[0.16742711, 0.16606818, 0.16640224, 0.16660284, 0.16710791, 0.16639169]",3943043,768,England,1,557,569,Foul
27,0.016652724,"[0.16656885, 0.16667, 0.16672666, 0.16687848, 0.16711289, 0.16604319]",3943043,768,England,1,938,947,Pass
27,0.016652467,"[0.16640814, 0.16625, 0.16641499, 0.16693702, 0.16690995, 0.16707994]",3943043,768,England,1,987,996,Pass
130,0.016650133,"[0.16662994, 0.16700771, 0.16682437, 0.16685697, 0.1664317, 0.16624932]",3943043,772,Spain,2,4903,4910,Pass
36,0.01664421,"[0.16581763, 0.16679315, 0.16734713, 0.16685963, 0.16664976, 0.16653264]",3943043,772,Spain,1,1348,1354,Pass
30,0.016643506,"[0.16666262, 0.1666601, 0.16685307, 0.16652526, 0.16677508, 0.16652387]",3943043,772,Spain,1,1102,1116,Pass
123,0.016531851,"[0.16660312, 0.16685206, 0.16710636, 0.16670892, 0.16656698, 0.1661626]",3943043,772,Spain,2,4589,4599,Pass
123,0.016516617,"[0.1663229, 0.16678357, 0.16678323, 0.16706774, 0.1665337, 0.16650881]",3943043,772,Spain,2,4634,4643,Pass
120,0.01648457,"[0.16724311, 0.16735972, 0.16608192, 0.16727984, 0.16613635, 0.16589898]",3943043,768,England,2,4431,4439,Pass
43,0.016451033,"[0.16608062, 0.16639197, 0.16642848, 0.16697568, 0.16636181, 0.1677615]",3943043,772,Spain,1,1581,1593,Pass
9,0.01642536,"[0.16627783, 0.16680604, 0.16641317, 0.16680618, 0.16659495, 0.16710182]",3943043,772,Spain,1,206,215,Pass
123,0.016408421,"[0.16665329, 0.16670729, 0.16678685, 0.1666756, 0.1665979, 0.16657905]",3943043,772,Spain,2,4586,4595,Pass
12,0.016392166,"[0.16619727, 0.16669816, 0.16675419, 0.16686702, 0.16674778, 0.16673563]",3943043,772,Spain,1,390,396,Pass
113,0.016378473,"[0.16657336, 0.16666166, 0.16663505, 0.1666784, 0.16698453, 0.16646703]",3943043,772,Spain,2,4233,4242,Pass
64,0.016368162,"[0.16695493, 0.16692875, 0.16659732, 0.16674446, 0.16636884, 0.16640565]",3943043,772,Spain,1,2395,2402,Pass
43,0.016334228,"[0.16671132, 0.16650525, 0.16669042, 0.16662058, 0.1668478, 0.16662462]",3943043,772,Spain,1,1573,1581,Pass
97,0.016333163,"[0.16678376, 0.16687165, 0.16696657, 0.1664886, 0.16643894, 0.16645041]",3943043,772,Spain,2,3504,3516,Pass
27,0.016278628,"[0.16626504, 0.1665283, 0.16614957, 0.16712947, 0.16694543, 0.16698214]",3943043,768,England,1,996,1002,Pass
8,0.016268222,"[0.16550885, 0.16651802, 0.16596508, 0.16723767, 0.16666494, 0.16810547]",3943043,768,England,1,189,200,Pass
58,0.016242001,"[0.16646864, 0.16650803, 0.16642553, 0.16704074, 0.16686834, 0.16668871]",3943043,772,Spain,1,2100,2111,Pass
32,0.016217176,"[0.16687705, 0.16678564, 0.16671917, 0.16655485, 0.1664843, 0.16657898]",3943043,772,Spain,1,1229,1236,Pass
30,0.016199652,"[0.16669546, 0.1665721, 0.16688348, 0.16674489, 0.16688162, 0.16622245]",3943043,772,Spain,1,1104,1121,Pass
123,0.016175805,"[0.16616665, 0.16666189, 0.16708033, 0.16734304, 0.16632904, 0.16641903]",3943043,772,Spain,2,4582,4592,Pass
123,0.016174827,"[0.16676435, 0.16678433, 0.16667289, 0.16641173, 0.16683048, 0.16653627]",3943043,772,Spain,2,4613,4619,Pass
123,0.016145835,"[0.16666876, 0.16679294, 0.16672064, 0.16667064, 0.16655116, 0.16659586]",3943043,772,Spain,2,4630,4635,Pass
63,0.016119909,"[0.16618338, 0.16671297, 0.16661815, 0.16695623, 0.16673465, 0.16679461]",3943043,768,England,1,2348,2356,Pass
98,0.01610388,"[0.16662896, 0.166537, 0.16666381, 0.1666923, 0.16685179, 0.16662617]",3943043,768,England,2,3550,3561,Pass
91,0.016083177,"[0.16618574, 0.16655074, 0.16644536, 0.16708536, 0.16670375, 0.16702908]",3943043,772,Spain,2,3233,3241,Pass
58,0.016076637,"[0.16669568, 0.16689001, 0.16650791, 0.1667608, 0.1668686, 0.166277]",3943043,772,Spain,1,2120,2129,Pass
31,0.016070064,"[0.16693941, 0.16689041, 0.1666947, 0.1668325, 0.16685404, 0.16578893]",3943043,768,England,1,1130,1152,Pass
12,0.016009675,"[0.16661195, 0.16685969, 0.16681187, 0.16689196, 0.16649237, 0.16633217]",3943043,772,Spain,1,332,336,Pass
87,0.016001895,"[0.16663922, 0.1668157, 0.16671103, 0.16660981, 0.16661058, 0.16661364]",3943043,768,England,2,2975,2983,Pass
58,0.015997302,"[0.16684419, 0.16670756, 0.16658275, 0.16659537, 0.16676515, 0.16650502]",3943043,772,Spain,1,2115,2125,Pass
120,0.015985887,"[0.16652507, 0.16688958, 0.16673821, 0.16688906, 0.16692019, 0.16603793]",3943043,768,England,2,4427,4435,Pass
102,0.015957862,"[0.16655234, 0.16662693, 0.1667343, 0.16692786, 0.16669375, 0.1664648]",3943043,768,England,2,3862,3868,Pass
123,0.01594094,"[0.16656134, 0.1666191, 0.16667545, 0.16677822, 0.16655499, 0.1668109]",3943043,772,Spain,2,4603,4615,Pass
86,0.01594058,"[0.19994919, 0.19957398, 0.19951242, 0.19959828, 0.20136616, 0.0]",3943043,768,England,2,2960,2963,Pass
65,0.015919272,"[0.1663296, 0.16667463, 0.16665147, 0.16688499, 0.16640319, 0.16705604]",3943043,772,Spain,1,2426,2434,Pass
91,0.015913574,"[0.16664748, 0.16638239, 0.16665046, 0.16634798, 0.16711155, 0.16686022]",3943043,772,Spain,2,3238,3244,Pass
12,0.01590986,"[0.16616172, 0.16639449, 0.16671145, 0.16697761, 0.16696212, 0.16679262]",3943043,772,Spain,1,350,360,Pass
97,0.015897041,"[0.16674623, 0.16638915, 0.16686802, 0.16623606, 0.16689031, 0.16687024]",3943043,772,Spain,2,3489,3498,Pass
9,0.015870836,"[0.1663708, 0.1665709, 0.16653, 0.16684704, 0.16679426, 0.166887]",3943043,772,Spain,1,212,218,Pass
133,0.01584734,"[0.16654962, 0.16674308, 0.16668648, 0.1665949, 0.16684541, 0.16658054]",3943043,772,Spain,2,5000,5011,Pass
66,0.0158473,"[0.16674623, 0.1667843, 0.1664472, 0.16666788, 0.16636755, 0.16698682]",3943043,768,England,1,2443,2450,Pass
4,0.015836995,"[0.16669855, 0.16658546, 0.166581, 0.16679011, 0.16681181, 0.16653301]",3943043,772,Spain,1,56,59,Pass
67,0.015803564,"[0.16637492, 0.16665247, 0.16654657, 0.16673407, 0.16668794, 0.16700408]",3943043,772,Spain,1,2474,2480,Pass
12,0.015772305,"[0.16674897, 0.16694349, 0.16688171, 0.1666424, 0.16658716, 0.16619627]",3943043,772,Spain,1,365,376,Pass
98,0.015765125,"[0.16680579, 0.1668862, 0.166812, 0.16655715, 0.16662447, 0.16631441]",3943043,768,England,2,3589,3596,Pass
12,0.015720814,"[0.16681182, 0.16658358, 0.16688111, 0.16682994, 0.16634135, 0.16655213]",3943043,772,Spain,1,330,335,Pass
97,0.015719881,"[0.16685006, 0.16689675, 0.16722439, 0.16670439, 0.16634884, 0.16597563]",3943043,772,Spain,2,3514,3520,Pass
114,0.015705386,"[0.19975175, 0.19994298, 0.2000088, 0.19970904, 0.20058751, 0.0]",3943043,768,England,2,4293,4303,Pass
123,0.015682442,"[0.16653399, 0.16665825, 0.16687083, 0.1667998, 0.16665156, 0.16648558]",3943043,772,Spain,2,4622,4631,Pass
21,0.015659327,"[0.16648686, 0.16682836, 0.16660228, 0.16663586, 0.16666771, 0.16677897]",3943043,772,Spain,1,651,657,Pass
91,0.015651185,"[0.16697443, 0.16656822, 0.16655731, 0.16673791, 0.16659924, 0.16656286]",3943043,772,Spain,2,3198,3208,Pass
7,0.015646782,"[0.16655776, 0.16658708, 0.16674086, 0.16680954, 0.1670693, 0.16623557]",3943043,772,Spain,1,175,183,Pass
87,0.015626833,"[0.16658486, 0.16649184, 0.16665627, 0.16649935, 0.16706164, 0.16670592]",3943043,768,England,2,2978,2985,Pass
113,0.015605031,"[0.16657023, 0.16666597, 0.16670226, 0.16655715, 0.16692771, 0.16657656]",3943043,772,Spain,2,4230,4233,Pass
58,0.015602734,"[0.1667142, 0.16669044, 0.1667659, 0.16663735, 0.16662897, 0.16656314]",3943043,772,Spain,1,2118,2127,Pass
12,0.015586023,"[0.16658115, 0.16668281, 0.16674364, 0.16653964, 0.16682728, 0.16662546]",3943043,772,Spain,1,310,315,Pass
12,0.015551938,"[0.16677994, 0.16674243, 0.16680187, 0.16667268, 0.16658935, 0.16641375]",3943043,772,Spain,1,370,380,Pass
12,0.015547253,"[0.16675158, 0.16683236, 0.1668145, 0.16663902, 0.16649213, 0.16647051]",3943043,772,Spain,1,411,420,Pass
91,0.015529431,"[0.16627717, 0.16651244, 0.16626765, 0.16631734, 0.16677172, 0.16785371]",3943043,772,Spain,2,3177,3182,Pass
97,0.01552131,"[0.1661261, 0.16653845, 0.16626655, 0.16656125, 0.16790035, 0.16660738]",3943043,772,Spain,2,3498,3506,Pass
125,0.015497574,"[0.16643436, 0.16649471, 0.1667593, 0.16670191, 0.1668757, 0.16673395]",3943043,772,Spain,2,4751,4758,Pass
97,0.015481948,"[0.16673875, 0.16683832, 0.1666451, 0.16679022, 0.16649538, 0.16649218]",3943043,772,Spain,2,3516,3521,Pass
91,0.015430296,"[0.16684361, 0.16677669, 0.16644527, 0.16646, 0.16726002, 0.16621447]",3943043,772,Spain,2,3198,3205,Pass
63,0.015425185,"[0.16665393, 0.16669211, 0.16670059, 0.16659738, 0.16672483, 0.1666311]",3943043,768,England,1,2336,2345,Pass
58,0.015420857,"[0.16661768, 0.1666697, 0.16683061, 0.1667031, 0.16661096, 0.166568]",3943043,772,Spain,1,2112,2118,Pass
89,0.015413268,"[0.16677731, 0.16678068, 0.16688076, 0.16645448, 0.16669881, 0.1664079]",3943043,768,England,2,3054,3060,Pass
81,0.015408916,"[0.16644232, 0.16652119, 0.1665685, 0.16668725, 0.16669866, 0.16708206]",3943043,772,Spain,2,2752,2762,Pass
66,0.015388459,"[0.16659269, 0.1668445, 0.16657394, 0.16643697, 0.16696373, 0.16658816]",3943043,768,England,1,2445,2451,Pass
97,0.015373003,"[0.166536, 0.16691798, 0.16682011, 0.16675654, 0.16658446, 0.16638477]",3943043,772,Spain,2,3517,3522,Pass
43,0.015323773,"[0.16640665, 0.16681027, 0.16657095, 0.16684578, 0.16664043, 0.16672592]",3943043,772,Spain,1,1574,1590,Pass
127,0.015300778,"[0.16666295, 0.1666642, 0.16673903, 0.16666752, 0.16670927, 0.16655691]",3943043,772,Spain,2,4816,4830,Pass
43,0.015298044,"[0.16655618, 0.16654232, 0.16675597, 0.16671868, 0.16672845, 0.16669846]",3943043,772,Spain,1,1574,1590,Pass
65,0.01526189,"[0.16698875, 0.16668805, 0.16685694, 0.1656614, 0.16709793, 0.16670696]",3943043,772,Spain,1,2430,2436,Pass
19,0.015256641,"[0.1668461, 0.16696736, 0.16758505, 0.167142, 0.16543455, 0.16602495]",3943043,768,England,1,550,565,Pass
64,0.015226157,"[0.16693681, 0.16701467, 0.16698001, 0.16700369, 0.16616333, 0.16590147]",3943043,772,Spain,1,2398,2407,Pass
61,0.015223641,"[0.16645208, 0.16673274, 0.16675957, 0.16634549, 0.16744207, 0.16626807]",3943043,768,England,1,2311,2317,Pass
123,0.015217656,"[0.16659638, 0.16680634, 0.16661634, 0.16652788, 0.16646132, 0.16699171]",3943043,772,Spain,2,4626,4633,Pass
123,0.015206305,"[0.1664818, 0.16668837, 0.16683778, 0.16681631, 0.16666402, 0.16651174]",3943043,772,Spain,2,4631,4637,Pass
32,0.015198812,"[0.16642874, 0.16677494, 0.1666867, 0.16666222, 0.16661601, 0.16683145]",3943043,772,Spain,1,1167,1169,Foul
92,0.015196034,"[0.16649804, 0.16678403, 0.16686483, 0.16675071, 0.16666831, 0.16643408]",3943043,772,Spain,2,3284,3291,Pass
63,0.015184198,"[0.16667041, 0.16663162, 0.1666404, 0.16649806, 0.16688657, 0.16667299]",3943043,768,England,1,2344,2351,Pass
134,0.015153721,"[0.16670513, 0.16670541, 0.16668956, 0.16662261, 0.16666368, 0.16661356]",3943043,772,Spain,2,5080,5090,Pass
59,0.015149973,"[0.33281636, 0.33340785, 0.33377573, 0.0, 0.0, 0.0]",3943043,768,England,1,2193,2198,Pass
64,0.015137024,"[0.16682261, 0.16677845, 0.16682005, 0.1666278, 0.16649774, 0.16645344]",3943043,772,Spain,1,2392,2397,Pass
58,0.015135315,"[0.16666678, 0.16677342, 0.16666904, 0.16670343, 0.16648455, 0.16670285]",3943043,772,Spain,1,2129,2135,Pass
62,0.015124113,"[0.16676569, 0.16696323, 0.16679475, 0.16583227, 0.1668516, 0.16679248]",3943043,772,Spain,1,2325,2330,Pass
32,0.015088695,"[0.16669261, 0.16690275, 0.16690847, 0.16668403, 0.16648953, 0.1663226]",3943043,772,Spain,1,1169,1171,Foul
27,0.015083076,"[0.16611211, 0.16655442, 0.16643384, 0.16706881, 0.16704108, 0.16678974]",3943043,768,England,1,939,949,Pass
123,0.01506108,"[0.16613661, 0.1666233, 0.16655672, 0.1666802, 0.16717915, 0.166824]",3943043,772,Spain,2,4578,4589,Pass
12,0.015045305,"[0.16656828, 0.16666478, 0.1667451, 0.16661504, 0.16676858, 0.16663818]",3943043,772,Spain,1,402,409,Pass
90,0.015038678,"[0.1679045, 0.16727963, 0.16746978, 0.16699763, 0.16536888, 0.16497949]",3943043,772,Spain,2,3109,3118,Pass
32,0.015020231,"[0.16664016, 0.16666384, 0.16676107, 0.16660848, 0.16671099, 0.16661535]",3943043,772,Spain,1,1211,1220,Pass
94,0.014979623,"[0.16655755, 0.1665629, 0.16661273, 0.16652215, 0.16726892, 0.1664758]",3943043,768,England,2,3398,3403,Pass
91,0.014935504,"[0.16656087, 0.16676831, 0.16657886, 0.16639617, 0.16701502, 0.16668072]",3943043,772,Spain,2,3244,3250,Pass
127,0.0149111,"[0.16657753, 0.16676576, 0.16672152, 0.16645771, 0.16683637, 0.1666412]",3943043,772,Spain,2,4836,4848,Pass
62,0.01488727,"[0.16692396, 0.16688377, 0.16676927, 0.16670707, 0.16611701, 0.1665989]",3943043,772,Spain,1,2324,2330,Pass
123,0.014879517,"[0.16663174, 0.1667534, 0.16661543, 0.1666533, 0.16671905, 0.16662712]",3943043,772,Spain,2,4575,4584,Pass
43,0.014873473,"[0.1670302, 0.16718997, 0.16602015, 0.16715606, 0.16612644, 0.1664771]",3943043,772,Spain,1,1591,1596,Pass
32,0.014871014,"[0.16643392, 0.1668997, 0.16667528, 0.16678952, 0.16650414, 0.16669746]",3943043,772,Spain,1,1213,1227,Pass
123,0.01485095,"[0.1667611, 0.16671424, 0.16665976, 0.16657917, 0.16677958, 0.16650622]",3943043,772,Spain,2,4628,4634,Pass
64,0.014840342,"[0.16642421, 0.16689712, 0.16669011, 0.167045, 0.16646154, 0.16648194]",3943043,772,Spain,1,2379,2389,Pass
27,0.014805656,"[0.16638905, 0.16670272, 0.16690174, 0.166844, 0.16686949, 0.16629297]",3943043,768,England,1,999,1003,Pass
123,0.014792226,"[0.1667002, 0.16678339, 0.16663712, 0.16677952, 0.16662163, 0.16647811]",3943043,772,Spain,2,4591,4600,Pass
134,0.0147728445,"[0.16658306, 0.16662917, 0.1664782, 0.166763, 0.16692463, 0.16662186]",3943043,772,Spain,2,5079,5089,Pass
27,0.014754599,"[0.16666745, 0.16657391, 0.16679518, 0.16650218, 0.1668848, 0.16657643]",3943043,768,England,1,943,949,Pass
12,0.014739613,"[0.16676746, 0.16656204, 0.16689791, 0.16658734, 0.1665177, 0.16666761]",3943043,772,Spain,1,309,314,Pass
64,0.014736757,"[0.16645704, 0.1669235, 0.1666292, 0.16664888, 0.166835, 0.16650632]",3943043,772,Spain,1,2397,2405,Pass
113,0.014734036,"[0.16650508, 0.1665251, 0.16665792, 0.16673614, 0.16684249, 0.16673326]",3943043,772,Spain,2,4232,4239,Pass
92,0.014721834,"[0.16708367, 0.16668934, 0.16653974, 0.16660266, 0.16681547, 0.1662691]",3943043,772,Spain,2,3278,3285,Pass
12,0.01464941,"[0.16702361, 0.16679752, 0.16667306, 0.16666397, 0.16658175, 0.16626006]",3943043,772,Spain,1,369,379,Pass
98,0.0146426475,"[0.166704, 0.16648984, 0.16669092, 0.16631816, 0.16703388, 0.16676314]",3943043,768,England,2,3587,3593,Pass
32,0.014628208,"[0.16650857, 0.16666877, 0.16660862, 0.16620965, 0.1670046, 0.16699979]",3943043,772,Spain,1,1160,1169,Pass
64,0.0146260625,"[0.16665888, 0.16688666, 0.16679527, 0.16670646, 0.16658856, 0.16636421]",3943043,772,Spain,1,2395,2400,Pass
7,0.014599108,"[0.16661622, 0.16690737, 0.16590607, 0.16617368, 0.16678159, 0.16761518]",3943043,772,Spain,1,177,185,Pass
67,0.014593997,"[0.16648252, 0.16673261, 0.16664939, 0.16684659, 0.16656883, 0.16672005]",3943043,772,Spain,1,2479,2484,Pass
125,0.014575802,"[0.16687252, 0.166657, 0.16679958, 0.16681102, 0.16630128, 0.16655855]",3943043,772,Spain,2,4739,4751,Pass
19,0.014542278,"[0.1670401, 0.16729511, 0.16710463, 0.16628902, 0.16655307, 0.16571797]",3943043,768,England,1,552,568,Pass
30,0.014528774,"[0.166698, 0.1667596, 0.16661566, 0.1666301, 0.1667078, 0.16658886]",3943043,772,Spain,1,1101,1115,Pass
29,0.014505178,"[0.16659741, 0.1666847, 0.1667684, 0.16661754, 0.16674763, 0.16658436]",3943043,772,Spain,1,1066,1076,Pass
32,0.014480035,"[0.16664983, 0.16668738, 0.16674156, 0.166605, 0.16673768, 0.16657852]",3943043,772,Spain,1,1219,1230,Pass
92,0.014469791,"[0.16674843, 0.1668387, 0.1668283, 0.16661866, 0.1665946, 0.16637132]",3943043,772,Spain,2,3276,3283,Pass
127,0.014453523,"[0.16667764, 0.1666768, 0.1667742, 0.16666678, 0.1666246, 0.16658]",3943043,772,Spain,2,4822,4838,Pass
12,0.0144487005,"[0.16649662, 0.16680306, 0.16666438, 0.16669454, 0.16658258, 0.16675878]",3943043,772,Spain,1,311,316,Pass
12,0.014414862,"[0.16654107, 0.16699609, 0.16684413, 0.16683781, 0.16626252, 0.1665183]",3943043,772,Spain,1,341,351,Pass
32,0.014405837,"[0.16627945, 0.16661814, 0.16727221, 0.16636214, 0.16672239, 0.16674569]",3943043,772,Spain,1,1169,1170,Foul
91,0.014405464,"[0.16673721, 0.16671605, 0.16660306, 0.16655299, 0.1665961, 0.16679458]",3943043,772,Spain,2,3244,3250,Pass
32,0.014383262,"[0.16663104, 0.16658589, 0.1661375, 0.16666281, 0.16734831, 0.16663453]",3943043,772,Spain,1,1161,1169,Pass
58,0.0143761,"[0.16661043, 0.16665938, 0.16669811, 0.16667031, 0.16667792, 0.16668393]",3943043,772,Spain,1,2127,2132,Pass
125,0.014364751,"[0.16666365, 0.1668935, 0.16673996, 0.16683784, 0.16638048, 0.16648458]",3943043,772,Spain,2,4748,4753,Pass
123,0.0143551845,"[0.16652022, 0.16677018, 0.16652735, 0.16722213, 0.16611333, 0.16684674]",3943043,772,Spain,2,4580,4591,Pass
19,0.0143551715,"[0.16717185, 0.16718322, 0.16670065, 0.1665771, 0.1658969, 0.16647029]",3943043,768,England,1,555,569,Pass
125,0.014343735,"[0.1667294, 0.16675973, 0.16675135, 0.16686961, 0.1663931, 0.16649671]",3943043,772,Spain,2,4750,4756,Pass
92,0.014341159,"[0.16648933, 0.1665894, 0.16674566, 0.1666082, 0.1670023, 0.1665651]",3943043,772,Spain,2,3267,3279,Pass
36,0.014294988,"[0.16672988, 0.16675732, 0.16665016, 0.16693242, 0.16645205, 0.16647813]",3943043,772,Spain,1,1349,1358,Pass
12,0.014289627,"[0.16666064, 0.16669574, 0.16672255, 0.16661374, 0.16670828, 0.16659911]",3943043,772,Spain,1,390,397,Pass
4,0.014281166,"[0.16655552, 0.16672078, 0.16672334, 0.16653945, 0.16678348, 0.1666775]",3943043,772,Spain,1,68,84,Pass
97,0.0142782675,"[0.166565, 0.1667329, 0.16662796, 0.16633298, 0.16695666, 0.1667845]",3943043,772,Spain,2,3497,3504,Pass
62,0.014273858,"[0.16641355, 0.16652162, 0.16649029, 0.16688699, 0.16735266, 0.16633496]",3943043,772,Spain,1,2323,2329,Pass
32,0.0142600555,"[0.16669609, 0.16636294, 0.16662619, 0.1668354, 0.16697595, 0.16650341]",3943043,772,Spain,1,1166,1169,Foul
84,0.014258605,"[0.16659999, 0.1667926, 0.16654974, 0.16667244, 0.16679612, 0.16658919]",3943043,768,England,2,2941,2950,Pass
12,0.014243838,"[0.16666625, 0.16675746, 0.16683263, 0.1667072, 0.16664872, 0.16638789]",3943043,772,Spain,1,409,418,Pass
27,0.0142240655,"[0.16664825, 0.16677903, 0.16670129, 0.1666135, 0.16678526, 0.16647261]",3943043,768,England,1,995,1001,Pass
56,0.014218634,"[0.16680717, 0.16683546, 0.16658156, 0.16662149, 0.16664493, 0.16650943]",3943043,772,Spain,1,1969,1981,Pass
52,0.014208981,"[0.1669121, 0.16676606, 0.16669933, 0.16661403, 0.16668464, 0.16632392]",3943043,768,England,1,1896,1903,Foul
98,0.014200574,"[0.16660361, 0.16660488, 0.16672981, 0.16650382, 0.16691776, 0.16664019]",3943043,768,England,2,3591,3597,Pass
64,0.014187267,"[0.16671832, 0.16666836, 0.16663808, 0.16649969, 0.16681518, 0.1666604]",3943043,772,Spain,1,2382,2390,Pass
58,0.014172491,"[0.1665431, 0.16664691, 0.16681004, 0.16684663, 0.16661456, 0.16653873]",3943043,772,Spain,1,2107,2115,Pass
98,0.01417046,"[0.16676977, 0.16680194, 0.16669056, 0.16643618, 0.16671287, 0.1665888]",3943043,768,England,2,3541,3554,Pass
113,0.014161558,"[0.16655256, 0.166812, 0.16684505, 0.16688113, 0.16618942, 0.16671982]",3943043,772,Spain,2,4233,4243,Pass
123,0.014121471,"[0.16651389, 0.16683379, 0.16687593, 0.16676928, 0.16665654, 0.1663506]",3943043,772,Spain,2,4604,4616,Pass
123,0.014039125,"[0.16671298, 0.16680646, 0.16680187, 0.1667181, 0.16644612, 0.16651441]",3943043,772,Spain,2,4584,4594,Pass
15,0.014025299,"[0.16636427, 0.16684118, 0.16679004, 0.16664024, 0.16681406, 0.16655019]",3943043,772,Spain,1,470,477,Pass
63,0.01402499,"[0.16672133, 0.16675395, 0.16652705, 0.16661713, 0.1665593, 0.16682126]",3943043,768,England,1,2342,2350,Pass
17,0.014020669,"[0.16668347, 0.16664271, 0.16679178, 0.1666282, 0.1667771, 0.16647671]",3943043,772,Spain,1,499,504,Pass
27,0.014004815,"[0.16651034, 0.16658807, 0.16676177, 0.16686314, 0.16701902, 0.16625763]",3943043,768,England,1,918,930,Pass
127,0.0139994025,"[0.16639091, 0.16686742, 0.16636972, 0.16685142, 0.16668439, 0.16683605]",3943043,772,Spain,2,4838,4854,Pass
64,0.013971359,"[0.16686119, 0.16702133, 0.16675387, 0.16664484, 0.16653241, 0.16618639]",3943043,772,Spain,1,2390,2395,Pass
21,0.013943316,"[0.16691767, 0.1664, 0.1666401, 0.1667176, 0.16673043, 0.16659422]",3943043,772,Spain,1,656,665,Pass
67,0.01394278,"[0.1667375, 0.1667019, 0.16671331, 0.16640952, 0.16688846, 0.16654928]",3943043,772,Spain,1,2480,2485,Pass
103,0.013938244,"[0.332927, 0.3333708, 0.3337022, 0.0, 0.0, 0.0]",3943043,772,Spain,2,3905,3908,Pass
99,0.01392008,"[0.16669355, 0.16706437, 0.16678862, 0.16705033, 0.16611639, 0.16628683]",3943043,768,England,2,3673,3682,Pass
63,0.013867888,"[0.16660781, 0.16665855, 0.16669977, 0.16665906, 0.16660096, 0.16677387]",3943043,768,England,1,2350,2356,Pass
12,0.0138631975,"[0.16659448, 0.16680822, 0.1666935, 0.16677724, 0.1664742, 0.16665235]",3943043,772,Spain,1,400,407,Pass
120,0.013860508,"[0.1670115, 0.1665441, 0.16671689, 0.16668086, 0.16642387, 0.16662283]",3943043,768,England,2,4433,4442,Pass
91,0.013845088,"[0.16666307, 0.16668531, 0.16661003, 0.16656566, 0.16721715, 0.1662588]",3943043,772,Spain,2,3177,3183,Pass
9,0.013841854,"[0.16657482, 0.16669664, 0.16668676, 0.16664293, 0.16679038, 0.1666085]",3943043,772,Spain,1,232,239,Pass
123,0.013839855,"[0.1670359, 0.1667322, 0.16669609, 0.16636412, 0.16669156, 0.16648011]",3943043,772,Spain,2,4605,4617,Pass
125,0.013822643,"[0.16648078, 0.16689631, 0.16683409, 0.16665201, 0.16665907, 0.16647777]",3943043,772,Spain,2,4749,4755,Pass
63,0.0138193015,"[0.16654183, 0.16677758, 0.16646142, 0.16661997, 0.16687311, 0.16672619]",3943043,768,England,1,2351,2357,Pass
44,0.013795873,"[0.16669822, 0.16667598, 0.16674668, 0.16663812, 0.16670702, 0.16653393]",3943043,772,Spain,1,1612,1621,Pass
12,0.013716087,"[0.16639948, 0.16668287, 0.16670339, 0.16689786, 0.16657032, 0.16674607]",3943043,772,Spain,1,407,416,Pass
12,0.013678608,"[0.16677877, 0.16687548, 0.16657884, 0.16667168, 0.16660555, 0.1664896]",3943043,772,Spain,1,398,405,Pass
32,0.013650011,"[0.16673306, 0.16673887, 0.16670847, 0.16658314, 0.16663755, 0.16659895]",3943043,772,Spain,1,1217,1228,Pass
113,0.013644623,"[0.16641922, 0.1665921, 0.16664545, 0.166828, 0.1667144, 0.16680083]",3943043,772,Spain,2,4231,4237,Pass
12,0.013630851,"[0.16666387, 0.1665796, 0.16665268, 0.16657981, 0.16682568, 0.16669838]",3943043,772,Spain,1,400,407,Pass
58,0.01362616,"[0.16658187, 0.1666843, 0.1665961, 0.16690156, 0.1665501, 0.16668606]",3943043,772,Spain,1,2113,2120,Pass
63,0.013596569,"[0.16652858, 0.16678734, 0.16673377, 0.1667082, 0.16675198, 0.1664901]",3943043,768,England,1,2354,2360,Pass
98,0.013581118,"[0.1663382, 0.16662763, 0.16687009, 0.16684532, 0.16671956, 0.16659932]",3943043,768,England,2,3554,3564,Pass
81,0.013573632,"[0.1663304, 0.16680153, 0.16650762, 0.16646482, 0.16699173, 0.16690397]",3943043,772,Spain,2,2739,2751,Pass
58,0.013558656,"[0.16654947, 0.16673298, 0.16649017, 0.16682959, 0.1667703, 0.16662751]",3943043,772,Spain,1,2111,2115,Pass
97,0.01355578,"[0.16652265, 0.16633053, 0.16668876, 0.16679919, 0.16680197, 0.16685694]",3943043,772,Spain,2,3494,3503,Pass
123,0.013552496,"[0.16669945, 0.16672012, 0.16678524, 0.1666598, 0.16662186, 0.1665135]",3943043,772,Spain,2,4625,4632,Pass
58,0.013549319,"[0.16656096, 0.16659805, 0.16673833, 0.16654833, 0.16682239, 0.16673194]",3943043,772,Spain,1,2101,2112,Pass
32,0.013548465,"[0.16656755, 0.16657867, 0.16677098, 0.16659412, 0.1668751, 0.16661353]",3943043,772,Spain,1,1209,1218,Pass
36,0.013544437,"[0.16653301, 0.16671114, 0.16671254, 0.16672081, 0.1668271, 0.16649544]",3943043,772,Spain,1,1349,1358,Pass
60,0.01353403,"[0.16658482, 0.16683233, 0.16652688, 0.16672601, 0.16648805, 0.16684192]",3943043,772,Spain,1,2257,2262,Pass
120,0.013532907,"[0.16690819, 0.16640535, 0.16652928, 0.1663564, 0.16725941, 0.1665414]",3943043,768,England,2,4435,4443,Pass
117,0.013527166,"[0.1665627, 0.16651031, 0.16656089, 0.16676244, 0.16657294, 0.1670307]",3943043,768,England,2,4315,4318,Foul
12,0.013522913,"[0.1665966, 0.16677305, 0.16653275, 0.16672587, 0.16660643, 0.1667653]",3943043,772,Spain,1,382,390,Pass
4,0.013499443,"[0.16656427, 0.16669047, 0.1665611, 0.16666515, 0.16677818, 0.16674083]",3943043,772,Spain,1,57,59,Pass
15,0.01348646,"[0.16654794, 0.1666383, 0.16662593, 0.16657038, 0.16681673, 0.16680071]",3943043,772,Spain,1,469,475,Pass
12,0.013478937,"[0.16664477, 0.16671833, 0.16670938, 0.16671552, 0.1664882, 0.16672371]",3943043,772,Spain,1,380,388,Pass
27,0.013425685,"[0.1665237, 0.16661261, 0.16664979, 0.16679142, 0.1667481, 0.16667433]",3943043,768,England,1,993,1001,Pass
32,0.013420418,"[0.16667527, 0.16662864, 0.16668107, 0.1666542, 0.16670978, 0.16665107]",3943043,772,Spain,1,1203,1213,Pass
133,0.0134133715,"[0.16654477, 0.16669588, 0.16650197, 0.16682452, 0.16673401, 0.16669884]",3943043,772,Spain,2,4991,5004,Pass
58,0.0134123685,"[0.16650337, 0.16683173, 0.16669022, 0.16673402, 0.16683294, 0.16640775]",3943043,772,Spain,1,2112,2119,Pass
21,0.013412148,"[0.16690132, 0.16693695, 0.16646434, 0.16672054, 0.16662511, 0.16635166]",3943043,772,Spain,1,655,663,Pass
12,0.013408294,"[0.16657712, 0.16674408, 0.16672939, 0.16676007, 0.16655393, 0.16663533]",3943043,772,Spain,1,336,349,Pass
91,0.013406405,"[0.16657975, 0.1667036, 0.16677359, 0.16673726, 0.1665384, 0.16666742]",3943043,772,Spain,2,3174,3181,Pass
63,0.013401149,"[0.1666767, 0.16648003, 0.16647303, 0.16674508, 0.16677758, 0.16684756]",3943043,768,England,1,2353,2359,Pass
97,0.013388142,"[0.16664319, 0.1671036, 0.16691597, 0.16707484, 0.16632116, 0.16594121]",3943043,772,Spain,2,3519,3524,Pass
4,0.013381192,"[0.16673154, 0.1664257, 0.16654651, 0.16678803, 0.1668807, 0.16662753]",3943043,772,Spain,1,58,60,Pass
3,0.013356136,"[0.16642694, 0.16659932, 0.16683313, 0.1664391, 0.16644229, 0.1672592]",3943043,772,Spain,1,37,41,Pass
92,0.0133286845,"[0.16655913, 0.16673222, 0.16653, 0.16669193, 0.16665639, 0.16683036]",3943043,772,Spain,2,3279,3286,Pass
50,0.013296587,"[0.16670196, 0.1666865, 0.16670838, 0.16660842, 0.16667865, 0.16661607]",3943043,772,Spain,1,1766,1776,Pass
97,0.013286257,"[0.16663074, 0.16666389, 0.16663174, 0.1665679, 0.16682784, 0.16667797]",3943043,772,Spain,2,3484,3494,Pass
58,0.013272891,"[0.16673025, 0.16666351, 0.16665305, 0.16663802, 0.16676348, 0.16655171]",3943043,772,Spain,1,2128,2132,Pass
27,0.013270412,"[0.16637231, 0.16678753, 0.16676204, 0.16696933, 0.16667074, 0.16643803]",3943043,768,England,1,1000,1004,Pass
91,0.013239959,"[0.16644289, 0.1666026, 0.16636333, 0.1662668, 0.16699535, 0.1673291]",3943043,772,Spain,2,3197,3204,Pass
9,0.013236964,"[0.16670167, 0.16690788, 0.16686854, 0.16654211, 0.16632405, 0.16665581]",3943043,772,Spain,1,223,229,Pass
113,0.013235375,"[0.16628277, 0.1665409, 0.1664021, 0.16662967, 0.16683972, 0.16730475]",3943043,772,Spain,2,4257,4264,Pass
99,0.013216054,"[0.1666556, 0.16682313, 0.1667611, 0.166634, 0.16669405, 0.16643213]",3943043,768,England,2,3672,3677,Pass
24,0.013182951,"[0.16676612, 0.16676863, 0.16678883, 0.16664685, 0.16657467, 0.16645487]",3943043,772,Spain,1,814,824,Pass
12,0.0131783895,"[0.16658597, 0.16658066, 0.1667493, 0.16679342, 0.16661295, 0.16667765]",3943043,772,Spain,1,396,402,Pass
90,0.013155442,"[0.16646212, 0.16668698, 0.16658074, 0.16662636, 0.16680644, 0.16683728]",3943043,772,Spain,2,3131,3144,Pass
90,0.013151929,"[0.16665001, 0.16671352, 0.16661568, 0.16663273, 0.16677308, 0.16661498]",3943043,772,Spain,2,3137,3147,Pass
56,0.013141995,"[0.16670588, 0.16661589, 0.16669007, 0.16673738, 0.16663647, 0.1666142]",3943043,772,Spain,1,1971,1982,Pass
3,0.013129516,"[0.1666079, 0.16670617, 0.16652843, 0.16694665, 0.16668907, 0.16652171]",3943043,772,Spain,1,36,41,Pass
12,0.01309271,"[0.166526, 0.16689545, 0.16699043, 0.16667119, 0.16655311, 0.16636384]",3943043,772,Spain,1,303,311,Pass
98,0.013059346,"[0.16656849, 0.16658159, 0.16659065, 0.16671632, 0.16680863, 0.16673432]",3943043,768,England,2,3551,3562,Pass
90,0.013052246,"[0.1665095, 0.166504, 0.16655484, 0.16659139, 0.16720513, 0.16663516]",3943043,772,Spain,2,3138,3148,Pass
58,0.013010545,"[0.16637175, 0.16659959, 0.16701433, 0.16669832, 0.16647132, 0.1668447]",3943043,772,Spain,1,2104,2113,Pass
92,0.013009494,"[0.16656107, 0.16674022, 0.16674846, 0.16681111, 0.16658641, 0.1665527]",3943043,772,Spain,2,3269,3281,Pass
29,0.012999503,"[0.16640644, 0.16665193, 0.16652669, 0.1667506, 0.16673903, 0.16692528]",3943043,772,Spain,1,1044,1058,Pass
80,0.0129994415,"[0.16666953, 0.16674553, 0.16673706, 0.16666889, 0.16670614, 0.16647282]",3943043,772,Spain,2,2710,2722,Pass
8,0.012998899,"[0.16630864, 0.16655472, 0.16657653, 0.16668966, 0.16704182, 0.16682856]",3943043,768,England,1,188,197,Pass
15,0.012984678,"[0.1668423, 0.16635542, 0.16678736, 0.16673812, 0.1666792, 0.16659755]",3943043,772,Spain,1,468,473,Pass
32,0.012973785,"[0.16648342, 0.16675907, 0.16665995, 0.16672601, 0.16667941, 0.16669217]",3943043,772,Spain,1,1210,1219,Pass
21,0.012970727,"[0.16666876, 0.16650346, 0.16672295, 0.166607, 0.16680132, 0.16669644]",3943043,772,Spain,1,652,660,Pass
127,0.0129636675,"[0.16654359, 0.1667133, 0.16674563, 0.16656958, 0.16675621, 0.16667172]",3943043,772,Spain,2,4809,4824,Pass
91,0.012953825,"[0.16640624, 0.1666723, 0.16651417, 0.16676794, 0.1667149, 0.16692439]",3943043,772,Spain,2,3230,3238,Pass
52,0.012948619,"[0.16670579, 0.16668095, 0.16668111, 0.16661015, 0.1667569, 0.16656518]",3943043,768,England,1,1895,1902,Pass
9,0.01294213,"[0.16666475, 0.16671754, 0.16656558, 0.16698115, 0.16643241, 0.16663852]",3943043,772,Spain,1,217,223,Pass
32,0.01293803,"[0.16648306, 0.16663036, 0.16673891, 0.1667349, 0.16670501, 0.16670786]",3943043,772,Spain,1,1207,1217,Pass
27,0.012935596,"[0.16662207, 0.16692278, 0.16638085, 0.16679576, 0.16641265, 0.16686581]",3943043,768,England,1,944,950,Pass
87,0.012919111,"[0.16663462, 0.16666128, 0.16674787, 0.16658078, 0.16677384, 0.16660158]",3943043,768,England,2,2973,2982,Pass
56,0.012909202,"[0.16657525, 0.166801, 0.16675034, 0.16660371, 0.16666564, 0.16660403]",3943043,772,Spain,1,1981,1987,Pass
27,0.012902709,"[0.16655105, 0.16672407, 0.16666993, 0.16662428, 0.16656454, 0.16686612]",3943043,768,England,1,932,943,Pass
27,0.012897471,"[0.16682419, 0.16691819, 0.16636252, 0.1667082, 0.16674182, 0.16644517]",3943043,768,England,1,949,961,Pass
12,0.012833063,"[0.16662297, 0.16659002, 0.1666228, 0.16646989, 0.16691843, 0.16677591]",3943043,772,Spain,1,361,370,Pass
27,0.012825014,"[0.16669321, 0.16661571, 0.16671841, 0.16667743, 0.16657372, 0.1667215]",3943043,768,England,1,989,999,Pass
102,0.012793414,"[0.16659759, 0.16687717, 0.16686721, 0.1667059, 0.16666998, 0.16628209]",3943043,768,England,2,3860,3865,Pass
9,0.012790648,"[0.16668898, 0.16667323, 0.16671123, 0.16678941, 0.16663533, 0.16650186]",3943043,772,Spain,1,227,233,Pass
81,0.012788685,"[0.16671279, 0.1667673, 0.16662498, 0.16665995, 0.1668625, 0.16637246]",3943043,772,Spain,2,2741,2752,Pass
27,0.012776917,"[0.16655898, 0.16671583, 0.16677348, 0.16669407, 0.16672963, 0.16652803]",3943043,768,England,1,992,1000,Pass
9,0.012731733,"[0.16703394, 0.16698179, 0.1671027, 0.16572148, 0.1663192, 0.1668408]",3943043,772,Spain,1,218,226,Pass
90,0.012727445,"[0.16686463, 0.167157, 0.16689701, 0.16648018, 0.1662928, 0.16630846]",3943043,772,Spain,2,3111,3123,Pass
92,0.012715245,"[0.16667627, 0.1668254, 0.16658302, 0.16679564, 0.16650008, 0.16661964]",3943043,772,Spain,2,3283,3288,Pass
101,0.012712287,"[0.19976273, 0.1998227, 0.20004694, 0.20007107, 0.20029657, 0.0]",3943043,772,Spain,2,3853,3857,Pass
113,0.012701819,"[0.16650602, 0.16667679, 0.166594, 0.16665113, 0.1668144, 0.16675763]",3943043,772,Spain,2,4255,4263,Pass
27,0.012697022,"[0.1666097, 0.16662559, 0.16667773, 0.16661637, 0.16678587, 0.16668469]",3943043,768,England,1,934,944,Pass
12,0.01268037,"[0.1665042, 0.16685277, 0.16676438, 0.16668238, 0.1667077, 0.16648856]",3943043,772,Spain,1,397,404,Pass
9,0.012676153,"[0.1668925, 0.16692844, 0.16666803, 0.16674116, 0.1668024, 0.16596739]",3943043,772,Spain,1,226,232,Pass
9,0.0126731,"[0.16703987, 0.16738118, 0.16567573, 0.1655657, 0.16694996, 0.1673876]",3943043,772,Spain,1,219,227,Pass
17,0.012669062,"[0.16659334, 0.1666896, 0.16658218, 0.16670153, 0.1666877, 0.16674556]",3943043,772,Spain,1,496,503,Pass
32,0.012666466,"[0.16690432, 0.1666867, 0.16670461, 0.16667145, 0.16651343, 0.16651952]",3943043,772,Spain,1,1203,1210,Foul
58,0.012653673,"[0.1665836, 0.16688849, 0.16668524, 0.16684137, 0.16608517, 0.16691604]",3943043,772,Spain,1,2121,2130,Pass
64,0.012638299,"[0.16681306, 0.16665903, 0.16665152, 0.16640928, 0.16686499, 0.16660215]",3943043,772,Spain,1,2389,2395,Pass
99,0.012584368,"[0.16658418, 0.16678284, 0.16701782, 0.16676301, 0.16646113, 0.16639103]",3943043,768,England,2,3674,3683,Pass
119,0.01257888,"[0.16683815, 0.1665134, 0.16657312, 0.16646884, 0.16681844, 0.16678794]",3943043,772,Spain,2,4409,4418,Pass
80,0.0125712175,"[0.16651267, 0.16721515, 0.16635717, 0.16654728, 0.16649406, 0.16687362]",3943043,772,Spain,2,2722,2728,Pass
97,0.012553874,"[0.16641103, 0.16681062, 0.1664716, 0.1668618, 0.16659258, 0.16685237]",3943043,772,Spain,2,3485,3497,Pass
32,0.012542283,"[0.16670115, 0.16658953, 0.16681334, 0.16679609, 0.16660805, 0.1664918]",3943043,772,Spain,1,1201,1209,Foul
21,0.012535822,"[0.16615742, 0.16671407, 0.16659552, 0.1669755, 0.16679712, 0.1667604]",3943043,772,Spain,1,654,662,Pass
24,0.012531467,"[0.16649391, 0.1665489, 0.16660382, 0.16668156, 0.16677044, 0.16690136]",3943043,772,Spain,1,801,814,Pass
27,0.012504257,"[0.1670656, 0.16665368, 0.16660422, 0.16659983, 0.1666517, 0.16642496]",3943043,768,England,1,952,965,Pass
24,0.012499867,"[0.1666449, 0.16662158, 0.16663693, 0.1666388, 0.1667333, 0.16672456]",3943043,772,Spain,1,799,810,Pass
91,0.0124935545,"[0.16663094, 0.16672124, 0.16664267, 0.16663054, 0.16672412, 0.16665046]",3943043,772,Spain,2,3211,3221,Pass
29,0.012436239,"[0.16664006, 0.16673449, 0.16663273, 0.16671081, 0.16659711, 0.16668479]",3943043,772,Spain,1,1064,1074,Pass
85,0.012426002,"[0.16654639, 0.16693157, 0.16659391, 0.16660224, 0.16678186, 0.16654402]",3943043,772,Spain,2,2956,2960,Pass
113,0.012425549,"[0.16674374, 0.16674069, 0.16675839, 0.16658492, 0.16653736, 0.16663505]",3943043,772,Spain,2,4237,4244,Pass
12,0.012392178,"[0.16667499, 0.16662978, 0.16661601, 0.16647407, 0.16672204, 0.16688308]",3943043,772,Spain,1,357,364,Pass
15,0.012386853,"[0.16669157, 0.1665531, 0.16671456, 0.16662116, 0.16676843, 0.16665117]",3943043,772,Spain,1,471,478,Pass
119,0.012374403,"[0.166314, 0.16660744, 0.16646522, 0.16670091, 0.16696794, 0.16694443]",3943043,772,Spain,2,4407,4417,Pass
67,0.012372937,"[0.16660416, 0.16667373, 0.16672862, 0.16668482, 0.16671197, 0.16659677]",3943043,772,Spain,1,2472,2476,Pass
89,0.012371544,"[0.16658318, 0.16662878, 0.16663748, 0.166696, 0.16677846, 0.16667616]",3943043,768,England,2,3031,3041,Pass
91,0.012371348,"[0.16662239, 0.16656773, 0.16674793, 0.1666963, 0.16666426, 0.16670145]",3943043,772,Spain,2,3202,3209,Pass
12,0.012369042,"[0.16668473, 0.16678445, 0.16682066, 0.16654637, 0.16661811, 0.1665457]",3943043,772,Spain,1,381,390,Pass
56,0.012340156,"[0.16675077, 0.16672775, 0.16660787, 0.16669092, 0.16669405, 0.16652872]",3943043,772,Spain,1,1982,1991,Pass
120,0.012329716,"[0.16682826, 0.16704701, 0.16691135, 0.16655077, 0.166466, 0.16619655]",3943043,768,England,2,4429,4438,Pass
7,0.012312466,"[0.16654237, 0.16656429, 0.16669951, 0.16660587, 0.16684681, 0.16674118]",3943043,772,Spain,1,170,180,Pass
85,0.012308193,"[0.1664366, 0.16659094, 0.16662273, 0.16669711, 0.166654, 0.1669986]",3943043,772,Spain,2,2954,2959,Pass
46,0.0123005565,"[0.16647872, 0.1666941, 0.16661006, 0.16674104, 0.16662242, 0.1668536]",3943043,768,England,1,1678,1685,Pass
113,0.012293849,"[0.16671658, 0.16670257, 0.16662592, 0.16666919, 0.16671123, 0.16657439]",3943043,772,Spain,2,4244,4254,Pass
91,0.01226156,"[0.16665693, 0.16671377, 0.16677363, 0.16674285, 0.16655439, 0.16655844]",3943043,772,Spain,2,3191,3203,Pass
7,0.012260051,"[0.16653486, 0.16661671, 0.16661252, 0.16670184, 0.1666203, 0.16691375]",3943043,772,Spain,1,168,178,Pass
12,0.012257278,"[0.1663479, 0.16677117, 0.16658862, 0.16669177, 0.16667955, 0.16692093]",3943043,772,Spain,1,353,363,Pass
127,0.012256129,"[0.1665452, 0.16673027, 0.16661207, 0.16670385, 0.16669714, 0.16671143]",3943043,772,Spain,2,4824,4845,Pass
80,0.012237256,"[0.16639926, 0.16673009, 0.16648461, 0.1667483, 0.16692252, 0.16671509]",3943043,772,Spain,2,2714,2725,Pass
127,0.012225682,"[0.16665731, 0.16677132, 0.16661629, 0.16671497, 0.16660076, 0.16663933]",3943043,772,Spain,2,4817,4836,Pass
128,0.012223201,"[0.1996614, 0.20022061, 0.1998994, 0.20023374, 0.19998476, 0.0]",3943043,768,England,2,4856,4860,Pass
52,0.01220634,"[0.16651201, 0.16657044, 0.16641362, 0.16692406, 0.16654186, 0.1670379]",3943043,768,England,1,1894,1901,Pass
113,0.012189973,"[0.16659181, 0.16660629, 0.16670957, 0.16657072, 0.1668363, 0.16668521]",3943043,772,Spain,2,4256,4264,Pass
125,0.012175402,"[0.16662604, 0.1668543, 0.16665377, 0.1665462, 0.16662563, 0.16669409]",3943043,772,Spain,2,4732,4737,Pass
133,0.012170419,"[0.16660455, 0.16654636, 0.16658033, 0.16660096, 0.16671984, 0.16694795]",3943043,772,Spain,2,4997,5010,Pass
81,0.012150908,"[0.16673951, 0.1666643, 0.16678078, 0.16649434, 0.16664848, 0.16667266]",3943043,772,Spain,2,2735,2742,Pass
5,0.012147363,"[0.16676348, 0.16685162, 0.16664714, 0.16654822, 0.16661689, 0.16657265]",3943043,768,England,1,93,99,Pass
92,0.0121331755,"[0.16667901, 0.16668576, 0.16673921, 0.16661479, 0.16671038, 0.16657081]",3943043,772,Spain,2,3281,3287,Pass
80,0.012121471,"[0.16665664, 0.16663714, 0.16667439, 0.16651848, 0.16660808, 0.16690533]",3943043,772,Spain,2,2713,2724,Pass
125,0.012115711,"[0.16667865, 0.1666592, 0.16670118, 0.16658078, 0.16671164, 0.16666847]",3943043,772,Spain,2,4747,4753,Pass
94,0.012107823,"[0.16640778, 0.16650483, 0.16658099, 0.16701682, 0.16684192, 0.16664764]",3943043,768,England,2,3392,3402,Pass
24,0.012103876,"[0.16666356, 0.16677013, 0.16662414, 0.16670975, 0.1666367, 0.16659571]",3943043,772,Spain,1,810,821,Pass
127,0.012062861,"[0.16664559, 0.16674957, 0.16664176, 0.16672507, 0.16658644, 0.16665164]",3943043,772,Spain,2,4805,4822,Pass
81,0.012056975,"[0.16651678, 0.16670494, 0.16659907, 0.1666472, 0.16674663, 0.16678531]",3943043,772,Spain,2,2737,2749,Pass
91,0.012050539,"[0.16666757, 0.16663694, 0.16667111, 0.16668135, 0.16663328, 0.16670972]",3943043,772,Spain,2,3188,3198,Pass
64,0.01204435,"[0.16662392, 0.1667231, 0.166748, 0.16667408, 0.16669115, 0.16653968]",3943043,772,Spain,1,2387,2393,Pass
17,0.012043804,"[0.16661058, 0.1667595, 0.16665883, 0.16672401, 0.16659607, 0.166651]",3943043,772,Spain,1,493,501,Pass
90,0.012001315,"[0.16689698, 0.16686955, 0.16659364, 0.16650204, 0.16655941, 0.16657838]",3943043,772,Spain,2,3112,3125,Pass
56,0.011993626,"[0.16675565, 0.1667287, 0.16679841, 0.16659534, 0.16663328, 0.16648857]",3943043,772,Spain,1,1968,1976,Pass
25,0.011983499,"[0.25030372, 0.24995549, 0.24937984, 0.25036094, 0.0, 0.0]",3943043,768,England,1,833,840,Pass
4,0.011976654,"[0.16649005, 0.16675362, 0.1665888, 0.16676539, 0.16663411, 0.16676809]",3943043,772,Spain,1,58,61,Pass
81,0.011972351,"[0.1665416, 0.16660623, 0.16683954, 0.16705622, 0.16652313, 0.16643322]",3943043,772,Spain,2,2749,2755,Pass
58,0.01196561,"[0.16660175, 0.16673906, 0.16682014, 0.16669382, 0.16662933, 0.16651599]",3943043,772,Spain,1,2125,2131,Pass
27,0.011951689,"[0.16680592, 0.16661792, 0.16654459, 0.16681863, 0.16678019, 0.16643281]",3943043,768,England,1,919,932,Pass
4,0.011947883,"[0.16658737, 0.16673397, 0.166711, 0.16673139, 0.16660741, 0.16662891]",3943043,772,Spain,1,67,82,Pass
12,0.011945117,"[0.16654849, 0.16666928, 0.16674817, 0.1668298, 0.16673908, 0.16646518]",3943043,772,Spain,1,351,361,Pass
29,0.011925384,"[0.16662149, 0.1667713, 0.16659635, 0.1666965, 0.16661727, 0.16669708]",3943043,772,Spain,1,1059,1071,Pass
64,0.011908237,"[0.16662973, 0.16697247, 0.16646366, 0.16655873, 0.16653682, 0.16683854]",3943043,772,Spain,1,2388,2394,Pass
5,0.011888474,"[0.16663942, 0.1670141, 0.16672443, 0.1665883, 0.16645728, 0.16657643]",3943043,768,England,1,92,98,Pass
127,0.011853712,"[0.16660437, 0.16685325, 0.16715974, 0.16667138, 0.16628619, 0.16642506]",3943043,772,Spain,2,4830,4846,Pass
63,0.011840953,"[0.16656499, 0.1667427, 0.16664582, 0.16660984, 0.16665615, 0.16678046]",3943043,768,England,1,2356,2361,Pass
9,0.011832533,"[0.16651444, 0.16664079, 0.16703217, 0.1667128, 0.16650662, 0.16659318]",3943043,772,Spain,1,202,212,Pass
91,0.01183087,"[0.16663067, 0.16659094, 0.1667502, 0.16670267, 0.16676615, 0.16655932]",3943043,772,Spain,2,3231,3239,Pass
12,0.0118081905,"[0.16648649, 0.16660108, 0.16673881, 0.16682585, 0.166824, 0.16652378]",3943043,772,Spain,1,407,418,Pass
9,0.011801975,"[0.16656964, 0.1665993, 0.16648383, 0.16664933, 0.1666257, 0.16707224]",3943043,772,Spain,1,223,228,Pass
94,0.011781735,"[0.1665743, 0.16678679, 0.16667275, 0.16664928, 0.16645136, 0.16686544]",3943043,768,England,2,3397,3402,Pass
12,0.011766467,"[0.16673584, 0.16672777, 0.1667425, 0.16658537, 0.1666705, 0.16653799]",3943043,772,Spain,1,340,350,Pass
85,0.011762688,"[0.1664842, 0.16687547, 0.16665001, 0.16661651, 0.16678683, 0.16658694]",3943043,772,Spain,2,2954,2957,Pass
89,0.011762161,"[0.16646987, 0.16669199, 0.16693445, 0.16665171, 0.16657588, 0.16667603]",3943043,768,England,2,3026,3039,Pass
63,0.011760127,"[0.16654451, 0.16685037, 0.16657229, 0.16665547, 0.16669445, 0.16668294]",3943043,768,England,1,2337,2347,Pass
46,0.011749806,"[0.16666803, 0.16661394, 0.16671899, 0.16655685, 0.16680562, 0.16663654]",3943043,768,England,1,1679,1687,Pass
17,0.011705389,"[0.16672334, 0.16667333, 0.16667983, 0.16658027, 0.16671835, 0.16662478]",3943043,772,Spain,1,495,502,Pass
80,0.011698151,"[0.16710411, 0.16663958, 0.16655868, 0.1665162, 0.16676255, 0.16641884]",3943043,772,Spain,2,2724,2729,Pass
44,0.011667494,"[0.16661301, 0.16677302, 0.16657189, 0.16668953, 0.16663136, 0.16672117]",3943043,772,Spain,1,1611,1620,Pass
113,0.011659235,"[0.16668329, 0.16661556, 0.16677937, 0.1666955, 0.16669692, 0.16652931]",3943043,772,Spain,2,4245,4255,Pass
46,0.011616252,"[0.16654627, 0.16665328, 0.16651563, 0.16666669, 0.16679238, 0.16682571]",3943043,768,England,1,1680,1689,Pass
29,0.011607327,"[0.16664702, 0.1666386, 0.16673309, 0.16674052, 0.16666937, 0.1665714]",3943043,772,Spain,1,1062,1073,Pass
19,0.011600617,"[0.16696544, 0.16638102, 0.16676451, 0.16656929, 0.16693237, 0.16638732]",3943043,768,England,1,532,545,Pass
91,0.011590565,"[0.16649836, 0.16676949, 0.16677475, 0.16678429, 0.16667344, 0.16649961]",3943043,772,Spain,2,3203,3211,Pass
48,0.011587305,"[0.16628945, 0.16684584, 0.16761771, 0.16651995, 0.16639633, 0.16633078]",3943043,772,Spain,1,1743,1749,Pass
67,0.011571871,"[0.16658705, 0.1666461, 0.16667326, 0.16664518, 0.16677366, 0.16667475]",3943043,772,Spain,1,2473,2479,Pass
93,0.011570942,"[0.33303067, 0.3336149, 0.3333544, 0.0, 0.0, 0.0]",3943043,768,England,2,3342,3346,Foul
91,0.011565177,"[0.16666503, 0.16659094, 0.16668272, 0.16654806, 0.16676103, 0.16675225]",3943043,772,Spain,2,3183,3197,Pass
91,0.011562156,"[0.166717, 0.16668426, 0.16670911, 0.1665792, 0.16666526, 0.16664524]",3943043,772,Spain,2,3209,3219,Pass
5,0.011543464,"[0.16645509, 0.16657908, 0.16678378, 0.16704033, 0.1665184, 0.16662332]",3943043,768,England,1,91,95,Pass
94,0.011526676,"[0.16680638, 0.16645513, 0.16679716, 0.16668555, 0.16659959, 0.1666561]",3943043,768,England,2,3366,3375,Pass
127,0.011517111,"[0.16670616, 0.16672279, 0.16661404, 0.16656856, 0.16669324, 0.16669513]",3943043,772,Spain,2,4803,4817,Pass
67,0.011481922,"[0.16645972, 0.16666846, 0.16699079, 0.16668597, 0.16650866, 0.16668633]",3943043,772,Spain,1,2473,2478,Pass
24,0.011471845,"[0.16666959, 0.1667234, 0.16671996, 0.16663396, 0.16668859, 0.16656443]",3943043,772,Spain,1,794,802,Pass
81,0.011470111,"[0.16643009, 0.16685523, 0.16690452, 0.1667172, 0.16645126, 0.16664164]",3943043,772,Spain,2,2750,2759,Pass
91,0.0114542395,"[0.16662243, 0.16667582, 0.16672385, 0.16663069, 0.1667478, 0.16659945]",3943043,772,Spain,2,3190,3202,Pass
64,0.0114400685,"[0.16659488, 0.16670062, 0.16665937, 0.16667669, 0.1666166, 0.16675186]",3943043,772,Spain,1,2384,2392,Pass
113,0.011428842,"[0.16658011, 0.16684362, 0.16674016, 0.1666296, 0.16664472, 0.16656181]",3943043,772,Spain,2,4242,4248,Pass
123,0.011417283,"[0.16670942, 0.16668534, 0.16671352, 0.16666068, 0.16668603, 0.16654497]",3943043,772,Spain,2,4573,4582,Pass
127,0.011415908,"[0.16653624, 0.1667155, 0.16655962, 0.16667388, 0.16667229, 0.16684243]",3943043,772,Spain,2,4810,4828,Pass
91,0.011382556,"[0.1664026, 0.16672616, 0.16670766, 0.16674744, 0.16661902, 0.16679716]",3943043,772,Spain,2,3228,3234,Pass
91,0.011373073,"[0.16658443, 0.1666712, 0.1667374, 0.16674627, 0.16661821, 0.16664238]",3943043,772,Spain,2,3204,3218,Pass
94,0.011340575,"[0.16637632, 0.16661519, 0.16651239, 0.16677323, 0.16676135, 0.16696139]",3943043,768,England,2,3365,3374,Pass
9,0.011336021,"[0.16677432, 0.16670854, 0.16685262, 0.1666131, 0.16642354, 0.16662781]",3943043,772,Spain,1,229,237,Pass
12,0.011334071,"[0.16665271, 0.16672246, 0.16678484, 0.16667657, 0.1665917, 0.16657168]",3943043,772,Spain,1,364,374,Pass
91,0.0113275815,"[0.1666889, 0.16667736, 0.16670416, 0.16664647, 0.16663918, 0.16664395]",3943043,772,Spain,2,3218,3227,Pass
9,0.01132673,"[0.16663302, 0.166785, 0.16670826, 0.16660264, 0.166726, 0.16654511]",3943043,772,Spain,1,205,214,Pass
56,0.011322912,"[0.1665735, 0.1667208, 0.16666019, 0.16664375, 0.16668107, 0.1667208]",3943043,772,Spain,1,1973,1983,Pass
3,0.011322172,"[0.16659695, 0.16670632, 0.16669999, 0.16666324, 0.16676086, 0.16657262]",3943043,772,Spain,1,34,40,Pass
27,0.011319116,"[0.16686232, 0.16638444, 0.1666699, 0.16672553, 0.16685861, 0.1664992]",3943043,768,England,1,946,952,Pass
27,0.011308914,"[0.1667164, 0.16668111, 0.16666156, 0.16656418, 0.16684105, 0.16653568]",3943043,768,England,1,930,939,Pass
85,0.011299029,"[0.16669677, 0.16674738, 0.1668215, 0.16675563, 0.16618325, 0.16679555]",3943043,772,Spain,2,2953,2957,Pass
35,0.011295613,"[0.25007918, 0.2500319, 0.24984473, 0.25004414, 0.0, 0.0]",3943043,772,Spain,1,1321,1325,Pass
12,0.011278085,"[0.16675517, 0.1667145, 0.16663744, 0.16680218, 0.16667567, 0.16641508]",3943043,772,Spain,1,308,313,Pass
12,0.011274047,"[0.1665743, 0.16669373, 0.16663805, 0.16681713, 0.16672564, 0.16655113]",3943043,772,Spain,1,363,371,Pass
67,0.011268223,"[0.16671334, 0.16673033, 0.16666697, 0.16658135, 0.16668944, 0.16661859]",3943043,772,Spain,1,2463,2474,Pass
81,0.011251848,"[0.16660213, 0.16664696, 0.16665547, 0.16679709, 0.16675115, 0.16654728]",3943043,772,Spain,2,2738,2750,Pass
90,0.011249587,"[0.16671151, 0.16674328, 0.16669464, 0.16658145, 0.16671856, 0.16655047]",3943043,772,Spain,2,3115,3127,Pass
56,0.011228288,"[0.16657123, 0.16667141, 0.16668512, 0.16662396, 0.16678682, 0.16666144]",3943043,772,Spain,1,1976,1985,Pass
133,0.011196861,"[0.16671205, 0.16665715, 0.16683158, 0.16662753, 0.16664279, 0.16652893]",3943043,772,Spain,2,4994,5005,Pass
44,0.011193337,"[0.1667418, 0.16641083, 0.166848, 0.16666655, 0.16665383, 0.16667895]",3943043,772,Spain,1,1605,1613,Pass
113,0.011185076,"[0.16685425, 0.16673237, 0.16674945, 0.16662, 0.16654536, 0.1664986]",3943043,772,Spain,2,4243,4249,Pass
63,0.011183707,"[0.1668667, 0.16667874, 0.1666732, 0.16640335, 0.16674612, 0.16663185]",3943043,768,England,1,2341,2348,Pass
127,0.011156114,"[0.16659926, 0.16675684, 0.16678798, 0.16658457, 0.16664906, 0.1666223]",3943043,772,Spain,2,4801,4810,Pass
90,0.011155805,"[0.16679281, 0.16659279, 0.16636509, 0.16642907, 0.16678376, 0.16703653]",3943043,772,Spain,2,3114,3126,Pass
89,0.0111464765,"[0.166692, 0.16693243, 0.1668801, 0.16667527, 0.16636576, 0.16645442]",3943043,768,England,2,3024,3034,Pass
32,0.011141317,"[0.16677523, 0.16670127, 0.16665125, 0.1665408, 0.16678393, 0.16654748]",3943043,772,Spain,1,1203,1211,Pass
91,0.011111908,"[0.1666105, 0.166721, 0.16674864, 0.16671687, 0.16669114, 0.1665119]",3943043,772,Spain,2,3205,3218,Pass
67,0.011095038,"[0.16661067, 0.16657278, 0.16638646, 0.16647264, 0.1668099, 0.16714755]",3943043,772,Spain,1,2465,2475,Pass
102,0.011060635,"[0.16655901, 0.16664009, 0.16679864, 0.1668465, 0.16645852, 0.16669726]",3943043,768,England,2,3862,3867,Pass
113,0.011053644,"[0.16684687, 0.16650532, 0.16637939, 0.16651802, 0.16653243, 0.16721797]",3943043,772,Spain,2,4229,4233,Pass
63,0.01103941,"[0.16671231, 0.16667357, 0.16660862, 0.16656576, 0.16680399, 0.16663577]",3943043,768,England,1,2356,2361,Pass
9,0.011000708,"[0.1666273, 0.16671728, 0.1667015, 0.16666047, 0.16672479, 0.16656864]",3943043,772,Spain,1,228,234,Pass
127,0.010997893,"[0.1666236, 0.1666323, 0.16674328, 0.16667904, 0.16676983, 0.16655199]",3943043,772,Spain,2,4828,4845,Pass
29,0.010996219,"[0.16658252, 0.16659178, 0.1666787, 0.16662537, 0.16679491, 0.16672678]",3943043,772,Spain,1,1042,1050,Pass
91,0.010973522,"[0.16668497, 0.16675079, 0.16658501, 0.16666666, 0.16656683, 0.16674569]",3943043,772,Spain,2,3208,3218,Pass
123,0.010953231,"[0.16671078, 0.16675025, 0.16681626, 0.16663772, 0.16664767, 0.16643737]",3943043,772,Spain,2,4569,4580,Pass
67,0.010953009,"[0.16650325, 0.16660437, 0.16647601, 0.16642988, 0.16691795, 0.16706866]",3943043,772,Spain,1,2461,2473,Pass
24,0.010950323,"[0.16653036, 0.16660386, 0.16673133, 0.16689737, 0.16674665, 0.16649045]",3943043,772,Spain,1,808,818,Pass
91,0.010945957,"[0.1666394, 0.16674456, 0.16665594, 0.16667612, 0.16665307, 0.16663095]",3943043,772,Spain,2,3218,3223,Pass
94,0.010941679,"[0.16671264, 0.16666582, 0.16666685, 0.16653314, 0.16680004, 0.16662164]",3943043,768,England,2,3368,3379,Pass
4,0.010937583,"[0.16665517, 0.16663979, 0.16666666, 0.16658288, 0.16669734, 0.16675825]",3943043,772,Spain,1,59,61,Pass
94,0.010925738,"[0.16640037, 0.16673505, 0.16672152, 0.16664483, 0.16669403, 0.16680413]",3943043,768,England,2,3367,3377,Pass
44,0.010890838,"[0.16672291, 0.16663122, 0.16671196, 0.16663662, 0.16669124, 0.166606]",3943043,772,Spain,1,1608,1618,Pass
4,0.010872932,"[0.1666738, 0.16681461, 0.16648261, 0.16671506, 0.16673093, 0.16658299]",3943043,772,Spain,1,59,62,Pass
46,0.010861019,"[0.16669786, 0.16674544, 0.16671364, 0.16666168, 0.16658469, 0.16659674]",3943043,768,England,1,1690,1696,Pass
29,0.010857997,"[0.16674717, 0.16672441, 0.16676548, 0.16663419, 0.16655977, 0.16656895]",3943043,772,Spain,1,1058,1067,Pass
134,0.010843763,"[0.1665545, 0.16655949, 0.16677974, 0.16661952, 0.1667642, 0.16672263]",3943043,772,Spain,2,5076,5087,Pass
91,0.01083993,"[0.16665159, 0.16680188, 0.16666438, 0.16666561, 0.16673265, 0.16648392]",3943043,772,Spain,2,3219,3228,Pass
133,0.010838836,"[0.16665426, 0.16666338, 0.16670045, 0.16680339, 0.16661564, 0.16656296]",3943043,772,Spain,2,4990,5000,Pass
81,0.010830265,"[0.16666201, 0.16667902, 0.16672412, 0.16660003, 0.1667493, 0.16658555]",3943043,772,Spain,2,2751,2761,Pass
4,0.010830032,"[0.16683432, 0.16674758, 0.1665657, 0.1664182, 0.16675296, 0.16668138]",3943043,772,Spain,1,65,76,Pass
46,0.010816591,"[0.16659023, 0.1666049, 0.16675489, 0.16670097, 0.16675371, 0.16659531]",3943043,768,England,1,1681,1690,Pass
30,0.010812158,"[0.166591, 0.1668448, 0.16674182, 0.16655998, 0.16669628, 0.16656615]",3943043,772,Spain,1,1100,1107,Pass
133,0.010807261,"[0.16661708, 0.16676079, 0.1666113, 0.16669868, 0.16653083, 0.16678126]",3943043,772,Spain,2,4989,4997,Pass
134,0.01080505,"[0.16665514, 0.16665816, 0.16617312, 0.16677454, 0.16676214, 0.16697688]",3943043,772,Spain,2,5075,5085,Pass
50,0.01080217,"[0.16661897, 0.16676837, 0.16665915, 0.16668251, 0.16656883, 0.1667022]",3943043,772,Spain,1,1763,1774,Pass
97,0.01079916,"[0.16646992, 0.16663471, 0.16665798, 0.16652948, 0.16709547, 0.16661245]",3943043,772,Spain,2,3478,3492,Pass
125,0.010790342,"[0.1666337, 0.1666203, 0.16648632, 0.16669828, 0.16668168, 0.16687968]",3943043,772,Spain,2,4729,4736,Pass
91,0.010772457,"[0.16670491, 0.16667798, 0.16670325, 0.16681956, 0.16652894, 0.16656534]",3943043,772,Spain,2,3179,3186,Pass
90,0.010771746,"[0.166514, 0.1666946, 0.16660845, 0.16677694, 0.16660284, 0.16680318]",3943043,772,Spain,2,3125,3137,Pass
84,0.0107195955,"[0.16683222, 0.166885, 0.1668513, 0.16667779, 0.16636445, 0.16638927]",3943043,768,England,2,2926,2931,Pass
91,0.010676792,"[0.16658401, 0.1666187, 0.1667168, 0.16660857, 0.1668021, 0.16666985]",3943043,772,Spain,2,3229,3236,Pass
24,0.010671569,"[0.16652605, 0.1665549, 0.16664885, 0.16671456, 0.1668345, 0.16672117]",3943043,772,Spain,1,801,815,Pass
17,0.010649515,"[0.16658461, 0.16662966, 0.16674171, 0.16670765, 0.16673213, 0.16660425]",3943043,772,Spain,1,490,500,Pass
81,0.010647081,"[0.16665657, 0.16670807, 0.16667962, 0.16675211, 0.16661227, 0.16659133]",3943043,772,Spain,2,2742,2753,Pass
52,0.010629853,"[0.1666212, 0.16671221, 0.16667522, 0.16658589, 0.1668576, 0.16654786]",3943043,768,England,1,1892,1899,Pass
3,0.010568777,"[0.16670498, 0.16664515, 0.16661468, 0.16645864, 0.1669704, 0.16660608]",3943043,772,Spain,1,35,40,Pass
31,0.010566764,"[0.16649392, 0.1667182, 0.16675438, 0.16660067, 0.16672069, 0.16671214]",3943043,768,England,1,1130,1149,Pass
80,0.0105550885,"[0.16665182, 0.16669914, 0.16679719, 0.1665642, 0.16668384, 0.16660385]",3943043,772,Spain,2,2719,2728,Pass
133,0.010554345,"[0.1665605, 0.16681595, 0.16658752, 0.16664483, 0.16673753, 0.16665365]",3943043,772,Spain,2,4996,5006,Pass
24,0.01052703,"[0.16674994, 0.1667832, 0.16667758, 0.16659808, 0.1665221, 0.16666904]",3943043,772,Spain,1,795,808,Pass
127,0.010509042,"[0.1665592, 0.166766, 0.16676196, 0.16667615, 0.16664137, 0.16659535]",3943043,772,Spain,2,4802,4816,Pass
29,0.010485178,"[0.16672952, 0.16678233, 0.16665664, 0.16665058, 0.16661403, 0.16656685]",3943043,772,Spain,1,1034,1042,Pass
19,0.01047861,"[0.16649248, 0.16685335, 0.1667742, 0.16697083, 0.16596738, 0.16694178]",3943043,768,England,1,535,547,Pass
80,0.010474598,"[0.1666462, 0.1667109, 0.1666106, 0.16662772, 0.16663522, 0.16676934]",3943043,772,Spain,2,2725,2731,Pass
41,0.010474475,"[0.24993844, 0.2498872, 0.2501209, 0.25005347, 0.0, 0.0]",3943043,772,Spain,1,1461,1465,Pass
113,0.010458993,"[0.16657239, 0.16675164, 0.16667747, 0.1666913, 0.16659123, 0.16671598]",3943043,772,Spain,2,4247,4256,Pass
29,0.010425609,"[0.16670138, 0.16663173, 0.1667008, 0.16663636, 0.16671333, 0.16661641]",3943043,772,Spain,1,1036,1044,Pass
135,0.0104043055,"[0.16663596, 0.16650234, 0.16670366, 0.16669278, 0.16681147, 0.1666538]",3943043,768,England,2,5098,5107,Pass
56,0.010400461,"[0.16665544, 0.16669178, 0.16669811, 0.16670266, 0.16669701, 0.16655503]",3943043,772,Spain,1,1974,1983,Pass
133,0.010397343,"[0.16656646, 0.16673987, 0.16665491, 0.16672906, 0.16657977, 0.16672997]",3943043,772,Spain,2,4986,4994,Pass
44,0.010377904,"[0.16675615, 0.16670516, 0.16658626, 0.16648982, 0.16659166, 0.16687098]",3943043,772,Spain,1,1606,1617,Pass
27,0.010358429,"[0.16661301, 0.1671037, 0.16689654, 0.16650814, 0.166495, 0.16638362]",3943043,768,England,1,950,964,Pass
90,0.010346191,"[0.1668234, 0.16674787, 0.16672464, 0.16670914, 0.16636795, 0.166627]",3943043,772,Spain,2,3118,3129,Pass
32,0.010338327,"[0.16666184, 0.16673344, 0.16669276, 0.16683812, 0.1665968, 0.16647698]",3943043,772,Spain,1,1199,1207,Foul
96,0.010285281,"[0.16667823, 0.16658919, 0.16673213, 0.16664675, 0.16673166, 0.16662207]",3943043,768,England,2,3442,3448,Pass
4,0.010249866,"[0.16656432, 0.16666315, 0.16676882, 0.16658473, 0.16674143, 0.16667752]",3943043,772,Spain,1,61,70,Pass
51,0.010235872,"[0.16661318, 0.16675322, 0.16670111, 0.1667423, 0.16667049, 0.16651973]",3943043,768,England,1,1786,1796,Pass
113,0.010218784,"[0.16635072, 0.16683444, 0.16680424, 0.16683172, 0.16662315, 0.1665558]",3943043,772,Spain,2,4239,4245,Pass
80,0.010213854,"[0.16658495, 0.16670823, 0.1667005, 0.16674191, 0.1665503, 0.16671407]",3943043,772,Spain,2,2703,2713,Pass
79,0.010165157,"[0.16656101, 0.16681395, 0.16698271, 0.16649432, 0.16655794, 0.16659002]",3943043,772,Spain,1,2805,2817,Pass
62,0.010103991,"[0.1668077, 0.16663153, 0.16662468, 0.1666082, 0.16674, 0.16658784]",3943043,772,Spain,1,2321,2328,Pass
46,0.01009484,"[0.16661033, 0.16665384, 0.16664125, 0.16664438, 0.16656697, 0.1668832]",3943043,768,England,1,1672,1679,Pass
91,0.010070732,"[0.16667084, 0.16707388, 0.1664199, 0.16644205, 0.16657911, 0.16681424]",3943043,772,Spain,2,3181,3190,Pass
96,0.010070056,"[0.16645363, 0.16673335, 0.16671596, 0.16668476, 0.16658378, 0.16682853]",3943043,768,England,2,3442,3447,Pass
4,0.010066833,"[0.16715758, 0.16662543, 0.166591, 0.16655649, 0.16643548, 0.16663402]",3943043,772,Spain,1,62,75,Pass
84,0.010055976,"[0.16662754, 0.16667794, 0.16665341, 0.16658145, 0.16665445, 0.16680531]",3943043,768,England,2,2927,2933,Pass
29,0.010033963,"[0.1665845, 0.16673818, 0.16681392, 0.1666775, 0.16646048, 0.16672538]",3943043,772,Spain,1,1041,1048,Pass
84,0.010009816,"[0.16659269, 0.16663805, 0.16684723, 0.16667554, 0.16658108, 0.16666548]",3943043,768,England,2,2928,2935,Pass
135,0.0100094825,"[0.16667943, 0.16666242, 0.16671886, 0.16665114, 0.1666489, 0.16663924]",3943043,768,England,2,5126,5134,Pass
80,0.0099615995,"[0.16665752, 0.16674592, 0.16663358, 0.16672678, 0.16661483, 0.16662136]",3943043,772,Spain,2,2701,2708,Pass
125,0.009945681,"[0.16672947, 0.16664578, 0.16681457, 0.16654669, 0.1666662, 0.16659737]",3943043,772,Spain,2,4730,4737,Pass
69,0.009938598,"[0.16666497, 0.16673793, 0.16666086, 0.16657522, 0.16669264, 0.16666842]",3943043,772,Spain,1,2522,2530,Pass
117,0.00993295,"[0.16670388, 0.16668758, 0.16668673, 0.16671863, 0.16658063, 0.16662256]",3943043,768,England,2,4313,4317,Foul
91,0.009932578,"[0.16667798, 0.16670884, 0.16674225, 0.16671015, 0.16657063, 0.16659006]",3943043,772,Spain,2,3186,3198,Pass
80,0.009929897,"[0.166663, 0.16669017, 0.16675699, 0.16674162, 0.16663054, 0.16651756]",3943043,772,Spain,2,2716,2727,Pass
117,0.009929055,"[0.16664878, 0.16673629, 0.1667836, 0.16668469, 0.16639036, 0.16675626]",3943043,768,England,2,4312,4315,Foul
51,0.009925289,"[0.1666946, 0.16689748, 0.1667526, 0.16647446, 0.16656667, 0.1666142]",3943043,768,England,1,1788,1797,Foul
27,0.00992528,"[0.16665371, 0.16667578, 0.16663374, 0.16674994, 0.16649818, 0.16678864]",3943043,768,England,1,922,934,Pass
29,0.009924017,"[0.16655242, 0.166551, 0.16669151, 0.16664706, 0.16682252, 0.16673546]",3943043,772,Spain,1,1045,1059,Pass
61,0.009903403,"[0.16653593, 0.16662827, 0.16660182, 0.16675848, 0.16662206, 0.16685346]",3943043,768,England,1,2300,2304,Pass
91,0.009884292,"[0.1666729, 0.16678546, 0.16658194, 0.16667365, 0.16661426, 0.16667175]",3943043,772,Spain,2,3223,3231,Pass
91,0.009876855,"[0.16669056, 0.16669534, 0.16660318, 0.16667907, 0.16660202, 0.16672982]",3943043,772,Spain,2,3221,3229,Pass
46,0.009867515,"[0.16669485, 0.16667476, 0.16666645, 0.16663322, 0.16681069, 0.16652]",3943043,768,England,1,1691,1698,Pass
135,0.009849548,"[0.16665444, 0.16664596, 0.16672014, 0.16657783, 0.16671468, 0.16668686]",3943043,768,England,2,5110,5116,Pass
28,0.009840237,"[0.20008564, 0.19999522, 0.20004636, 0.19973944, 0.20013343, 0.0]",3943043,772,Spain,1,1015,1021,Pass
19,0.009834822,"[0.16659655, 0.16674066, 0.16670167, 0.16670224, 0.1667199, 0.16653897]",3943043,768,England,1,536,548,Pass
81,0.0098296255,"[0.1665005, 0.16664006, 0.1665257, 0.16676196, 0.16674666, 0.1668251]",3943043,772,Spain,2,2733,2741,Pass
46,0.009829244,"[0.1666914, 0.16678262, 0.16671322, 0.16658272, 0.16670862, 0.16652143]",3943043,768,England,1,1673,1680,Pass
91,0.009826353,"[0.16665298, 0.16664365, 0.16668832, 0.16654176, 0.16678695, 0.16668631]",3943043,772,Spain,2,3218,3222,Pass
27,0.009801608,"[0.16675515, 0.1665353, 0.16644347, 0.16649297, 0.16661331, 0.1671598]",3943043,768,England,1,928,938,Pass
125,0.009788351,"[0.16665089, 0.16676089, 0.1666851, 0.16674197, 0.1664832, 0.16667798]",3943043,772,Spain,2,4726,4733,Pass
135,0.009727927,"[0.16665484, 0.1666217, 0.1667552, 0.16665488, 0.16671337, 0.16660002]",3943043,768,England,2,5111,5126,Pass
9,0.009724896,"[0.16749698, 0.16604698, 0.16550946, 0.16697194, 0.16709286, 0.16688174]",3943043,772,Spain,1,222,228,Pass
84,0.009690033,"[0.16665547, 0.16672328, 0.16670333, 0.1666148, 0.16670872, 0.16659436]",3943043,768,England,2,2933,2938,Pass
61,0.009675797,"[0.16660792, 0.16663954, 0.16675635, 0.16665432, 0.16676456, 0.16657728]",3943043,768,England,1,2300,2306,Pass
63,0.009659089,"[0.16657202, 0.16670589, 0.16655363, 0.16666499, 0.16689421, 0.1666092]",3943043,768,England,1,2357,2363,Pass
80,0.0096150525,"[0.16672291, 0.16670686, 0.1667248, 0.16662896, 0.16662842, 0.16658795]",3943043,772,Spain,2,2702,2710,Pass
29,0.009581709,"[0.16658017, 0.1666994, 0.16660233, 0.1666826, 0.16671637, 0.16671915]",3943043,772,Spain,1,1038,1045,Pass
123,0.009580728,"[0.16659606, 0.16664304, 0.16672267, 0.16663311, 0.16672269, 0.16668236]",3943043,772,Spain,2,4541,4550,Pass
96,0.009543372,"[0.1666304, 0.16678898, 0.1665135, 0.1665388, 0.16670513, 0.16682324]",3943043,768,England,2,3443,3450,Pass
113,0.009541398,"[0.16669376, 0.16671081, 0.16673815, 0.16664489, 0.16671084, 0.16650154]",3943043,772,Spain,2,4241,4247,Pass
51,0.009514092,"[0.1666355, 0.16675515, 0.16664916, 0.16671908, 0.16667867, 0.16656248]",3943043,768,England,1,1784,1794,Pass
94,0.009482227,"[0.16654721, 0.16658604, 0.16667593, 0.16662385, 0.16682221, 0.16674481]",3943043,768,England,2,3364,3370,Pass
46,0.0094167795,"[0.16655108, 0.16676773, 0.16674043, 0.16674456, 0.16657043, 0.16662572]",3943043,768,England,1,1684,1691,Pass
133,0.009406608,"[0.16654062, 0.16670778, 0.1666359, 0.16673239, 0.16667914, 0.16670422]",3943043,772,Spain,2,4983,4990,Pass
7,0.009375842,"[0.16668896, 0.16663033, 0.16666114, 0.16654898, 0.16673307, 0.16673747]",3943043,772,Spain,1,150,160,Pass
94,0.009368556,"[0.16669777, 0.16671936, 0.16671816, 0.16663142, 0.16665505, 0.16657822]",3943043,768,England,2,3358,3365,Pass
16,0.009356448,"[0.2499568, 0.24995568, 0.25012514, 0.24996236, 0.0, 0.0]",3943043,768,England,1,482,484,Pass
7,0.009297831,"[0.16678466, 0.166713, 0.16658893, 0.16650777, 0.16669355, 0.16671206]",3943043,772,Spain,1,166,177,Pass
135,0.0092969015,"[0.16661045, 0.16673498, 0.16662404, 0.16662301, 0.16664122, 0.16676633]",3943043,768,England,2,5111,5124,Pass
119,0.00928754,"[0.16665018, 0.16665393, 0.16676827, 0.16675214, 0.16663323, 0.16654229]",3943043,772,Spain,2,4401,4407,Pass
46,0.009260653,"[0.16667284, 0.16670816, 0.16672455, 0.16666459, 0.16667046, 0.16655946]",3943043,768,England,1,1689,1693,Pass
5,0.009217843,"[0.16663802, 0.16663748, 0.16667363, 0.16665208, 0.16679758, 0.16660123]",3943043,768,England,1,91,94,Pass
133,0.009209149,"[0.16664156, 0.16666694, 0.16663463, 0.16660585, 0.16679673, 0.16665438]",3943043,772,Spain,2,4988,4996,Pass
27,0.009199174,"[0.1666904, 0.16672553, 0.16673912, 0.16655058, 0.16667902, 0.16661535]",3943043,768,England,1,926,936,Pass
125,0.0091727115,"[0.1666598, 0.16664904, 0.1666489, 0.16664892, 0.16676015, 0.16663317]",3943043,772,Spain,2,4724,4732,Pass
89,0.009157073,"[0.1668441, 0.16675472, 0.16642138, 0.16646764, 0.16661963, 0.16689254]",3943043,768,England,2,3023,3034,Pass
19,0.0091515705,"[0.16660944, 0.16674621, 0.16692369, 0.1665403, 0.16651417, 0.16666618]",3943043,768,England,1,538,550,Pass
84,0.009143917,"[0.16669661, 0.16686045, 0.16677901, 0.16673997, 0.16639176, 0.16653223]",3943043,768,England,2,2924,2929,Pass
9,0.009135524,"[0.16670407, 0.16668887, 0.16668332, 0.16660702, 0.16671391, 0.16660285]",3943043,772,Spain,1,228,236,Pass
90,0.009122478,"[0.16656448, 0.16672479, 0.16676626, 0.16673744, 0.16671768, 0.1664893]",3943043,772,Spain,2,3123,3131,Pass
24,0.00911835,"[0.16659883, 0.16680229, 0.1667837, 0.16687617, 0.16612275, 0.1668162]",3943043,772,Spain,1,802,817,Pass
125,0.009108191,"[0.16672474, 0.1666483, 0.16669703, 0.1665244, 0.16678075, 0.16662477]",3943043,772,Spain,2,4727,4735,Pass
46,0.00910349,"[0.16687924, 0.16668929, 0.1666719, 0.16661733, 0.16655128, 0.166591]",3943043,768,England,1,1675,1681,Pass
7,0.009073319,"[0.16667992, 0.16672996, 0.1667448, 0.16659847, 0.16662078, 0.16662604]",3943043,772,Spain,1,159,171,Pass
83,0.009054124,"[0.16663133, 0.16670316, 0.16666177, 0.16668196, 0.1666511, 0.16667068]",3943043,772,Spain,2,2862,2873,Pass
29,0.009034604,"[0.1667052, 0.1666791, 0.16671115, 0.16659638, 0.16668446, 0.16662377]",3943043,772,Spain,1,1040,1046,Pass
135,0.00902224,"[0.16669562, 0.16673675, 0.16663344, 0.16668049, 0.16659637, 0.16665733]",3943043,768,England,2,5113,5126,Pass
144,0.009022003,"[0.16673408, 0.16663963, 0.16675259, 0.1663783, 0.16672105, 0.16677435]",3943043,768,England,2,5519,5528,Foul
83,0.008990128,"[0.16669348, 0.16666603, 0.16669416, 0.16663288, 0.1667183, 0.16659515]",3943043,772,Spain,2,2863,2875,Pass
7,0.008984905,"[0.16658819, 0.1666787, 0.16677156, 0.16670887, 0.1665704, 0.1666823]",3943043,772,Spain,1,136,145,Pass
7,0.00896973,"[0.16667512, 0.16662462, 0.16671132, 0.16663487, 0.16669075, 0.16666335]",3943043,772,Spain,1,141,149,Pass
123,0.008969119,"[0.166684, 0.16670328, 0.16671085, 0.16663538, 0.16666377, 0.16660272]",3943043,772,Spain,2,4557,4566,Pass
135,0.008956743,"[0.16663912, 0.16674176, 0.16668443, 0.16666356, 0.16665968, 0.16661142]",3943043,768,England,2,5102,5111,Pass
120,0.008940702,"[0.1665919, 0.16678551, 0.1666215, 0.16665056, 0.16666989, 0.16668063]",3943043,768,England,2,4420,4428,Pass
135,0.008927712,"[0.16654728, 0.16680513, 0.16667764, 0.16663367, 0.16672108, 0.16661513]",3943043,768,England,2,5098,5110,Pass
29,0.00892234,"[0.16669407, 0.1667937, 0.16670798, 0.16670603, 0.16665284, 0.16644539]",3943043,772,Spain,1,1050,1066,Pass
46,0.008904707,"[0.16674581, 0.1666789, 0.1666631, 0.16654603, 0.16673926, 0.16662687]",3943043,768,England,1,1685,1691,Pass
6,0.008882044,"[0.16663435, 0.16668457, 0.16661534, 0.1666805, 0.16667324, 0.16671203]",3943043,772,Spain,1,99,113,Pass
123,0.008873815,"[0.16663249, 0.16672467, 0.166708, 0.16674471, 0.16657941, 0.16661067]",3943043,772,Spain,2,4556,4564,Pass
135,0.008869957,"[0.16668396, 0.16666093, 0.16667254, 0.16666873, 0.1666773, 0.16663651]",3943043,768,England,2,5126,5132,Pass
83,0.008867426,"[0.16664898, 0.16666926, 0.16658801, 0.16646057, 0.16676831, 0.16686493]",3943043,772,Spain,2,2853,2863,Pass
84,0.00885536,"[0.16654792, 0.16663165, 0.16662347, 0.16665226, 0.16663584, 0.16690889]",3943043,768,England,2,2931,2937,Pass
104,0.008778581,"[0.16667314, 0.16667733, 0.16671945, 0.1666297, 0.16667537, 0.16662508]",3943043,768,England,2,3911,3924,Pass
90,0.008752406,"[0.16662866, 0.16661601, 0.16670823, 0.16663408, 0.1667531, 0.16665992]",3943043,772,Spain,2,3126,3138,Pass
4,0.008740213,"[0.1664484, 0.16681263, 0.16653751, 0.1667699, 0.16692495, 0.16650662]",3943043,772,Spain,1,59,65,Pass
84,0.008717457,"[0.16659705, 0.16667016, 0.16680671, 0.16668156, 0.16654669, 0.16669774]",3943043,768,England,2,2936,2943,Pass
91,0.008713165,"[0.1666812, 0.16668935, 0.16669859, 0.16662224, 0.16671287, 0.16659576]",3943043,772,Spain,2,3222,3230,Pass
135,0.008710507,"[0.16671222, 0.16669646, 0.16667502, 0.1666295, 0.16667472, 0.16661213]",3943043,768,England,2,5114,5127,Pass
108,0.008699318,"[0.20009099, 0.19991745, 0.199978, 0.1999659, 0.2000476, 0.0]",3943043,768,England,2,4078,4083,Pass
90,0.008686705,"[0.16674742, 0.16692528, 0.16664433, 0.16655265, 0.16660383, 0.16652645]",3943043,772,Spain,2,3108,3115,Pass
21,0.0086516235,"[0.16666009, 0.16668582, 0.16669513, 0.16660868, 0.16671441, 0.16663589]",3943043,772,Spain,1,630,641,Pass
91,0.008647742,"[0.16672194, 0.16667731, 0.16668421, 0.16649821, 0.16672397, 0.16669433]",3943043,772,Spain,2,3180,3188,Pass
123,0.008638395,"[0.1666551, 0.1666277, 0.16671653, 0.16662653, 0.1667091, 0.16666506]",3943043,772,Spain,2,4549,4558,Pass
84,0.008638024,"[0.16676919, 0.16669837, 0.16667417, 0.1666041, 0.1666412, 0.16661288]",3943043,768,England,2,2935,2941,Pass
97,0.008605879,"[0.16670008, 0.16666529, 0.16669172, 0.1665429, 0.16674052, 0.16665946]",3943043,772,Spain,2,3472,3485,Pass
123,0.008590633,"[0.16663696, 0.16664745, 0.16669223, 0.16662416, 0.16672751, 0.16667175]",3943043,772,Spain,2,4561,4569,Pass
33,0.008583317,"[0.16661592, 0.16674802, 0.16660325, 0.16664676, 0.16679724, 0.16658886]",3943043,768,England,1,1252,1261,Foul
73,0.008569244,"[0.20005997, 0.2001694, 0.1999782, 0.20022035, 0.19957209, 0.0]",3943043,772,Spain,1,2631,2636,Pass
7,0.008546434,"[0.16646723, 0.16672298, 0.16663985, 0.16672647, 0.16668208, 0.16676135]",3943043,772,Spain,1,139,148,Pass
84,0.008486403,"[0.16670942, 0.16666114, 0.1666851, 0.16664997, 0.16672109, 0.1665732]",3943043,768,England,2,2929,2936,Pass
7,0.008459432,"[0.16673335, 0.16672304, 0.16665822, 0.16667776, 0.16652468, 0.166683]",3943043,772,Spain,1,160,175,Pass
54,0.00843573,"[0.20019399, 0.19989525, 0.19987749, 0.19997358, 0.20005964, 0.0]",3943043,772,Spain,1,1933,1938,Pass
123,0.008417273,"[0.16676524, 0.16667832, 0.16672593, 0.16661625, 0.16648029, 0.16673394]",3943043,772,Spain,2,4558,4567,Pass
91,0.008417251,"[0.16674323, 0.16656174, 0.16672477, 0.1666512, 0.16670714, 0.16661191]",3943043,772,Spain,2,3227,3233,Pass
96,0.008402158,"[0.16667782, 0.16665015, 0.16672896, 0.16657205, 0.16673957, 0.16663142]",3943043,768,England,2,3441,3445,Pass
91,0.008386014,"[0.16679078, 0.16666624, 0.16678311, 0.1665753, 0.16660307, 0.16658142]",3943043,772,Spain,2,3182,3191,Pass
113,0.008370997,"[0.16670766, 0.16669951, 0.16672076, 0.16659842, 0.1666944, 0.16657934]",3943043,772,Spain,2,4248,4257,Pass
80,0.008360831,"[0.16663033, 0.16664527, 0.16673507, 0.16672406, 0.16668801, 0.16657725]",3943043,772,Spain,2,2700,2706,Pass
119,0.008355264,"[0.16673554, 0.16670103, 0.16667674, 0.16663645, 0.16661495, 0.1666353]",3943043,772,Spain,2,4402,4409,Pass
97,0.008353457,"[0.16662528, 0.16659476, 0.16668865, 0.16661389, 0.16676699, 0.16671036]",3943043,772,Spain,2,3467,3474,Pass
61,0.008340482,"[0.16661046, 0.16673261, 0.16665478, 0.1667118, 0.16658588, 0.16670446]",3943043,768,England,1,2301,2310,Pass
19,0.008304369,"[0.16656205, 0.1674046, 0.16672857, 0.16640605, 0.16652931, 0.16636954]",3943043,768,England,1,543,552,Pass
83,0.008282872,"[0.16660425, 0.1667375, 0.16670161, 0.16671355, 0.16656984, 0.16667317]",3943043,772,Spain,2,2872,2879,Pass
96,0.008279847,"[0.16663785, 0.16678134, 0.16679834, 0.16678539, 0.16612813, 0.16686897]",3943043,768,England,2,3439,3444,Pass
94,0.0082769,"[0.16665405, 0.16679658, 0.16674636, 0.16679473, 0.16635226, 0.16665602]",3943043,768,England,2,3363,3368,Pass
80,0.008269681,"[0.16670235, 0.16668229, 0.16668281, 0.16659091, 0.16672534, 0.1666163]",3943043,772,Spain,2,2704,2714,Pass
83,0.008240199,"[0.16677085, 0.16666691, 0.16658905, 0.1665582, 0.1667452, 0.16666979]",3943043,772,Spain,2,2851,2862,Pass
46,0.00823045,"[0.16663332, 0.16670306, 0.16662855, 0.16670114, 0.16663398, 0.16669992]",3943043,768,England,1,1691,1699,Pass
84,0.008226126,"[0.16677791, 0.16665296, 0.16660702, 0.1665783, 0.16668862, 0.16669527]",3943043,768,England,2,2929,2935,Pass
4,0.008205352,"[0.16641828, 0.16696543, 0.16710041, 0.16657129, 0.1665991, 0.16634543]",3943043,772,Spain,1,61,68,Pass
119,0.008190012,"[0.16662943, 0.16666767, 0.16672911, 0.16673839, 0.16651723, 0.16671829]",3943043,772,Spain,2,4405,4412,Pass
46,0.008137668,"[0.16665693, 0.16664942, 0.16676019, 0.16663614, 0.16669308, 0.16660419]",3943043,768,England,1,1676,1684,Pass
56,0.008130753,"[0.16667672, 0.16678189, 0.16675436, 0.1667286, 0.16659468, 0.16646364]",3943043,772,Spain,1,1962,1974,Pass
27,0.008123307,"[0.16680878, 0.16660114, 0.16674489, 0.16664249, 0.16652143, 0.16668123]",3943043,768,England,1,947,955,Pass
83,0.008122517,"[0.16665198, 0.1667169, 0.16664653, 0.16665202, 0.16664316, 0.16668943]",3943043,772,Spain,2,2865,2876,Pass
21,0.008105202,"[0.1667089, 0.16669336, 0.1667098, 0.16662978, 0.16666186, 0.16659632]",3943043,772,Spain,1,640,648,Pass
4,0.008086415,"[0.16684322, 0.1665734, 0.16688707, 0.16677806, 0.16654924, 0.16636898]",3943043,772,Spain,1,60,67,Pass
97,0.00807876,"[0.16660228, 0.16666026, 0.16667646, 0.1666706, 0.16668984, 0.16670063]",3943043,772,Spain,2,3468,3476,Pass
21,0.0080736615,"[0.16668336, 0.16665031, 0.16671914, 0.1665873, 0.16671002, 0.16664983]",3943043,772,Spain,1,650,656,Pass
7,0.0080623645,"[0.16676095, 0.16658612, 0.16670538, 0.16661602, 0.166686, 0.16664547]",3943043,772,Spain,1,137,147,Pass
123,0.008045161,"[0.16662513, 0.16673987, 0.16665411, 0.16668732, 0.16662969, 0.1666639]",3943043,772,Spain,2,4550,4561,Pass
123,0.008044284,"[0.16679905, 0.16669863, 0.16666073, 0.16668886, 0.1666056, 0.16654712]",3943043,772,Spain,2,4546,4557,Pass
96,0.008028848,"[0.16652912, 0.16650029, 0.1665977, 0.1666251, 0.16677794, 0.16696987]",3943043,768,England,2,3436,3442,Pass
96,0.008018158,"[0.16665854, 0.16667178, 0.16666485, 0.16663545, 0.16669105, 0.1666783]",3943043,768,England,2,3433,3441,Pass
33,0.008011909,"[0.16666628, 0.16670935, 0.16663435, 0.16661122, 0.16672488, 0.16665398]",3943043,768,England,1,1252,1260,Pass
83,0.008004475,"[0.16665411, 0.16662665, 0.1667096, 0.16659136, 0.16674387, 0.16667448]",3943043,772,Spain,2,2873,2880,Pass
19,0.008000402,"[0.16675732, 0.16666909, 0.16669102, 0.1665686, 0.16666701, 0.16664703]",3943043,768,England,1,547,557,Pass
84,0.007992439,"[0.16663247, 0.16665691, 0.16670538, 0.16663256, 0.16673598, 0.16663677]",3943043,768,England,2,2937,2945,Pass
83,0.00798112,"[0.16668051, 0.16673614, 0.16675575, 0.16668509, 0.16662484, 0.1665177]",3943043,772,Spain,2,2855,2865,Pass
21,0.007969657,"[0.16661565, 0.16669431, 0.16662215, 0.16665934, 0.16670242, 0.16670609]",3943043,772,Spain,1,641,650,Pass
33,0.007965289,"[0.16659938, 0.16673715, 0.16674376, 0.16663958, 0.16648783, 0.1667923]",3943043,768,England,1,1251,1260,Pass
133,0.007952686,"[0.16670287, 0.16668427, 0.16668546, 0.16659327, 0.16671617, 0.16661799]",3943043,772,Spain,2,4985,4991,Pass
37,0.0079508405,"[0.19972716, 0.1999169, 0.20025401, 0.1999959, 0.20010611, 0.0]",3943043,768,England,1,1366,1372,Pass
135,0.007935645,"[0.16667326, 0.16668595, 0.16675147, 0.16668662, 0.16654637, 0.16665633]",3943043,768,England,2,5116,5128,Pass
123,0.007925538,"[0.16670744, 0.16669174, 0.16670273, 0.16662708, 0.16666484, 0.16660619]",3943043,772,Spain,2,4567,4578,Pass
97,0.007899145,"[0.16658072, 0.16675042, 0.16670178, 0.1667048, 0.16658409, 0.16667815]",3943043,772,Spain,2,3470,3484,Pass
21,0.007893201,"[0.16664869, 0.1667303, 0.16670382, 0.16666724, 0.16659872, 0.16665125]",3943043,772,Spain,1,636,647,Pass
21,0.007883241,"[0.16666245, 0.16680594, 0.16672957, 0.16682196, 0.16619305, 0.16678703]",3943043,772,Spain,1,648,655,Pass
46,0.007868914,"[0.16666478, 0.16668595, 0.16666931, 0.16673793, 0.16665925, 0.16658287]",3943043,768,England,1,1670,1678,Pass
84,0.007865733,"[0.16665383, 0.16686492, 0.16660607, 0.16645002, 0.16681239, 0.16661282]",3943043,768,England,2,2923,2929,Pass
94,0.007861191,"[0.16671509, 0.16672061, 0.16664195, 0.16657756, 0.1666427, 0.16670208]",3943043,768,England,2,3359,3366,Pass
19,0.0078525115,"[0.1666131, 0.16676873, 0.16665553, 0.16669957, 0.16662101, 0.166642]",3943043,768,England,1,545,555,Pass
61,0.007847864,"[0.16665071, 0.16654623, 0.16670914, 0.16664925, 0.16675495, 0.16668974]",3943043,768,England,1,2299,2303,Pass
123,0.007845612,"[0.16659525, 0.16674338, 0.16663353, 0.16662616, 0.1666401, 0.16676158]",3943043,772,Spain,2,4543,4554,Pass
84,0.007836746,"[0.16673625, 0.16678222, 0.1666587, 0.16650788, 0.16663001, 0.16668496]",3943043,768,England,2,2935,2940,Pass
119,0.007820936,"[0.16664617, 0.16662082, 0.16673003, 0.16658032, 0.16674127, 0.16668145]",3943043,772,Spain,2,4407,4414,Pass
123,0.0078119244,"[0.16666985, 0.16667387, 0.16671245, 0.16666575, 0.16667914, 0.16659898]",3943043,772,Spain,2,4554,4563,Pass
96,0.0077992156,"[0.16666137, 0.16668376, 0.16668823, 0.16665733, 0.16673872, 0.1665705]",3943043,768,England,2,3435,3442,Pass
84,0.0077914055,"[0.16661532, 0.16668576, 0.16667788, 0.16669936, 0.16666272, 0.166659]",3943043,768,England,2,2938,2945,Pass
6,0.007769309,"[0.16661847, 0.1667091, 0.16667347, 0.16664657, 0.16672093, 0.16663142]",3943043,772,Spain,1,99,111,Pass
61,0.007756859,"[0.16664419, 0.16664964, 0.16668595, 0.16666831, 0.16674998, 0.16660196]",3943043,768,England,1,2302,2311,Pass
83,0.0077485256,"[0.16669063, 0.16669352, 0.16671376, 0.16662554, 0.16666533, 0.16661125]",3943043,772,Spain,2,2870,2878,Pass
46,0.0077410676,"[0.16666155, 0.16668773, 0.16654803, 0.1666679, 0.16684477, 0.16659002]",3943043,768,England,1,1687,1692,Pass
21,0.007728776,"[0.16668102, 0.1666652, 0.16672115, 0.16662225, 0.16669093, 0.16661952]",3943043,772,Spain,1,641,651,Pass
46,0.0077003967,"[0.16660851, 0.16662456, 0.16681774, 0.16656189, 0.1667236, 0.16666366]",3943043,768,England,1,1692,1701,Pass
113,0.0076944456,"[0.1666302, 0.166698, 0.16673131, 0.16664192, 0.16665064, 0.16664793]",3943043,772,Spain,2,4249,4259,Pass
47,0.007691875,"[0.20022887, 0.19994731, 0.20006664, 0.1998811, 0.1998761, 0.0]",3943043,772,Spain,1,1727,1731,Pass
120,0.0076755565,"[0.16669264, 0.16667096, 0.16671261, 0.16665535, 0.1666565, 0.16661198]",3943043,768,England,2,4426,4433,Pass
96,0.007652806,"[0.16669376, 0.16667634, 0.16670801, 0.16657186, 0.16666964, 0.16668037]",3943043,768,England,2,3431,3439,Pass
90,0.007631505,"[0.16658142, 0.16668959, 0.16673696, 0.1666999, 0.16664729, 0.16664484]",3943043,772,Spain,2,3127,3140,Pass
84,0.00762883,"[0.16665767, 0.16671263, 0.1667099, 0.16652451, 0.16672848, 0.16666682]",3943043,768,England,2,2940,2947,Pass
7,0.007614089,"[0.16664451, 0.16669169, 0.16665785, 0.16666353, 0.16666603, 0.1666764]",3943043,772,Spain,1,144,150,Pass
96,0.0075788945,"[0.16667087, 0.16661485, 0.16670428, 0.1666956, 0.16671254, 0.16660191]",3943043,768,England,2,3438,3443,Pass
131,0.0075766314,"[0.2499245, 0.25002924, 0.2500574, 0.24998884, 0.0, 0.0]",3943043,768,England,2,4929,4931,Pass
96,0.00756838,"[0.16657795, 0.16672812, 0.16666226, 0.16669956, 0.16661952, 0.16671267]",3943043,768,England,2,3429,3438,Pass
97,0.007565208,"[0.1666168, 0.16666856, 0.1667169, 0.16668455, 0.16669548, 0.16661775]",3943043,772,Spain,2,3468,3478,Pass
120,0.007560184,"[0.16665162, 0.16675316, 0.16662145, 0.16667901, 0.16663711, 0.16665767]",3943043,768,England,2,4424,4431,Pass
29,0.007545823,"[0.1667318, 0.16668735, 0.16664636, 0.16668247, 0.16663153, 0.16662039]",3943043,772,Spain,1,1046,1062,Pass
119,0.0075042564,"[0.16668043, 0.1667178, 0.16672762, 0.16662613, 0.16665055, 0.16659749]",3943043,772,Spain,2,4404,4411,Pass
21,0.007497942,"[0.16666712, 0.16668014, 0.16667537, 0.16670136, 0.16656579, 0.16671026]",3943043,772,Spain,1,643,652,Pass
80,0.00748129,"[0.16668454, 0.16668716, 0.16662014, 0.16667758, 0.16666281, 0.16666766]",3943043,772,Spain,2,2706,2716,Pass
7,0.0074799936,"[0.16679531, 0.16671778, 0.16675866, 0.16663253, 0.16653353, 0.16656214]",3943043,772,Spain,1,149,159,Pass
135,0.0074631367,"[0.16671558, 0.1667165, 0.16666171, 0.16656283, 0.16673702, 0.16660634]",3943043,768,England,2,5107,5113,Pass
134,0.007433744,"[0.16657367, 0.1667289, 0.16658153, 0.16656563, 0.16682218, 0.16672805]",3943043,772,Spain,2,5073,5083,Pass
123,0.007412905,"[0.16666271, 0.16666271, 0.16661783, 0.16666278, 0.16671342, 0.16668062]",3943043,772,Spain,2,4563,4573,Pass
135,0.0073795,"[0.1666739, 0.16674094, 0.16663937, 0.16672449, 0.16660152, 0.16661976]",3943043,768,England,2,5107,5114,Pass
123,0.007379012,"[0.16663752, 0.16674861, 0.16669554, 0.1667009, 0.16657832, 0.16663912]",3943043,772,Spain,2,4566,4577,Pass
120,0.0073585715,"[0.16676016, 0.16674583, 0.16670078, 0.16661753, 0.1666588, 0.16651689]",3943043,768,England,2,4423,4429,Pass
7,0.0073375423,"[0.1666481, 0.16674443, 0.16673894, 0.16674308, 0.1666062, 0.16651921]",3943043,772,Spain,1,154,170,Pass
7,0.0073323194,"[0.16669384, 0.16670214, 0.16672198, 0.16664907, 0.16664736, 0.16658561]",3943043,772,Spain,1,148,154,Pass
123,0.0073227044,"[0.16670227, 0.16670461, 0.16668697, 0.1666052, 0.16666955, 0.16663139]",3943043,772,Spain,2,4544,4556,Pass
132,0.007305363,"[0.16648975, 0.16678885, 0.1667913, 0.16668406, 0.166647, 0.16659902]",3943043,768,England,2,4971,4975,Pass
135,0.007289199,"[0.16659223, 0.16666366, 0.16666433, 0.16670722, 0.16662166, 0.16675094]",3943043,768,England,2,5103,5111,Pass
21,0.00727476,"[0.16667308, 0.16669671, 0.1666208, 0.16667444, 0.16664152, 0.1666934]",3943043,772,Spain,1,632,641,Pass
80,0.007250434,"[0.16668959, 0.16667986, 0.16673654, 0.16663846, 0.16665053, 0.16660503]",3943043,772,Spain,2,2708,2719,Pass
135,0.007237153,"[0.16671105, 0.16668105, 0.16663474, 0.1665347, 0.16676474, 0.16667372]",3943043,768,England,2,5124,5130,Pass
94,0.007165322,"[0.16672058, 0.16667038, 0.16668943, 0.16658159, 0.16662388, 0.1667141]",3943043,768,England,2,3361,3367,Pass
29,0.0071549024,"[0.1667025, 0.16665709, 0.16668256, 0.16657339, 0.1667249, 0.1666595]",3943043,772,Spain,1,1048,1064,Pass
48,0.0071513075,"[0.16634604, 0.16644864, 0.16685605, 0.16687535, 0.16699032, 0.16648363]",3943043,772,Spain,1,1743,1746,Pass
7,0.0071345083,"[0.1666345, 0.16661005, 0.16666602, 0.16671617, 0.16678417, 0.16658908]",3943043,772,Spain,1,153,168,Pass
61,0.007116629,"[0.16706666, 0.16661511, 0.16660391, 0.16655609, 0.16659565, 0.16656262]",3943043,768,England,1,2310,2315,Pass
11,0.007110538,"[0.20002909, 0.20000619, 0.20011441, 0.20003928, 0.19981106, 0.0]",3943043,768,England,1,295,299,Pass
123,0.0071008466,"[0.16669922, 0.1666771, 0.1667187, 0.16660552, 0.16670437, 0.16659513]",3943043,772,Spain,2,4564,4575,Pass
83,0.00708765,"[0.16668695, 0.1666611, 0.16671297, 0.1666251, 0.1666936, 0.16662028]",3943043,772,Spain,2,2861,2872,Pass
61,0.007077126,"[0.16657598, 0.1668619, 0.16687375, 0.16653109, 0.16664232, 0.16651504]",3943043,768,England,1,2304,2313,Pass
8,0.0070632994,"[0.16665678, 0.16669357, 0.1667356, 0.16660649, 0.1667567, 0.16655093]",3943043,768,England,1,187,196,Pass
100,0.0070477445,"[0.16664375, 0.16652538, 0.16655315, 0.16670343, 0.16682944, 0.1667449]",3943043,768,England,2,3762,3773,Pass
7,0.0070384294,"[0.16670379, 0.16666418, 0.16652644, 0.16664825, 0.16671567, 0.16674161]",3943043,772,Spain,1,151,166,Pass
71,0.0070117507,"[0.3332759, 0.33341697, 0.33330715, 0.0, 0.0, 0.0]",3943043,768,England,1,2583,2588,Pass
96,0.006988097,"[0.16654204, 0.16661091, 0.16681604, 0.16655481, 0.16680114, 0.16667503]",3943043,768,England,2,3429,3436,Pass
21,0.0069801454,"[0.16666482, 0.16666333, 0.16671894, 0.16666512, 0.16667823, 0.16660957]",3943043,772,Spain,1,634,643,Pass
56,0.0069512017,"[0.1665143, 0.16658312, 0.1665463, 0.16710316, 0.16680492, 0.16644813]",3943043,772,Spain,1,1961,1973,Pass
61,0.0069373995,"[0.16673504, 0.16654982, 0.16684417, 0.16676418, 0.16656476, 0.16654204]",3943043,768,England,1,2303,2312,Pass
21,0.0069098845,"[0.16663809, 0.16668013, 0.16671862, 0.16668794, 0.1666919, 0.1665834]",3943043,772,Spain,1,647,654,Pass
83,0.0068518203,"[0.16663627, 0.16670811, 0.16660741, 0.16665632, 0.16668466, 0.16670723]",3943043,772,Spain,2,2856,2870,Pass
97,0.0068072136,"[0.16664663, 0.16670296, 0.16661169, 0.16666494, 0.16668406, 0.16668962]",3943043,772,Spain,2,3474,3489,Pass
7,0.006776521,"[0.16664073, 0.16664292, 0.16668308, 0.16663514, 0.16681035, 0.16658778]",3943043,772,Spain,1,145,151,Pass
7,0.0067232084,"[0.16661854, 0.1666459, 0.16662155, 0.16665292, 0.1668759, 0.16658515]",3943043,772,Spain,1,147,153,Pass
48,0.0066911746,"[0.16689427, 0.16671564, 0.16669774, 0.16648027, 0.16650578, 0.16670631]",3943043,772,Spain,1,1741,1746,Pass
27,0.0066450182,"[0.16663615, 0.16667359, 0.1667145, 0.16660829, 0.1666634, 0.16670407]",3943043,768,England,1,949,959,Pass
13,0.006634293,"[0.19988959, 0.20003204, 0.2002008, 0.20017177, 0.19970582, 0.0]",3943043,768,England,1,433,437,Pass
90,0.0065411534,"[0.16675317, 0.16657296, 0.16666208, 0.16656032, 0.16675302, 0.1666984]",3943043,772,Spain,2,3129,3143,Pass
113,0.006513348,"[0.16663744, 0.16665171, 0.16668047, 0.16662933, 0.16667186, 0.16672921]",3943043,772,Spain,2,4254,4261,Pass
97,0.006511675,"[0.16665463, 0.16663224, 0.16671513, 0.16662525, 0.1667133, 0.16665946]",3943043,772,Spain,2,3476,3491,Pass
7,0.006449761,"[0.16700137, 0.16652553, 0.16681668, 0.16707456, 0.16639642, 0.16618542]",3943043,772,Spain,1,133,144,Pass
61,0.0063923914,"[0.16702776, 0.16707756, 0.16634782, 0.16635838, 0.16688813, 0.16630043]",3943043,768,England,1,2306,2314,Pass
7,0.0060999747,"[0.16642736, 0.1669724, 0.16672973, 0.16651036, 0.16700932, 0.1663508]",3943043,772,Spain,1,132,141,Pass
