possession_id,value,attention_weights,game_id,team_id,team_name,period,time_start,time_end,outcome
92,0.2966212,"[0.1820346, 0.12908271, 0.07394368, 0.06956239, 0.08440812, 0.10775547, 0.19362928, 0.15958373]",3943043,772,Spain,2,3287,3299,Shot
136,0.28615808,"[0.18597503, 0.13065082, 0.07792278, 0.07445756, 0.08611483, 0.123265006, 0.18229003, 0.1393239]",3943043,772,Spain,2,5148,5156,Goal
137,0.2727203,"[0.18391532, 0.12965146, 0.07514409, 0.07376955, 0.08790043, 0.12553814, 0.19141498, 0.13266593]",3943043,768,England,2,5265,5279,Pass
69,0.27157688,"[0.16000067, 0.10472472, 0.06930727, 0.068800226, 0.08680061, 0.12710224, 0.20674562, 0.1765186]",3943043,772,Spain,1,2532,2544,Shot
123,0.25932685,"[0.18575191, 0.13058403, 0.07693262, 0.07314326, 0.09071869, 0.12952644, 0.18048985, 0.13285322]",3943043,772,Spain,2,4644,4660,Pass
26,0.25787464,"[0.19449492, 0.13918301, 0.08320404, 0.07945264, 0.09580174, 0.11153148, 0.18225637, 0.11407573]",3943043,768,England,1,872,883,Pass
26,0.2569701,"[0.18728796, 0.14100206, 0.07925794, 0.076454625, 0.08488675, 0.11904327, 0.17835748, 0.13370985]",3943043,768,England,1,873,883,Pass
69,0.25421828,"[0.17621772, 0.12522078, 0.07294407, 0.073996805, 0.09214575, 0.1261134, 0.19619042, 0.13717103]",3943043,772,Spain,1,2530,2544,Pass
9,0.25067586,"[0.18188508, 0.13186675, 0.07678248, 0.07389461, 0.09539473, 0.12339478, 0.1836445, 0.13313703]",3943043,772,Spain,1,244,258,Pass
105,0.2495134,"[0.18473203, 0.13366835, 0.07735196, 0.07515029, 0.08839788, 0.12215004, 0.18280506, 0.13574435]",3943043,772,Spain,2,3938,3945,Shot
110,0.24947387,"[0.1899318, 0.13653357, 0.080210425, 0.07683232, 0.08716165, 0.11983768, 0.17533146, 0.13416113]",3943043,772,Spain,2,4127,4142,Pass
134,0.24828412,"[0.19100305, 0.13857014, 0.08125873, 0.07744273, 0.09770915, 0.11675281, 0.18301581, 0.11424752]",3943043,772,Spain,2,5083,5097,Pass
123,0.24382961,"[0.18142708, 0.13540182, 0.076706745, 0.07593182, 0.09065335, 0.122376904, 0.19494972, 0.12255264]",3943043,772,Spain,2,4643,4659,Pass
120,0.23634599,"[0.18646465, 0.13847083, 0.079400346, 0.07702899, 0.09763538, 0.119914055, 0.1859392, 0.11514659]",3943043,768,England,2,4439,4453,Pass
138,0.2361789,"[0.27306566, 0.20200005, 0.10969373, 0.15880656, 0.256434, 0.0, 0.0, 0.0]",3943043,768,England,2,5352,5357,Shot
129,0.23273344,"[0.18054311, 0.12880285, 0.075412914, 0.07193564, 0.09157399, 0.1209682, 0.18735792, 0.14340527]",3943043,772,Spain,2,4869,4873,Shot
30,0.23155037,"[0.18200696, 0.13600227, 0.07893898, 0.076338656, 0.09984942, 0.12381703, 0.18924823, 0.113798484]",3943043,772,Spain,1,1120,1128,Pass
109,0.23044397,"[0.18224901, 0.13361983, 0.075783916, 0.07571226, 0.09341026, 0.1283486, 0.17940989, 0.13146634]",3943043,772,Spain,2,4084,4090,Pass
9,0.2291068,"[0.18026386, 0.12894309, 0.075076714, 0.07410512, 0.091653965, 0.1320495, 0.19229078, 0.12561692]",3943043,772,Spain,1,239,257,Pass
60,0.22794868,"[0.18252178, 0.13138634, 0.07611519, 0.07420429, 0.094891705, 0.12414492, 0.19336365, 0.12337212]",3943043,772,Spain,1,2258,2270,Pass
120,0.22643687,"[0.18606533, 0.13477108, 0.0764713, 0.075005606, 0.08830615, 0.12290239, 0.1808427, 0.13563547]",3943043,768,England,2,4442,4454,Pass
24,0.22567342,"[0.18236755, 0.13140477, 0.07649265, 0.0740193, 0.097311094, 0.1234928, 0.19175659, 0.12315515]",3943043,772,Spain,1,815,831,Pass
136,0.2235549,"[0.17862089, 0.13258255, 0.075211585, 0.075105, 0.095149174, 0.12581806, 0.19464204, 0.12287063]",3943043,772,Spain,2,5147,5155,Pass
9,0.2224257,"[0.18273586, 0.13751438, 0.077392295, 0.07731219, 0.0972514, 0.1272446, 0.18669407, 0.11385517]",3943043,772,Spain,1,234,249,Pass
110,0.22196266,"[0.18545872, 0.13433346, 0.076510146, 0.07697018, 0.09855108, 0.12383518, 0.18866019, 0.115681]",3943043,772,Spain,2,4125,4140,Pass
9,0.21457638,"[0.18704493, 0.13835001, 0.07895043, 0.07603603, 0.093434766, 0.122223936, 0.17373882, 0.13022098]",3943043,772,Spain,1,236,252,Pass
69,0.20989726,"[0.17618322, 0.12687835, 0.07324821, 0.07096561, 0.09333346, 0.12906636, 0.19509202, 0.1352327]",3943043,772,Spain,1,2528,2543,Pass
92,0.20834579,"[0.13716918, 0.17951512, 0.08016102, 0.07476339, 0.10545252, 0.124732256, 0.17185086, 0.12635557]",3943043,772,Spain,2,3295,3307,Shot
83,0.20644368,"[0.1699175, 0.12670119, 0.07049006, 0.06855717, 0.09091459, 0.12539262, 0.19692203, 0.15110482]",3943043,772,Spain,2,2891,2899,Shot
92,0.20397978,"[0.22488013, 0.15052031, 0.07324429, 0.07112707, 0.08556856, 0.10714488, 0.16717483, 0.12033987]",3943043,772,Spain,2,3298,3315,Shot
92,0.2033265,"[0.10974741, 0.11582636, 0.09518606, 0.082213335, 0.113740824, 0.15631598, 0.19667403, 0.13029595]",3943043,772,Spain,2,3295,3307,Shot
129,0.20246033,"[0.15431426, 0.114255324, 0.06715265, 0.06803071, 0.08697954, 0.124160945, 0.203636, 0.18147057]",3943043,772,Spain,2,4870,4874,Shot
58,0.198996,"[0.17699982, 0.12642647, 0.074504785, 0.0721443, 0.09531197, 0.13084829, 0.19657302, 0.12719136]",3943043,772,Spain,1,2147,2155,Pass
22,0.1860929,"[0.474179, 0.3228838, 0.2029372, 0.0, 0.0, 0.0, 0.0, 0.0]",3943043,772,Spain,1,738,741,Shot
36,0.18383896,"[0.17413017, 0.13179828, 0.0750844, 0.073770195, 0.09817863, 0.13169484, 0.19475274, 0.12059077]",3943043,772,Spain,1,1349,1364,Pass
92,0.17649922,"[0.0781383, 0.0822644, 0.06452459, 0.08488826, 0.119271845, 0.17304529, 0.24082658, 0.15704067]",3943043,772,Spain,2,3294,3304,Shot
75,0.16639073,"[0.44479555, 0.3341194, 0.22108516, 0.0, 0.0, 0.0, 0.0, 0.0]",3943043,768,England,1,2739,2741,Shot
129,0.15845428,"[0.15438496, 0.11226769, 0.06291645, 0.061857406, 0.085988864, 0.13008887, 0.2115752, 0.18092053]",3943043,772,Spain,2,4871,4875,Shot
81,0.15766641,"[0.109274395, 0.093730025, 0.06524521, 0.07095526, 0.11280285, 0.16183293, 0.22251019, 0.16364916]",3943043,772,Spain,2,2755,2769,Goal
40,0.15653323,"[0.15627751, 0.12523071, 0.072007604, 0.07170864, 0.096742384, 0.13611805, 0.20273404, 0.13918096]",3943043,768,England,1,1448,1458,Pass
92,0.1549728,"[0.08490064, 0.08012204, 0.058846563, 0.0636629, 0.09174886, 0.18030508, 0.25098673, 0.18942712]",3943043,772,Spain,2,3288,3302,Shot
92,0.14699565,"[0.079699315, 0.07081914, 0.059514754, 0.0620626, 0.106717326, 0.16964363, 0.2585615, 0.19298172]",3943043,772,Spain,2,3291,3303,Shot
40,0.1434786,"[0.14990044, 0.14369433, 0.07893587, 0.075261645, 0.09827661, 0.13355878, 0.19047041, 0.12990198]",3943043,768,England,1,1452,1460,Pass
24,0.1384585,"[0.14423887, 0.11996679, 0.07561991, 0.07757633, 0.10236211, 0.1386205, 0.19792356, 0.14369197]",3943043,772,Spain,1,817,832,Pass
27,0.13583964,"[0.1169575, 0.1488974, 0.07323424, 0.072641134, 0.11408999, 0.15051329, 0.19715954, 0.12650698]",3943043,768,England,1,979,989,Shot
92,0.13471235,"[0.09525421, 0.093536735, 0.06528378, 0.06769724, 0.09053291, 0.15202631, 0.23028693, 0.20538183]",3943043,772,Spain,2,3286,3298,Shot
83,0.12711303,"[0.12784895, 0.110493556, 0.06967008, 0.07444679, 0.10575209, 0.15162896, 0.21432391, 0.14583561]",3943043,772,Spain,2,2889,2898,Pass
117,0.12515625,"[0.16679952, 0.12474007, 0.0745148, 0.07494887, 0.10039257, 0.13967225, 0.19645073, 0.122481205]",3943043,768,England,2,4315,4326,Foul
40,0.12324518,"[0.12661925, 0.10880443, 0.07263171, 0.07647947, 0.10827274, 0.1485154, 0.21291994, 0.14575712]",3943043,768,England,1,1451,1459,Pass
123,0.11910959,"[0.10332851, 0.100658335, 0.070442885, 0.07572545, 0.10904595, 0.15594304, 0.2306872, 0.15416865]",3943043,772,Spain,2,4642,4651,Pass
109,0.11339951,"[0.12400808, 0.110758826, 0.07085393, 0.07593505, 0.10800168, 0.1541603, 0.21678956, 0.13949256]",3943043,772,Spain,2,4084,4089,Pass
137,0.11025335,"[0.12530296, 0.118094094, 0.073971674, 0.07386605, 0.103651516, 0.14601676, 0.21172418, 0.1473728]",3943043,768,England,2,5262,5278,Pass
105,0.10937046,"[0.11231744, 0.100803986, 0.06634809, 0.069411516, 0.09725191, 0.14662865, 0.22285831, 0.18438016]",3943043,772,Spain,2,3937,3945,Shot
115,0.10455186,"[0.242923, 0.21656439, 0.14318901, 0.15038268, 0.24694093, 0.0, 0.0, 0.0]",3943043,772,Spain,2,4304,4310,Shot
137,0.10428922,"[0.10922505, 0.11300203, 0.077102974, 0.07883972, 0.10589982, 0.15165584, 0.21888088, 0.14539364]",3943043,768,England,2,5260,5277,Pass
124,0.10366585,"[0.33210695, 0.22891146, 0.12989265, 0.12506767, 0.18402128, 0.0, 0.0, 0.0]",3943043,772,Spain,2,4697,4703,Pass
102,0.102870986,"[0.12615846, 0.113013625, 0.07234861, 0.07429031, 0.10235525, 0.14754984, 0.21727939, 0.14700443]",3943043,768,England,2,3862,3874,Pass
98,0.10211115,"[0.11280092, 0.0903224, 0.069611706, 0.0702595, 0.09752209, 0.15254831, 0.24225344, 0.16468152]",3943043,768,England,2,3565,3577,Pass
21,0.10104808,"[0.12573864, 0.09963564, 0.059330363, 0.061465684, 0.09423632, 0.15472439, 0.21861398, 0.18625489]",3943043,772,Spain,1,657,673,Shot
137,0.10024432,"[0.1383415, 0.11250755, 0.06901034, 0.07268766, 0.101015575, 0.14444059, 0.21348457, 0.14851223]",3943043,768,England,2,5264,5278,Pass
129,0.09532022,"[0.09820911, 0.09220498, 0.06452511, 0.06731325, 0.09056814, 0.14960255, 0.2375321, 0.2000448]",3943043,772,Spain,2,4868,4873,Shot
83,0.094008155,"[0.10054176, 0.08729412, 0.064265616, 0.06958155, 0.11126219, 0.16913319, 0.23699549, 0.16092609]",3943043,772,Spain,2,2880,2897,Pass
69,0.09341953,"[0.13060567, 0.104299106, 0.06542038, 0.06646575, 0.09215314, 0.1489514, 0.2282331, 0.16387138]",3943043,772,Spain,1,2522,2541,Pass
122,0.09281412,"[0.32075086, 0.23668972, 0.13435206, 0.13376132, 0.1744461, 0.0, 0.0, 0.0]",3943043,768,England,2,4521,4530,Pass
44,0.087046176,"[0.12011085, 0.10092118, 0.07028972, 0.074152745, 0.10320766, 0.14945157, 0.22209698, 0.15976943]",3943043,772,Spain,1,1629,1637,Pass
29,0.08535669,"[0.12155425, 0.10666569, 0.06386315, 0.065654404, 0.098592244, 0.1571759, 0.22578925, 0.16070512]",3943043,772,Spain,1,1067,1083,Pass
129,0.08227583,"[0.10709801, 0.09886226, 0.07103489, 0.07515712, 0.10066853, 0.14876577, 0.22994079, 0.16847266]",3943043,772,Spain,2,4861,4871,Pass
38,0.08063668,"[0.25775766, 0.210342, 0.15436122, 0.16437027, 0.21316883, 0.0, 0.0, 0.0]",3943043,772,Spain,1,1374,1378,Pass
92,0.08017254,"[0.12455557, 0.10168883, 0.07261587, 0.0724141, 0.094424345, 0.1401698, 0.23373032, 0.16040118]",3943043,772,Spain,2,3285,3295,Pass
81,0.07929546,"[0.080710374, 0.08489415, 0.06298582, 0.06723459, 0.094926864, 0.17305663, 0.25975627, 0.17643522]",3943043,772,Spain,2,2753,2768,Pass
21,0.078705,"[0.13289878, 0.10717328, 0.06528676, 0.0657471, 0.09267691, 0.14649293, 0.22535434, 0.16437]",3943043,772,Spain,1,656,668,Pass
110,0.07826789,"[0.13033748, 0.100898094, 0.06802427, 0.078641534, 0.109906666, 0.14392771, 0.21487753, 0.15338671]",3943043,772,Spain,2,4129,4144,Pass
10,0.07771209,"[0.38222614, 0.2750463, 0.15927958, 0.18344806, 0.0, 0.0, 0.0, 0.0]",3943043,772,Spain,1,287,294,Pass
98,0.076400094,"[0.096741915, 0.09334367, 0.07100845, 0.071597695, 0.08116088, 0.1392981, 0.25505498, 0.19179434]",3943043,768,England,2,3564,3575,Pass
125,0.076079264,"[0.12466176, 0.10580337, 0.07504281, 0.07429857, 0.092791855, 0.13741201, 0.23226595, 0.1577236]",3943043,772,Spain,2,4753,4762,Pass
69,0.0740124,"[0.10817928, 0.095413834, 0.05980167, 0.05989321, 0.09403817, 0.17002332, 0.2393673, 0.17328313]",3943043,772,Spain,1,2525,2542,Pass
106,0.070976324,"[0.23740025, 0.20979765, 0.10105949, 0.0977036, 0.13191733, 0.2221217, 0.0, 0.0]",3943043,772,Spain,2,3985,3993,Shot
2,0.070969485,"[0.45021194, 0.34470916, 0.20507893, 0.0, 0.0, 0.0, 0.0, 0.0]",3943043,768,England,1,0,4,Pass
134,0.06949339,"[0.12075615, 0.105598204, 0.073679134, 0.07761519, 0.095835224, 0.14065345, 0.21966311, 0.16619955]",3943043,772,Spain,2,5080,5095,Pass
27,0.067858376,"[0.08649075, 0.08213837, 0.061020695, 0.062291894, 0.11115266, 0.16101561, 0.24162515, 0.19426487]",3943043,768,England,1,965,984,Shot
133,0.067798324,"[0.11524733, 0.09925278, 0.06928508, 0.07279461, 0.10486232, 0.15244542, 0.22034691, 0.16576552]",3943043,772,Spain,2,5036,5043,Pass
92,0.06778978,"[0.16318633, 0.11331114, 0.073349565, 0.07201489, 0.087990426, 0.1270205, 0.20822555, 0.15490165]",3943043,772,Spain,2,3299,3317,Pass
27,0.06765595,"[0.07228128, 0.078646384, 0.060032286, 0.066518515, 0.093277544, 0.19361496, 0.25747138, 0.17815766]",3943043,768,England,1,964,983,Shot
111,0.067460194,"[0.11567478, 0.14677128, 0.11537991, 0.09193239, 0.10615107, 0.15460826, 0.26948223, 0.0]",3943043,768,England,2,4194,4209,Shot
27,0.06718345,"[0.1747144, 0.10384338, 0.058354627, 0.0569418, 0.08384078, 0.14247634, 0.21671931, 0.16310936]",3943043,768,England,1,980,992,Shot
133,0.06593093,"[0.12816437, 0.10746256, 0.07066581, 0.07515885, 0.10561015, 0.14670397, 0.22116673, 0.14506765]",3943043,772,Spain,2,5038,5044,Pass
26,0.065888435,"[0.11250073, 0.106787205, 0.07452942, 0.076147646, 0.08922918, 0.13575108, 0.22784264, 0.17721216]",3943043,768,England,1,871,883,Pass
94,0.065757126,"[0.08962033, 0.08612092, 0.060492627, 0.064961165, 0.10389544, 0.17308259, 0.24901791, 0.17280912]",3943043,768,England,2,3374,3389,Pass
69,0.06563703,"[0.1070545, 0.08667589, 0.057359006, 0.06270966, 0.102694616, 0.17515919, 0.24091361, 0.16743349]",3943043,772,Spain,1,2527,2542,Pass
27,0.06365527,"[0.1130912, 0.095692895, 0.06333627, 0.0790591, 0.09904495, 0.14080043, 0.22863592, 0.18033914]",3943043,768,England,1,967,984,Shot
27,0.06361795,"[0.10927602, 0.096000254, 0.081159554, 0.06914229, 0.09057699, 0.14685823, 0.22576265, 0.18122394]",3943043,768,England,1,970,987,Shot
117,0.063469194,"[0.077536, 0.072819665, 0.06122481, 0.06477686, 0.10046401, 0.16739868, 0.25615373, 0.19962619]",3943043,768,England,2,4315,4328,Goal
129,0.063314706,"[0.09374939, 0.09818079, 0.07023101, 0.07255659, 0.09856981, 0.15081666, 0.23684035, 0.17905536]",3943043,772,Spain,2,4861,4872,Pass
26,0.06297962,"[0.11792149, 0.11231549, 0.0765764, 0.075393945, 0.09543791, 0.13231722, 0.22889246, 0.1611451]",3943043,768,England,1,870,881,Pass
27,0.06209171,"[0.09564923, 0.088928595, 0.06651462, 0.07339791, 0.109482825, 0.16024183, 0.2333447, 0.17244025]",3943043,768,England,1,1002,1014,Pass
44,0.061875515,"[0.087505914, 0.08652028, 0.062414277, 0.061784286, 0.091411576, 0.15641586, 0.24439755, 0.20955019]",3943043,772,Spain,1,1634,1647,Shot
29,0.061691523,"[0.08340441, 0.07811126, 0.06222422, 0.06863917, 0.10404525, 0.17779188, 0.25244716, 0.17333663]",3943043,772,Spain,1,1071,1085,Pass
97,0.061233893,"[0.09765513, 0.09805439, 0.071273156, 0.07262382, 0.08434482, 0.1371609, 0.24825326, 0.19063447]",3943043,772,Spain,2,3526,3531,Pass
123,0.06089168,"[0.07926115, 0.08531628, 0.064116746, 0.0694596, 0.100479126, 0.1613429, 0.24814609, 0.19187821]",3943043,772,Spain,2,4640,4651,Pass
69,0.06044273,"[0.10914856, 0.094107315, 0.06420347, 0.06749428, 0.09391696, 0.14075814, 0.23809615, 0.1922752]",3943043,772,Spain,1,2522,2539,Pass
125,0.05965759,"[0.113318466, 0.10156889, 0.070930324, 0.072678514, 0.09224925, 0.14090855, 0.2296739, 0.17867215]",3943043,772,Spain,2,4753,4765,Pass
133,0.059602357,"[0.10628809, 0.10074275, 0.074644424, 0.076947495, 0.08995014, 0.13139504, 0.23675065, 0.18328136]",3943043,772,Spain,2,5022,5030,Pass
27,0.05927857,"[0.069268204, 0.06852871, 0.059895873, 0.062400382, 0.09450857, 0.15917194, 0.2882312, 0.19799511]",3943043,768,England,1,961,981,Shot
66,0.058497906,"[0.07736942, 0.07588906, 0.06125889, 0.06985079, 0.11065579, 0.17262508, 0.2546755, 0.17767543]",3943043,768,England,1,2448,2460,Pass
98,0.05807022,"[0.104915045, 0.092454486, 0.07713969, 0.07593905, 0.0863225, 0.12564324, 0.25291574, 0.18467025]",3943043,768,England,2,3564,3573,Pass
134,0.05739534,"[0.12642916, 0.09858213, 0.06976537, 0.07005533, 0.09643161, 0.1408293, 0.23281837, 0.16508871]",3943043,772,Spain,2,5079,5092,Pass
97,0.056955457,"[0.11445552, 0.095948845, 0.07307338, 0.072454594, 0.0889763, 0.13162066, 0.2424462, 0.18102458]",3943043,772,Spain,2,3524,3530,Pass
27,0.055554174,"[0.08061126, 0.08087262, 0.06406103, 0.069606505, 0.104513675, 0.16774578, 0.25168914, 0.18089993]",3943043,768,England,1,1001,1014,Pass
44,0.05553232,"[0.10473947, 0.093010336, 0.068495624, 0.06997921, 0.09473766, 0.14652885, 0.2415646, 0.18094426]",3943043,772,Spain,1,1629,1635,Pass
129,0.055451393,"[0.100812405, 0.09440882, 0.07278483, 0.07249101, 0.09300147, 0.13635266, 0.24472278, 0.1854259]",3943043,772,Spain,2,4862,4872,Pass
133,0.055148646,"[0.10258497, 0.08795985, 0.07151524, 0.069905564, 0.082302, 0.13171245, 0.25724596, 0.19677405]",3943043,772,Spain,2,5023,5031,Pass
81,0.05503741,"[0.09353558, 0.08591408, 0.06813589, 0.06794552, 0.08910904, 0.14991349, 0.25970528, 0.18574107]",3943043,772,Spain,2,2752,2766,Pass
92,0.054691855,"[0.08940042, 0.07777846, 0.058773216, 0.060690247, 0.08787994, 0.15742476, 0.25259858, 0.2154544]",3943043,772,Spain,2,3307,3323,Shot
63,0.054359812,"[0.08149598, 0.087300695, 0.06366684, 0.06835059, 0.10217794, 0.17165488, 0.24775366, 0.17759944]",3943043,768,England,1,2359,2375,Pass
133,0.05429095,"[0.11513752, 0.09298827, 0.06850948, 0.06877228, 0.090758204, 0.14027147, 0.24202812, 0.18153468]",3943043,772,Spain,2,5034,5043,Pass
60,0.054028906,"[0.09751326, 0.085222766, 0.06885213, 0.06789692, 0.086942695, 0.14634782, 0.26273394, 0.18449055]",3943043,772,Spain,1,2224,2241,Pass
12,0.05372116,"[0.0888967, 0.07860163, 0.05800821, 0.06064117, 0.08224874, 0.16721997, 0.26976204, 0.1946215]",3943043,772,Spain,1,423,432,Pass
12,0.0535293,"[0.08035428, 0.06901806, 0.05819353, 0.060834505, 0.08996556, 0.16845103, 0.27019686, 0.20298615]",3943043,772,Spain,1,420,431,Pass
125,0.052811928,"[0.111495554, 0.096869394, 0.0736159, 0.07343286, 0.089667715, 0.12623261, 0.23967381, 0.1890122]",3943043,772,Spain,2,4755,4766,Pass
133,0.05266796,"[0.08690908, 0.08399661, 0.06970639, 0.06866899, 0.08525744, 0.14861922, 0.2660539, 0.19078833]",3943043,772,Spain,2,5015,5027,Pass
110,0.052282058,"[0.08743294, 0.09439068, 0.06534649, 0.06711208, 0.09292254, 0.14981286, 0.23807554, 0.20490682]",3943043,772,Spain,2,4138,4147,Shot
100,0.051837534,"[0.076032735, 0.08660623, 0.06764966, 0.074924946, 0.10170436, 0.15187468, 0.23459543, 0.20661196]",3943043,768,England,2,3773,3792,Shot
133,0.05146955,"[0.11362629, 0.08612255, 0.06667081, 0.067871414, 0.08953237, 0.14522982, 0.2473792, 0.18356754]",3943043,772,Spain,2,5031,5042,Pass
133,0.05138234,"[0.0989713, 0.08765034, 0.06692428, 0.069746286, 0.092002, 0.15334381, 0.25218186, 0.17918013]",3943043,772,Spain,2,5024,5033,Pass
133,0.05112969,"[0.11196591, 0.092062876, 0.06745471, 0.06912379, 0.08786615, 0.14301948, 0.2441942, 0.18431287]",3943043,772,Spain,2,5033,5042,Pass
12,0.05098752,"[0.07866038, 0.07701399, 0.057186946, 0.05900153, 0.08453805, 0.16595735, 0.27047303, 0.20716867]",3943043,772,Spain,1,422,432,Pass
133,0.05092946,"[0.08963799, 0.09141885, 0.06854116, 0.07063657, 0.08861134, 0.15029185, 0.25303203, 0.1878302]",3943043,772,Spain,2,5020,5028,Pass
133,0.050141133,"[0.0863177, 0.10056463, 0.07328175, 0.07675935, 0.09024069, 0.13996369, 0.24627677, 0.18659538]",3943043,772,Spain,2,5014,5026,Pass
56,0.050131805,"[0.12809934, 0.10982203, 0.07568396, 0.07520445, 0.09046567, 0.120983295, 0.2278913, 0.17184985]",3943043,772,Spain,1,2000,2012,Pass
87,0.049729012,"[0.105290614, 0.08438766, 0.0598449, 0.060422298, 0.08490394, 0.15055507, 0.25343156, 0.20116398]",3943043,768,England,2,2980,2989,Pass
12,0.04960282,"[0.10504303, 0.090848245, 0.0598165, 0.06097724, 0.08741324, 0.1573604, 0.24870718, 0.18983434]",3943043,772,Spain,1,412,427,Pass
120,0.04927017,"[0.11137038, 0.10266299, 0.07328532, 0.074303016, 0.08927296, 0.13403589, 0.2340093, 0.18106017]",3943043,768,England,2,4438,4449,Pass
27,0.049227994,"[0.07653756, 0.08462213, 0.0667274, 0.07310794, 0.105456285, 0.16984035, 0.25303456, 0.17067379]",3943043,768,England,1,955,979,Pass
100,0.049118705,"[0.07590379, 0.0813822, 0.06749449, 0.08004207, 0.122328006, 0.16664281, 0.23683402, 0.16937256]",3943043,768,England,2,3770,3791,Pass
60,0.049026117,"[0.10804312, 0.09035021, 0.06563518, 0.06796154, 0.08596292, 0.15858041, 0.24318433, 0.18028232]",3943043,772,Spain,1,2243,2256,Pass
77,0.04855323,"[0.4253328, 0.362453, 0.21221411, 0.0, 0.0, 0.0, 0.0, 0.0]",3943043,772,Spain,1,2763,2766,Pass
60,0.04752802,"[0.10873969, 0.088889524, 0.072792284, 0.07136693, 0.086018145, 0.14318599, 0.24951938, 0.17948817]",3943043,772,Spain,1,2234,2247,Pass
133,0.04710154,"[0.12200867, 0.0990144, 0.06792046, 0.070487514, 0.09204266, 0.14671841, 0.23386358, 0.16794434]",3943043,772,Spain,2,5036,5043,Pass
133,0.046507943,"[0.10267077, 0.09331855, 0.07717452, 0.07651334, 0.0917807, 0.12306785, 0.24018463, 0.19528951]",3943043,772,Spain,2,5021,5029,Pass
27,0.04629334,"[0.069318704, 0.06862112, 0.05713585, 0.061089437, 0.086912684, 0.15781713, 0.25030988, 0.24879512]",3943043,768,England,1,959,980,Shot
74,0.0459894,"[0.101332776, 0.103703484, 0.075799316, 0.07398321, 0.1024611, 0.13163081, 0.21967863, 0.19141078]",3943043,768,England,1,2640,2648,Shot
92,0.045290254,"[0.09643087, 0.08714973, 0.06487413, 0.069947824, 0.09871069, 0.15490575, 0.24402906, 0.183952]",3943043,772,Spain,2,3307,3322,Pass
40,0.044806994,"[0.09988669, 0.090427764, 0.061251394, 0.0602988, 0.08164894, 0.14922056, 0.25635436, 0.20091154]",3943043,768,England,1,1445,1455,Pass
60,0.044631347,"[0.10771124, 0.09969943, 0.07215339, 0.07609735, 0.08743141, 0.12439684, 0.2428325, 0.1896779]",3943043,772,Spain,1,2231,2246,Pass
63,0.044210136,"[0.089369245, 0.08221305, 0.065334596, 0.07223169, 0.10076912, 0.15112655, 0.24348801, 0.19546774]",3943043,768,England,1,2357,2374,Pass
40,0.04373426,"[0.10108585, 0.07511378, 0.057235952, 0.060615573, 0.09033571, 0.16546185, 0.25840956, 0.19174176]",3943043,768,England,1,1447,1455,Pass
56,0.0434053,"[0.10017757, 0.100576445, 0.07489926, 0.077538095, 0.09080929, 0.12931338, 0.23265171, 0.19403423]",3943043,772,Spain,1,1999,2008,Pass
32,0.043307513,"[0.09388538, 0.08098871, 0.06252382, 0.0629181, 0.08913158, 0.15459009, 0.25922313, 0.1967392]",3943043,772,Spain,1,1235,1245,Pass
40,0.042987913,"[0.10547591, 0.08347505, 0.056427784, 0.057377066, 0.07816929, 0.15090154, 0.25812286, 0.21005045]",3943043,768,England,1,1447,1455,Pass
107,0.04276537,"[0.36349216, 0.36610502, 0.2704027, 0.0, 0.0, 0.0, 0.0, 0.0]",3943043,772,Spain,2,4058,4060,Pass
44,0.042614482,"[0.08854179, 0.090869695, 0.06826595, 0.07250059, 0.09108551, 0.15043136, 0.25061485, 0.18769026]",3943043,772,Spain,1,1634,1645,Pass
27,0.042501554,"[0.10149429, 0.08349396, 0.07137327, 0.07439167, 0.10177329, 0.15106355, 0.24026793, 0.17614202]",3943043,768,England,1,952,970,Pass
123,0.042408,"[0.08266485, 0.073115855, 0.06676278, 0.06987636, 0.10012206, 0.16355823, 0.26102012, 0.18287975]",3943043,772,Spain,2,4637,4649,Pass
60,0.042102143,"[0.085581206, 0.09656531, 0.07074894, 0.072929926, 0.08454173, 0.13937105, 0.2551064, 0.19515543]",3943043,772,Spain,1,2222,2239,Pass
12,0.042042926,"[0.096806206, 0.08680669, 0.062053107, 0.061444074, 0.08070548, 0.13355844, 0.25688264, 0.22174321]",3943043,772,Spain,1,313,325,Pass
83,0.041696604,"[0.07504516, 0.08112635, 0.06269176, 0.065623924, 0.080813564, 0.15799105, 0.27098227, 0.205726]",3943043,772,Spain,2,2876,2893,Pass
133,0.041610904,"[0.09225532, 0.08960421, 0.07690289, 0.07703624, 0.097342074, 0.13116804, 0.24471149, 0.19097969]",3943043,772,Spain,2,5011,5024,Pass
60,0.041140884,"[0.0883782, 0.08150396, 0.073821366, 0.0721547, 0.085534416, 0.13167875, 0.26813012, 0.19879857]",3943043,772,Spain,1,2220,2238,Pass
100,0.04073701,"[0.1291447, 0.11017125, 0.07193466, 0.06906138, 0.083388105, 0.13062221, 0.22574896, 0.17992875]",3943043,768,England,2,3762,3784,Pass
98,0.040704146,"[0.105975136, 0.098630905, 0.07495459, 0.07610383, 0.08612025, 0.12307427, 0.23347221, 0.20166886]",3943043,768,England,2,3572,3583,Pass
94,0.040690426,"[0.090879865, 0.07418587, 0.0570983, 0.058368932, 0.08136269, 0.15714613, 0.2727281, 0.2082302]",3943043,768,England,2,3375,3390,Pass
27,0.040542796,"[0.075460106, 0.08640993, 0.065659985, 0.067487724, 0.089552686, 0.15669428, 0.2640404, 0.1946948]",3943043,768,England,1,1001,1013,Pass
99,0.040397212,"[0.09769856, 0.08304589, 0.06059756, 0.06108839, 0.0847592, 0.1490211, 0.2543383, 0.20945095]",3943043,768,England,2,3662,3672,Pass
121,0.040009,"[0.09801515, 0.094740614, 0.0761284, 0.07858431, 0.08690959, 0.119085155, 0.23497643, 0.21156025]",3943043,768,England,2,4478,4487,Pass
12,0.039990105,"[0.095238425, 0.08353901, 0.06047358, 0.06350715, 0.078906484, 0.14769365, 0.26895806, 0.20168371]",3943043,772,Spain,1,314,327,Pass
121,0.039782375,"[0.10423391, 0.08802333, 0.077262044, 0.076764956, 0.08927937, 0.111483134, 0.23257081, 0.22038248]",3943043,768,England,2,4479,4489,Pass
110,0.039764095,"[0.12482297, 0.104566336, 0.07285055, 0.07596541, 0.09158419, 0.11449653, 0.22562528, 0.1900887]",3943043,772,Spain,2,4124,4140,Pass
44,0.039578635,"[0.080001056, 0.0865393, 0.06820278, 0.07237339, 0.09487142, 0.15015529, 0.25572452, 0.19213217]",3943043,772,Spain,1,1626,1632,Pass
121,0.03949855,"[0.10747035, 0.10051498, 0.075138494, 0.07755984, 0.088976786, 0.12383858, 0.23188904, 0.19461189]",3943043,768,England,2,4482,4489,Pass
60,0.039391823,"[0.10370406, 0.08199681, 0.06685597, 0.06762995, 0.086401254, 0.12299192, 0.2618771, 0.20854303]",3943043,772,Spain,1,2241,2255,Pass
117,0.038988546,"[0.11571464, 0.10953209, 0.07284257, 0.0726505, 0.08660135, 0.12024145, 0.22882307, 0.19359428]",3943043,768,England,2,4313,4320,Foul
98,0.03888133,"[0.116529584, 0.10681054, 0.07246836, 0.06844779, 0.08624167, 0.12563908, 0.22810121, 0.19576181]",3943043,768,England,2,3573,3584,Pass
98,0.038857874,"[0.14698291, 0.1000261, 0.07054086, 0.07242205, 0.093298435, 0.11125378, 0.21684115, 0.1886347]",3943043,768,England,2,3577,3587,Pass
12,0.03885649,"[0.078161284, 0.07510557, 0.058106184, 0.062491953, 0.08120836, 0.14871748, 0.26792762, 0.22828153]",3943043,772,Spain,1,418,430,Pass
32,0.038794205,"[0.08465781, 0.07179054, 0.062003847, 0.06330583, 0.09120633, 0.16924094, 0.26218385, 0.19561084]",3943043,772,Spain,1,1237,1251,Pass
98,0.03846884,"[0.08585458, 0.083992, 0.06665816, 0.06877196, 0.08557765, 0.15269504, 0.2589937, 0.19745687]",3943043,768,England,2,3569,3579,Pass
24,0.038375087,"[0.11172832, 0.094504654, 0.06265709, 0.06421509, 0.08199962, 0.13355899, 0.24252248, 0.20881376]",3943043,772,Spain,1,814,827,Pass
110,0.038340345,"[0.12631579, 0.102008566, 0.06852018, 0.06781018, 0.09378991, 0.1305777, 0.22588922, 0.1850884]",3943043,772,Spain,2,4123,4138,Pass
82,0.038310356,"[0.4242718, 0.35076687, 0.22496136, 0.0, 0.0, 0.0, 0.0, 0.0]",3943043,768,England,2,2841,2848,Pass
15,0.038212806,"[0.084182724, 0.07924822, 0.06035834, 0.0636322, 0.08640971, 0.15381184, 0.2593545, 0.21300247]",3943043,772,Spain,1,471,480,Pass
121,0.037554234,"[0.101173155, 0.09048491, 0.07919582, 0.077687286, 0.08581587, 0.10732395, 0.24422298, 0.21409607]",3943043,768,England,2,4473,4486,Pass
50,0.03720727,"[0.085119605, 0.074273586, 0.062323596, 0.06293442, 0.08811278, 0.15168661, 0.26874623, 0.20680322]",3943043,772,Spain,1,1768,1782,Pass
27,0.03687854,"[0.08789613, 0.08548368, 0.073214345, 0.07380129, 0.09143866, 0.13740486, 0.25173944, 0.19902155]",3943043,768,England,1,1000,1007,Pass
32,0.036360964,"[0.09811376, 0.088366315, 0.06223493, 0.06472296, 0.08147042, 0.13850202, 0.25423345, 0.21235618]",3943043,772,Spain,1,1234,1240,Pass
44,0.03614816,"[0.07331754, 0.07689472, 0.062274504, 0.068459734, 0.09894056, 0.16250488, 0.25766927, 0.19993879]",3943043,772,Spain,1,1628,1634,Pass
58,0.036109865,"[0.118225336, 0.15847741, 0.06881755, 0.06201583, 0.0790397, 0.11240376, 0.20858324, 0.19243716]",3943043,772,Spain,1,2097,2111,Shot
40,0.035995662,"[0.098695576, 0.08083539, 0.063601725, 0.063925385, 0.07622015, 0.12953684, 0.26131442, 0.22587048]",3943043,768,England,1,1445,1453,Pass
66,0.03591111,"[0.09301131, 0.095089585, 0.06979782, 0.07138936, 0.08877411, 0.14278565, 0.24741144, 0.19174062]",3943043,768,England,1,2445,2455,Pass
117,0.03576435,"[0.08624877, 0.07774557, 0.06312439, 0.065421656, 0.089852065, 0.16591375, 0.26233345, 0.18936037]",3943043,768,England,2,4315,4327,Foul
98,0.035551377,"[0.12349655, 0.10203224, 0.07283654, 0.075673155, 0.08800325, 0.13210931, 0.22860475, 0.17724423]",3943043,768,England,2,3579,3588,Pass
99,0.035527356,"[0.09650141, 0.084454425, 0.059899524, 0.06324346, 0.08266183, 0.14731488, 0.26018125, 0.20574328]",3943043,768,England,2,3663,3673,Pass
100,0.035357412,"[0.08557643, 0.073550366, 0.065686926, 0.067476645, 0.1016671, 0.17248315, 0.2582526, 0.17530683]",3943043,768,England,2,3768,3789,Pass
98,0.035250712,"[0.09616438, 0.0984601, 0.07878125, 0.08176433, 0.08803572, 0.11526073, 0.22641346, 0.21512003]",3943043,768,England,2,3562,3572,Pass
42,0.035170026,"[0.0978024, 0.09324621, 0.07017878, 0.073037304, 0.07588304, 0.115374915, 0.24656886, 0.22790848]",3943043,768,England,1,1468,1478,Foul
42,0.03480445,"[0.10545748, 0.0846546, 0.06793209, 0.06976663, 0.093637966, 0.11855653, 0.24312472, 0.21687]",3943043,768,England,1,1467,1478,Pass
12,0.034803115,"[0.08112852, 0.06993779, 0.060862843, 0.060601097, 0.08194223, 0.15135974, 0.27864078, 0.215527]",3943043,772,Spain,1,418,429,Pass
89,0.03471321,"[0.09977438, 0.09313984, 0.0727055, 0.07595781, 0.08658152, 0.12563872, 0.23832789, 0.20787433]",3943043,768,England,2,3064,3075,Pass
92,0.034653343,"[0.084883235, 0.0780155, 0.061389815, 0.06503701, 0.093100384, 0.15032256, 0.25759035, 0.20966117]",3943043,772,Spain,2,3304,3321,Pass
60,0.034591682,"[0.09510865, 0.09024705, 0.07418198, 0.07929591, 0.08958136, 0.13156025, 0.24188168, 0.19814302]",3943043,772,Spain,1,2218,2234,Pass
98,0.03443182,"[0.12016842, 0.10492307, 0.06723494, 0.06941453, 0.08764972, 0.12529159, 0.20855224, 0.21676557]",3943043,768,England,2,3575,3587,Pass
32,0.03440447,"[0.077562004, 0.07790564, 0.06222965, 0.067047395, 0.08886942, 0.16472854, 0.2708236, 0.19083378]",3943043,772,Spain,1,1236,1247,Pass
120,0.034147356,"[0.103939846, 0.096168555, 0.07615866, 0.07642901, 0.092562445, 0.1215236, 0.23533049, 0.19788726]",3943043,768,England,2,4438,4448,Pass
100,0.03401706,"[0.1291795, 0.098995134, 0.06671062, 0.065596096, 0.08179071, 0.112591386, 0.23751886, 0.2076177]",3943043,768,England,2,3763,3785,Pass
89,0.033734366,"[0.09494317, 0.0925335, 0.07595962, 0.079850376, 0.08939296, 0.12353157, 0.23483431, 0.20895451]",3943043,768,England,2,3068,3077,Pass
58,0.03371074,"[0.09209633, 0.08582091, 0.06352121, 0.06790787, 0.08647896, 0.14252102, 0.2515219, 0.21013175]",3943043,772,Spain,1,2143,2151,Pass
98,0.03370774,"[0.13906364, 0.122405685, 0.07855026, 0.07314629, 0.090772524, 0.11339062, 0.19027315, 0.19239792]",3943043,768,England,2,3581,3589,Pass
99,0.033689044,"[0.11110608, 0.10545152, 0.07457204, 0.0726312, 0.09431668, 0.124578506, 0.21707982, 0.20026407]",3943043,768,England,2,3643,3655,Pass
136,0.03358274,"[0.08523991, 0.07958948, 0.06372146, 0.06346695, 0.08161626, 0.13600942, 0.2651461, 0.22521049]",3943043,772,Spain,2,5146,5155,Pass
44,0.033384364,"[0.08066981, 0.08051492, 0.06054952, 0.06424823, 0.08194511, 0.15320486, 0.2684807, 0.21038692]",3943043,772,Spain,1,1620,1629,Pass
130,0.033345632,"[0.09593629, 0.086519174, 0.06337865, 0.06546453, 0.082960375, 0.13951465, 0.2554122, 0.21081409]",3943043,772,Spain,2,4917,4927,Pass
98,0.033239372,"[0.14812055, 0.12800583, 0.074641876, 0.07440336, 0.085958965, 0.105259895, 0.19425344, 0.18935616]",3943043,768,England,2,3582,3589,Pass
91,0.03323535,"[0.09849222, 0.07359688, 0.059043992, 0.061442785, 0.07926834, 0.14249477, 0.26739872, 0.21826233]",3943043,772,Spain,2,3244,3251,Pass
44,0.033172514,"[0.07417441, 0.075268015, 0.064026475, 0.06613067, 0.09358384, 0.16262121, 0.26422298, 0.19997235]",3943043,772,Spain,1,1627,1634,Pass
110,0.03286728,"[0.087742105, 0.081581704, 0.06625197, 0.071770296, 0.09971368, 0.14775908, 0.24233618, 0.202845]",3943043,772,Spain,2,4133,4146,Pass
92,0.032830216,"[0.11320312, 0.08977631, 0.06712639, 0.06683792, 0.08362916, 0.13743424, 0.24470322, 0.19728968]",3943043,772,Spain,2,3302,3318,Pass
130,0.032462128,"[0.096961044, 0.09585031, 0.07659185, 0.07941875, 0.08562607, 0.11738266, 0.23172525, 0.21644409]",3943043,772,Spain,2,4909,4919,Pass
12,0.03240575,"[0.100798555, 0.088413544, 0.06350205, 0.06438919, 0.080583975, 0.13369781, 0.2505792, 0.21803564]",3943043,772,Spain,1,411,423,Pass
83,0.032339633,"[0.07601803, 0.07876524, 0.061647814, 0.065023504, 0.08561512, 0.15357572, 0.26910895, 0.21024564]",3943043,772,Spain,2,2879,2896,Pass
9,0.03229617,"[0.07219067, 0.07434497, 0.05997177, 0.06553782, 0.09813387, 0.16457047, 0.2577207, 0.2075297]",3943043,772,Spain,1,237,255,Pass
60,0.03228388,"[0.10038098, 0.089110434, 0.06586255, 0.06373767, 0.09690775, 0.15701687, 0.24166834, 0.18531546]",3943043,772,Spain,1,2245,2257,Pass
58,0.03226468,"[0.09563435, 0.08178178, 0.06303154, 0.06308691, 0.08414231, 0.13088815, 0.25710288, 0.22433195]",3943043,772,Spain,1,2144,2154,Pass
89,0.03225233,"[0.1012365, 0.087303676, 0.07762306, 0.07728284, 0.09366826, 0.1177415, 0.23326407, 0.21188013]",3943043,768,England,2,3066,3076,Pass
42,0.032101408,"[0.09469987, 0.07874425, 0.06109079, 0.06729639, 0.0955431, 0.15031159, 0.24139534, 0.21091871]",3943043,768,England,1,1466,1476,Pass
29,0.03206855,"[0.08952083, 0.08952375, 0.06479148, 0.067093566, 0.083012655, 0.1362293, 0.25086868, 0.21895972]",3943043,772,Spain,1,1066,1080,Pass
133,0.03205695,"[0.088867776, 0.079653606, 0.07041582, 0.0720401, 0.09898974, 0.15146136, 0.25147617, 0.18709554]",3943043,772,Spain,2,5026,5034,Pass
94,0.031949744,"[0.082820415, 0.07702231, 0.061307013, 0.062569305, 0.08324316, 0.14659762, 0.26144624, 0.22499385]",3943043,768,England,2,3370,3389,Pass
64,0.031889655,"[0.089057684, 0.101802275, 0.07410952, 0.07766477, 0.088784285, 0.1285035, 0.23226841, 0.20780957]",3943043,772,Spain,1,2398,2414,Pass
89,0.031885624,"[0.101032585, 0.09380854, 0.07682646, 0.075956054, 0.093351796, 0.117400885, 0.2333207, 0.208303]",3943043,768,England,2,3026,3042,Pass
32,0.031774923,"[0.099047095, 0.08788171, 0.063482985, 0.06486441, 0.07986868, 0.12597841, 0.24874003, 0.2301367]",3943043,772,Spain,1,1169,1174,Foul
58,0.031759333,"[0.0929941, 0.08344759, 0.06080149, 0.06413634, 0.080146536, 0.14865765, 0.26305255, 0.20676376]",3943043,772,Spain,1,2146,2154,Pass
81,0.031677745,"[0.08782696, 0.09521861, 0.07240269, 0.07535752, 0.08424723, 0.119718924, 0.24429095, 0.22093709]",3943043,772,Spain,2,2751,2763,Pass
89,0.031646516,"[0.09632312, 0.093897715, 0.07905203, 0.07873475, 0.09697413, 0.118364885, 0.22982335, 0.20683005]",3943043,768,England,2,3056,3064,Pass
123,0.031458978,"[0.08603443, 0.09687052, 0.07304294, 0.07686684, 0.08801592, 0.13387913, 0.23602393, 0.20926629]",3943043,772,Spain,2,4594,4605,Pass
12,0.031419855,"[0.093846045, 0.080043375, 0.06267217, 0.06438107, 0.08503965, 0.1308599, 0.25554606, 0.22761165]",3943043,772,Spain,1,318,332,Pass
44,0.031364083,"[0.082447276, 0.07356726, 0.062074862, 0.06211739, 0.08484043, 0.14705743, 0.27017483, 0.21772045]",3943043,772,Spain,1,1618,1628,Pass
44,0.03129721,"[0.08153756, 0.08117724, 0.06935104, 0.0718333, 0.093887486, 0.14342877, 0.2549782, 0.20380634]",3943043,772,Spain,1,1624,1631,Pass
112,0.031169355,"[0.12161334, 0.10435655, 0.074265495, 0.07422404, 0.09213005, 0.14065976, 0.20926934, 0.18348138]",3943043,768,England,2,4218,4229,Pass
12,0.031049693,"[0.08376741, 0.07353548, 0.05982861, 0.06281438, 0.07344294, 0.1450814, 0.27256694, 0.22896282]",3943043,772,Spain,1,416,428,Pass
60,0.031029195,"[0.1223515, 0.08341554, 0.06635128, 0.07221581, 0.09981456, 0.13893667, 0.23173386, 0.18518083]",3943043,772,Spain,1,2247,2258,Pass
99,0.031027034,"[0.112477414, 0.10694299, 0.076581016, 0.08107393, 0.09493025, 0.11113004, 0.21028756, 0.20657684]",3943043,768,England,2,3644,3657,Pass
98,0.030951254,"[0.10515365, 0.09223433, 0.08215646, 0.08169998, 0.09453156, 0.10868516, 0.22028187, 0.21525697]",3943043,768,England,2,3561,3572,Pass
132,0.030936629,"[0.1461122, 0.13129301, 0.081354335, 0.07981475, 0.10681026, 0.16375329, 0.2908621, 0.0]",3943043,768,England,2,4971,4977,Pass
89,0.030887352,"[0.08016902, 0.071496025, 0.065624714, 0.067361794, 0.09347604, 0.15898785, 0.2700449, 0.19283961]",3943043,768,England,2,3069,3078,Pass
46,0.03086698,"[0.091641515, 0.08072014, 0.064047664, 0.06485171, 0.08386345, 0.13565406, 0.25601974, 0.22320172]",3943043,768,England,1,1693,1713,Pass
99,0.030769661,"[0.09077302, 0.09289917, 0.06863977, 0.07192981, 0.09434637, 0.14835991, 0.22885863, 0.20419338]",3943043,768,England,2,3642,3653,Pass
99,0.03076331,"[0.094915226, 0.1030498, 0.075026855, 0.07874462, 0.08929303, 0.1269142, 0.21957788, 0.21247824]",3943043,768,England,2,3674,3687,Pass
44,0.030715954,"[0.09665305, 0.09162543, 0.06572226, 0.067466505, 0.082434624, 0.13065802, 0.243692, 0.22174807]",3943043,772,Spain,1,1612,1624,Pass
58,0.030688364,"[0.178191, 0.1040967, 0.06686508, 0.067695275, 0.07550114, 0.1009865, 0.20880385, 0.19786048]",3943043,772,Spain,1,2098,2112,Shot
4,0.030676667,"[0.08760742, 0.078646444, 0.07031718, 0.07213545, 0.09802739, 0.13910079, 0.255879, 0.19828631]",3943043,772,Spain,1,67,88,Pass
56,0.030657766,"[0.08812105, 0.087656505, 0.06330479, 0.066155806, 0.0803123, 0.13255967, 0.25481263, 0.22707726]",3943043,772,Spain,1,1983,1998,Pass
146,0.030467426,"[0.31786373, 0.26246884, 0.18264276, 0.23702477, 0.0, 0.0, 0.0, 0.0]",3943043,768,England,2,5560,5567,Foul
100,0.030430697,"[0.11509081, 0.08368551, 0.06696419, 0.070633754, 0.08023308, 0.13449393, 0.25577885, 0.19311982]",3943043,768,England,2,3766,3786,Pass
89,0.030356847,"[0.09943183, 0.09163044, 0.07616985, 0.07512355, 0.08989628, 0.11279426, 0.23698796, 0.21796593]",3943043,768,England,2,3063,3074,Pass
60,0.03035634,"[0.095094375, 0.08328266, 0.063303374, 0.06452992, 0.08002998, 0.13415515, 0.26141852, 0.2181861]",3943043,772,Spain,1,2258,2269,Pass
60,0.030181792,"[0.108726226, 0.089118466, 0.070422895, 0.07256382, 0.084964134, 0.12426694, 0.22409537, 0.22584213]",3943043,772,Spain,1,2239,2251,Pass
121,0.030121341,"[0.09831108, 0.0975503, 0.081180975, 0.0840027, 0.0893434, 0.1134413, 0.21702048, 0.21914975]",3943043,768,England,2,4471,4485,Pass
130,0.03008768,"[0.08668653, 0.07989036, 0.06405586, 0.06463663, 0.08283905, 0.12803115, 0.26571366, 0.22814673]",3943043,772,Spain,2,4887,4900,Pass
12,0.030071644,"[0.08813423, 0.08564784, 0.063988075, 0.06633033, 0.08032607, 0.13476525, 0.25758752, 0.22322072]",3943043,772,Spain,1,311,324,Pass
98,0.029860104,"[0.094203256, 0.09296617, 0.07263688, 0.07654548, 0.09702314, 0.11211372, 0.22943279, 0.22507857]",3943043,768,England,2,3572,3582,Pass
130,0.02982144,"[0.097187094, 0.082559675, 0.06074088, 0.061082657, 0.081296265, 0.13723315, 0.25819585, 0.22170441]",3943043,772,Spain,2,4919,4929,Pass
4,0.029726893,"[0.081793256, 0.09455933, 0.07056641, 0.07506019, 0.085358754, 0.1408109, 0.25376457, 0.19808657]",3943043,772,Spain,1,68,91,Pass
99,0.029724592,"[0.086245194, 0.08655651, 0.063803114, 0.06705347, 0.08328094, 0.13982448, 0.25864336, 0.21459292]",3943043,768,England,2,3661,3670,Pass
91,0.029691987,"[0.08236661, 0.07784484, 0.06062023, 0.05921505, 0.07809094, 0.14599107, 0.25096986, 0.24490134]",3943043,772,Spain,2,3245,3255,Shot
12,0.029678503,"[0.087862276, 0.0837812, 0.06385429, 0.065449916, 0.07862853, 0.14033824, 0.2669271, 0.21315847]",3943043,772,Spain,1,323,333,Pass
60,0.029525004,"[0.10323862, 0.094875, 0.082092196, 0.08092234, 0.092508055, 0.10662906, 0.22141619, 0.2183185]",3943043,772,Spain,1,2202,2214,Pass
99,0.029475257,"[0.098659806, 0.08610755, 0.064879306, 0.06513604, 0.07650198, 0.12535518, 0.26452455, 0.21883558]",3943043,768,England,2,3650,3663,Pass
46,0.029441688,"[0.08712107, 0.08897765, 0.06262537, 0.064038016, 0.08092408, 0.14871785, 0.253767, 0.21382892]",3943043,768,England,1,1696,1714,Pass
133,0.029428398,"[0.08762048, 0.086801596, 0.06512423, 0.06687423, 0.089662686, 0.15430772, 0.258374, 0.19123504]",3943043,772,Spain,2,5029,5038,Pass
60,0.029420208,"[0.103017904, 0.0851562, 0.07433705, 0.07446988, 0.09564428, 0.12687157, 0.24254547, 0.19795768]",3943043,772,Spain,1,2216,2231,Pass
21,0.029370742,"[0.10114038, 0.09310908, 0.063583456, 0.06489567, 0.08263457, 0.122112595, 0.24585326, 0.22667108]",3943043,772,Spain,1,655,665,Pass
12,0.029322794,"[0.08468534, 0.08252357, 0.06491973, 0.06610035, 0.08523997, 0.13187093, 0.2566807, 0.22797944]",3943043,772,Spain,1,311,323,Pass
60,0.029305289,"[0.108036324, 0.09568885, 0.061046515, 0.06719195, 0.09707516, 0.14776927, 0.2244028, 0.198789]",3943043,772,Spain,1,2246,2258,Pass
136,0.029300235,"[0.076632954, 0.08099726, 0.06520605, 0.068214335, 0.079141706, 0.13326584, 0.26696923, 0.22957261]",3943043,772,Spain,2,5143,5153,Pass
133,0.029297706,"[0.10159142, 0.08580395, 0.06308185, 0.06534258, 0.08918796, 0.14932188, 0.24828902, 0.19738136]",3943043,772,Spain,2,5030,5039,Pass
58,0.029256035,"[0.10701251, 0.10435124, 0.08468957, 0.07125712, 0.08597578, 0.13106933, 0.21601929, 0.19962513]",3943043,772,Spain,1,2095,2107,Shot
94,0.029158643,"[0.08449446, 0.07621954, 0.06205468, 0.06523009, 0.07794592, 0.14624803, 0.27255866, 0.21524861]",3943043,768,England,2,3377,3392,Pass
66,0.029107336,"[0.08001089, 0.091163576, 0.069048315, 0.07277144, 0.09373944, 0.13903213, 0.25255993, 0.2016742]",3943043,768,England,1,2443,2452,Pass
99,0.029045116,"[0.08856668, 0.076180615, 0.06482696, 0.064119324, 0.0825443, 0.12485623, 0.26671496, 0.23219097]",3943043,768,England,2,3664,3674,Pass
99,0.029016927,"[0.08134328, 0.08016366, 0.06171204, 0.06565378, 0.07949465, 0.14698556, 0.26837498, 0.21627195]",3943043,768,England,2,3665,3675,Pass
133,0.02894163,"[0.074123435, 0.07543829, 0.06285629, 0.06836797, 0.09280012, 0.1599606, 0.26345354, 0.20299971]",3943043,772,Spain,2,5010,5023,Pass
58,0.028919298,"[0.10463835, 0.09106403, 0.06834185, 0.08397809, 0.09829751, 0.13566253, 0.22598001, 0.19203751]",3943043,772,Spain,1,2094,2104,Shot
32,0.028875168,"[0.08820857, 0.08320138, 0.06439107, 0.067464866, 0.081495225, 0.1351519, 0.2509493, 0.22913773]",3943043,772,Spain,1,1182,1196,Pass
65,0.028834933,"[0.09015922, 0.09482768, 0.070426464, 0.071719676, 0.08935652, 0.13871235, 0.24604948, 0.19874857]",3943043,772,Spain,1,2434,2439,Pass
130,0.028756617,"[0.10079773, 0.09208645, 0.078463554, 0.07807492, 0.09307434, 0.10973491, 0.23245151, 0.21531661]",3943043,772,Spain,2,4906,4917,Pass
64,0.028721288,"[0.10117046, 0.09321752, 0.080052495, 0.07877568, 0.095115304, 0.10969352, 0.22474733, 0.21722762]",3943043,772,Spain,1,2399,2417,Pass
89,0.028481971,"[0.09319587, 0.096261345, 0.073144205, 0.07631874, 0.085748225, 0.122931145, 0.22681493, 0.22558549]",3943043,768,England,2,3031,3044,Pass
44,0.028370205,"[0.092635036, 0.08417191, 0.0637718, 0.06331748, 0.08117026, 0.1257903, 0.2593884, 0.22975478]",3943043,772,Spain,1,1613,1626,Pass
130,0.02833777,"[0.080020376, 0.08321772, 0.06909013, 0.07065881, 0.08075637, 0.14566004, 0.2716908, 0.19890575]",3943043,772,Spain,2,4882,4894,Pass
110,0.028257549,"[0.09673965, 0.07413577, 0.06197657, 0.07247578, 0.10718336, 0.15428579, 0.23337826, 0.19982478]",3943043,772,Spain,2,4131,4146,Pass
32,0.028252408,"[0.07701563, 0.08317186, 0.06421702, 0.068646885, 0.08476845, 0.13861667, 0.26373723, 0.21982628]",3943043,772,Spain,1,1219,1234,Pass
46,0.028129395,"[0.08555989, 0.08917107, 0.0645142, 0.06910025, 0.08727185, 0.13662255, 0.24953973, 0.21822038]",3943043,768,England,1,1692,1710,Pass
60,0.028064013,"[0.09202168, 0.093434446, 0.07420345, 0.077008195, 0.082932845, 0.1169046, 0.24861494, 0.21487983]",3943043,772,Spain,1,2205,2216,Pass
12,0.027998438,"[0.092305765, 0.08758676, 0.07582039, 0.07492386, 0.09194577, 0.11822832, 0.2424675, 0.21672164]",3943043,772,Spain,1,382,395,Pass
142,0.027902223,"[0.24297388, 0.26420358, 0.2092628, 0.28355974, 0.0, 0.0, 0.0, 0.0]",3943043,768,England,2,5447,5454,Foul
60,0.027884757,"[0.08697159, 0.087540336, 0.06824826, 0.07172154, 0.0843463, 0.14558946, 0.25181815, 0.20376429]",3943043,772,Spain,1,2229,2243,Pass
130,0.027770257,"[0.09535004, 0.08871106, 0.08109567, 0.079043075, 0.09715227, 0.11832815, 0.23206946, 0.2082503]",3943043,772,Spain,2,4901,4912,Pass
99,0.02762366,"[0.10602109, 0.09141594, 0.07855126, 0.07792724, 0.08192238, 0.10157681, 0.23880656, 0.22377862]",3943043,768,England,2,3646,3661,Pass
83,0.027620168,"[0.0862958, 0.09845761, 0.071124345, 0.075347, 0.086627014, 0.123413704, 0.23249471, 0.22623974]",3943043,772,Spain,2,2873,2891,Pass
32,0.027610695,"[0.08914631, 0.07774289, 0.06520479, 0.06690373, 0.08665011, 0.13021778, 0.2591705, 0.22496383]",3943043,772,Spain,1,1181,1194,Pass
27,0.027518462,"[0.08375394, 0.09405751, 0.073955655, 0.07988719, 0.09315004, 0.12888254, 0.23825435, 0.20805879]",3943043,768,England,1,999,1005,Pass
34,0.02746407,"[0.15235294, 0.119259246, 0.075839505, 0.076546766, 0.10366429, 0.17431636, 0.2980209, 0.0]",3943043,768,England,1,1308,1320,Pass
97,0.027445545,"[0.08534849, 0.08765093, 0.067745425, 0.07308275, 0.08851772, 0.13581471, 0.2513113, 0.21052876]",3943043,772,Spain,2,3522,3529,Pass
99,0.027389104,"[0.09959375, 0.105806306, 0.07921592, 0.07668199, 0.08401862, 0.1104302, 0.2251203, 0.21913284]",3943043,768,England,2,3649,3662,Pass
123,0.027369894,"[0.09486154, 0.0963422, 0.07656896, 0.08106551, 0.08815514, 0.11791175, 0.2258941, 0.21920076]",3943043,772,Spain,2,4635,4647,Pass
32,0.027295467,"[0.09419484, 0.084334545, 0.06625383, 0.0660506, 0.0833575, 0.11694241, 0.2532326, 0.23563361]",3943043,772,Spain,1,1231,1239,Pass
58,0.027263345,"[0.093864635, 0.07983346, 0.06731578, 0.06753165, 0.08699999, 0.12650637, 0.2575787, 0.22036941]",3943043,772,Spain,1,2143,2150,Pass
60,0.027231159,"[0.10298275, 0.093683496, 0.07906582, 0.07762955, 0.09674019, 0.11738825, 0.219646, 0.21286389]",3943043,772,Spain,1,2230,2245,Pass
89,0.027140144,"[0.08797399, 0.09208329, 0.07438191, 0.077573374, 0.08449375, 0.120119706, 0.2468079, 0.21656604]",3943043,768,England,2,3057,3066,Pass
83,0.027095623,"[0.09398532, 0.087747246, 0.07500099, 0.074031666, 0.089635834, 0.107388385, 0.24426472, 0.22794588]",3943043,772,Spain,2,2875,2893,Pass
87,0.027093355,"[0.08747527, 0.085932784, 0.06331389, 0.066561066, 0.079880506, 0.13292985, 0.2543412, 0.22956541]",3943043,768,England,2,2978,2987,Pass
98,0.027036777,"[0.09436066, 0.08449831, 0.07130102, 0.07305936, 0.09329181, 0.13762467, 0.22639002, 0.2194742]",3943043,768,England,2,3570,3581,Pass
89,0.02698549,"[0.086356066, 0.08355755, 0.07328451, 0.07200849, 0.08290157, 0.120241106, 0.26716498, 0.2144858]",3943043,768,England,2,3058,3068,Pass
64,0.026871007,"[0.10040223, 0.10202846, 0.078498416, 0.08047601, 0.09498592, 0.113000154, 0.2185802, 0.21202867]",3943043,772,Spain,1,2405,2422,Pass
133,0.026759278,"[0.08290794, 0.08145201, 0.064816914, 0.06497002, 0.08268975, 0.1307078, 0.2628571, 0.22959842]",3943043,772,Spain,2,5004,5020,Pass
12,0.026753806,"[0.08686087, 0.09731673, 0.07354108, 0.07723737, 0.08663845, 0.12159165, 0.23328471, 0.22352907]",3943043,772,Spain,1,386,396,Pass
99,0.026751097,"[0.09012066, 0.07722275, 0.06694258, 0.066941544, 0.08441688, 0.12349279, 0.25943384, 0.23142907]",3943043,768,England,2,3657,3669,Pass
133,0.02669795,"[0.07701225, 0.07352184, 0.06404581, 0.065035634, 0.09004623, 0.15605447, 0.26728448, 0.20699932]",3943043,772,Spain,2,5006,5022,Pass
60,0.026546437,"[0.09231511, 0.08256697, 0.06440676, 0.065205194, 0.07925747, 0.12520556, 0.25855166, 0.23249125]",3943043,772,Spain,1,2257,2268,Pass
133,0.026357917,"[0.085469365, 0.09275949, 0.072042644, 0.07641225, 0.08902541, 0.12757558, 0.24642932, 0.21028592]",3943043,772,Spain,2,5027,5036,Pass
99,0.02635168,"[0.1081522, 0.096454315, 0.08070398, 0.079187825, 0.09328656, 0.10540173, 0.21149549, 0.22531788]",3943043,768,England,2,3675,3690,Foul
98,0.026339857,"[0.09664625, 0.09966553, 0.076983966, 0.08058614, 0.08800521, 0.11206345, 0.22015329, 0.22589622]",3943043,768,England,2,3554,3565,Pass
130,0.02632235,"[0.08851897, 0.08399285, 0.064691186, 0.06681831, 0.077113025, 0.14364111, 0.26846138, 0.20676324]",3943043,772,Spain,2,4890,4901,Pass
32,0.026256278,"[0.080719285, 0.07287063, 0.064370714, 0.06404596, 0.08409551, 0.14394432, 0.26972237, 0.22023115]",3943043,772,Spain,1,1174,1190,Pass
60,0.026243594,"[0.09336671, 0.101300545, 0.0753102, 0.07517785, 0.08711486, 0.114141084, 0.23075773, 0.22283107]",3943043,772,Spain,1,2238,2250,Pass
44,0.026234174,"[0.089414924, 0.08100282, 0.062778875, 0.0658754, 0.07768329, 0.13589175, 0.25950283, 0.22785002]",3943043,772,Spain,1,1617,1627,Pass
94,0.02623111,"[0.07736735, 0.072301894, 0.06314218, 0.06336063, 0.085768245, 0.15391442, 0.26909012, 0.21505514]",3943043,768,England,2,3379,3397,Pass
99,0.026226139,"[0.08285762, 0.08034759, 0.06316397, 0.06743941, 0.08566795, 0.14809684, 0.2618961, 0.21053053]",3943043,768,England,2,3655,3666,Pass
89,0.026159253,"[0.100615114, 0.08063846, 0.067003526, 0.06633397, 0.08385634, 0.12442528, 0.25634018, 0.2207872]",3943043,768,England,2,3044,3057,Pass
12,0.026109762,"[0.09881015, 0.09336258, 0.08017664, 0.079576544, 0.095321774, 0.11719467, 0.22184512, 0.2137126]",3943043,772,Spain,1,390,398,Pass
56,0.02597323,"[0.10034539, 0.09400349, 0.082496025, 0.08138446, 0.09440455, 0.1114145, 0.22207907, 0.21387245]",3943043,772,Spain,1,1998,2007,Pass
123,0.02595647,"[0.096710145, 0.098907895, 0.076746844, 0.079454176, 0.086062685, 0.116599835, 0.22320399, 0.22231448]",3943043,772,Spain,2,4599,4614,Pass
58,0.02594431,"[0.09408489, 0.08251627, 0.060981967, 0.066751815, 0.103514776, 0.14808804, 0.24240404, 0.20165826]",3943043,772,Spain,1,2093,2104,Shot
58,0.02590156,"[0.08269829, 0.0784289, 0.06678911, 0.06647955, 0.08367483, 0.1410566, 0.26920086, 0.2116718]",3943043,772,Spain,1,2132,2146,Pass
125,0.025783665,"[0.096510254, 0.09090779, 0.07943662, 0.07827922, 0.09612954, 0.11775584, 0.22885856, 0.21212214]",3943043,772,Spain,2,4750,4758,Pass
125,0.02566171,"[0.09626573, 0.09010235, 0.06670729, 0.06831859, 0.07908468, 0.12220755, 0.24490619, 0.23240761]",3943043,772,Spain,2,4733,4748,Pass
9,0.025659947,"[0.0966175, 0.08871974, 0.07698084, 0.07619568, 0.09334616, 0.112159245, 0.23395349, 0.22202742]",3943043,772,Spain,1,233,246,Pass
92,0.025618413,"[0.089261115, 0.08335977, 0.06310724, 0.06595134, 0.09222808, 0.1514986, 0.2443987, 0.21019517]",3943043,772,Spain,2,3303,3320,Pass
12,0.025584355,"[0.09569241, 0.08734988, 0.064846754, 0.06851175, 0.08312727, 0.13396469, 0.24611305, 0.22039413]",3943043,772,Spain,1,370,382,Pass
123,0.02546656,"[0.09293423, 0.08817717, 0.074741, 0.07385846, 0.08802259, 0.1076874, 0.24532692, 0.22925228]",3943043,772,Spain,2,4595,4613,Pass
56,0.025440957,"[0.087698005, 0.082351856, 0.06750317, 0.06751084, 0.08764946, 0.12366369, 0.25143805, 0.2321849]",3943043,772,Spain,1,1982,1997,Pass
32,0.025355982,"[0.07779964, 0.07302841, 0.06498069, 0.06664664, 0.09557223, 0.15901905, 0.26309022, 0.19986309]",3943043,772,Spain,1,1171,1184,Pass
60,0.025335267,"[0.12269084, 0.114419445, 0.066760525, 0.061352823, 0.0824909, 0.12861183, 0.22658426, 0.19708931]",3943043,772,Spain,1,2251,2261,Pass
130,0.025331374,"[0.089351445, 0.085619815, 0.067943335, 0.06793759, 0.08368064, 0.120838225, 0.25418413, 0.23044479]",3943043,772,Spain,2,4916,4926,Pass
67,0.025287922,"[0.10435275, 0.09495751, 0.0809838, 0.07969789, 0.09241206, 0.11304687, 0.2150027, 0.21954656]",3943043,772,Spain,1,2479,2485,Pass
60,0.02506634,"[0.10744743, 0.10036407, 0.06924613, 0.06852688, 0.08269801, 0.13350575, 0.22793168, 0.21028009]",3943043,772,Spain,1,2250,2260,Pass
49,0.025054889,"[0.074521676, 0.07107511, 0.06485117, 0.06744165, 0.09353198, 0.1471405, 0.2611296, 0.22030832]",3943043,768,England,1,1751,1760,Pass
133,0.025016695,"[0.09311723, 0.087619215, 0.07260169, 0.0717417, 0.08461863, 0.12973244, 0.2519161, 0.20865302]",3943043,772,Spain,2,5028,5036,Pass
130,0.024969218,"[0.074922726, 0.07522968, 0.06516769, 0.066536926, 0.09097667, 0.15658198, 0.26800165, 0.20258276]",3943043,772,Spain,2,4884,4897,Pass
44,0.024925988,"[0.087168366, 0.078887686, 0.06893536, 0.07003245, 0.08911297, 0.116780885, 0.26004204, 0.22904018]",3943043,772,Spain,1,1632,1644,Pass
98,0.024873665,"[0.085897096, 0.08893844, 0.06653401, 0.069995135, 0.08538018, 0.13471945, 0.24769603, 0.22083975]",3943043,768,England,2,3591,3599,Pass
83,0.024852797,"[0.0811607, 0.07570847, 0.0664134, 0.0660114, 0.07985605, 0.13024773, 0.2717171, 0.2288852]",3943043,772,Spain,2,2878,2894,Pass
27,0.024819767,"[0.07963054, 0.07006464, 0.061528068, 0.06447577, 0.093840376, 0.14651033, 0.26146764, 0.22248265]",3943043,768,England,1,983,995,Pass
30,0.024797736,"[0.08961048, 0.08713022, 0.07477188, 0.07897924, 0.08883433, 0.12699226, 0.23560874, 0.2180728]",3943043,772,Spain,1,1116,1127,Pass
12,0.024795314,"[0.091838025, 0.08930593, 0.06764253, 0.06816139, 0.08383612, 0.12167861, 0.24915136, 0.22838607]",3943043,772,Spain,1,409,422,Pass
63,0.024770597,"[0.1033752, 0.092826195, 0.079743825, 0.08272332, 0.089458235, 0.110645704, 0.2117195, 0.22950803]",3943043,768,England,1,2330,2342,Pass
32,0.0246796,"[0.07521667, 0.0811597, 0.06561907, 0.07196644, 0.09367139, 0.15216428, 0.2548759, 0.20532657]",3943043,772,Spain,1,1172,1185,Pass
135,0.024647843,"[0.108064964, 0.09369186, 0.069900505, 0.07107952, 0.09128932, 0.1249265, 0.23177806, 0.20926932]",3943043,768,England,2,5126,5136,Pass
12,0.024642704,"[0.08658729, 0.07498824, 0.066702485, 0.066367336, 0.08402643, 0.13422251, 0.26754472, 0.219561]",3943043,772,Spain,1,315,328,Pass
91,0.024537992,"[0.10685859, 0.08431761, 0.065136604, 0.06636847, 0.075542904, 0.10003761, 0.2385394, 0.26319882]",3943043,772,Spain,2,3244,3251,Pass
32,0.024476422,"[0.08691467, 0.08076456, 0.063720666, 0.06565698, 0.07657671, 0.13019957, 0.26284793, 0.23331887]",3943043,772,Spain,1,1169,1181,Foul
32,0.024432559,"[0.07519213, 0.07932694, 0.063381545, 0.066807464, 0.084218875, 0.1539679, 0.27004775, 0.20705736]",3943043,772,Spain,1,1180,1191,Pass
130,0.024359165,"[0.089038454, 0.08295227, 0.07077011, 0.0693139, 0.08089359, 0.11738091, 0.2662004, 0.22345035]",3943043,772,Spain,2,4910,4921,Pass
98,0.024323974,"[0.091958106, 0.095056064, 0.07508319, 0.07786719, 0.08559742, 0.11823702, 0.23325816, 0.22294283]",3943043,768,England,2,3558,3570,Pass
66,0.024323676,"[0.08288774, 0.07962532, 0.0669406, 0.067404926, 0.08546316, 0.13976689, 0.26589778, 0.21201369]",3943043,768,England,1,2447,2459,Pass
89,0.02422477,"[0.088016555, 0.08291817, 0.0721481, 0.07090225, 0.08485765, 0.10935996, 0.2591793, 0.23261812]",3943043,768,England,2,3032,3050,Pass
58,0.024218364,"[0.07889491, 0.07862608, 0.06482165, 0.06833075, 0.0849178, 0.15210532, 0.26675397, 0.20554952]",3943043,772,Spain,1,2135,2147,Pass
64,0.024178823,"[0.07790346, 0.07259218, 0.06513929, 0.06576186, 0.08837397, 0.14544468, 0.2681302, 0.21665443]",3943043,772,Spain,1,2397,2414,Pass
56,0.024149625,"[0.07135994, 0.07889256, 0.0628898, 0.06901267, 0.08915791, 0.1566809, 0.26411474, 0.20789146]",3943043,772,Spain,1,1991,2002,Pass
99,0.024149608,"[0.08785663, 0.072776936, 0.063476376, 0.06570685, 0.079492524, 0.1495451, 0.27070522, 0.21044035]",3943043,768,England,2,3652,3664,Pass
130,0.024060661,"[0.07885194, 0.08095464, 0.064858645, 0.068108305, 0.083452225, 0.1415896, 0.25800958, 0.22417513]",3943043,772,Spain,2,4886,4899,Pass
123,0.024057314,"[0.098709136, 0.092863105, 0.07997408, 0.07848053, 0.09504054, 0.11384641, 0.22543433, 0.21565193]",3943043,772,Spain,2,4634,4646,Pass
40,0.02405716,"[0.097558185, 0.08806074, 0.06525233, 0.06782021, 0.08140314, 0.11908639, 0.25206754, 0.22875142]",3943043,768,England,1,1442,1452,Pass
65,0.023965832,"[0.092282884, 0.07410481, 0.0668418, 0.06610541, 0.07950864, 0.114715196, 0.2688872, 0.23755403]",3943043,772,Spain,1,2426,2436,Pass
89,0.023952458,"[0.080387756, 0.08518, 0.06881592, 0.07093442, 0.08332245, 0.1439952, 0.2621921, 0.20517224]",3943043,768,England,2,3060,3069,Pass
19,0.023914762,"[0.11714406, 0.09493196, 0.06704911, 0.06910335, 0.08971281, 0.1280857, 0.22656868, 0.2074043]",3943043,768,England,1,545,561,Pass
56,0.023897605,"[0.089934684, 0.08201789, 0.06697035, 0.06580347, 0.08185897, 0.11703466, 0.26474458, 0.23163544]",3943043,772,Spain,1,1983,1999,Pass
58,0.02387881,"[0.09603448, 0.0971804, 0.07896422, 0.082998104, 0.089223824, 0.116220355, 0.21146657, 0.22791204]",3943043,772,Spain,1,2130,2143,Pass
32,0.023849031,"[0.092981726, 0.081695706, 0.0659427, 0.06544455, 0.077764586, 0.11341342, 0.26434854, 0.23840879]",3943043,772,Spain,1,1169,1180,Foul
58,0.023730105,"[0.08299174, 0.08045107, 0.06874353, 0.06804707, 0.08372623, 0.12962899, 0.2684572, 0.21795417]",3943043,772,Spain,1,2137,2148,Pass
56,0.023718935,"[0.087503, 0.08315211, 0.0751015, 0.074895635, 0.093557835, 0.12391538, 0.245446, 0.21642856]",3943043,772,Spain,1,1992,2004,Pass
97,0.023691842,"[0.08265777, 0.080619246, 0.06849846, 0.06908777, 0.09154997, 0.13405748, 0.25563434, 0.21789494]",3943043,772,Spain,2,3521,3529,Pass
130,0.023632202,"[0.078713074, 0.08541558, 0.067053, 0.069949016, 0.0830515, 0.14151137, 0.25843346, 0.215873]",3943043,772,Spain,2,4905,4916,Pass
123,0.02362696,"[0.093413286, 0.08814301, 0.08008361, 0.078195505, 0.09879232, 0.121644296, 0.23477033, 0.20495754]",3943043,772,Spain,2,4589,4602,Pass
89,0.023618197,"[0.083846554, 0.08278714, 0.069393516, 0.067826256, 0.08302754, 0.1190661, 0.2627232, 0.2313296]",3943043,768,England,2,3041,3054,Pass
97,0.023586966,"[0.0779675, 0.07225943, 0.06551699, 0.066437885, 0.0858959, 0.1407026, 0.26850173, 0.22271805]",3943043,772,Spain,2,3517,3526,Pass
133,0.023561412,"[0.080120675, 0.080599755, 0.06406543, 0.06671155, 0.07843596, 0.14096816, 0.26968232, 0.21941616]",3943043,772,Spain,2,5005,5021,Pass
130,0.023453254,"[0.08509215, 0.0794801, 0.07110357, 0.06996613, 0.08354698, 0.12607384, 0.2670182, 0.21771903]",3943043,772,Spain,2,4904,4914,Pass
99,0.023368623,"[0.08063152, 0.07738186, 0.06661302, 0.06580027, 0.08331664, 0.13522187, 0.26585922, 0.22517556]",3943043,768,England,2,3653,3665,Pass
58,0.023343245,"[0.092083625, 0.08499924, 0.07666011, 0.075170904, 0.08474072, 0.10134348, 0.24944153, 0.23556042]",3943043,772,Spain,1,2131,2143,Pass
44,0.023340732,"[0.07294738, 0.076927364, 0.06346827, 0.06658204, 0.08451878, 0.14884126, 0.26886597, 0.21784897]",3943043,772,Spain,1,1623,1630,Pass
12,0.023340272,"[0.0919447, 0.08041143, 0.063427, 0.06717559, 0.08048849, 0.1390664, 0.2515362, 0.22595018]",3943043,772,Spain,1,325,334,Pass
64,0.023324417,"[0.08870104, 0.09489864, 0.07598312, 0.07948463, 0.0842314, 0.10910451, 0.23748627, 0.23011038]",3943043,772,Spain,1,2400,2420,Pass
65,0.023320988,"[0.08069584, 0.0841835, 0.06827651, 0.07160595, 0.07969747, 0.12260861, 0.265851, 0.22708108]",3943043,772,Spain,1,2430,2438,Pass
83,0.023312515,"[0.08891788, 0.084779926, 0.0693472, 0.07017656, 0.09545911, 0.13649747, 0.24147356, 0.2133483]",3943043,772,Spain,2,2872,2889,Pass
32,0.023299478,"[0.08212379, 0.077433445, 0.06638398, 0.06669343, 0.08011587, 0.1421995, 0.2692852, 0.21576488]",3943043,772,Spain,1,1220,1235,Pass
130,0.023240777,"[0.083744906, 0.09870079, 0.074319445, 0.07866241, 0.08520196, 0.12316281, 0.2401238, 0.2160838]",3943043,772,Spain,2,4903,4913,Pass
12,0.02321874,"[0.090146475, 0.083801344, 0.066850655, 0.06631119, 0.0832411, 0.123903, 0.26519287, 0.22055332]",3943043,772,Spain,1,324,333,Pass
30,0.0232102,"[0.08965187, 0.08486072, 0.06728932, 0.06742454, 0.086460054, 0.121964686, 0.25188893, 0.23045987]",3943043,772,Spain,1,1101,1120,Pass
98,0.023194574,"[0.09982929, 0.08593114, 0.06687083, 0.066855475, 0.08643441, 0.12926427, 0.25729808, 0.20751657]",3943043,768,England,2,3593,3600,Pass
32,0.02316919,"[0.09101991, 0.08940023, 0.06988919, 0.067542665, 0.08316205, 0.1098858, 0.25581792, 0.23328221]",3943043,772,Spain,1,1183,1199,Pass
99,0.023165323,"[0.08284779, 0.074873805, 0.06560764, 0.065197006, 0.083366394, 0.13227607, 0.26681826, 0.22901304]",3943043,768,England,2,3666,3676,Pass
89,0.023163684,"[0.091047615, 0.081954055, 0.065704614, 0.06942432, 0.0831827, 0.14030969, 0.26028717, 0.20808989]",3943043,768,England,2,3050,3058,Pass
12,0.02314453,"[0.080312625, 0.083942175, 0.06494389, 0.06884568, 0.08385944, 0.13542837, 0.25391668, 0.22875115]",3943043,772,Spain,1,316,330,Pass
58,0.023134923,"[0.08244904, 0.08981164, 0.07110802, 0.07308137, 0.07962784, 0.123586, 0.26024538, 0.22009073]",3943043,772,Spain,1,2132,2144,Pass
125,0.023056569,"[0.090207614, 0.08849514, 0.069205984, 0.069726445, 0.086971775, 0.11442105, 0.24380751, 0.23716454]",3943043,772,Spain,2,4732,4747,Pass
89,0.023035955,"[0.0813917, 0.078591526, 0.067184746, 0.06794031, 0.08599312, 0.13603947, 0.2632518, 0.2196073]",3943043,768,England,2,3060,3071,Pass
123,0.02301478,"[0.08612382, 0.07914544, 0.07301414, 0.072065495, 0.08651881, 0.116975, 0.26521534, 0.22094196]",3943043,772,Spain,2,4592,4604,Pass
56,0.02290461,"[0.07904061, 0.07137669, 0.066070616, 0.06527042, 0.08765372, 0.1419258, 0.2706622, 0.21799992]",3943043,772,Spain,1,1987,2001,Pass
12,0.022891853,"[0.10150479, 0.09180088, 0.081943594, 0.08026405, 0.09683928, 0.11313115, 0.2195491, 0.21496719]",3943043,772,Spain,1,341,357,Pass
130,0.02284032,"[0.08074789, 0.073852666, 0.06856514, 0.06898112, 0.086121105, 0.13279583, 0.26535752, 0.22357863]",3943043,772,Spain,2,4913,4923,Pass
125,0.022837512,"[0.08417196, 0.092912406, 0.07259714, 0.076570004, 0.08454641, 0.12221057, 0.2523612, 0.21463029]",3943043,772,Spain,2,4751,4760,Pass
112,0.022819772,"[0.09289984, 0.093655296, 0.070086546, 0.0723975, 0.08857506, 0.13505828, 0.26117042, 0.18615703]",3943043,768,England,2,4216,4228,Pass
12,0.022798512,"[0.09385086, 0.10201543, 0.07984593, 0.0837383, 0.08961853, 0.11784776, 0.20781417, 0.2252691]",3943043,772,Spain,1,347,358,Pass
44,0.02278176,"[0.07938357, 0.074665785, 0.06677989, 0.066622935, 0.080701455, 0.13272282, 0.27001795, 0.22910556]",3943043,772,Spain,1,1621,1629,Pass
89,0.022772457,"[0.08237896, 0.08377244, 0.06755229, 0.070456006, 0.08332094, 0.13692528, 0.2515253, 0.2240687]",3943043,768,England,2,3062,3072,Pass
65,0.022748535,"[0.08599201, 0.0764474, 0.06878491, 0.068158105, 0.08144641, 0.13757135, 0.2708234, 0.21077636]",3943043,772,Spain,1,2431,2439,Pass
60,0.022719085,"[0.08329268, 0.08233018, 0.06670305, 0.068897665, 0.08077156, 0.12922405, 0.2544913, 0.23428951]",3943043,772,Spain,1,2212,2224,Pass
56,0.022712111,"[0.081796855, 0.08085465, 0.06363776, 0.06733143, 0.0774263, 0.14463642, 0.26571587, 0.21860068]",3943043,772,Spain,1,1985,2000,Pass
12,0.022676198,"[0.0905733, 0.08319447, 0.06464343, 0.06834346, 0.08070137, 0.13123481, 0.25229672, 0.22901234]",3943043,772,Spain,1,332,341,Pass
30,0.022675637,"[0.07944531, 0.08968458, 0.07192214, 0.07532466, 0.09474414, 0.12661634, 0.2503114, 0.21195135]",3943043,772,Spain,1,1115,1125,Pass
58,0.022664286,"[0.08546357, 0.08420963, 0.066417515, 0.069515504, 0.081715696, 0.14264055, 0.2583652, 0.21167237]",3943043,772,Spain,1,2141,2149,Pass
9,0.022630975,"[0.09840299, 0.09926387, 0.07882391, 0.08162814, 0.08590321, 0.10422638, 0.20685513, 0.24489644]",3943043,772,Spain,1,212,223,Pass
98,0.022607373,"[0.09119788, 0.07703187, 0.06877878, 0.06904283, 0.0888172, 0.12979607, 0.2534796, 0.22185577]",3943043,768,England,2,3589,3598,Pass
58,0.022595588,"[0.10244183, 0.09272193, 0.08043262, 0.07941037, 0.09569415, 0.11042856, 0.21674183, 0.22212869]",3943043,772,Spain,1,2129,2141,Pass
59,0.022451892,"[0.31832045, 0.3762076, 0.30547196, 0.0, 0.0, 0.0, 0.0, 0.0]",3943043,768,England,1,2193,2198,Pass
60,0.022396626,"[0.12415242, 0.082019106, 0.06494131, 0.066092096, 0.07988951, 0.13321082, 0.24191675, 0.20777793]",3943043,772,Spain,1,2256,2263,Pass
94,0.022341138,"[0.07554831, 0.0802525, 0.06195162, 0.06643542, 0.09077946, 0.15823457, 0.25694197, 0.2098561]",3943043,768,England,2,3380,3398,Pass
15,0.022224274,"[0.07783803, 0.07945974, 0.06631884, 0.06746893, 0.08735964, 0.13596955, 0.2621911, 0.2233942]",3943043,772,Spain,1,470,479,Pass
32,0.022205062,"[0.086894795, 0.07740425, 0.06724163, 0.06679424, 0.082326375, 0.123203345, 0.26575717, 0.23037818]",3943043,772,Spain,1,1169,1182,Pass
89,0.022193657,"[0.08076025, 0.08717398, 0.06836059, 0.07125863, 0.07978034, 0.13863172, 0.2657458, 0.20828864]",3943043,768,England,2,3034,3051,Pass
32,0.022172295,"[0.0837419, 0.086752646, 0.06752784, 0.07090782, 0.08421246, 0.13191012, 0.2470435, 0.2279038]",3943043,772,Spain,1,1230,1238,Pass
27,0.022160992,"[0.08296079, 0.07516974, 0.06174022, 0.066178806, 0.08775012, 0.15474485, 0.2510517, 0.22040375]",3943043,768,England,1,981,993,Pass
97,0.02213015,"[0.091460355, 0.08870876, 0.06851854, 0.06981429, 0.085470065, 0.118725955, 0.24354182, 0.23376021]",3943043,772,Spain,2,3498,3512,Pass
130,0.022111084,"[0.078464665, 0.085149236, 0.06795737, 0.0712107, 0.08326643, 0.13444667, 0.2604465, 0.2190584]",3943043,772,Spain,2,4914,4924,Pass
97,0.02210664,"[0.0979467, 0.103897996, 0.07697594, 0.08211688, 0.09400586, 0.106740005, 0.21527556, 0.22304116]",3943043,772,Spain,2,3489,3502,Pass
98,0.022083662,"[0.10637609, 0.087149516, 0.06889544, 0.06805964, 0.07507085, 0.10236455, 0.25016698, 0.24191697]",3943043,768,England,2,3587,3593,Pass
97,0.02207981,"[0.09412252, 0.08809886, 0.06699502, 0.06841062, 0.07927435, 0.12437703, 0.25073808, 0.22798355]",3943043,772,Spain,2,3500,3514,Pass
99,0.022076469,"[0.0965692, 0.09017742, 0.077674866, 0.07613692, 0.0946297, 0.11843992, 0.2350306, 0.2113414]",3943043,768,England,2,3673,3685,Pass
63,0.022050178,"[0.0798302, 0.07992464, 0.06388891, 0.07008568, 0.09453822, 0.15208398, 0.24851842, 0.21112998]",3943043,768,England,1,2356,2365,Pass
89,0.022033915,"[0.0895137, 0.09116724, 0.06708001, 0.06942244, 0.07880438, 0.13077894, 0.2560413, 0.21719195]",3943043,768,England,2,3042,3056,Pass
94,0.021955831,"[0.083390586, 0.0773752, 0.06640856, 0.067622006, 0.08772016, 0.1330348, 0.25572237, 0.2287263]",3943043,768,England,2,3367,3380,Pass
12,0.0219277,"[0.09189196, 0.09476577, 0.076911464, 0.07972275, 0.085390225, 0.10937544, 0.22694802, 0.23499437]",3943043,772,Spain,1,390,400,Pass
92,0.021927454,"[0.082844794, 0.08369029, 0.06623631, 0.070869334, 0.08474816, 0.13700216, 0.25313923, 0.22146972]",3943043,772,Spain,2,3284,3295,Pass
97,0.021886624,"[0.089068614, 0.085656494, 0.06737893, 0.07094773, 0.084569536, 0.13028583, 0.24050371, 0.23158917]",3943043,772,Spain,2,3506,3520,Pass
98,0.021853676,"[0.09506292, 0.0856166, 0.07593694, 0.07425447, 0.083888106, 0.10584147, 0.2513862, 0.22801322]",3943043,768,England,2,3554,3569,Pass
133,0.021835407,"[0.08708333, 0.08429787, 0.06736982, 0.070199996, 0.08447939, 0.12945114, 0.24656549, 0.23055287]",3943043,772,Spain,2,5000,5015,Pass
46,0.02180242,"[0.10008264, 0.083098784, 0.065911554, 0.06708992, 0.09219454, 0.14031282, 0.2362912, 0.21501853]",3943043,768,England,1,1691,1706,Pass
36,0.0216466,"[0.08246634, 0.09248482, 0.07441933, 0.07679381, 0.08399458, 0.12030541, 0.24100932, 0.22852635]",3943043,772,Spain,1,1349,1358,Pass
12,0.02163028,"[0.09376201, 0.09342769, 0.076991975, 0.08167251, 0.08886362, 0.120918445, 0.22457592, 0.21978775]",3943043,772,Spain,1,402,412,Pass
89,0.021587837,"[0.07952209, 0.0797609, 0.065136336, 0.07022106, 0.08708106, 0.14656864, 0.2551379, 0.21657212]",3943043,768,England,2,3039,3054,Pass
120,0.021587178,"[0.08030049, 0.08464177, 0.0666269, 0.06941065, 0.08706398, 0.13897148, 0.256646, 0.2163387]",3943043,768,England,2,4435,4447,Pass
64,0.021565244,"[0.08770019, 0.08544525, 0.067228466, 0.07119446, 0.08372298, 0.13209054, 0.24530071, 0.22731741]",3943043,772,Spain,1,2392,2399,Pass
43,0.021564016,"[0.08491676, 0.087517835, 0.06727971, 0.0709157, 0.078633495, 0.12388926, 0.24854262, 0.23830463]",3943043,772,Spain,1,1579,1594,Pass
30,0.021560105,"[0.08119861, 0.08104225, 0.06523343, 0.069225915, 0.07955833, 0.13284154, 0.26233092, 0.228569]",3943043,772,Spain,1,1104,1122,Pass
32,0.02153409,"[0.09041016, 0.08479844, 0.06397018, 0.06841105, 0.08538287, 0.13667336, 0.23981972, 0.23053418]",3943043,772,Spain,1,1190,1203,Foul
60,0.021532677,"[0.083811, 0.07680879, 0.0664692, 0.06800483, 0.085036956, 0.123376824, 0.2589969, 0.23749545]",3943043,772,Spain,1,2208,2222,Pass
24,0.021501116,"[0.097004175, 0.09453171, 0.06926525, 0.068397984, 0.08493527, 0.118166074, 0.24067873, 0.22702083]",3943043,772,Spain,1,810,825,Pass
12,0.02148407,"[0.09341812, 0.08186094, 0.06998797, 0.06862327, 0.08590587, 0.116319835, 0.25071698, 0.23316692]",3943043,772,Spain,1,333,347,Pass
130,0.021439807,"[0.08654724, 0.0810634, 0.06513832, 0.06978146, 0.084966674, 0.13911274, 0.25424078, 0.21914935]",3943043,772,Spain,2,4893,4904,Pass
60,0.021379754,"[0.08693922, 0.08605726, 0.06704308, 0.06548326, 0.07993844, 0.12489275, 0.2610529, 0.22859311]",3943043,772,Spain,1,2213,2229,Pass
44,0.021366768,"[0.095234245, 0.08660505, 0.069191426, 0.069765285, 0.08747498, 0.12125132, 0.24340169, 0.22707604]",3943043,772,Spain,1,1611,1623,Pass
64,0.02133204,"[0.0898998, 0.08684621, 0.076060995, 0.074615195, 0.08593546, 0.12294418, 0.24768028, 0.21601792]",3943043,772,Spain,1,2402,2421,Pass
60,0.021294337,"[0.14809562, 0.10465914, 0.06528605, 0.06627043, 0.078972064, 0.11105633, 0.22721218, 0.19844829]",3943043,772,Spain,1,2255,2262,Pass
123,0.021229556,"[0.08744139, 0.09400575, 0.0746266, 0.07958493, 0.0874631, 0.12657316, 0.2298454, 0.22045967]",3943043,772,Spain,2,4591,4603,Pass
43,0.02122619,"[0.09283826, 0.08792737, 0.07800301, 0.07893958, 0.09137183, 0.12676094, 0.21844344, 0.22571564]",3943043,772,Spain,1,1590,1599,Pass
9,0.021208549,"[0.10438611, 0.09757063, 0.08167779, 0.08070115, 0.09707988, 0.10915645, 0.20554347, 0.22388448]",3943043,772,Spain,1,212,222,Pass
98,0.021187158,"[0.12526125, 0.10214549, 0.07722105, 0.07674345, 0.084463105, 0.103654124, 0.20287132, 0.22764024]",3943043,768,England,2,3584,3593,Pass
12,0.021176014,"[0.08515493, 0.08795712, 0.06633335, 0.0695095, 0.07926255, 0.13153757, 0.25251317, 0.22773181]",3943043,772,Spain,1,333,348,Pass
56,0.021164909,"[0.08220031, 0.091411516, 0.0729543, 0.07692693, 0.08518923, 0.12411623, 0.2506167, 0.2165848]",3943043,772,Spain,1,1997,2005,Pass
123,0.021151027,"[0.08271228, 0.08549712, 0.070554934, 0.07648997, 0.08849346, 0.13739525, 0.2525063, 0.20635061]",3943043,772,Spain,2,4573,4586,Pass
89,0.021143468,"[0.08476477, 0.07965938, 0.06932408, 0.068535306, 0.085964255, 0.13220197, 0.26221436, 0.2173358]",3943043,768,England,2,3034,3052,Pass
97,0.021096697,"[0.07386917, 0.07850583, 0.06511793, 0.06836689, 0.08022088, 0.14716949, 0.27210534, 0.21464443]",3943043,772,Spain,2,3519,3527,Pass
98,0.02107868,"[0.14855643, 0.102889985, 0.07346002, 0.07174707, 0.08070108, 0.10179411, 0.21575035, 0.205101]",3943043,768,England,2,3583,3591,Pass
60,0.021059744,"[0.10016123, 0.099672556, 0.07880567, 0.08212899, 0.08909894, 0.11452351, 0.20699692, 0.22861226]",3943043,772,Spain,1,2200,2213,Pass
92,0.021034243,"[0.08176451, 0.079684086, 0.06727557, 0.067452654, 0.08787598, 0.12924354, 0.26053557, 0.22616798]",3943043,772,Spain,2,3283,3294,Pass
130,0.0209978,"[0.08361211, 0.07963471, 0.06706494, 0.07004881, 0.08077592, 0.1417042, 0.26533064, 0.21182874]",3943043,772,Spain,2,4912,4922,Pass
130,0.020962069,"[0.09465512, 0.080442645, 0.069226235, 0.067989014, 0.08395045, 0.124862045, 0.2587782, 0.22009625]",3943043,772,Spain,2,4892,4903,Pass
12,0.02095918,"[0.10420875, 0.08941031, 0.08147003, 0.08087117, 0.09872985, 0.114834204, 0.21827543, 0.21220022]",3943043,772,Spain,1,400,411,Pass
94,0.020956302,"[0.07836546, 0.079931095, 0.06455634, 0.067732155, 0.08109861, 0.13129039, 0.25758457, 0.23944138]",3943043,768,England,2,3368,3384,Pass
61,0.020956174,"[0.10181152, 0.09723301, 0.065535404, 0.06744589, 0.078759484, 0.12653731, 0.23502176, 0.22765566]",3943043,768,England,1,2310,2320,Pass
63,0.02092876,"[0.09681234, 0.083458856, 0.07427282, 0.073624246, 0.08791351, 0.10977083, 0.2458956, 0.22825177]",3943043,768,England,1,2342,2353,Pass
60,0.020907078,"[0.094502985, 0.084738664, 0.064618774, 0.066561215, 0.07840119, 0.13511758, 0.25566694, 0.22039267]",3943043,772,Spain,1,2214,2230,Pass
44,0.020870395,"[0.09179746, 0.08503275, 0.07269932, 0.07216784, 0.08939554, 0.12543035, 0.24444452, 0.21903223]",3943043,772,Spain,1,1630,1640,Pass
32,0.020870097,"[0.08480669, 0.07837717, 0.068357386, 0.06789582, 0.08311994, 0.12054166, 0.2648486, 0.23205277]",3943043,772,Spain,1,1213,1229,Pass
98,0.020860638,"[0.09682789, 0.08188607, 0.06671811, 0.0666391, 0.073944554, 0.12442778, 0.25824586, 0.23131062]",3943043,768,England,2,3587,3594,Pass
12,0.020831982,"[0.096616074, 0.08607964, 0.06994302, 0.06935969, 0.086218745, 0.113832854, 0.24343656, 0.23451328]",3943043,772,Spain,1,330,340,Pass
67,0.020748617,"[0.09157224, 0.08871217, 0.076122485, 0.07509371, 0.08758608, 0.10526866, 0.24448828, 0.23115635]",3943043,772,Spain,1,2474,2483,Pass
32,0.020743368,"[0.09399309, 0.08999814, 0.066364385, 0.06908526, 0.07658003, 0.13204311, 0.2573617, 0.2145742]",3943043,772,Spain,1,1184,1201,Pass
9,0.02073145,"[0.08316141, 0.079575054, 0.07150087, 0.07105204, 0.09105168, 0.12650348, 0.25598586, 0.2211697]",3943043,772,Spain,1,229,244,Pass
32,0.02073058,"[0.079068094, 0.08198839, 0.06640197, 0.069334365, 0.079193875, 0.14070442, 0.2656045, 0.21770428]",3943043,772,Spain,1,1170,1183,Pass
120,0.020712595,"[0.08386515, 0.077228755, 0.06616355, 0.067738146, 0.084977776, 0.13157493, 0.25832286, 0.23012884]",3943043,768,England,2,4433,4445,Pass
97,0.020706125,"[0.11240941, 0.093951784, 0.07886997, 0.07753783, 0.09764893, 0.12086056, 0.20117289, 0.21754874]",3943043,772,Spain,2,3485,3500,Pass
94,0.020682503,"[0.08835024, 0.07891637, 0.06471355, 0.066628955, 0.09163319, 0.1458177, 0.25216103, 0.21177891]",3943043,768,England,2,3384,3398,Pass
32,0.020675693,"[0.08730718, 0.07986091, 0.07096639, 0.070891865, 0.088689506, 0.122149535, 0.2537879, 0.22634672]",3943043,772,Spain,1,1229,1237,Pass
123,0.02066176,"[0.09257021, 0.08643976, 0.07376558, 0.07218513, 0.08442037, 0.108451866, 0.2564533, 0.22571377]",3943043,772,Spain,2,4600,4615,Pass
29,0.020658683,"[0.087500155, 0.084639564, 0.06940769, 0.069634736, 0.08706133, 0.122541845, 0.24975201, 0.22946262]",3943043,772,Spain,1,1064,1079,Pass
32,0.020620065,"[0.10035957, 0.08758343, 0.06978552, 0.07018715, 0.082663864, 0.112835586, 0.23904374, 0.23754118]",3943043,772,Spain,1,1169,1172,Foul
53,0.020580456,"[0.21390772, 0.1975538, 0.13790686, 0.1601525, 0.29047918, 0.0, 0.0, 0.0]",3943043,768,England,1,1920,1932,Pass
63,0.020539112,"[0.0943532, 0.08779062, 0.07930871, 0.07800526, 0.088065684, 0.10625992, 0.23628475, 0.22993179]",3943043,768,England,1,2330,2344,Pass
123,0.020513756,"[0.087064534, 0.09102058, 0.07151105, 0.07506488, 0.083364, 0.1271264, 0.24124297, 0.22360557]",3943043,772,Spain,2,4633,4644,Pass
113,0.020496309,"[0.09087304, 0.08364894, 0.07442951, 0.07449974, 0.09138679, 0.11648727, 0.24449177, 0.22418292]",3943043,772,Spain,2,4231,4241,Pass
9,0.020464038,"[0.086541526, 0.10009127, 0.07523166, 0.07941599, 0.08716996, 0.120990954, 0.22041655, 0.23014209]",3943043,772,Spain,1,232,245,Pass
89,0.020454654,"[0.08124758, 0.08848706, 0.07179216, 0.076423615, 0.08914081, 0.1359231, 0.23977607, 0.21720965]",3943043,768,England,2,3054,3063,Pass
130,0.02043482,"[0.07839462, 0.08410123, 0.0682909, 0.070721254, 0.08171854, 0.13667086, 0.25595, 0.22415257]",3943043,772,Spain,2,4897,4906,Pass
123,0.020431664,"[0.088755846, 0.080793746, 0.07031469, 0.070181675, 0.087432645, 0.12068211, 0.24776204, 0.2340773]",3943043,772,Spain,2,4616,4628,Pass
98,0.020428106,"[0.102392055, 0.09738834, 0.08364884, 0.08205584, 0.096949905, 0.10959631, 0.2036483, 0.22432049]",3943043,768,England,2,3551,3564,Pass
43,0.020426175,"[0.0915386, 0.08097671, 0.06937531, 0.06802764, 0.08520469, 0.115905054, 0.25723654, 0.23173557]",3943043,772,Spain,1,1576,1593,Pass
123,0.02041836,"[0.09553267, 0.082336865, 0.07098387, 0.069657944, 0.08590913, 0.11738486, 0.24932465, 0.22886997]",3943043,772,Spain,2,4605,4621,Pass
91,0.020412615,"[0.122984156, 0.101242, 0.07550487, 0.07328523, 0.08880254, 0.11468769, 0.21583302, 0.2076605]",3943043,772,Spain,2,3236,3245,Pass
60,0.02040007,"[0.08805094, 0.096031874, 0.07403963, 0.07690108, 0.085660614, 0.12261103, 0.23096617, 0.22573873]",3943043,772,Spain,1,2207,2220,Pass
60,0.020382369,"[0.09598457, 0.08526092, 0.076450884, 0.0749615, 0.087304495, 0.116949484, 0.24468543, 0.2184028]",3943043,772,Spain,1,2206,2218,Pass
50,0.020365408,"[0.08117574, 0.08295724, 0.06710213, 0.07064791, 0.07972644, 0.12863933, 0.2511474, 0.2386039]",3943043,772,Spain,1,1766,1781,Pass
27,0.02036269,"[0.08831591, 0.08611044, 0.07287272, 0.07215164, 0.09092009, 0.116880596, 0.2464274, 0.22632124]",3943043,768,England,1,932,946,Pass
123,0.02034985,"[0.09563875, 0.07795558, 0.06746626, 0.06699241, 0.08296799, 0.124279514, 0.25958353, 0.22511593]",3943043,772,Spain,2,4614,4625,Pass
130,0.020344693,"[0.08063802, 0.0786235, 0.0677384, 0.06769693, 0.08843204, 0.13268036, 0.26415423, 0.22003663]",3943043,772,Spain,2,4899,4909,Pass
12,0.020335343,"[0.083670236, 0.086181395, 0.06738634, 0.07002192, 0.079981886, 0.13381954, 0.2501114, 0.22882733]",3943043,772,Spain,1,328,336,Pass
27,0.020328859,"[0.09501426, 0.08337661, 0.067697465, 0.06766433, 0.08564602, 0.117398456, 0.25243184, 0.23077098]",3943043,768,England,1,993,1002,Pass
58,0.020309854,"[0.09330578, 0.09637046, 0.07133742, 0.074500345, 0.084626846, 0.12887526, 0.22807698, 0.22290695]",3943043,772,Spain,1,2128,2137,Pass
89,0.020300122,"[0.089478604, 0.07671855, 0.06971176, 0.06959456, 0.08505987, 0.124806024, 0.2681404, 0.21649021]",3943043,768,England,2,3051,3060,Pass
91,0.02029987,"[0.13077147, 0.10258376, 0.08041795, 0.08157134, 0.095261335, 0.10904794, 0.19554591, 0.20480035]",3943043,772,Spain,2,3239,3247,Pass
39,0.020297496,"[0.22302566, 0.19082864, 0.13182081, 0.13816538, 0.3161594, 0.0, 0.0, 0.0]",3943043,772,Spain,1,1391,1400,Foul
63,0.020279858,"[0.0859029, 0.07939867, 0.0734837, 0.07251381, 0.08401735, 0.11362586, 0.2589152, 0.23214245]",3943043,768,England,1,2345,2356,Pass
12,0.020270083,"[0.0872143, 0.08298295, 0.07432903, 0.07351411, 0.08694778, 0.11083245, 0.25270113, 0.23147821]",3943043,772,Spain,1,387,396,Pass
125,0.020245949,"[0.09233789, 0.08511646, 0.067077756, 0.0699459, 0.08016481, 0.12738775, 0.24467734, 0.23329203]",3943043,772,Spain,2,4736,4750,Pass
125,0.020245934,"[0.09372168, 0.08758789, 0.06986487, 0.06899234, 0.08282663, 0.11329498, 0.2528838, 0.23082775]",3943043,772,Spain,2,4735,4749,Pass
97,0.020190716,"[0.0769041, 0.08100208, 0.06626062, 0.069776595, 0.08242402, 0.14126435, 0.25802004, 0.22434814]",3943043,772,Spain,2,3520,3528,Pass
64,0.020165797,"[0.09523549, 0.08100817, 0.06959169, 0.06974785, 0.088245675, 0.12007154, 0.25004724, 0.22605237]",3943043,772,Spain,1,2390,2398,Pass
43,0.020108342,"[0.08841963, 0.09596582, 0.07781904, 0.07853412, 0.09300946, 0.11049295, 0.22767797, 0.22808097]",3943043,772,Spain,1,1591,1601,Pass
12,0.020105388,"[0.10046145, 0.08707558, 0.06966238, 0.06878583, 0.08675955, 0.11702172, 0.24499801, 0.22523543]",3943043,772,Spain,1,369,381,Pass
91,0.02006755,"[0.1128561, 0.09560007, 0.06950719, 0.06692587, 0.075388394, 0.0996957, 0.21561103, 0.26441568]",3943043,772,Spain,2,3243,3250,Pass
97,0.020017628,"[0.09499996, 0.08206217, 0.0698346, 0.07032049, 0.08756577, 0.11963362, 0.24467215, 0.2309112]",3943043,772,Spain,2,3504,3519,Pass
44,0.020012345,"[0.088097006, 0.0896629, 0.07128697, 0.07545622, 0.08940887, 0.13380091, 0.2258875, 0.22639954]",3943043,772,Spain,1,1631,1642,Pass
12,0.019980302,"[0.07878898, 0.08760381, 0.06925724, 0.074423015, 0.08771975, 0.13843057, 0.24673544, 0.21704124]",3943043,772,Spain,1,381,392,Pass
123,0.019963082,"[0.084397644, 0.08368703, 0.06752999, 0.07088322, 0.081822276, 0.13277477, 0.253887, 0.225018]",3943043,772,Spain,2,4615,4626,Pass
12,0.01993842,"[0.089299284, 0.080389224, 0.07059132, 0.06966745, 0.086489886, 0.11384966, 0.2568792, 0.23283394]",3943043,772,Spain,1,371,386,Pass
12,0.019920118,"[0.0899528, 0.08491594, 0.07681014, 0.07516109, 0.08678243, 0.10449829, 0.24777043, 0.23410882]",3943043,772,Spain,1,348,360,Pass
30,0.019892294,"[0.08102971, 0.07359575, 0.06807761, 0.06777651, 0.08245131, 0.13578302, 0.26258856, 0.2286976]",3943043,772,Spain,1,1107,1123,Pass
12,0.019891344,"[0.09231389, 0.08630275, 0.075569816, 0.0742586, 0.084525816, 0.11361451, 0.25136223, 0.22205238]",3943043,772,Spain,1,392,400,Pass
130,0.0198856,"[0.081106946, 0.08283162, 0.06859688, 0.07423938, 0.08541743, 0.13819821, 0.25166547, 0.21794404]",3943043,772,Spain,2,4900,4910,Pass
32,0.0198804,"[0.10072762, 0.08022228, 0.06760242, 0.0665047, 0.08567739, 0.12935106, 0.25208455, 0.21782993]",3943043,772,Spain,1,1185,1203,Foul
63,0.019839276,"[0.08626009, 0.08536132, 0.07160409, 0.07576566, 0.083452865, 0.12422475, 0.24991502, 0.22341618]",3943043,768,England,1,2344,2354,Pass
66,0.019816868,"[0.08956974, 0.08204684, 0.06786223, 0.070454694, 0.08020016, 0.12620573, 0.2541995, 0.229461]",3943043,768,England,1,2439,2448,Pass
123,0.019795872,"[0.08161558, 0.08642662, 0.06887788, 0.0723978, 0.08497063, 0.12935494, 0.25280702, 0.22354947]",3943043,772,Spain,2,4617,4630,Pass
43,0.019774321,"[0.096877225, 0.099781275, 0.0784446, 0.080832966, 0.08723326, 0.11038184, 0.22056645, 0.22588243]",3943043,772,Spain,1,1592,1602,Pass
87,0.019771043,"[0.08906437, 0.08636265, 0.07166124, 0.07077386, 0.08629202, 0.11177862, 0.24329741, 0.24076973]",3943043,768,England,2,2975,2985,Pass
104,0.019767128,"[0.10662231, 0.106578186, 0.0795937, 0.08486115, 0.10741565, 0.1810562, 0.3338728, 0.0]",3943043,768,England,2,3911,3935,Pass
12,0.01976493,"[0.08950635, 0.07949682, 0.07125536, 0.07051689, 0.08583401, 0.11469864, 0.26010728, 0.22858475]",3943043,772,Spain,1,327,335,Pass
43,0.019761413,"[0.08669966, 0.077560596, 0.069583885, 0.06845985, 0.08298732, 0.12296054, 0.26115277, 0.23059545]",3943043,772,Spain,1,1581,1595,Pass
32,0.01967597,"[0.083778694, 0.08348898, 0.0694233, 0.0699511, 0.08384216, 0.121473804, 0.26620263, 0.22183931]",3943043,772,Spain,1,1227,1236,Pass
43,0.019664062,"[0.10901849, 0.10893746, 0.079224564, 0.077323824, 0.091187246, 0.12227016, 0.212851, 0.19918726]",3943043,772,Spain,1,1593,1602,Pass
123,0.019656006,"[0.07811242, 0.081740275, 0.068300545, 0.07071306, 0.08034773, 0.13235335, 0.25326747, 0.23516513]",3943043,772,Spain,2,4631,4642,Pass
32,0.019620122,"[0.08556905, 0.07893577, 0.06774846, 0.07089645, 0.08119133, 0.13657413, 0.25385964, 0.22522517]",3943043,772,Spain,1,1228,1237,Pass
12,0.019619998,"[0.07770133, 0.082625136, 0.06778741, 0.07128117, 0.084171675, 0.13332377, 0.25139415, 0.23171538]",3943043,772,Spain,1,310,318,Pass
89,0.01959735,"[0.083232164, 0.077836275, 0.07126184, 0.07148019, 0.09039546, 0.13060707, 0.25907806, 0.21610896]",3943043,768,England,2,3054,3062,Pass
17,0.01959074,"[0.09561847, 0.07942164, 0.067480125, 0.06718676, 0.08463357, 0.12562056, 0.25515208, 0.22488675]",3943043,772,Spain,1,496,507,Pass
32,0.01958482,"[0.08287085, 0.07602506, 0.0703961, 0.070012055, 0.086420044, 0.12666398, 0.25902054, 0.22859128]",3943043,772,Spain,1,1218,1231,Pass
113,0.019577354,"[0.08314576, 0.0877699, 0.07138135, 0.07531044, 0.08513577, 0.1279476, 0.24120644, 0.22810276]",3943043,772,Spain,2,4232,4242,Pass
63,0.019551154,"[0.0883633, 0.094391465, 0.07532743, 0.07734309, 0.08416568, 0.117961146, 0.24337266, 0.21907525]",3943043,768,England,1,2333,2345,Pass
56,0.019520478,"[0.08082692, 0.08025448, 0.06705605, 0.071193784, 0.08512828, 0.13821198, 0.2494312, 0.22789736]",3943043,772,Spain,1,1981,1992,Pass
130,0.019516516,"[0.08664975, 0.07589875, 0.070618145, 0.07104339, 0.08655839, 0.12159195, 0.26191625, 0.22572334]",3943043,772,Spain,2,4894,4905,Pass
92,0.019491008,"[0.08718891, 0.07967725, 0.06990048, 0.06983282, 0.08578019, 0.12178359, 0.2551457, 0.23069103]",3943043,772,Spain,2,3269,3284,Pass
12,0.019470237,"[0.08316985, 0.08701786, 0.06793085, 0.07163851, 0.08081505, 0.1304002, 0.24717207, 0.23185563]",3943043,772,Spain,1,374,387,Pass
27,0.019469585,"[0.079663895, 0.085402854, 0.06676161, 0.07082155, 0.08373931, 0.1355314, 0.25094175, 0.22713761]",3943043,768,England,1,984,996,Pass
99,0.019449182,"[0.07562397, 0.08227006, 0.06458989, 0.06831948, 0.08206564, 0.14652073, 0.26039588, 0.2202144]",3943043,768,England,2,3669,3677,Pass
97,0.019372685,"[0.096464284, 0.08624351, 0.071013056, 0.0693693, 0.081816934, 0.11128385, 0.25669345, 0.22711554]",3943043,772,Spain,2,3502,3516,Pass
97,0.019364556,"[0.08597905, 0.07808585, 0.06848995, 0.070424415, 0.0836894, 0.12579937, 0.24912506, 0.23840684]",3943043,772,Spain,2,3497,3508,Pass
94,0.01934275,"[0.09354075, 0.09211848, 0.06909841, 0.06859873, 0.08325424, 0.11703146, 0.24409448, 0.2322635]",3943043,768,England,2,3397,3407,Pass
123,0.019319352,"[0.07938671, 0.077188246, 0.06966701, 0.070070796, 0.08426665, 0.11874575, 0.26328105, 0.23739375]",3943043,772,Spain,2,4630,4640,Pass
9,0.019316006,"[0.092080414, 0.094413415, 0.07538051, 0.078372404, 0.08692836, 0.12281088, 0.22270595, 0.22730802]",3943043,772,Spain,1,210,219,Pass
66,0.019296356,"[0.08538604, 0.080880865, 0.06819461, 0.06879074, 0.08457041, 0.1298322, 0.24888328, 0.2334619]",3943043,768,England,1,2442,2451,Pass
97,0.019290753,"[0.09106287, 0.08714999, 0.06771644, 0.07006483, 0.07961319, 0.12921232, 0.24622233, 0.22895803]",3943043,772,Spain,2,3503,3517,Pass
12,0.019269835,"[0.08085857, 0.09122875, 0.07038772, 0.07637192, 0.087502025, 0.13860172, 0.240189, 0.21486026]",3943043,772,Spain,1,340,353,Pass
66,0.019260716,"[0.080024675, 0.08411129, 0.06640503, 0.06993062, 0.084118664, 0.13655032, 0.25172246, 0.22713687]",3943043,768,England,1,2441,2450,Pass
36,0.019242633,"[0.092582524, 0.08864142, 0.08104179, 0.08154849, 0.09410599, 0.10638686, 0.22160472, 0.23408827]",3943043,772,Spain,1,1348,1358,Pass
12,0.019214042,"[0.09669636, 0.089354515, 0.07620844, 0.07510458, 0.090914994, 0.11067471, 0.23256186, 0.22848451]",3943043,772,Spain,1,353,365,Pass
123,0.019200929,"[0.0818237, 0.08888081, 0.06929258, 0.07332513, 0.08203404, 0.13254905, 0.2515425, 0.22055222]",3943043,772,Spain,2,4604,4619,Pass
27,0.019178191,"[0.09699478, 0.09440464, 0.07335832, 0.071691714, 0.08284346, 0.11233122, 0.2273577, 0.2410181]",3943043,768,England,1,984,999,Pass
12,0.019175721,"[0.08120994, 0.08740929, 0.07137338, 0.07462055, 0.08264597, 0.12689584, 0.25035313, 0.22549202]",3943043,772,Spain,1,388,397,Pass
97,0.019162402,"[0.081504285, 0.0775751, 0.07009001, 0.06958041, 0.08463007, 0.12643926, 0.26354375, 0.22663711]",3943043,772,Spain,2,3520,3527,Pass
58,0.019157289,"[0.08868095, 0.0774222, 0.069470786, 0.06936275, 0.08656503, 0.12368758, 0.2606038, 0.22420688]",3943043,772,Spain,1,2115,2128,Pass
9,0.019131757,"[0.09205811, 0.083480164, 0.07220536, 0.070529535, 0.08151958, 0.1140381, 0.26575717, 0.22041193]",3943043,772,Spain,1,214,223,Pass
123,0.019120045,"[0.08703761, 0.08328655, 0.06988631, 0.0695022, 0.08349475, 0.11978965, 0.25661653, 0.23038635]",3943043,772,Spain,2,4622,4633,Pass
66,0.019086387,"[0.08351718, 0.07772103, 0.06862611, 0.06870438, 0.085585825, 0.1325671, 0.2649634, 0.2183151]",3943043,768,England,1,2439,2449,Pass
123,0.019023776,"[0.08977983, 0.0898528, 0.06752734, 0.070581935, 0.08112579, 0.13060637, 0.2518718, 0.21865411]",3943043,772,Spain,2,4613,4622,Pass
67,0.018987168,"[0.08451598, 0.088204004, 0.07069766, 0.07350574, 0.0811225, 0.12469679, 0.25209653, 0.22516087]",3943043,772,Spain,1,2475,2484,Pass
30,0.018986924,"[0.08643925, 0.082013965, 0.070999235, 0.06994665, 0.08600002, 0.116576254, 0.2556445, 0.23238017]",3943043,772,Spain,1,1103,1122,Pass
98,0.01896755,"[0.09697094, 0.08328659, 0.06989128, 0.06948852, 0.08249512, 0.1147157, 0.2529234, 0.23022841]",3943043,768,England,2,3588,3596,Pass
125,0.018949823,"[0.0798549, 0.08639232, 0.06895969, 0.073603526, 0.08991397, 0.13669235, 0.23930949, 0.22527382]",3943043,772,Spain,2,4730,4739,Pass
89,0.018933438,"[0.0824562, 0.08084362, 0.068941645, 0.07195949, 0.08146225, 0.14369251, 0.26041898, 0.21022542]",3943043,768,England,2,3052,3060,Pass
12,0.018929236,"[0.09937853, 0.10099187, 0.078171834, 0.08113291, 0.08810857, 0.114645414, 0.21324508, 0.2243258]",3943043,772,Spain,1,357,369,Pass
123,0.018904591,"[0.087404266, 0.08582611, 0.069541916, 0.07256711, 0.079256706, 0.13086411, 0.2528127, 0.22172706]",3943043,772,Spain,2,4602,4616,Pass
12,0.018884828,"[0.08427273, 0.08147987, 0.07086039, 0.07133055, 0.086604856, 0.1229705, 0.25232112, 0.23015998]",3943043,772,Spain,1,407,418,Pass
123,0.018880151,"[0.08980911, 0.07815822, 0.072738364, 0.071261235, 0.08720098, 0.11685757, 0.25630414, 0.22767049]",3943043,772,Spain,2,4603,4617,Pass
43,0.018877737,"[0.09750046, 0.091086976, 0.071814716, 0.07100584, 0.08701895, 0.11262421, 0.24056739, 0.22838137]",3943043,772,Spain,1,1574,1591,Pass
7,0.018821277,"[0.10352705, 0.09434175, 0.07828179, 0.07728018, 0.093824886, 0.10944987, 0.21918195, 0.2241126]",3943043,772,Spain,1,171,185,Pass
58,0.018806431,"[0.08883314, 0.08260507, 0.07084826, 0.07345572, 0.08383412, 0.12993897, 0.24049512, 0.22998957]",3943043,772,Spain,1,2112,2121,Pass
27,0.018769763,"[0.09838033, 0.08411532, 0.06685033, 0.071214385, 0.08387165, 0.13557805, 0.25176594, 0.20822407]",3943043,768,England,1,950,967,Pass
12,0.018767238,"[0.084313326, 0.08543909, 0.070351124, 0.0730484, 0.0833462, 0.12507412, 0.24547182, 0.23295587]",3943043,772,Spain,1,407,420,Pass
125,0.018753257,"[0.08233776, 0.09157554, 0.07213368, 0.07706282, 0.08673289, 0.12906273, 0.2370974, 0.22399715]",3943043,772,Spain,2,4749,4758,Pass
43,0.018752525,"[0.0765023, 0.081654586, 0.067257985, 0.07078743, 0.08431072, 0.13303551, 0.26031035, 0.22614112]",3943043,772,Spain,1,1590,1596,Pass
63,0.018741695,"[0.08994241, 0.09150952, 0.0739772, 0.076723255, 0.081611216, 0.107491545, 0.24315895, 0.23558588]",3943043,768,England,1,2350,2359,Pass
67,0.018675728,"[0.09225419, 0.098562755, 0.07872248, 0.08210551, 0.08976607, 0.11958988, 0.20623949, 0.23275958]",3943043,772,Spain,1,2473,2481,Pass
123,0.018674117,"[0.08353004, 0.08399048, 0.07206933, 0.072134875, 0.0890406, 0.11557724, 0.25375623, 0.22990122]",3943043,772,Spain,2,4632,4643,Pass
63,0.018672459,"[0.09744128, 0.095922, 0.0763261, 0.07880283, 0.08610015, 0.119459555, 0.22089566, 0.22505243]",3943043,768,England,1,2341,2351,Pass
99,0.018662421,"[0.08107646, 0.076442055, 0.06673562, 0.06744467, 0.09083583, 0.13475016, 0.25849938, 0.22421582]",3943043,768,England,2,3670,3682,Pass
63,0.018657694,"[0.10123032, 0.09311611, 0.08035629, 0.07926323, 0.09238317, 0.10881944, 0.2205778, 0.22425368]",3943043,768,England,1,2337,2350,Pass
91,0.018650383,"[0.12102675, 0.10636689, 0.0763468, 0.079983935, 0.09452008, 0.11925683, 0.2045275, 0.19797136]",3943043,772,Spain,2,3238,3247,Pass
27,0.018606149,"[0.1014737, 0.096450925, 0.070219144, 0.07064785, 0.08176088, 0.116147935, 0.22822003, 0.23507951]",3943043,768,England,1,987,1000,Pass
7,0.018592596,"[0.08745764, 0.08291827, 0.07438835, 0.073230736, 0.08924987, 0.11451142, 0.24643408, 0.23180972]",3943043,772,Spain,1,168,182,Pass
127,0.018579677,"[0.10182724, 0.08879115, 0.08007447, 0.077601515, 0.094295986, 0.11354167, 0.21989238, 0.22397557]",3943043,772,Spain,2,4830,4854,Pass
63,0.01855595,"[0.09928451, 0.092287764, 0.08031934, 0.07947248, 0.09398739, 0.10953515, 0.21605343, 0.22905988]",3943043,768,England,1,2348,2357,Pass
123,0.01853849,"[0.08600371, 0.080796085, 0.075497866, 0.075374976, 0.08606775, 0.12225099, 0.25235882, 0.22164981]",3943043,772,Spain,2,4575,4589,Pass
97,0.018534444,"[0.10180904, 0.10168856, 0.06974893, 0.073142536, 0.08650909, 0.13131285, 0.21524689, 0.22054216]",3943043,772,Spain,2,3484,3498,Pass
63,0.018492484,"[0.08631533, 0.09609977, 0.07642784, 0.079601735, 0.08623078, 0.12101736, 0.22611165, 0.22819546]",3943043,768,England,1,2347,2356,Pass
86,0.01848989,"[0.21381237, 0.18717124, 0.14717478, 0.1681148, 0.2837268, 0.0, 0.0, 0.0]",3943043,768,England,2,2960,2963,Pass
12,0.018455898,"[0.07904142, 0.08208023, 0.070820145, 0.071987815, 0.08691609, 0.13354327, 0.24820606, 0.22740497]",3943043,772,Spain,1,363,376,Pass
9,0.01843653,"[0.09028171, 0.10255872, 0.0782467, 0.08224406, 0.08957211, 0.12023616, 0.20484087, 0.23201957]",3943043,772,Spain,1,205,217,Pass
97,0.018432986,"[0.10231244, 0.08756264, 0.06860752, 0.069597155, 0.081205904, 0.11858588, 0.2423471, 0.22978139]",3943043,772,Spain,2,3494,3506,Pass
64,0.018429652,"[0.0885148, 0.08165967, 0.07251789, 0.07154234, 0.087486826, 0.113621265, 0.2576436, 0.2270136]",3943043,772,Spain,1,2393,2400,Pass
27,0.018412871,"[0.10948371, 0.091495454, 0.07171195, 0.07177436, 0.08172515, 0.106593594, 0.2377197, 0.2294961]",3943043,768,England,1,989,1001,Pass
64,0.018407911,"[0.09349641, 0.09859968, 0.07673863, 0.07978914, 0.087687604, 0.11998151, 0.21737026, 0.22633678]",3943043,772,Spain,1,2377,2390,Pass
123,0.01840269,"[0.08042582, 0.085508265, 0.07292292, 0.07435102, 0.084540725, 0.118382305, 0.25744328, 0.22642565]",3943043,772,Spain,2,4577,4591,Pass
12,0.018354608,"[0.09491377, 0.088804804, 0.07695774, 0.076532036, 0.093820356, 0.11795911, 0.23118998, 0.21982214]",3943043,772,Spain,1,303,314,Pass
12,0.018344589,"[0.09016338, 0.09327809, 0.07549916, 0.07954362, 0.088296466, 0.12359964, 0.22062206, 0.22899751]",3943043,772,Spain,1,308,315,Pass
9,0.01832577,"[0.09453585, 0.089048795, 0.080691785, 0.07919562, 0.097624235, 0.11635803, 0.2223836, 0.2201622]",3943043,772,Spain,1,202,215,Pass
127,0.018301576,"[0.08693927, 0.08925743, 0.0700085, 0.076261066, 0.08739334, 0.13722385, 0.23795845, 0.21495812]",3943043,772,Spain,2,4828,4848,Pass
123,0.018298503,"[0.07802624, 0.08198613, 0.069384016, 0.07376044, 0.08553266, 0.1371869, 0.24853314, 0.22559048]",3943043,772,Spain,2,4628,4637,Pass
64,0.018285582,"[0.07691218, 0.082640015, 0.06819752, 0.072952285, 0.08481392, 0.14096597, 0.2545442, 0.21897386]",3943043,772,Spain,1,2395,2407,Pass
27,0.018267611,"[0.08188191, 0.08388769, 0.06912641, 0.07272155, 0.08097724, 0.12900274, 0.2583857, 0.22401682]",3943043,768,England,1,934,947,Pass
9,0.01825836,"[0.09325562, 0.08748524, 0.07718178, 0.07632046, 0.08779918, 0.101956084, 0.23872636, 0.23727526]",3943043,772,Spain,1,206,218,Pass
58,0.018243575,"[0.08111939, 0.08029474, 0.06843147, 0.07209684, 0.080880225, 0.13680296, 0.2601539, 0.22022054]",3943043,772,Spain,1,2118,2129,Pass
123,0.018240679,"[0.08480977, 0.08317828, 0.06875522, 0.07115764, 0.080380335, 0.12970725, 0.25244093, 0.22957063]",3943043,772,Spain,2,4625,4634,Pass
50,0.018215807,"[0.09152834, 0.08394022, 0.07110177, 0.07070223, 0.08805677, 0.11847621, 0.2455338, 0.23066062]",3943043,772,Spain,1,1763,1780,Pass
123,0.018215373,"[0.092559025, 0.09066447, 0.07137222, 0.07159164, 0.0897954, 0.11951002, 0.25097266, 0.21353446]",3943043,772,Spain,2,4584,4599,Pass
64,0.018210573,"[0.0838908, 0.08913045, 0.0698211, 0.073380865, 0.08228101, 0.13113488, 0.24404104, 0.22631985]",3943043,772,Spain,1,2394,2402,Pass
67,0.018208599,"[0.09583493, 0.09157915, 0.080034584, 0.07970814, 0.09604582, 0.11512423, 0.21807726, 0.22359593]",3943043,772,Spain,1,2473,2480,Pass
12,0.018199235,"[0.09094561, 0.08429791, 0.07683824, 0.07557103, 0.08854207, 0.11187471, 0.24384257, 0.22808783]",3943043,772,Spain,1,404,416,Pass
123,0.018174104,"[0.084148295, 0.08739668, 0.07082259, 0.0723531, 0.084493324, 0.1361325, 0.24768762, 0.2169659]",3943043,772,Spain,2,4582,4595,Pass
19,0.018164452,"[0.09199044, 0.08208368, 0.07038752, 0.069797546, 0.084712274, 0.11672224, 0.25524253, 0.22906369]",3943043,768,England,1,552,569,Foul
58,0.018129349,"[0.0841576, 0.08628453, 0.07191058, 0.070315406, 0.086496726, 0.11741914, 0.2558938, 0.22752218]",3943043,772,Spain,1,2113,2125,Pass
30,0.018096596,"[0.08635367, 0.08794317, 0.07225775, 0.075030535, 0.0803936, 0.12262276, 0.23971872, 0.23567972]",3943043,772,Spain,1,1102,1121,Pass
32,0.018087642,"[0.08577295, 0.08428641, 0.07222687, 0.075097516, 0.08048038, 0.12376972, 0.2469873, 0.23137885]",3943043,772,Spain,1,1217,1230,Pass
58,0.01806715,"[0.08927618, 0.08770149, 0.06880598, 0.07149393, 0.08046125, 0.12807672, 0.24440077, 0.2297837]",3943043,772,Spain,1,2115,2127,Pass
97,0.018041989,"[0.08802049, 0.08796652, 0.070251465, 0.072859995, 0.081259385, 0.1272833, 0.24340884, 0.22894998]",3943043,772,Spain,2,3512,3521,Pass
64,0.018019842,"[0.09483593, 0.09080287, 0.078001305, 0.077222474, 0.09261881, 0.11086314, 0.2274004, 0.22825506]",3943043,772,Spain,1,2377,2389,Pass
97,0.018012512,"[0.090073235, 0.086042635, 0.073259614, 0.072775, 0.08747674, 0.109964095, 0.25103182, 0.22937694]",3943043,772,Spain,2,3508,3520,Pass
92,0.017984908,"[0.08274112, 0.086109065, 0.069558375, 0.0716938, 0.080186956, 0.13045244, 0.25532427, 0.22393405]",3943043,772,Spain,2,3276,3285,Pass
12,0.017948529,"[0.09118757, 0.08089323, 0.07181221, 0.07105584, 0.08674899, 0.11121958, 0.2619361, 0.22514649]",3943043,772,Spain,1,334,349,Pass
123,0.017932128,"[0.0820555, 0.07698347, 0.0696734, 0.06980357, 0.08606453, 0.12567969, 0.26327598, 0.22646385]",3943043,772,Spain,2,4626,4635,Pass
88,0.017909002,"[0.37034795, 0.36638698, 0.26326507, 0.0, 0.0, 0.0, 0.0, 0.0]",3943043,772,Spain,2,3013,3020,Pass
113,0.017896907,"[0.089698434, 0.08931153, 0.07639838, 0.075234175, 0.09119223, 0.114022516, 0.23351511, 0.23062761]",3943043,772,Spain,2,4232,4243,Pass
120,0.017875295,"[0.11348404, 0.09443803, 0.069291145, 0.06962165, 0.09117376, 0.12572455, 0.2282833, 0.2079834]",3943043,768,England,2,4424,4435,Pass
125,0.017865222,"[0.08835992, 0.08277601, 0.07572813, 0.07494685, 0.09313629, 0.11755434, 0.24291821, 0.22458029]",3943043,772,Spain,2,4748,4756,Pass
97,0.017864235,"[0.10754638, 0.09420057, 0.08272504, 0.082340375, 0.08736572, 0.10697872, 0.2121363, 0.2267069]",3943043,772,Spain,2,3491,3503,Pass
97,0.017838074,"[0.09932194, 0.106352866, 0.079133384, 0.07728598, 0.086492114, 0.11182347, 0.22081286, 0.2187774]",3943043,772,Spain,2,3492,3504,Pass
123,0.017821353,"[0.08149408, 0.080045655, 0.07052978, 0.07277451, 0.08501235, 0.13370228, 0.258847, 0.21759441]",3943043,772,Spain,2,4578,4592,Pass
64,0.017787673,"[0.09041793, 0.08894974, 0.07001156, 0.07247653, 0.08155722, 0.12577099, 0.24060443, 0.2302116]",3943043,772,Spain,1,2389,2397,Pass
12,0.017768262,"[0.09408065, 0.09191561, 0.0710536, 0.07277626, 0.08221399, 0.12423503, 0.23454352, 0.22918127]",3943043,772,Spain,1,365,380,Pass
58,0.017743759,"[0.09333491, 0.08193755, 0.07134873, 0.07139322, 0.08125216, 0.11940967, 0.24708942, 0.23423432]",3943043,772,Spain,1,2100,2112,Pass
27,0.017743155,"[0.101412706, 0.09176048, 0.070654266, 0.07085216, 0.0799111, 0.123811744, 0.23318136, 0.22841617]",3943043,768,England,1,992,1001,Pass
32,0.0177271,"[0.106333725, 0.088766776, 0.07208149, 0.073214754, 0.085875645, 0.12396753, 0.22151248, 0.22824767]",3943043,772,Spain,1,1161,1169,Foul
19,0.017721921,"[0.08901863, 0.086567484, 0.06884061, 0.073088214, 0.0815357, 0.12305531, 0.24204591, 0.23584822]",3943043,768,England,1,550,569,Pass
125,0.017721348,"[0.081625536, 0.078288265, 0.07020902, 0.06943116, 0.08660791, 0.12420658, 0.26452458, 0.22510698]",3943043,772,Spain,2,4739,4753,Pass
90,0.017712297,"[0.087852426, 0.07732419, 0.07118651, 0.07118096, 0.08997622, 0.12313213, 0.25545925, 0.22388838]",3943043,772,Spain,2,3138,3151,Foul
97,0.017706828,"[0.084632106, 0.07902425, 0.07066754, 0.07013755, 0.08690531, 0.12611033, 0.25609738, 0.22642544]",3943043,772,Spain,2,3514,3522,Pass
98,0.01769677,"[0.095440246, 0.08287992, 0.06983364, 0.073120005, 0.08245343, 0.12987189, 0.24692851, 0.21947233]",3943043,768,England,2,3589,3597,Pass
43,0.017689425,"[0.09127234, 0.087989904, 0.071008824, 0.07409105, 0.081895985, 0.12749937, 0.24019748, 0.22604506]",3943043,772,Spain,1,1574,1592,Pass
90,0.017680924,"[0.08966987, 0.08283319, 0.068860926, 0.0728676, 0.084307335, 0.13278829, 0.24005131, 0.22862148]",3943043,772,Spain,2,3137,3149,Pass
123,0.017679105,"[0.08737009, 0.083428696, 0.07278378, 0.07289497, 0.086931214, 0.11726472, 0.2534006, 0.22592588]",3943043,772,Spain,2,4619,4631,Pass
91,0.017662244,"[0.100444786, 0.09359917, 0.07911136, 0.0781715, 0.0910749, 0.10713223, 0.21587741, 0.23458876]",3943043,772,Spain,2,3233,3244,Pass
133,0.017660528,"[0.08165231, 0.086712666, 0.07108089, 0.07295443, 0.08926772, 0.12034615, 0.24589524, 0.23209055]",3943043,772,Spain,2,4997,5014,Pass
64,0.017656147,"[0.092033416, 0.0864096, 0.073995024, 0.072589524, 0.08443461, 0.11023682, 0.24671198, 0.23358892]",3943043,772,Spain,1,2388,2395,Pass
32,0.017654048,"[0.08549192, 0.08201882, 0.0724441, 0.07217383, 0.08861436, 0.11739843, 0.2509606, 0.23089789]",3943043,772,Spain,1,1210,1227,Pass
91,0.017577114,"[0.11203179, 0.10652976, 0.07573805, 0.07763637, 0.08746, 0.12108558, 0.21667874, 0.20283972]",3943043,772,Spain,2,3234,3244,Pass
123,0.017570347,"[0.100177996, 0.08412317, 0.072042406, 0.075928405, 0.08341646, 0.13211815, 0.24046057, 0.21173277]",3943043,772,Spain,2,4586,4600,Pass
63,0.01756467,"[0.092002705, 0.08530263, 0.07405097, 0.073591806, 0.085261114, 0.114812925, 0.24629088, 0.22868711]",3943043,768,England,1,2334,2347,Pass
64,0.017528515,"[0.085803695, 0.078156725, 0.0712018, 0.07063929, 0.08717439, 0.12179785, 0.25945678, 0.22576936]",3943043,772,Spain,1,2395,2405,Pass
12,0.017523255,"[0.08223594, 0.07721974, 0.070469104, 0.070102826, 0.087173685, 0.12453532, 0.26261717, 0.22564624]",3943043,772,Spain,1,380,390,Pass
91,0.017513394,"[0.09340145, 0.09655291, 0.07717766, 0.080391794, 0.08823617, 0.11806741, 0.21409693, 0.23207565]",3943043,772,Spain,2,3231,3243,Pass
92,0.017510511,"[0.07761658, 0.08648917, 0.06906782, 0.073251516, 0.084656365, 0.14018124, 0.24750859, 0.22122872]",3943043,772,Spain,2,3281,3291,Pass
125,0.017498448,"[0.0890345, 0.08144079, 0.07350886, 0.0731168, 0.08807596, 0.113048166, 0.2543875, 0.22738744]",3943043,772,Spain,2,4737,4751,Pass
32,0.01749172,"[0.08416117, 0.090104565, 0.0713254, 0.07450006, 0.08217008, 0.12604766, 0.23931928, 0.23237173]",3943043,772,Spain,1,1211,1228,Pass
91,0.01748524,"[0.088395745, 0.08420405, 0.07216398, 0.07076227, 0.08775224, 0.117876366, 0.24913767, 0.2297077]",3943043,772,Spain,2,3197,3208,Pass
125,0.017473128,"[0.07791774, 0.0831971, 0.067932434, 0.07218688, 0.08247246, 0.13968968, 0.2521334, 0.2244703]",3943043,772,Spain,2,4747,4755,Pass
12,0.017438592,"[0.088854924, 0.09129989, 0.0735082, 0.07377913, 0.08772152, 0.11253014, 0.2430584, 0.2292479]",3943043,772,Spain,1,364,379,Pass
58,0.01742256,"[0.08473883, 0.0799314, 0.07237815, 0.072698474, 0.08645067, 0.11356281, 0.2541078, 0.23613192]",3943043,772,Spain,1,2121,2132,Pass
63,0.017420061,"[0.09375504, 0.085298285, 0.07588668, 0.075171895, 0.08657193, 0.122457884, 0.23031314, 0.23054518]",3943043,768,England,1,2351,2360,Pass
98,0.01741978,"[0.09240234, 0.09037787, 0.078783266, 0.08189396, 0.0909063, 0.12367166, 0.21249342, 0.22947112]",3943043,768,England,2,3541,3561,Pass
27,0.017413795,"[0.08364591, 0.077880464, 0.073486775, 0.073081054, 0.08983152, 0.12142078, 0.25354177, 0.22711167]",3943043,768,England,1,996,1004,Pass
58,0.017408874,"[0.087706715, 0.08666993, 0.07291193, 0.072115645, 0.08788701, 0.11461086, 0.25012296, 0.22797495]",3943043,772,Spain,1,2127,2135,Pass
97,0.017395834,"[0.07915815, 0.08201, 0.06909045, 0.073252454, 0.08427101, 0.13390751, 0.2513655, 0.22694488]",3943043,772,Spain,2,3516,3524,Pass
12,0.017360589,"[0.08812864, 0.083562426, 0.07337618, 0.07278039, 0.086318485, 0.117492035, 0.24836096, 0.22998084]",3943043,772,Spain,1,350,363,Pass
120,0.017351884,"[0.081622615, 0.08913067, 0.06901276, 0.07276318, 0.08642932, 0.12747858, 0.2371538, 0.23640901]",3943043,768,England,2,4431,4443,Pass
9,0.01732887,"[0.096223086, 0.09362985, 0.06988907, 0.07375413, 0.088012956, 0.1331289, 0.23397014, 0.2113918]",3943043,772,Spain,1,215,226,Pass
12,0.0173248,"[0.08264417, 0.07689918, 0.06996617, 0.0688664, 0.08889939, 0.12580901, 0.26422167, 0.22269398]",3943043,772,Spain,1,336,351,Pass
123,0.017266933,"[0.083175294, 0.08704937, 0.07038028, 0.072720185, 0.08166202, 0.12858066, 0.24980086, 0.22663131]",3943043,772,Spain,2,4621,4632,Pass
30,0.01726457,"[0.08618146, 0.08476457, 0.06992219, 0.07293163, 0.084612094, 0.12982525, 0.23747171, 0.2342912]",3943043,772,Spain,1,1100,1116,Pass
58,0.017257415,"[0.08421127, 0.08169233, 0.072069675, 0.07513791, 0.08160285, 0.12159431, 0.25480726, 0.22888438]",3943043,772,Spain,1,2107,2118,Pass
12,0.01725475,"[0.08498916, 0.080344245, 0.07328726, 0.07320932, 0.08688477, 0.11661927, 0.25233924, 0.23232667]",3943043,772,Spain,1,309,316,Pass
32,0.017248968,"[0.100668184, 0.09163405, 0.07270238, 0.073282205, 0.083627425, 0.11495982, 0.23001648, 0.23310943]",3943043,772,Spain,1,1167,1171,Foul
12,0.017233903,"[0.082494654, 0.089124046, 0.07253593, 0.0752892, 0.08219496, 0.12657975, 0.25027332, 0.2215082]",3943043,772,Spain,1,349,361,Pass
81,0.01721792,"[0.0958696, 0.092176855, 0.08039337, 0.079264544, 0.09360583, 0.11153814, 0.22274336, 0.22440822]",3943043,772,Spain,2,2750,2762,Pass
120,0.017178936,"[0.10146166, 0.09210385, 0.07092613, 0.0737784, 0.083291076, 0.12666067, 0.22332753, 0.22845061]",3943043,768,England,2,4426,4438,Pass
58,0.017177682,"[0.08280077, 0.08985926, 0.072057374, 0.074850015, 0.08948155, 0.11343347, 0.25100517, 0.22651234]",3943043,772,Spain,1,2112,2120,Pass
12,0.0171762,"[0.09784296, 0.08471583, 0.07734186, 0.07658712, 0.08687668, 0.11350473, 0.22910687, 0.23402406]",3943043,772,Spain,1,358,370,Pass
7,0.01717265,"[0.08238526, 0.093175255, 0.071111105, 0.07507958, 0.084838524, 0.12523264, 0.23551038, 0.23266716]",3943043,772,Spain,1,170,183,Pass
12,0.01717158,"[0.08417346, 0.09237887, 0.07384799, 0.07661582, 0.08469566, 0.12643991, 0.24060318, 0.22124511]",3943043,772,Spain,1,405,418,Pass
12,0.017164325,"[0.08543778, 0.0860748, 0.07312889, 0.07405102, 0.08896528, 0.11538697, 0.25288147, 0.2240738]",3943043,772,Spain,1,396,405,Pass
15,0.017154532,"[0.08605775, 0.08314707, 0.072391175, 0.073650084, 0.08758173, 0.11768862, 0.2509635, 0.22852004]",3943043,772,Spain,1,468,477,Pass
94,0.017152306,"[0.09303376, 0.08904096, 0.06999164, 0.07181834, 0.08240626, 0.12929232, 0.23569787, 0.2287189]",3943043,768,England,2,3389,3400,Pass
125,0.017139973,"[0.08170918, 0.086043246, 0.07058641, 0.07361943, 0.08108501, 0.12985402, 0.24564417, 0.23145856]",3943043,772,Spain,2,4737,4753,Pass
113,0.017108256,"[0.087436855, 0.092757925, 0.07291015, 0.076249294, 0.08479491, 0.122750185, 0.23928812, 0.22381252]",3943043,772,Spain,2,4233,4244,Pass
58,0.017102998,"[0.083756894, 0.07719211, 0.07183175, 0.07111775, 0.086016, 0.12429199, 0.26036513, 0.22542843]",3943043,772,Spain,1,2119,2130,Pass
27,0.017093733,"[0.091283664, 0.08269576, 0.0727116, 0.075845286, 0.08237679, 0.12587473, 0.24096377, 0.22824837]",3943043,768,England,1,995,1003,Pass
43,0.017089015,"[0.086847655, 0.09287065, 0.07188517, 0.07416746, 0.08391443, 0.12393022, 0.23171538, 0.23466901]",3943043,772,Spain,1,1573,1590,Pass
102,0.01705518,"[0.077344365, 0.08152545, 0.06880925, 0.07180386, 0.083686836, 0.13659467, 0.25331452, 0.22692096]",3943043,768,England,2,3860,3868,Pass
27,0.017052297,"[0.0850797, 0.08075634, 0.07245876, 0.0716889, 0.085154444, 0.1236918, 0.25943816, 0.22173199]",3943043,768,England,1,936,949,Pass
12,0.01704854,"[0.08819076, 0.08119285, 0.07336516, 0.072443895, 0.08796211, 0.11542189, 0.25318164, 0.22824162]",3943043,772,Spain,1,376,388,Pass
134,0.017045867,"[0.1488696, 0.10327288, 0.06738434, 0.06532611, 0.0800206, 0.108565554, 0.2254045, 0.20115635]",3943043,772,Spain,2,5075,5089,Pass
114,0.017002534,"[0.17735213, 0.20628671, 0.15519562, 0.17498763, 0.28617787, 0.0, 0.0, 0.0]",3943043,768,England,2,4293,4303,Pass
12,0.01698562,"[0.085382275, 0.08663976, 0.07357952, 0.0754853, 0.088173136, 0.11950561, 0.25274426, 0.21849018]",3943043,772,Spain,1,360,371,Pass
94,0.016979259,"[0.09014549, 0.083310544, 0.07120307, 0.07104265, 0.08049528, 0.12809491, 0.24162185, 0.23408622]",3943043,768,England,2,3392,3403,Pass
99,0.01696121,"[0.08140732, 0.083642654, 0.06836948, 0.07185597, 0.080846764, 0.13540138, 0.25287303, 0.2256034]",3943043,768,England,2,3672,3683,Pass
58,0.016914291,"[0.08888313, 0.08218948, 0.07307681, 0.07470068, 0.09017614, 0.117398836, 0.24163376, 0.23194118]",3943043,772,Spain,1,2104,2115,Pass
12,0.016902847,"[0.08011321, 0.08588636, 0.06971549, 0.07328579, 0.081196666, 0.13062152, 0.24875331, 0.23042773]",3943043,772,Spain,1,379,390,Pass
63,0.016902614,"[0.09023407, 0.09020779, 0.07319594, 0.076120205, 0.08520586, 0.121476516, 0.23005489, 0.23350476]",3943043,768,England,1,2336,2348,Pass
31,0.01689618,"[0.11252032, 0.11330482, 0.08050934, 0.08523668, 0.10429806, 0.16871378, 0.335417, 0.0]",3943043,768,England,1,1130,1152,Pass
32,0.016861279,"[0.08433342, 0.086585246, 0.071871154, 0.07486329, 0.08368872, 0.12570179, 0.23973392, 0.23322248]",3943043,772,Spain,1,1209,1220,Pass
123,0.016855374,"[0.08370855, 0.08422497, 0.074474394, 0.074651234, 0.085726105, 0.12003176, 0.2566643, 0.22051866]",3943043,772,Spain,2,4580,4594,Pass
87,0.016850347,"[0.08181426, 0.0845604, 0.0706045, 0.07376362, 0.08298282, 0.12927768, 0.23886113, 0.23813562]",3943043,768,England,2,2973,2985,Pass
19,0.016840197,"[0.09861556, 0.08749179, 0.07481909, 0.07380278, 0.09102238, 0.1123928, 0.22794038, 0.23391517]",3943043,768,England,1,548,568,Pass
8,0.01683492,"[0.09041553, 0.08739036, 0.06739688, 0.07147115, 0.08306263, 0.13377005, 0.2402592, 0.22623414]",3943043,768,England,1,187,200,Pass
12,0.016812645,"[0.096549414, 0.09391348, 0.07508829, 0.07862484, 0.08733397, 0.13143395, 0.22517365, 0.21188244]",3943043,772,Spain,1,400,409,Pass
113,0.016757049,"[0.089878, 0.08338358, 0.069906235, 0.07337399, 0.083829634, 0.1281794, 0.24270931, 0.22873984]",3943043,772,Spain,2,4230,4239,Pass
58,0.01674878,"[0.08286251, 0.07994664, 0.07370696, 0.072550565, 0.085072935, 0.13068308, 0.24841999, 0.2267574]",3943043,772,Spain,1,2111,2119,Pass
27,0.016702104,"[0.0817641, 0.08734805, 0.0693469, 0.07259115, 0.08538845, 0.13772851, 0.23662479, 0.22920804]",3943043,768,England,1,938,949,Pass
91,0.016700655,"[0.096215546, 0.08833056, 0.07239934, 0.07444269, 0.08301082, 0.12542145, 0.23105517, 0.22912447]",3943043,772,Spain,2,3191,3205,Pass
58,0.016685281,"[0.078592315, 0.08366837, 0.069484435, 0.07300339, 0.083639435, 0.13576262, 0.24785306, 0.22799648]",3943043,772,Spain,1,2120,2131,Pass
12,0.016678166,"[0.0864763, 0.07971555, 0.072653495, 0.07488853, 0.085614204, 0.122368425, 0.25098848, 0.22729498]",3943043,772,Spain,1,361,374,Pass
64,0.016662236,"[0.086883016, 0.09229331, 0.0731882, 0.0764052, 0.08509529, 0.122628726, 0.231658, 0.23184818]",3943043,772,Spain,1,2387,2395,Pass
91,0.016648892,"[0.09616891, 0.09057842, 0.079701856, 0.07871143, 0.09395166, 0.110986516, 0.22493242, 0.22496876]",3943043,772,Spain,2,3230,3241,Pass
64,0.016587086,"[0.09320003, 0.08259927, 0.07565228, 0.07460604, 0.08692931, 0.11273538, 0.24227092, 0.23200679]",3943043,772,Spain,1,2384,2394,Pass
127,0.016574185,"[0.088018455, 0.08896406, 0.071078315, 0.075105906, 0.08491103, 0.12968612, 0.23361224, 0.2286239]",3943043,772,Spain,2,4816,4838,Pass
32,0.016546838,"[0.098073274, 0.09350264, 0.07669383, 0.07622421, 0.08520552, 0.111155145, 0.22362657, 0.23551878]",3943043,772,Spain,1,1166,1170,Foul
98,0.016521975,"[0.08879557, 0.09453744, 0.07770878, 0.08104911, 0.08714161, 0.12124679, 0.21961159, 0.22990917]",3943043,768,England,2,3550,3564,Pass
58,0.016510118,"[0.09341741, 0.08644236, 0.07273342, 0.07397432, 0.08491773, 0.122854955, 0.23257244, 0.23308735]",3943043,772,Spain,1,2104,2115,Pass
117,0.01650424,"[0.10964428, 0.09749263, 0.08248701, 0.08211678, 0.09312074, 0.111278705, 0.20071243, 0.22314732]",3943043,768,England,2,4312,4318,Foul
67,0.016500719,"[0.096077785, 0.09053925, 0.07952072, 0.07857655, 0.092680365, 0.11235435, 0.22492507, 0.22532587]",3943043,772,Spain,1,2476,2484,Pass
12,0.01650059,"[0.08356834, 0.08607267, 0.0704895, 0.073661916, 0.07910526, 0.13382252, 0.24457297, 0.22870684]",3943043,772,Spain,1,335,350,Pass
134,0.01649157,"[0.12279304, 0.08463716, 0.06772381, 0.06985296, 0.079317614, 0.12541631, 0.23127225, 0.21898691]",3943043,772,Spain,2,5076,5090,Pass
12,0.016473426,"[0.088454396, 0.09095264, 0.073935196, 0.076016426, 0.08393503, 0.11659348, 0.24697645, 0.22313635]",3943043,772,Spain,1,395,402,Pass
32,0.016446486,"[0.09648703, 0.09701152, 0.07194666, 0.07537219, 0.09307782, 0.12515734, 0.23197311, 0.20897427]",3943043,772,Spain,1,1160,1169,Foul
120,0.016431484,"[0.08623399, 0.08524635, 0.070252046, 0.07503515, 0.0838441, 0.13447762, 0.2478671, 0.21704361]",3943043,768,England,2,4428,4439,Pass
15,0.016406298,"[0.0837823, 0.08207022, 0.07253063, 0.07465824, 0.08332014, 0.12974015, 0.2463913, 0.22750703]",3943043,772,Spain,1,469,478,Pass
32,0.016401934,"[0.08114214, 0.087231345, 0.07187479, 0.076024584, 0.0851982, 0.1254822, 0.2414346, 0.23161218]",3943043,772,Spain,1,1203,1218,Pass
12,0.016399866,"[0.09096372, 0.091133796, 0.0737506, 0.07529936, 0.081120774, 0.12376499, 0.23896009, 0.2250066]",3943043,772,Spain,1,397,407,Pass
63,0.016391214,"[0.09118941, 0.09371953, 0.07721804, 0.0791166, 0.093953185, 0.11041475, 0.23186783, 0.22252066]",3943043,768,England,1,2353,2361,Pass
91,0.016390214,"[0.11808728, 0.10957072, 0.07932742, 0.077039175, 0.080975294, 0.10111934, 0.2026962, 0.23118457]",3943043,772,Spain,2,3241,3250,Pass
3,0.016385794,"[0.11320262, 0.09882299, 0.08240505, 0.081163086, 0.0970048, 0.110683344, 0.19790505, 0.21881314]",3943043,772,Spain,1,35,41,Pass
62,0.016379591,"[0.09651608, 0.08617804, 0.07268759, 0.07184972, 0.088588424, 0.116821796, 0.24407211, 0.22328627]",3943043,772,Spain,1,2323,2330,Pass
21,0.016365629,"[0.087236546, 0.08154113, 0.06999251, 0.070719905, 0.09133214, 0.12661996, 0.25264248, 0.21991527]",3943043,772,Spain,1,648,657,Pass
19,0.016277518,"[0.10129813, 0.0914219, 0.07115552, 0.07330895, 0.08242558, 0.12843004, 0.22942005, 0.22253989]",3943043,768,England,1,547,565,Pass
17,0.016274048,"[0.09450433, 0.093777955, 0.07194109, 0.07490444, 0.08379807, 0.12240978, 0.23000632, 0.228658]",3943043,772,Spain,1,495,504,Pass
58,0.016272549,"[0.08200293, 0.08507942, 0.07161028, 0.07382639, 0.08050603, 0.12787613, 0.2452948, 0.23380406]",3943043,772,Spain,1,2125,2132,Pass
127,0.01625608,"[0.08194242, 0.087968506, 0.07028696, 0.07349918, 0.081480116, 0.13079928, 0.24315538, 0.23086816]",3943043,772,Spain,2,4809,4830,Pass
12,0.016252248,"[0.09286774, 0.09485624, 0.07711329, 0.08010678, 0.08619136, 0.11954376, 0.2131435, 0.23617733]",3943043,772,Spain,1,351,364,Pass
92,0.01622153,"[0.0908129, 0.084879324, 0.0734967, 0.07333622, 0.08727056, 0.11593082, 0.24975675, 0.2245167]",3943043,772,Spain,2,3277,3286,Pass
9,0.016176568,"[0.082055755, 0.08681523, 0.07235807, 0.077733494, 0.087522365, 0.13701607, 0.23617512, 0.22032389]",3943043,772,Spain,1,228,239,Pass
92,0.01617403,"[0.087022066, 0.08695703, 0.071180336, 0.07536356, 0.08646624, 0.12639885, 0.23524202, 0.23136996]",3943043,772,Spain,2,3267,3283,Pass
12,0.016142312,"[0.09957885, 0.09036375, 0.075765185, 0.07332046, 0.08757973, 0.11410365, 0.24661869, 0.21266977]",3943043,772,Spain,1,398,407,Pass
81,0.01612347,"[0.09760728, 0.09254372, 0.075643584, 0.074921735, 0.09054243, 0.11401293, 0.23288709, 0.22184128]",3943043,772,Spain,2,2737,2751,Pass
84,0.016116507,"[0.09261835, 0.0873543, 0.07151841, 0.07290794, 0.09527454, 0.13238806, 0.23572358, 0.2122149]",3943043,768,England,2,2938,2950,Pass
61,0.016084809,"[0.10282691, 0.08468506, 0.07197409, 0.07218707, 0.09344384, 0.12224779, 0.23070918, 0.22192612]",3943043,768,England,1,2306,2317,Pass
103,0.016082134,"[0.3793994, 0.35678706, 0.26381356, 0.0, 0.0, 0.0, 0.0, 0.0]",3943043,772,Spain,2,3905,3908,Pass
32,0.016081605,"[0.08768515, 0.08408963, 0.07554547, 0.075120926, 0.08761312, 0.11307304, 0.24414138, 0.23273137]",3943043,772,Spain,1,1207,1219,Pass
127,0.016079407,"[0.09073335, 0.08415127, 0.07448038, 0.07326711, 0.09062074, 0.114178345, 0.25120994, 0.22135891]",3943043,772,Spain,2,4824,4846,Pass
91,0.01607176,"[0.09051629, 0.085158594, 0.07198919, 0.07511495, 0.0848131, 0.12938899, 0.24189481, 0.22112411]",3943043,772,Spain,2,3174,3183,Pass
98,0.016032545,"[0.08746365, 0.08825245, 0.07886505, 0.07849215, 0.09153383, 0.106692284, 0.2385694, 0.23013121]",3943043,768,England,2,3548,3562,Pass
128,0.016028378,"[0.20828635, 0.19722718, 0.15287536, 0.16523172, 0.27637935, 0.0, 0.0, 0.0]",3943043,768,England,2,4856,4860,Pass
29,0.016025726,"[0.08299642, 0.08806843, 0.072838485, 0.07663672, 0.08689356, 0.12977341, 0.23397912, 0.22881398]",3943043,772,Spain,1,1062,1076,Pass
4,0.016017929,"[0.11968711, 0.10713528, 0.078176305, 0.0760919, 0.09069619, 0.11518523, 0.19728377, 0.21574418]",3943043,772,Spain,1,57,61,Pass
92,0.016004942,"[0.08557907, 0.08356771, 0.07126617, 0.07460721, 0.082974, 0.1316042, 0.24362646, 0.22677517]",3943043,772,Spain,2,3278,3287,Pass
92,0.015949579,"[0.08463203, 0.078944154, 0.07290984, 0.07240297, 0.08878115, 0.120997116, 0.25964475, 0.22168791]",3943043,772,Spain,2,3279,3288,Pass
91,0.015897077,"[0.094104856, 0.09471917, 0.07428814, 0.075726084, 0.09040534, 0.111119375, 0.23409764, 0.22553937]",3943043,772,Spain,2,3190,3204,Pass
67,0.015867539,"[0.09088242, 0.09489543, 0.07602701, 0.07899809, 0.08602228, 0.118674636, 0.22712933, 0.22737078]",3943043,772,Spain,1,2478,2485,Pass
62,0.015860504,"[0.09756287, 0.09040576, 0.072518066, 0.07540271, 0.084520146, 0.12534632, 0.23158504, 0.2226591]",3943043,772,Spain,1,2321,2330,Pass
113,0.015855234,"[0.10101644, 0.08806823, 0.07420855, 0.07261044, 0.089746565, 0.109601736, 0.23774302, 0.22700506]",3943043,772,Spain,2,4255,4264,Pass
133,0.015822493,"[0.08724079, 0.07747371, 0.07144743, 0.07173518, 0.08640951, 0.13287269, 0.24150257, 0.23131812]",3943043,772,Spain,2,4996,5011,Pass
56,0.015808005,"[0.10059287, 0.09499014, 0.073808126, 0.07216543, 0.0881299, 0.11598977, 0.23413344, 0.22019027]",3943043,772,Spain,1,1962,1981,Pass
24,0.015795257,"[0.09006784, 0.092784725, 0.0742923, 0.076215446, 0.08501545, 0.12285565, 0.22635217, 0.23241638]",3943043,772,Spain,1,808,824,Pass
94,0.015766747,"[0.09274394, 0.08397736, 0.07065591, 0.07072368, 0.088301495, 0.12671462, 0.2350769, 0.23180601]",3943043,768,England,2,3389,3402,Pass
17,0.015705246,"[0.094802834, 0.092497945, 0.07709268, 0.075519145, 0.09039773, 0.11302028, 0.23047397, 0.22619542]",3943043,772,Spain,1,493,503,Pass
32,0.015687158,"[0.09452547, 0.08426586, 0.074409336, 0.07366445, 0.08966403, 0.11799459, 0.23631811, 0.22915812]",3943043,772,Spain,1,1191,1203,Foul
133,0.015659846,"[0.098277286, 0.0860973, 0.07488112, 0.07457549, 0.091754936, 0.114698686, 0.23440953, 0.22530569]",3943043,772,Spain,2,4989,5004,Pass
12,0.015624123,"[0.09156976, 0.083101414, 0.07486974, 0.07511259, 0.085615255, 0.1271334, 0.23529266, 0.22730528]",3943043,772,Spain,1,396,404,Pass
64,0.015598152,"[0.097998716, 0.09076273, 0.07928554, 0.07811169, 0.0912868, 0.10897687, 0.2276964, 0.22588123]",3943043,772,Spain,1,2379,2392,Pass
21,0.01559413,"[0.09081776, 0.091980435, 0.07496094, 0.07758461, 0.085455485, 0.11599187, 0.22993755, 0.23327127]",3943043,772,Spain,1,652,663,Pass
64,0.015587246,"[0.09141707, 0.09139069, 0.07519823, 0.07867182, 0.085209936, 0.119488865, 0.2338462, 0.2247771]",3943043,772,Spain,1,2382,2393,Pass
44,0.01556343,"[0.08507549, 0.09133989, 0.07333287, 0.077000216, 0.087785736, 0.12835543, 0.22889778, 0.22821257]",3943043,772,Spain,1,1608,1621,Pass
32,0.015560102,"[0.09945334, 0.091335446, 0.07463928, 0.07338803, 0.08504965, 0.11405643, 0.23621248, 0.22586529]",3943043,772,Spain,1,1196,1209,Foul
67,0.01555315,"[0.08338057, 0.091702536, 0.073773146, 0.07795789, 0.08792593, 0.1285301, 0.22827731, 0.2284526]",3943043,772,Spain,1,2472,2479,Pass
94,0.015546428,"[0.09092554, 0.08619961, 0.07193278, 0.07491969, 0.0864768, 0.11427647, 0.2428581, 0.23241103]",3943043,768,England,2,3390,3402,Pass
21,0.015539092,"[0.09541742, 0.09410083, 0.07666676, 0.07536459, 0.08609682, 0.11957446, 0.21561311, 0.23716597]",3943043,772,Spain,1,654,665,Pass
32,0.0155305,"[0.08681266, 0.081812255, 0.074445285, 0.0745684, 0.09152956, 0.11913811, 0.24152236, 0.23017155]",3943043,772,Spain,1,1203,1217,Pass
58,0.015519668,"[0.08605527, 0.08823041, 0.07257895, 0.072603144, 0.08197576, 0.11714205, 0.24986686, 0.23154762]",3943043,772,Spain,1,2101,2113,Pass
29,0.015511315,"[0.09350099, 0.09013968, 0.08116533, 0.07980264, 0.09700583, 0.11490035, 0.21764049, 0.2258447]",3943043,772,Spain,1,1041,1058,Pass
127,0.015504576,"[0.09395713, 0.08661636, 0.0759601, 0.07480006, 0.089558005, 0.11211402, 0.24015935, 0.22683503]",3943043,772,Spain,2,4810,4836,Pass
27,0.015465847,"[0.084234655, 0.08955564, 0.07335305, 0.077204734, 0.08605008, 0.1303677, 0.22904323, 0.23019102]",3943043,768,England,1,930,944,Pass
97,0.015410053,"[0.08475369, 0.092087775, 0.07146297, 0.07618425, 0.08621313, 0.13243625, 0.22953036, 0.22733161]",3943043,772,Spain,2,3476,3494,Pass
134,0.015383003,"[0.13967715, 0.13209753, 0.07609396, 0.07087507, 0.077263504, 0.11332942, 0.19586955, 0.19479392]",3943043,772,Spain,2,5073,5087,Pass
127,0.015378743,"[0.09239104, 0.08274004, 0.075031266, 0.07378288, 0.08890789, 0.11183905, 0.24677387, 0.22853394]",3943043,772,Spain,2,4817,4845,Pass
91,0.015373441,"[0.08343548, 0.08909257, 0.07412538, 0.07697013, 0.085845105, 0.11830336, 0.24399334, 0.22823465]",3943043,772,Spain,2,3202,3218,Pass
127,0.01537072,"[0.084291525, 0.09089466, 0.07235913, 0.07513516, 0.08076164, 0.13005976, 0.23589197, 0.23060612]",3943043,772,Spain,2,4822,4845,Pass
63,0.015316608,"[0.09300139, 0.08619547, 0.07735223, 0.08003392, 0.085693315, 0.12394284, 0.23400706, 0.2197738]",3943043,768,England,1,2354,2361,Pass
4,0.015312495,"[0.101410784, 0.097996674, 0.07578128, 0.078630164, 0.090931445, 0.12388041, 0.22617583, 0.2051935]",3943043,772,Spain,1,56,60,Pass
4,0.015311728,"[0.08650782, 0.085878044, 0.0721625, 0.07636928, 0.08599548, 0.1320697, 0.23321871, 0.22779845]",3943043,772,Spain,1,65,84,Pass
89,0.015261347,"[0.088882364, 0.099205725, 0.07628257, 0.08091579, 0.0889405, 0.12490349, 0.21351995, 0.22734965]",3943043,768,England,2,3024,3041,Pass
9,0.015242176,"[0.09991956, 0.084044784, 0.07533072, 0.07540961, 0.092302434, 0.12498922, 0.22086936, 0.22713435]",3943043,772,Spain,1,217,227,Pass
119,0.015182536,"[0.08653174, 0.09416422, 0.0727106, 0.07748445, 0.08667996, 0.12640841, 0.21672787, 0.23929273]",3943043,772,Spain,2,4407,4418,Pass
24,0.01518253,"[0.09877238, 0.088311635, 0.08216532, 0.08109663, 0.09695157, 0.1117476, 0.21508993, 0.22586493]",3943043,772,Spain,1,795,814,Pass
90,0.015179683,"[0.1041495, 0.09993135, 0.07437471, 0.07371713, 0.094181426, 0.11591663, 0.22018719, 0.217542]",3943043,772,Spain,2,3127,3144,Pass
97,0.015163306,"[0.09722144, 0.08981555, 0.074303776, 0.07302355, 0.0925782, 0.124275595, 0.24568455, 0.20309743]",3943043,772,Spain,2,3478,3497,Pass
81,0.0151468655,"[0.09245905, 0.09271486, 0.07375166, 0.07584982, 0.08281965, 0.12416827, 0.23087838, 0.22735824]",3943043,772,Spain,2,2738,2752,Pass
9,0.015144469,"[0.10341368, 0.098294646, 0.07570388, 0.075165704, 0.08235095, 0.11746881, 0.21807522, 0.22952722]",3943043,772,Spain,1,222,229,Pass
91,0.015116563,"[0.08764524, 0.09009032, 0.07455263, 0.0779482, 0.08479112, 0.12180155, 0.23595043, 0.2272204]",3943043,772,Spain,2,3198,3209,Pass
27,0.0151142515,"[0.09918989, 0.08463614, 0.07393422, 0.0753627, 0.09474754, 0.123013735, 0.22809386, 0.22102194]",3943043,768,England,1,947,961,Pass
113,0.0150693795,"[0.09089016, 0.08379603, 0.07520636, 0.07490608, 0.08743812, 0.11827921, 0.2507363, 0.21874769]",3943043,772,Spain,2,4233,4245,Pass
91,0.015055666,"[0.08718042, 0.07923036, 0.07376217, 0.07380376, 0.08701974, 0.1209898, 0.24601291, 0.23200089]",3943043,772,Spain,2,3198,3211,Pass
85,0.015044346,"[0.101724565, 0.095858805, 0.076447636, 0.07723001, 0.08805901, 0.116849795, 0.2249303, 0.21889994]",3943043,772,Spain,2,2954,2960,Pass
32,0.015025819,"[0.09333122, 0.09239061, 0.07362602, 0.07488485, 0.08391287, 0.12259452, 0.22710907, 0.23215075]",3943043,772,Spain,1,1199,1210,Foul
80,0.015018468,"[0.09097462, 0.08519132, 0.0742965, 0.07510699, 0.096385434, 0.12384093, 0.23934022, 0.21486406]",3943043,772,Spain,2,2706,2722,Pass
41,0.014994672,"[0.29028022, 0.26714826, 0.20440361, 0.23816794, 0.0, 0.0, 0.0, 0.0]",3943043,772,Spain,1,1461,1465,Pass
80,0.014983205,"[0.08945361, 0.09644779, 0.075301416, 0.07619818, 0.089342825, 0.119726226, 0.2342068, 0.21932316]",3943043,772,Spain,2,2716,2728,Pass
27,0.014928806,"[0.13889006, 0.107758775, 0.071141414, 0.07024779, 0.08546364, 0.10730171, 0.22793378, 0.19126284]",3943043,768,England,1,918,934,Pass
119,0.014912935,"[0.09086054, 0.08404435, 0.074569814, 0.07366663, 0.09493221, 0.12265002, 0.2331133, 0.22616307]",3943043,772,Spain,2,4405,4417,Pass
91,0.014911947,"[0.08760514, 0.09168349, 0.07510632, 0.078793, 0.0874259, 0.118974276, 0.23478346, 0.22562844]",3943043,772,Spain,2,3218,3227,Pass
101,0.014909802,"[0.2236984, 0.2111944, 0.1434947, 0.15645917, 0.2651534, 0.0, 0.0, 0.0]",3943043,772,Spain,2,3853,3857,Pass
123,0.014898908,"[0.09887554, 0.08378795, 0.07438801, 0.07364214, 0.090291746, 0.11529183, 0.23602384, 0.22769888]",3943043,772,Spain,2,4569,4584,Pass
91,0.014864706,"[0.088425376, 0.08461628, 0.07526962, 0.075033434, 0.08496914, 0.12618539, 0.23435728, 0.23114344]",3943043,772,Spain,2,3203,3218,Pass
113,0.01485978,"[0.09137437, 0.08760105, 0.07378552, 0.07361011, 0.087243535, 0.1142738, 0.2432611, 0.22885047]",3943043,772,Spain,2,4229,4237,Pass
120,0.014856092,"[0.0990631, 0.085049964, 0.075910345, 0.07488266, 0.09146437, 0.10988024, 0.24716914, 0.21658014]",3943043,768,England,2,4427,4438,Pass
63,0.014856034,"[0.08686008, 0.08765094, 0.07726461, 0.07592994, 0.09114088, 0.11761294, 0.24549691, 0.21804377]",3943043,768,England,1,2356,2363,Pass
56,0.01483952,"[0.08146522, 0.08647047, 0.071308136, 0.07297674, 0.08473434, 0.1321194, 0.24073248, 0.23019323]",3943043,772,Spain,1,1974,1987,Pass
27,0.014811849,"[0.09606177, 0.09052444, 0.077569924, 0.076941125, 0.09308396, 0.1112786, 0.22831608, 0.22622406]",3943043,768,England,1,939,950,Pass
9,0.014806835,"[0.088109046, 0.09699303, 0.07434323, 0.07760264, 0.09149336, 0.12033307, 0.2290967, 0.22202893]",3943043,772,Spain,1,218,228,Pass
94,0.014804846,"[0.08836244, 0.09587885, 0.075679444, 0.07912469, 0.08601765, 0.11825398, 0.2274818, 0.2292012]",3943043,768,England,2,3366,3379,Pass
25,0.014799995,"[0.30833462, 0.25540495, 0.20239665, 0.23386364, 0.0, 0.0, 0.0, 0.0]",3943043,768,England,1,833,840,Pass
94,0.014799008,"[0.08494941, 0.09238032, 0.07238066, 0.07699098, 0.08745698, 0.12707935, 0.2229637, 0.23579857]",3943043,768,England,2,3364,3375,Pass
56,0.014795984,"[0.090811335, 0.0856039, 0.07470133, 0.075573266, 0.09031894, 0.114432, 0.24268353, 0.22587568]",3943043,772,Spain,1,1976,1991,Pass
127,0.014779252,"[0.087258026, 0.08865857, 0.07439114, 0.07804766, 0.08633371, 0.12936607, 0.22705904, 0.22888578]",3943043,772,Spain,2,4803,4824,Pass
35,0.014759963,"[0.28432348, 0.2829399, 0.20459391, 0.2281426, 0.0, 0.0, 0.0, 0.0]",3943043,772,Spain,1,1321,1325,Pass
32,0.01475965,"[0.08490713, 0.08249494, 0.07167836, 0.074340135, 0.08417902, 0.12748988, 0.24257167, 0.23233879]",3943043,772,Spain,1,1203,1213,Foul
85,0.0147572765,"[0.093724206, 0.096071586, 0.07695552, 0.07783053, 0.09006609, 0.117725976, 0.22287147, 0.22475465]",3943043,772,Spain,2,2953,2959,Pass
91,0.014679456,"[0.092500344, 0.09021043, 0.07830771, 0.07697543, 0.09257859, 0.11462212, 0.23030202, 0.22450341]",3943043,772,Spain,2,3208,3221,Pass
24,0.014677926,"[0.08674504, 0.09497782, 0.0775294, 0.081656456, 0.08638943, 0.11986805, 0.22606568, 0.22676818]",3943043,772,Spain,1,799,815,Pass
94,0.01463388,"[0.089863524, 0.08322269, 0.074988686, 0.07414253, 0.0916845, 0.12077692, 0.23455842, 0.23076276]",3943043,768,England,2,3363,3374,Pass
67,0.014619625,"[0.0896791, 0.08297142, 0.076614775, 0.076027945, 0.09102907, 0.11713657, 0.23969123, 0.22684991]",3943043,772,Spain,1,2465,2478,Pass
67,0.014594944,"[0.0833041, 0.08898479, 0.07267776, 0.076118685, 0.084222004, 0.12634109, 0.23581788, 0.23253366]",3943043,772,Spain,1,2463,2476,Pass
24,0.014571966,"[0.0946959, 0.08846267, 0.077882335, 0.07779453, 0.09075928, 0.113739476, 0.23082742, 0.22583835]",3943043,772,Spain,1,802,821,Pass
113,0.014567181,"[0.094474316, 0.09703078, 0.0767528, 0.07785726, 0.084800415, 0.12204158, 0.21924251, 0.22780037]",3943043,772,Spain,2,4241,4249,Pass
90,0.0145350965,"[0.098830044, 0.09367183, 0.07320477, 0.07523623, 0.08124631, 0.122111164, 0.23274845, 0.22295122]",3943043,772,Spain,2,3129,3147,Pass
91,0.014516987,"[0.092093006, 0.08691776, 0.077460006, 0.0763844, 0.09264768, 0.11831078, 0.24523428, 0.21095206]",3943043,772,Spain,2,3177,3186,Pass
80,0.014507048,"[0.099951304, 0.09581957, 0.07682612, 0.074506335, 0.08894446, 0.113733575, 0.22117177, 0.22904679]",3943043,772,Spain,2,2710,2725,Pass
27,0.014500562,"[0.09091967, 0.08363807, 0.07565769, 0.075690836, 0.09175804, 0.112981066, 0.24135569, 0.22799897]",3943043,768,England,1,928,943,Pass
9,0.014498171,"[0.09126376, 0.08160557, 0.075956225, 0.075475104, 0.09207341, 0.11775745, 0.25175598, 0.21411256]",3943043,772,Spain,1,228,237,Pass
120,0.014496398,"[0.092275254, 0.08346759, 0.07679437, 0.0756711, 0.092008784, 0.12469779, 0.23932575, 0.21575929]",3943043,768,England,2,4429,4442,Pass
4,0.014492879,"[0.12756205, 0.11038226, 0.07675662, 0.077862956, 0.08920647, 0.11606319, 0.19326311, 0.20890331]",3943043,772,Spain,1,58,61,Pass
7,0.0144765675,"[0.090526, 0.092438765, 0.07814121, 0.08280181, 0.089279145, 0.12578566, 0.21341555, 0.22761193]",3943043,772,Spain,1,166,180,Pass
97,0.014474712,"[0.09447508, 0.08227364, 0.07510468, 0.074566424, 0.09332901, 0.11957026, 0.23459226, 0.22608867]",3943043,772,Spain,2,3474,3492,Pass
113,0.0144487675,"[0.092052266, 0.090191804, 0.07724187, 0.077703804, 0.090725325, 0.11193245, 0.23368245, 0.22647014]",3943043,772,Spain,2,4239,4248,Pass
48,0.014443109,"[0.09632764, 0.10086066, 0.07195972, 0.07416027, 0.08497486, 0.12367899, 0.21271381, 0.23532397]",3943043,772,Spain,1,1741,1749,Pass
9,0.014432694,"[0.10471275, 0.09639879, 0.07836737, 0.07802451, 0.08715659, 0.107764415, 0.22057387, 0.22700174]",3943043,772,Spain,1,219,228,Pass
24,0.014425098,"[0.08922002, 0.08932047, 0.07277306, 0.07708493, 0.08543531, 0.12608369, 0.22689721, 0.23318525]",3943043,772,Spain,1,794,810,Pass
91,0.014409146,"[0.09135886, 0.0848976, 0.076380275, 0.07575698, 0.08544901, 0.12301786, 0.23609285, 0.22704658]",3943043,772,Spain,2,3218,3228,Pass
3,0.01440104,"[0.09313131, 0.09684599, 0.075190164, 0.07909524, 0.08988899, 0.1288428, 0.2082576, 0.2287479]",3943043,772,Spain,1,34,41,Pass
90,0.014368587,"[0.09926855, 0.08973944, 0.077249914, 0.07602956, 0.0892672, 0.11301446, 0.23396663, 0.22146429]",3943043,772,Spain,2,3131,3148,Pass
94,0.014331862,"[0.09739705, 0.08884623, 0.080240116, 0.07900764, 0.09435793, 0.110575795, 0.22204345, 0.2275318]",3943043,768,England,2,3365,3377,Pass
113,0.0143201025,"[0.10607264, 0.10241636, 0.078043394, 0.07575016, 0.0904797, 0.112164, 0.22145452, 0.21361929]",3943043,772,Spain,2,4242,4254,Pass
113,0.014303899,"[0.11794982, 0.097907454, 0.07230622, 0.074571304, 0.08209005, 0.120673686, 0.2177633, 0.21673824]",3943043,772,Spain,2,4243,4255,Pass
29,0.014302388,"[0.09332226, 0.083442695, 0.07772673, 0.07785167, 0.09389423, 0.118560515, 0.23602153, 0.21918036]",3943043,772,Spain,1,1059,1074,Pass
91,0.014294082,"[0.09403626, 0.090692386, 0.077348776, 0.076970994, 0.09050931, 0.12701115, 0.21403423, 0.22939679]",3943043,772,Spain,2,3188,3203,Pass
27,0.014292944,"[0.11326422, 0.10812351, 0.07596431, 0.07233605, 0.08754393, 0.111707754, 0.21742995, 0.21363033]",3943043,768,England,1,949,965,Pass
46,0.014262006,"[0.091762125, 0.09105614, 0.07870948, 0.07813158, 0.092394136, 0.11099687, 0.22750992, 0.2294396]",3943043,768,England,1,1678,1689,Pass
81,0.014243796,"[0.0844919, 0.095496565, 0.07620097, 0.08061544, 0.08787529, 0.12502412, 0.22076212, 0.22953364]",3943043,772,Spain,2,2749,2761,Pass
127,0.014240483,"[0.09487476, 0.08534216, 0.077082515, 0.07671385, 0.09160673, 0.11297747, 0.2378786, 0.22352394]",3943043,772,Spain,2,4802,4822,Pass
90,0.014235967,"[0.0881587, 0.08780361, 0.07477995, 0.075576454, 0.085413754, 0.1298671, 0.2342552, 0.22414516]",3943043,772,Spain,2,3109,3125,Pass
89,0.014206142,"[0.08756372, 0.08735292, 0.07846604, 0.07742061, 0.095247075, 0.11712217, 0.23254254, 0.22428495]",3943043,768,England,2,3023,3039,Pass
90,0.014200458,"[0.09251441, 0.08884601, 0.080155864, 0.07904551, 0.095344506, 0.11451847, 0.22862396, 0.2209512]",3943043,772,Spain,2,3118,3137,Pass
80,0.014200358,"[0.099564835, 0.09556041, 0.075897895, 0.07573603, 0.0851218, 0.121091075, 0.22427033, 0.22275752]",3943043,772,Spain,2,2719,2729,Pass
27,0.014184829,"[0.120666, 0.08555649, 0.073414296, 0.07610816, 0.08184352, 0.12507892, 0.2239827, 0.21334992]",3943043,768,England,1,919,936,Pass
29,0.014176939,"[0.086213194, 0.09616022, 0.07609723, 0.080186486, 0.086236544, 0.11942258, 0.22470422, 0.23097964]",3943043,772,Spain,1,1042,1059,Pass
9,0.014138507,"[0.10829329, 0.092042774, 0.073951244, 0.07599699, 0.084056176, 0.12038209, 0.2177521, 0.22752531]",3943043,772,Spain,1,223,233,Pass
17,0.01413633,"[0.08947466, 0.09134486, 0.07656317, 0.07922968, 0.086445265, 0.12372639, 0.22288695, 0.23032902]",3943043,772,Spain,1,490,502,Pass
91,0.014099508,"[0.0913269, 0.08780834, 0.07509094, 0.07746434, 0.08366188, 0.13034579, 0.22570008, 0.22860183]",3943043,772,Spain,2,3205,3219,Pass
29,0.014085871,"[0.08333032, 0.08789093, 0.07324844, 0.07789192, 0.08743264, 0.13058709, 0.23144962, 0.22816905]",3943043,772,Spain,1,1040,1050,Pass
113,0.014066256,"[0.08771155, 0.08973193, 0.075069115, 0.077470504, 0.08697418, 0.12944214, 0.22935435, 0.22424611]",3943043,772,Spain,2,4237,4247,Pass
7,0.014049576,"[0.10413066, 0.08829811, 0.07924002, 0.07906766, 0.096191496, 0.11461498, 0.22036718, 0.2180899]",3943043,772,Spain,1,160,178,Pass
125,0.014044884,"[0.09060781, 0.08428964, 0.077760175, 0.0774377, 0.09296811, 0.12162604, 0.23990723, 0.2154032]",3943043,772,Spain,2,4729,4737,Pass
81,0.014042796,"[0.0874935, 0.08214849, 0.07685273, 0.07623613, 0.09393896, 0.11783983, 0.24007143, 0.22541894]",3943043,772,Spain,2,2742,2759,Pass
81,0.014040443,"[0.08625177, 0.08497305, 0.07215945, 0.07564516, 0.08315227, 0.13374016, 0.23748465, 0.22659338]",3943043,772,Spain,2,2741,2755,Pass
133,0.014034273,"[0.09557424, 0.08707709, 0.07253611, 0.07509923, 0.082584634, 0.12489852, 0.2442855, 0.21794464]",3943043,772,Spain,2,4994,5010,Pass
113,0.014005224,"[0.08683861, 0.09351548, 0.07218412, 0.07585087, 0.08484368, 0.12971184, 0.22661313, 0.23044229]",3943043,772,Spain,2,4254,4264,Pass
67,0.014000847,"[0.09041257, 0.084315866, 0.07708349, 0.075905986, 0.09015721, 0.117880784, 0.24063422, 0.22360988]",3943043,772,Spain,1,2461,2475,Pass
91,0.013994011,"[0.097845964, 0.08886079, 0.07906619, 0.07797084, 0.09503398, 0.1107224, 0.22318374, 0.22731616]",3943043,772,Spain,2,3228,3238,Pass
46,0.013993446,"[0.09065042, 0.09119623, 0.07662792, 0.07955428, 0.08661477, 0.121402346, 0.22637609, 0.22757801]",3943043,768,England,1,1679,1690,Pass
52,0.01399127,"[0.09067728, 0.0918095, 0.07430329, 0.07745145, 0.087301806, 0.12896235, 0.21979241, 0.22970183]",3943043,768,England,1,1892,1902,Pass
9,0.013966572,"[0.1107137, 0.095670365, 0.07706433, 0.07599976, 0.08775235, 0.10898327, 0.22340374, 0.2204125]",3943043,772,Spain,1,223,232,Pass
4,0.013948537,"[0.12760928, 0.099431686, 0.07723283, 0.07677472, 0.09210061, 0.11300246, 0.20391771, 0.20993069]",3943043,772,Spain,1,58,62,Pass
24,0.013948245,"[0.08780566, 0.09740522, 0.075841755, 0.079276256, 0.088297345, 0.12678446, 0.21868652, 0.22590268]",3943043,772,Spain,1,801,818,Pass
52,0.013928212,"[0.097121276, 0.087400645, 0.07632735, 0.07621173, 0.09105441, 0.11544389, 0.23880778, 0.21763286]",3943043,768,England,1,1894,1903,Foul
90,0.013903951,"[0.086217396, 0.083683416, 0.07465142, 0.077642396, 0.08401043, 0.13083243, 0.2330404, 0.22992209]",3943043,772,Spain,2,3112,3127,Pass
56,0.0138744945,"[0.1082981, 0.09565989, 0.07706921, 0.078960784, 0.085549474, 0.12054274, 0.21318305, 0.2207368]",3943043,772,Spain,1,1968,1982,Pass
44,0.013872677,"[0.095278166, 0.085097425, 0.07842299, 0.07814317, 0.09376441, 0.11967771, 0.2312687, 0.2183475]",3943043,772,Spain,1,1606,1620,Pass
91,0.013868291,"[0.0892529, 0.09420103, 0.0766533, 0.07998925, 0.08861922, 0.12408635, 0.23070456, 0.21649341]",3943043,772,Spain,2,3186,3202,Pass
91,0.0138682425,"[0.09347802, 0.084469974, 0.07712538, 0.07641137, 0.09148761, 0.116999954, 0.23172943, 0.22829825]",3943043,772,Spain,2,3211,3223,Pass
113,0.01386439,"[0.091490045, 0.08433544, 0.07441293, 0.07329802, 0.093421645, 0.12240222, 0.23577425, 0.22486553]",3943043,772,Spain,2,4249,4263,Pass
90,0.013860092,"[0.09245081, 0.08602979, 0.076068215, 0.07642251, 0.09000495, 0.11296905, 0.24808235, 0.21797234]",3943043,772,Spain,2,3111,3126,Pass
127,0.013842449,"[0.091943644, 0.08587742, 0.077806145, 0.07650978, 0.09011659, 0.11109608, 0.24228404, 0.22436643]",3943043,772,Spain,2,4805,4828,Pass
133,0.013808271,"[0.099932626, 0.09045754, 0.07656822, 0.07510996, 0.08675595, 0.11063509, 0.24169599, 0.21884462]",3943043,772,Spain,2,4991,5006,Pass
91,0.013782157,"[0.09035008, 0.085132726, 0.07710149, 0.076575205, 0.09213756, 0.11601114, 0.23841113, 0.2242807]",3943043,772,Spain,2,3183,3198,Pass
32,0.013777959,"[0.090847254, 0.096025914, 0.07499314, 0.07724809, 0.08580091, 0.1198839, 0.228003, 0.22719769]",3943043,772,Spain,1,1194,1207,Foul
21,0.01375351,"[0.09292661, 0.08589023, 0.07521282, 0.075384, 0.088511825, 0.115228154, 0.2268817, 0.23996465]",3943043,772,Spain,1,651,662,Pass
29,0.013741044,"[0.096824534, 0.098209895, 0.078012764, 0.07952368, 0.08681898, 0.12438771, 0.2139674, 0.22225507]",3943043,772,Spain,1,1048,1067,Pass
91,0.0137228435,"[0.09055187, 0.08747981, 0.07482605, 0.0744173, 0.08957149, 0.11696886, 0.24576949, 0.22041515]",3943043,772,Spain,2,3181,3197,Pass
16,0.013721136,"[0.28528312, 0.26652652, 0.20027764, 0.24791263, 0.0, 0.0, 0.0, 0.0]",3943043,768,England,1,482,484,Pass
91,0.01371431,"[0.089386575, 0.091159426, 0.07575367, 0.07895707, 0.08737407, 0.12789394, 0.23058763, 0.21888761]",3943043,772,Spain,2,3177,3188,Pass
27,0.013698935,"[0.093088366, 0.0847928, 0.07809287, 0.07706063, 0.090936035, 0.1181566, 0.24035603, 0.21751668]",3943043,768,England,1,922,938,Pass
91,0.013695287,"[0.08822034, 0.0915826, 0.075861216, 0.076763965, 0.0891959, 0.10998362, 0.2494824, 0.21891004]",3943043,772,Spain,2,3204,3218,Pass
29,0.013667235,"[0.10471819, 0.09985862, 0.07785709, 0.07558482, 0.087690294, 0.111212164, 0.22752842, 0.21555044]",3943043,772,Spain,1,1050,1071,Pass
46,0.013662248,"[0.09226053, 0.08552261, 0.07694807, 0.0775896, 0.09618348, 0.12050396, 0.22995132, 0.22104037]",3943043,768,England,1,1675,1685,Pass
9,0.013643297,"[0.09404478, 0.090831555, 0.07670666, 0.07948837, 0.08554929, 0.1306462, 0.2271459, 0.21558726]",3943043,772,Spain,1,227,236,Pass
5,0.01364113,"[0.10225875, 0.09429434, 0.07741297, 0.07670617, 0.09155983, 0.11705181, 0.22635719, 0.21435897]",3943043,768,England,1,91,99,Pass
127,0.013637977,"[0.0878275, 0.089783534, 0.07365833, 0.07644067, 0.084660225, 0.12954794, 0.22926232, 0.22881944]",3943043,772,Spain,2,4801,4817,Pass
46,0.013567558,"[0.087302394, 0.09321086, 0.07696751, 0.08057614, 0.08909534, 0.12719662, 0.21576987, 0.22988127]",3943043,768,England,1,1676,1687,Pass
81,0.0135596935,"[0.093639255, 0.08892562, 0.07814697, 0.077860646, 0.09463271, 0.12029502, 0.22880518, 0.21769461]",3943043,772,Spain,2,2733,2749,Pass
27,0.013552597,"[0.08688349, 0.09104556, 0.07547049, 0.07818207, 0.08640989, 0.13023543, 0.22026357, 0.23150949]",3943043,768,England,1,926,939,Pass
80,0.013548368,"[0.090214446, 0.09946274, 0.07591309, 0.077827, 0.082439736, 0.12490743, 0.22373752, 0.22549818]",3943043,772,Spain,2,2708,2724,Pass
81,0.013546197,"[0.089742884, 0.09525921, 0.076593384, 0.08011508, 0.08993843, 0.12700887, 0.21285623, 0.22848597]",3943043,772,Spain,2,2735,2750,Pass
123,0.013526187,"[0.10002741, 0.094552055, 0.07867978, 0.07756576, 0.09598157, 0.12050218, 0.22669634, 0.20599492]",3943043,772,Spain,2,4566,4580,Pass
29,0.013502311,"[0.10348611, 0.0916616, 0.07671588, 0.079058, 0.08604461, 0.12315926, 0.21990217, 0.21997234]",3943043,772,Spain,1,1058,1073,Pass
90,0.013499174,"[0.084115766, 0.08177236, 0.07566239, 0.07521881, 0.09043333, 0.11553002, 0.2503566, 0.22691074]",3943043,772,Spain,2,3114,3129,Pass
5,0.013452971,"[0.098029576, 0.09360474, 0.07704705, 0.07973215, 0.08994929, 0.12592266, 0.21586055, 0.21985388]",3943043,768,England,1,91,98,Pass
27,0.013433877,"[0.09364011, 0.0952558, 0.07496412, 0.0777338, 0.08403022, 0.12140733, 0.22834699, 0.22462165]",3943043,768,England,1,943,952,Pass
21,0.013423107,"[0.09070487, 0.0941805, 0.07699193, 0.079248905, 0.08733091, 0.12490718, 0.22589286, 0.22074287]",3943043,772,Spain,1,650,660,Pass
56,0.013417339,"[0.095323, 0.09775888, 0.07650978, 0.07875669, 0.08750372, 0.12616919, 0.21506108, 0.22291763]",3943043,772,Spain,1,1961,1976,Pass
91,0.013401885,"[0.092227444, 0.08608467, 0.077377506, 0.077162854, 0.08968928, 0.11630242, 0.24594194, 0.21521392]",3943043,772,Spain,2,3179,3190,Pass
84,0.013361828,"[0.092895076, 0.09322252, 0.075936474, 0.078710906, 0.08630391, 0.12737067, 0.22263293, 0.22292745]",3943043,768,England,2,2926,2935,Pass
133,0.013300808,"[0.09547198, 0.098542124, 0.0788366, 0.08060518, 0.08527354, 0.12035003, 0.21525773, 0.22566274]",3943043,772,Spain,2,4990,5005,Pass
4,0.013300559,"[0.10249986, 0.08532988, 0.07761889, 0.07690895, 0.09172126, 0.11347391, 0.2342377, 0.21820948]",3943043,772,Spain,1,62,82,Pass
79,0.013288379,"[0.14221378, 0.14775315, 0.119177125, 0.124629214, 0.1559209, 0.3103059, 0.0, 0.0]",3943043,772,Spain,1,2805,2817,Pass
46,0.013250306,"[0.09624964, 0.086685255, 0.07831728, 0.07887249, 0.09403694, 0.115385115, 0.23089361, 0.2195597]",3943043,768,England,1,1687,1696,Pass
133,0.013219391,"[0.094299935, 0.094029196, 0.07521719, 0.078850366, 0.08832882, 0.12909007, 0.2118444, 0.22833994]",3943043,772,Spain,2,4988,5000,Pass
91,0.013217844,"[0.09274835, 0.08608572, 0.075615264, 0.07794143, 0.08561896, 0.1309498, 0.2255819, 0.22545853]",3943043,772,Spain,2,3219,3230,Pass
91,0.01321236,"[0.089693, 0.09137976, 0.07631954, 0.07703585, 0.089869544, 0.11569563, 0.24778391, 0.21222283]",3943043,772,Spain,2,3218,3229,Pass
56,0.01320362,"[0.08998278, 0.08445713, 0.07705877, 0.076426245, 0.086905606, 0.11738049, 0.24407859, 0.22371034]",3943043,772,Spain,1,1973,1985,Pass
91,0.013200825,"[0.08840956, 0.09283904, 0.076204, 0.07977905, 0.08624415, 0.121992074, 0.22167392, 0.23285812]",3943043,772,Spain,2,3229,3239,Pass
81,0.013177597,"[0.09693432, 0.08818956, 0.07784905, 0.07691674, 0.090785146, 0.11095877, 0.24184012, 0.21652633]",3943043,772,Spain,2,2739,2753,Pass
94,0.013163734,"[0.0848399, 0.08935358, 0.073559016, 0.077876374, 0.08689321, 0.13251203, 0.2285671, 0.22639872]",3943043,768,England,2,3361,3370,Pass
24,0.0131306,"[0.09546818, 0.08965265, 0.08135091, 0.07977557, 0.09266192, 0.11359437, 0.22894734, 0.218549]",3943043,772,Spain,1,801,817,Pass
90,0.013130014,"[0.08410511, 0.08858168, 0.07506068, 0.07839673, 0.08442749, 0.12720369, 0.23188417, 0.23034039]",3943043,772,Spain,2,3115,3131,Pass
113,0.013126436,"[0.11019492, 0.08684016, 0.0768577, 0.07570794, 0.08966157, 0.11046326, 0.24229158, 0.20798278]",3943043,772,Spain,2,4244,4256,Pass
125,0.013032404,"[0.09230289, 0.08988335, 0.07786241, 0.08095508, 0.087457694, 0.1260792, 0.22514497, 0.22031434]",3943043,772,Spain,2,4727,4737,Pass
56,0.012994786,"[0.0896109, 0.09066455, 0.077386074, 0.080853164, 0.08848365, 0.12463964, 0.22140609, 0.22695598]",3943043,772,Spain,1,1971,1983,Pass
9,0.012975095,"[0.10840349, 0.08889156, 0.078870974, 0.07773935, 0.08963521, 0.10947591, 0.23727733, 0.20970616]",3943043,772,Spain,1,226,234,Pass
91,0.012967824,"[0.08776557, 0.09159496, 0.07612326, 0.077621914, 0.08419397, 0.12936172, 0.2255286, 0.22781007]",3943043,772,Spain,2,3180,3191,Pass
125,0.01292442,"[0.10403592, 0.08626095, 0.07786089, 0.07712569, 0.09310313, 0.11695444, 0.22842953, 0.21622947]",3943043,772,Spain,2,4726,4736,Pass
113,0.0129174385,"[0.09546841, 0.09006988, 0.07576148, 0.07858197, 0.0847285, 0.13147795, 0.22461379, 0.21929793]",3943043,772,Spain,2,4245,4257,Pass
28,0.012907643,"[0.21511881, 0.20203882, 0.15787189, 0.16713549, 0.25783494, 0.0, 0.0, 0.0]",3943043,772,Spain,1,1015,1021,Pass
80,0.01290114,"[0.107080825, 0.101070024, 0.0789495, 0.076568775, 0.088210694, 0.10852618, 0.22550341, 0.21409059]",3943043,772,Spain,2,2701,2713,Pass
27,0.012892088,"[0.098257855, 0.10830779, 0.08076534, 0.08052183, 0.08471606, 0.12276628, 0.20777607, 0.21688877]",3943043,768,England,1,949,964,Pass
80,0.012890746,"[0.099617615, 0.08669205, 0.08015496, 0.07968324, 0.08986546, 0.118004695, 0.22313736, 0.22284469]",3943043,772,Spain,2,2714,2728,Pass
84,0.012881294,"[0.09677383, 0.08910522, 0.078848734, 0.07750089, 0.09171157, 0.11400964, 0.2359316, 0.21611859]",3943043,768,England,2,2924,2933,Pass
144,0.012855422,"[0.15633586, 0.16320029, 0.12061467, 0.11950008, 0.14597207, 0.29437694, 0.0, 0.0]",3943043,768,England,2,5519,5528,Foul
84,0.012843397,"[0.08797328, 0.090378, 0.075869575, 0.07920006, 0.08903524, 0.12855968, 0.22387256, 0.22511163]",3943043,768,England,2,2923,2931,Pass
90,0.012836352,"[0.0948925, 0.08636444, 0.07680902, 0.07657648, 0.08599384, 0.11376121, 0.24435024, 0.2212522]",3943043,772,Spain,2,3108,3123,Pass
80,0.012832892,"[0.10288346, 0.09665326, 0.07833821, 0.08225113, 0.089807585, 0.11659727, 0.2128004, 0.22066876]",3943043,772,Spain,2,2713,2727,Pass
11,0.012828733,"[0.22558682, 0.21104199, 0.15411387, 0.16328384, 0.24597344, 0.0, 0.0, 0.0]",3943043,768,England,1,295,299,Pass
90,0.012804147,"[0.08739302, 0.09519671, 0.07718075, 0.080697715, 0.08659807, 0.122917175, 0.22155236, 0.22846426]",3943043,772,Spain,2,3123,3138,Pass
32,0.012765788,"[0.0967585, 0.08841105, 0.0781022, 0.077789634, 0.089450024, 0.11324402, 0.23169515, 0.22454946]",3943043,772,Spain,1,1201,1211,Foul
46,0.012753179,"[0.090803534, 0.09307581, 0.077288, 0.07951928, 0.085513376, 0.12658045, 0.21907198, 0.22814754]",3943043,768,England,1,1689,1698,Pass
84,0.012750042,"[0.08931959, 0.095930725, 0.077492855, 0.08095684, 0.089364775, 0.12936114, 0.21397102, 0.22360305]",3943043,768,England,2,2929,2938,Pass
96,0.01274323,"[0.11315316, 0.10286126, 0.08415811, 0.0825145, 0.09943446, 0.11315276, 0.19614583, 0.20857985]",3943043,768,England,2,3442,3450,Pass
91,0.012733338,"[0.09387965, 0.089196175, 0.07825838, 0.076893434, 0.092883006, 0.11483272, 0.23654135, 0.21751519]",3943043,772,Spain,2,3223,3234,Pass
123,0.012721273,"[0.101809815, 0.10217705, 0.07816036, 0.08067104, 0.087076776, 0.12576579, 0.20717286, 0.21716629]",3943043,772,Spain,2,4567,4582,Pass
135,0.01269228,"[0.09051108, 0.09910214, 0.078077786, 0.08051782, 0.08692667, 0.12749358, 0.21173908, 0.22563192]",3943043,768,England,2,5110,5126,Pass
4,0.0126802735,"[0.103317484, 0.09483529, 0.07425358, 0.07650168, 0.082479075, 0.12509644, 0.21977995, 0.2237366]",3943043,772,Spain,1,61,76,Pass
56,0.012671079,"[0.101310365, 0.087900214, 0.08079491, 0.08043305, 0.093760684, 0.112124756, 0.22510882, 0.21856731]",3943043,772,Spain,1,1969,1983,Pass
46,0.012636992,"[0.09753171, 0.09213065, 0.08249461, 0.08143539, 0.09531157, 0.11161132, 0.21869172, 0.2207931]",3943043,768,England,1,1680,1691,Pass
91,0.012634767,"[0.09398428, 0.09560401, 0.07913531, 0.08183927, 0.08729135, 0.12290161, 0.21548942, 0.22375473]",3943043,772,Spain,2,3209,3222,Pass
7,0.012620905,"[0.09863728, 0.09965539, 0.07604684, 0.07800411, 0.08548652, 0.124212496, 0.21442458, 0.22353281]",3943043,772,Spain,1,159,177,Pass
46,0.012573017,"[0.09224871, 0.09709669, 0.07803704, 0.08112436, 0.087756276, 0.122813955, 0.21478167, 0.22614127]",3943043,768,England,1,1681,1691,Pass
73,0.01251511,"[0.20897047, 0.1984783, 0.16054872, 0.16936015, 0.26264235, 0.0, 0.0, 0.0]",3943043,772,Spain,1,2631,2636,Pass
29,0.012507727,"[0.09404598, 0.08767878, 0.07935961, 0.07848916, 0.09065319, 0.11426963, 0.23890173, 0.21660192]",3943043,772,Spain,1,1044,1062,Pass
29,0.012489155,"[0.092655525, 0.08449203, 0.077912316, 0.0774192, 0.092685565, 0.11838868, 0.23491237, 0.22153436]",3943043,772,Spain,1,1038,1048,Pass
91,0.012487397,"[0.08961736, 0.086549945, 0.07823246, 0.07769967, 0.09205815, 0.11253038, 0.24750122, 0.21581078]",3943043,772,Spain,2,3221,3231,Pass
80,0.012483279,"[0.10790903, 0.0942425, 0.07755385, 0.07939106, 0.08436246, 0.1223892, 0.21573469, 0.21841718]",3943043,772,Spain,2,2702,2714,Pass
135,0.012479326,"[0.09538065, 0.09177793, 0.0774756, 0.081287175, 0.08930718, 0.12860541, 0.21618001, 0.21998595]",3943043,768,England,2,5107,5116,Pass
46,0.012447385,"[0.09562471, 0.094278865, 0.07733572, 0.08010219, 0.08925113, 0.12940335, 0.20764351, 0.22636056]",3943043,768,England,1,1685,1693,Pass
133,0.012447285,"[0.095197335, 0.09044833, 0.07811128, 0.076913625, 0.090789646, 0.11781565, 0.2356558, 0.21506827]",3943043,772,Spain,2,4986,4997,Pass
80,0.012428331,"[0.10726214, 0.10014872, 0.078796, 0.07852651, 0.09084061, 0.11210037, 0.23069853, 0.20162718]",3943043,772,Spain,2,2722,2731,Pass
7,0.012418754,"[0.09974555, 0.09912894, 0.07510452, 0.07807364, 0.08638346, 0.12783422, 0.21517882, 0.21855089]",3943043,772,Spain,1,148,160,Pass
80,0.012387572,"[0.09492498, 0.101446226, 0.080092765, 0.08200474, 0.08889065, 0.12600861, 0.20604464, 0.22058737]",3943043,772,Spain,2,2700,2710,Pass
123,0.012344503,"[0.092346035, 0.092613354, 0.07609417, 0.07974474, 0.08697384, 0.12743878, 0.21786216, 0.22692679]",3943043,772,Spain,2,4557,4569,Pass
84,0.012342351,"[0.09703275, 0.08808088, 0.08063389, 0.079699315, 0.094286785, 0.118845314, 0.22718094, 0.21424015]",3943043,768,England,2,2929,2937,Pass
19,0.012309955,"[0.09551425, 0.088906445, 0.07580494, 0.08009113, 0.08673293, 0.12958501, 0.21995924, 0.22340596]",3943043,768,England,1,532,548,Pass
7,0.012302431,"[0.10051461, 0.09519567, 0.08102517, 0.07855663, 0.08986495, 0.112757556, 0.2263992, 0.21568619]",3943043,772,Spain,1,154,175,Pass
44,0.012276357,"[0.09539258, 0.09033976, 0.07756546, 0.08021589, 0.087367795, 0.12551524, 0.22214586, 0.22145735]",3943043,772,Spain,1,1605,1618,Pass
19,0.012237704,"[0.09284884, 0.10175959, 0.079797305, 0.08219513, 0.08744557, 0.1230811, 0.21795295, 0.21491946]",3943043,768,England,1,536,552,Pass
96,0.012232818,"[0.101533584, 0.0925498, 0.08224142, 0.08189005, 0.09786198, 0.11422514, 0.2067172, 0.22298074]",3943043,768,England,2,3439,3447,Pass
96,0.012218483,"[0.09434198, 0.101371035, 0.07955255, 0.082918875, 0.09148541, 0.12685943, 0.19937633, 0.22409445]",3943043,768,England,2,3441,3448,Pass
133,0.012186565,"[0.09198649, 0.091024056, 0.079318345, 0.07875834, 0.093307495, 0.11278293, 0.22978908, 0.22303337]",3943043,772,Spain,2,4983,4994,Pass
7,0.012170442,"[0.0912093, 0.09959373, 0.079381526, 0.08263177, 0.088470705, 0.12814438, 0.21081942, 0.21974917]",3943043,772,Spain,1,153,171,Pass
84,0.012107445,"[0.09095636, 0.09313858, 0.07775599, 0.08030433, 0.087252505, 0.12715738, 0.2215987, 0.22183618]",3943043,768,England,2,2933,2941,Pass
29,0.012104166,"[0.10161223, 0.09554485, 0.08254537, 0.082233235, 0.09538262, 0.11567765, 0.21494877, 0.21205525]",3943043,772,Spain,1,1046,1066,Pass
4,0.012101879,"[0.11305155, 0.092636764, 0.07624557, 0.0779036, 0.08482591, 0.12358178, 0.20486794, 0.2268869]",3943043,772,Spain,1,60,70,Pass
119,0.012092772,"[0.08832204, 0.09448867, 0.07646077, 0.08117856, 0.08922851, 0.13733302, 0.218037, 0.2149514]",3943043,772,Spain,2,4404,4414,Pass
91,0.012070645,"[0.08942345, 0.0914639, 0.07732443, 0.079998806, 0.08499271, 0.1278533, 0.22267172, 0.22627166]",3943043,772,Spain,2,3222,3233,Pass
97,0.012054194,"[0.09167715, 0.0961779, 0.07791935, 0.0812715, 0.08876131, 0.13051514, 0.21205841, 0.2216193]",3943043,772,Spain,2,3468,3485,Pass
6,0.012051444,"[0.14239007, 0.118305445, 0.08591928, 0.08957358, 0.10330917, 0.16262366, 0.29787877, 0.0]",3943043,772,Spain,1,99,113,Pass
91,0.012034545,"[0.09114216, 0.09715369, 0.07646174, 0.08020186, 0.08764292, 0.12906517, 0.20943184, 0.2289007]",3943043,772,Spain,2,3227,3236,Pass
96,0.012025764,"[0.09396376, 0.099299446, 0.078214996, 0.083077826, 0.093243465, 0.13292427, 0.20363902, 0.21563719]",3943043,768,England,2,3438,3445,Pass
46,0.012021176,"[0.09842146, 0.09322416, 0.07802456, 0.08056223, 0.08606234, 0.1232489, 0.22036518, 0.22009118]",3943043,768,England,1,1670,1680,Pass
135,0.012013154,"[0.09448542, 0.09768567, 0.07979369, 0.08321408, 0.092008434, 0.13335556, 0.2045459, 0.21491134]",3943043,768,England,2,5124,5134,Pass
135,0.01198895,"[0.09570197, 0.09267137, 0.07872756, 0.08156537, 0.086385004, 0.12573357, 0.21654259, 0.22267255]",3943043,768,England,2,5111,5127,Pass
84,0.01198513,"[0.09166213, 0.092996225, 0.0779325, 0.0811356, 0.087299354, 0.12736462, 0.2196044, 0.22200513]",3943043,768,England,2,2928,2936,Pass
46,0.011981406,"[0.09917205, 0.09201471, 0.08039957, 0.07923455, 0.091049, 0.115027785, 0.22795063, 0.21515176]",3943043,768,England,1,1684,1692,Pass
46,0.011980912,"[0.089420244, 0.092831165, 0.077304505, 0.080120005, 0.089388065, 0.13292646, 0.21967967, 0.21832986]",3943043,768,England,1,1673,1684,Pass
135,0.011969633,"[0.093153596, 0.09628499, 0.078697674, 0.08077795, 0.09008958, 0.12027664, 0.21201247, 0.22870713]",3943043,768,England,2,5098,5111,Pass
4,0.011964296,"[0.11045819, 0.09575408, 0.077939846, 0.07535218, 0.08748752, 0.1061728, 0.22935037, 0.21748503]",3943043,772,Spain,1,61,75,Pass
96,0.0119213555,"[0.1033351, 0.0881181, 0.08081785, 0.0795642, 0.09728771, 0.11993657, 0.2227854, 0.20815516]",3943043,768,England,2,3436,3444,Pass
135,0.011920112,"[0.09912193, 0.08828283, 0.081578396, 0.079811156, 0.092608355, 0.11340653, 0.23114653, 0.21404427]",3943043,768,England,2,5107,5124,Pass
84,0.011913817,"[0.092946306, 0.085488975, 0.07845072, 0.07794235, 0.092720196, 0.116851315, 0.23602536, 0.21957466]",3943043,768,England,2,2935,2943,Pass
29,0.0118796695,"[0.09140917, 0.09586811, 0.07879777, 0.081576355, 0.08963914, 0.12961455, 0.21388243, 0.21921243]",3943043,772,Spain,1,1045,1064,Pass
123,0.011848002,"[0.09280242, 0.0927778, 0.077885486, 0.08155674, 0.088303514, 0.13160834, 0.21545444, 0.21961129]",3943043,772,Spain,2,4544,4558,Pass
135,0.011842702,"[0.1033626, 0.093603164, 0.082483485, 0.08151342, 0.09463208, 0.11360983, 0.22056644, 0.21022908]",3943043,768,England,2,5111,5126,Pass
84,0.011815788,"[0.08933561, 0.09289925, 0.078691565, 0.081761986, 0.08744829, 0.12640926, 0.22157094, 0.22188309]",3943043,768,England,2,2935,2945,Pass
123,0.011811607,"[0.09794416, 0.091615744, 0.08047743, 0.07902707, 0.09236007, 0.113286875, 0.22779393, 0.21749471]",3943043,772,Spain,2,4556,4567,Pass
133,0.011810035,"[0.091949254, 0.094929636, 0.077244945, 0.079586945, 0.08562825, 0.121585146, 0.22451457, 0.2245612]",3943043,772,Spain,2,4985,4996,Pass
29,0.01180547,"[0.090522856, 0.0936229, 0.07846843, 0.08156568, 0.08863346, 0.12955135, 0.21681538, 0.22082]",3943043,772,Spain,1,1036,1046,Pass
19,0.011782634,"[0.10220394, 0.08916528, 0.083016776, 0.08153222, 0.09529552, 0.1113135, 0.2217361, 0.2157366]",3943043,768,England,1,535,550,Pass
96,0.011760142,"[0.100946225, 0.09448248, 0.07831079, 0.08116581, 0.086692214, 0.12599547, 0.21514599, 0.21726096]",3943043,768,England,2,3435,3443,Pass
19,0.01174447,"[0.11490399, 0.10437724, 0.07840241, 0.08015506, 0.08830164, 0.12561399, 0.20145299, 0.20679264]",3943043,768,England,1,543,557,Pass
91,0.011736052,"[0.09613039, 0.094612524, 0.081283376, 0.08375915, 0.08924221, 0.12664364, 0.20334084, 0.22498792]",3943043,772,Spain,2,3182,3198,Pass
46,0.011696499,"[0.09889561, 0.08838363, 0.0810849, 0.0798684, 0.091396585, 0.1170262, 0.2354919, 0.20785269]",3943043,768,England,1,1672,1681,Pass
46,0.011665822,"[0.09847233, 0.095018335, 0.08085948, 0.07874958, 0.091537684, 0.1088427, 0.2328075, 0.2137124]",3943043,768,England,1,1690,1699,Pass
46,0.011647242,"[0.09957348, 0.09693545, 0.07836609, 0.08131046, 0.08653566, 0.1284886, 0.2157799, 0.21301033]",3943043,768,England,1,1691,1701,Pass
135,0.011617111,"[0.09839226, 0.09138246, 0.08204496, 0.08136167, 0.097579, 0.124661244, 0.22442524, 0.2001531]",3943043,768,England,2,5116,5132,Pass
123,0.011572752,"[0.09438687, 0.098324284, 0.08087851, 0.08330676, 0.0897008, 0.12856823, 0.20476729, 0.2200673]",3943043,772,Spain,2,4554,4566,Pass
84,0.0115620475,"[0.09867996, 0.09205676, 0.08263031, 0.08147095, 0.09426316, 0.11437053, 0.22645864, 0.21006975]",3943043,768,England,2,2931,2940,Pass
96,0.01154156,"[0.10545385, 0.09787116, 0.08255606, 0.08095558, 0.09442439, 0.11267149, 0.21618535, 0.20988214]",3943043,768,England,2,3433,3442,Pass
4,0.011537898,"[0.120432004, 0.104220964, 0.07814599, 0.07942502, 0.08712457, 0.10790682, 0.21325377, 0.20949094]",3943043,772,Spain,1,59,65,Pass
135,0.01153536,"[0.096311316, 0.09639487, 0.079908, 0.08085259, 0.08643192, 0.12402645, 0.21695207, 0.2191229]",3943043,768,England,2,5102,5113,Pass
135,0.01152203,"[0.102284074, 0.09333239, 0.08170258, 0.08095725, 0.0948953, 0.11793051, 0.21874934, 0.21014848]",3943043,768,England,2,5103,5114,Pass
84,0.0114862835,"[0.10272174, 0.090752184, 0.08217357, 0.08107041, 0.09385915, 0.11393013, 0.22515664, 0.21033621]",3943043,768,England,2,2927,2935,Pass
120,0.011464508,"[0.11606017, 0.1076598, 0.078857005, 0.08018525, 0.08694694, 0.1254095, 0.19758493, 0.20729657]",3943043,768,England,2,4423,4433,Pass
131,0.011406061,"[0.3273156, 0.26469165, 0.19198667, 0.21600603, 0.0, 0.0, 0.0, 0.0]",3943043,768,England,2,4929,4931,Pass
123,0.011393104,"[0.09961263, 0.09288196, 0.0835114, 0.082968436, 0.09707603, 0.11734822, 0.2177782, 0.20882307]",3943043,772,Spain,2,4550,4564,Pass
135,0.0113423,"[0.09138519, 0.097031966, 0.079805456, 0.08293395, 0.08899655, 0.13239755, 0.21677002, 0.21067932]",3943043,768,England,2,5114,5130,Pass
83,0.011341029,"[0.088599235, 0.09138548, 0.0775537, 0.0798979, 0.08489466, 0.12655999, 0.2232269, 0.22788203]",3943043,772,Spain,2,2851,2865,Pass
135,0.011339439,"[0.10437063, 0.09386446, 0.08209722, 0.081684545, 0.091437235, 0.10941972, 0.22149709, 0.21562916]",3943043,768,England,2,5098,5111,Pass
135,0.011329956,"[0.09708177, 0.08851106, 0.08179534, 0.08033465, 0.092839, 0.112762965, 0.23770818, 0.2089671]",3943043,768,England,2,5113,5128,Pass
123,0.01132151,"[0.09845924, 0.08846121, 0.08257149, 0.0815954, 0.09514417, 0.11419334, 0.22780621, 0.21176898]",3943043,772,Spain,2,4558,4573,Pass
83,0.01129883,"[0.088099584, 0.09038225, 0.07745793, 0.08125779, 0.08842401, 0.13562311, 0.21779783, 0.22095749]",3943043,772,Spain,2,2870,2880,Pass
123,0.0112781795,"[0.09908484, 0.090815805, 0.081048734, 0.07975627, 0.094475284, 0.11505961, 0.22666714, 0.21309228]",3943043,772,Spain,2,4543,4557,Pass
119,0.011274883,"[0.0988769, 0.093826324, 0.07957736, 0.082429424, 0.087768205, 0.13104276, 0.20920725, 0.21727164]",3943043,772,Spain,2,4401,4411,Pass
119,0.011269488,"[0.09667409, 0.08880673, 0.081856355, 0.08076676, 0.09594688, 0.11460413, 0.23276654, 0.2085785]",3943043,772,Spain,2,4402,4412,Pass
90,0.011265442,"[0.097847246, 0.09205018, 0.082663596, 0.08152712, 0.09368129, 0.11494512, 0.2291715, 0.20811386]",3943043,772,Spain,2,3125,3140,Pass
123,0.011241394,"[0.09141363, 0.09648126, 0.081102654, 0.08469621, 0.09006157, 0.13072404, 0.21076867, 0.21475196]",3943043,772,Spain,2,4561,4575,Pass
7,0.011238299,"[0.0950871, 0.095750675, 0.08086866, 0.08482988, 0.090361714, 0.13099468, 0.20482694, 0.21728036]",3943043,772,Spain,1,150,168,Pass
94,0.011232112,"[0.0959498, 0.08655801, 0.07970739, 0.07900531, 0.0954991, 0.11946103, 0.22963558, 0.21418384]",3943043,768,England,2,3359,3368,Pass
4,0.011229599,"[0.11547446, 0.10207198, 0.07874098, 0.07809112, 0.090107754, 0.10776212, 0.2179858, 0.20976576]",3943043,772,Spain,1,59,68,Pass
71,0.011216815,"[0.39024842, 0.34974727, 0.2600042, 0.0, 0.0, 0.0, 0.0, 0.0]",3943043,768,England,1,2583,2588,Pass
61,0.011205912,"[0.09435603, 0.10200882, 0.07972467, 0.08265344, 0.092353866, 0.12684111, 0.20010173, 0.2219603]",3943043,768,England,1,2299,2306,Pass
19,0.011203334,"[0.106480576, 0.102970175, 0.08332942, 0.081071444, 0.0925546, 0.116300255, 0.21546485, 0.20182857]",3943043,768,England,1,538,555,Pass
54,0.011189943,"[0.2175186, 0.20652963, 0.15744884, 0.17431563, 0.24418722, 0.0, 0.0, 0.0]",3943043,772,Spain,1,1933,1938,Pass
123,0.011182221,"[0.09457974, 0.10239883, 0.08100749, 0.08424008, 0.09053527, 0.13187233, 0.20331801, 0.21204828]",3943043,772,Spain,2,4564,4578,Pass
83,0.011123922,"[0.10134533, 0.090608135, 0.08280681, 0.082316354, 0.09817693, 0.118106656, 0.22442864, 0.20221122]",3943043,772,Spain,2,2856,2873,Pass
83,0.011109645,"[0.09404964, 0.098508574, 0.08035843, 0.08294688, 0.08725254, 0.1290824, 0.20757145, 0.22023009]",3943043,772,Spain,2,2861,2875,Pass
84,0.011089427,"[0.09454408, 0.09948108, 0.08100449, 0.0843979, 0.09129881, 0.13036303, 0.20962343, 0.20928724]",3943043,768,England,2,2937,2947,Pass
123,0.011088399,"[0.09167758, 0.098103896, 0.08074446, 0.084293395, 0.09251693, 0.13144937, 0.20517154, 0.21604279]",3943043,772,Spain,2,4549,4563,Pass
97,0.011022966,"[0.09755603, 0.09200048, 0.08284365, 0.08199094, 0.09747369, 0.11600283, 0.21863423, 0.21349813]",3943043,772,Spain,2,3468,3484,Pass
7,0.011016029,"[0.10008699, 0.091167994, 0.08447753, 0.08340168, 0.098067194, 0.11503101, 0.21797787, 0.20978971]",3943043,772,Spain,1,151,170,Pass
21,0.010998881,"[0.09439177, 0.10228641, 0.08145381, 0.08411593, 0.091093905, 0.13451923, 0.19628453, 0.21585448]",3943043,772,Spain,1,634,648,Pass
80,0.010998728,"[0.100736134, 0.08927925, 0.08262306, 0.081810564, 0.09597126, 0.114946455, 0.23840004, 0.19623329]",3943043,772,Spain,2,2703,2716,Pass
96,0.01099646,"[0.09985634, 0.10386317, 0.08292223, 0.084751315, 0.09013929, 0.12877406, 0.19367127, 0.21602246]",3943043,768,England,2,3431,3442,Pass
113,0.010992648,"[0.098332256, 0.08827459, 0.08083962, 0.07985381, 0.09387856, 0.112616256, 0.2415833, 0.20462161]",3943043,772,Spain,2,4247,4259,Pass
80,0.010953546,"[0.09426013, 0.095940396, 0.08189396, 0.08609703, 0.09222729, 0.1355607, 0.20124826, 0.21277215]",3943043,772,Spain,2,2704,2719,Pass
27,0.010950337,"[0.097433664, 0.089913346, 0.077534504, 0.076002724, 0.08952877, 0.11411103, 0.23894605, 0.21652997]",3943043,768,England,1,944,955,Pass
51,0.010948366,"[0.09152888, 0.10028393, 0.07813081, 0.080622934, 0.08933634, 0.12708235, 0.22035883, 0.21265592]",3943043,768,England,1,1784,1797,Foul
96,0.010873547,"[0.099988095, 0.0938572, 0.0819922, 0.08476667, 0.09308419, 0.1327566, 0.20467092, 0.20888402]",3943043,768,England,2,3429,3439,Pass
21,0.0108521795,"[0.096744224, 0.094176546, 0.08023687, 0.08310018, 0.08791726, 0.13181056, 0.2094382, 0.21657617]",3943043,772,Spain,1,640,651,Pass
4,0.010845829,"[0.12355748, 0.09872024, 0.078807995, 0.076878294, 0.08415797, 0.11652271, 0.19974299, 0.22161229]",3943043,772,Spain,1,59,67,Pass
94,0.010844149,"[0.091045655, 0.09351876, 0.07915422, 0.08234879, 0.08847263, 0.13522957, 0.2155022, 0.2147281]",3943043,768,England,2,3358,3367,Pass
7,0.010829376,"[0.10611048, 0.08945818, 0.0815579, 0.080461554, 0.095068425, 0.11306778, 0.22473352, 0.20954221]",3943043,772,Spain,1,149,166,Pass
84,0.010794134,"[0.09844211, 0.09238373, 0.083981596, 0.08290085, 0.09668456, 0.11794812, 0.22369, 0.203969]",3943043,768,England,2,2936,2945,Pass
123,0.010782681,"[0.09938185, 0.09042412, 0.08412499, 0.0827935, 0.0966364, 0.121076114, 0.21992376, 0.20563921]",3943043,772,Spain,2,4546,4561,Pass
97,0.010778714,"[0.10199315, 0.09584736, 0.084233254, 0.082670264, 0.09582133, 0.1153399, 0.21474764, 0.20934707]",3943043,772,Spain,2,3470,3489,Pass
120,0.010777929,"[0.10537657, 0.10560604, 0.08384022, 0.08067597, 0.09189091, 0.1113768, 0.21916628, 0.20206712]",3943043,768,England,2,4420,4431,Pass
108,0.01074321,"[0.1947661, 0.2088037, 0.15711592, 0.16715144, 0.2721628, 0.0, 0.0, 0.0]",3943043,768,England,2,4078,4083,Pass
83,0.010709235,"[0.10129024, 0.09754596, 0.082936496, 0.08044352, 0.092572615, 0.11163002, 0.23252769, 0.2010535]",3943043,772,Spain,2,2862,2876,Pass
125,0.010707863,"[0.102202155, 0.0947318, 0.07775644, 0.07948008, 0.085619584, 0.12819889, 0.21609284, 0.21591824]",3943043,772,Spain,2,4724,4735,Pass
83,0.010687485,"[0.10016724, 0.09944869, 0.079486385, 0.08184464, 0.08757423, 0.12942347, 0.20622051, 0.21583486]",3943043,772,Spain,2,2863,2878,Pass
21,0.010681732,"[0.100017436, 0.09228828, 0.084367715, 0.08284525, 0.09619493, 0.11859897, 0.22628766, 0.19939977]",3943043,772,Spain,1,632,647,Pass
113,0.0106817,"[0.09285715, 0.09579118, 0.07944915, 0.08282125, 0.08844175, 0.1338905, 0.20999011, 0.21675886]",3943043,772,Spain,2,4248,4261,Pass
21,0.010641385,"[0.09004338, 0.09579799, 0.07938804, 0.08364469, 0.08888438, 0.12675828, 0.21329835, 0.22218485]",3943043,772,Spain,1,641,654,Pass
29,0.010625588,"[0.09313951, 0.09028262, 0.08223662, 0.08101207, 0.0951751, 0.11536073, 0.2334077, 0.20938568]",3943043,772,Spain,1,1034,1045,Pass
97,0.010611772,"[0.098948605, 0.0984519, 0.08026233, 0.08373966, 0.09036188, 0.12933426, 0.20349963, 0.21540172]",3943043,772,Spain,2,3472,3491,Pass
83,0.010603244,"[0.10188264, 0.08750385, 0.08102847, 0.0804208, 0.09458617, 0.11458392, 0.23252949, 0.20746472]",3943043,772,Spain,2,2865,2879,Pass
123,0.010553706,"[0.10035796, 0.09361346, 0.084949285, 0.083763935, 0.09863506, 0.11799669, 0.2204882, 0.2001954]",3943043,772,Spain,2,4563,4577,Pass
21,0.010548176,"[0.09614521, 0.08892927, 0.082407355, 0.08090448, 0.09781838, 0.11769125, 0.22515672, 0.21094745]",3943043,772,Spain,1,641,652,Pass
61,0.010519986,"[0.10831789, 0.09722648, 0.08319278, 0.08280981, 0.09672273, 0.113065615, 0.2129775, 0.20568714]",3943043,768,England,1,2300,2310,Pass
27,0.010514827,"[0.09931233, 0.09766876, 0.078536786, 0.08271791, 0.091632046, 0.1309029, 0.20618522, 0.21304409]",3943043,768,England,1,946,959,Pass
61,0.010507851,"[0.10461455, 0.10219476, 0.08282334, 0.085781604, 0.093815826, 0.12828146, 0.18605587, 0.2164326]",3943043,768,England,1,2300,2311,Pass
96,0.010507737,"[0.10204895, 0.09767789, 0.08646301, 0.08531356, 0.09868801, 0.11785418, 0.2160111, 0.19594324]",3943043,768,England,2,3429,3441,Pass
21,0.010473153,"[0.09061963, 0.10220976, 0.0798539, 0.08414292, 0.09180018, 0.12994377, 0.19865367, 0.22277619]",3943043,772,Spain,1,647,656,Pass
90,0.010431208,"[0.09600247, 0.101776786, 0.08079875, 0.08354136, 0.091912396, 0.13206081, 0.19941133, 0.21449609]",3943043,772,Spain,2,3126,3143,Pass
21,0.010400524,"[0.09832684, 0.09004023, 0.08371761, 0.08218213, 0.0985985, 0.11872494, 0.22055629, 0.20785348]",3943043,772,Spain,1,643,655,Pass
97,0.0103919655,"[0.09223029, 0.09463399, 0.08081001, 0.08419898, 0.091838114, 0.1334028, 0.20573686, 0.21714896]",3943043,772,Spain,2,3467,3478,Pass
21,0.010386556,"[0.10384389, 0.095190376, 0.08371508, 0.082598574, 0.09521826, 0.11121285, 0.22468765, 0.20353326]",3943043,772,Spain,1,636,650,Pass
83,0.010331416,"[0.09586417, 0.09839315, 0.081283614, 0.084647425, 0.09156945, 0.13276836, 0.20189545, 0.21357848]",3943043,772,Spain,2,2855,2872,Pass
123,0.0103308335,"[0.09188524, 0.097679995, 0.07999234, 0.08236661, 0.08699443, 0.12597312, 0.21067916, 0.22442904]",3943043,772,Spain,2,4541,4556,Pass
83,0.0103055835,"[0.09779108, 0.09255583, 0.08224857, 0.080812454, 0.093449436, 0.11532139, 0.2359192, 0.20190203]",3943043,772,Spain,2,2853,2870,Pass
37,0.010302412,"[0.19652027, 0.20855634, 0.16400129, 0.17769372, 0.25322834, 0.0, 0.0, 0.0]",3943043,768,England,1,1366,1372,Pass
7,0.010272212,"[0.10747253, 0.09913326, 0.084695496, 0.0825046, 0.09427217, 0.112666994, 0.21036659, 0.20888832]",3943043,772,Spain,1,147,159,Pass
7,0.010252707,"[0.096224815, 0.10095085, 0.08348785, 0.08686193, 0.09425124, 0.12821098, 0.19983861, 0.21017371]",3943043,772,Spain,1,141,151,Pass
13,0.010216346,"[0.25952798, 0.21343523, 0.15481329, 0.15800941, 0.21421404, 0.0, 0.0, 0.0]",3943043,768,England,1,433,437,Pass
33,0.010211651,"[0.11109063, 0.10232544, 0.08479628, 0.08318257, 0.097981565, 0.11805959, 0.20767528, 0.19488856]",3943043,768,England,1,1251,1261,Foul
7,0.010181131,"[0.101432316, 0.10202798, 0.08331583, 0.08561469, 0.091577575, 0.12595096, 0.1970214, 0.21305925]",3943043,772,Spain,1,145,154,Pass
7,0.010137535,"[0.10545772, 0.09311619, 0.08585356, 0.08499097, 0.100271404, 0.11819712, 0.20712781, 0.20498535]",3943043,772,Spain,1,139,150,Pass
93,0.01013144,"[0.3498452, 0.35810155, 0.29205313, 0.0, 0.0, 0.0, 0.0, 0.0]",3943043,768,England,2,3342,3346,Foul
7,0.010008821,"[0.11203083, 0.12218424, 0.08375221, 0.079588786, 0.09033435, 0.10547659, 0.21402529, 0.19260775]",3943043,772,Spain,1,132,145,Pass
47,0.0100075435,"[0.24541844, 0.2203097, 0.15335888, 0.15747006, 0.22344297, 0.0, 0.0, 0.0]",3943043,772,Spain,1,1727,1731,Pass
7,0.00999758,"[0.11751245, 0.09577165, 0.081262924, 0.07990365, 0.09763488, 0.11598043, 0.20922124, 0.20271279]",3943043,772,Spain,1,136,148,Pass
7,0.009975947,"[0.10290803, 0.09500878, 0.08023413, 0.084265284, 0.09224562, 0.12939626, 0.19918026, 0.21676166]",3943043,772,Spain,1,137,149,Pass
21,0.009973594,"[0.09753523, 0.09524831, 0.081558436, 0.08474739, 0.090280935, 0.12713127, 0.2072105, 0.21628797]",3943043,772,Spain,1,630,643,Pass
61,0.009826845,"[0.10625499, 0.106975265, 0.0832216, 0.086020954, 0.092349954, 0.1311409, 0.18954396, 0.20449242]",3943043,768,England,1,2304,2315,Pass
61,0.009626109,"[0.1050813, 0.10030853, 0.0831285, 0.08529205, 0.09014428, 0.12305605, 0.20143677, 0.2115525]",3943043,768,England,1,2302,2313,Pass
61,0.009615179,"[0.10794542, 0.10092395, 0.08652898, 0.08579845, 0.098640814, 0.11233331, 0.20284453, 0.20498453]",3943043,768,England,1,2301,2312,Pass
7,0.00948912,"[0.12183274, 0.10288674, 0.079236865, 0.07990041, 0.08634187, 0.1290343, 0.1969637, 0.2038033]",3943043,772,Spain,1,133,147,Pass
61,0.009429897,"[0.10620227, 0.099394344, 0.0861598, 0.08412782, 0.09721032, 0.11689605, 0.2173568, 0.19265248]",3943043,768,England,1,2303,2314,Pass
7,0.009424035,"[0.10703846, 0.09936559, 0.087957345, 0.08707881, 0.09960287, 0.117344275, 0.20311768, 0.19849487]",3943043,772,Spain,1,144,153,Pass
