possession_id,value,attention_weights,game_id,team_id,team_name,period,time_start,time_end,outcome
136,0.28386918,"[0.02105019, 0.020151585, 0.019766053, 0.0015273779, 4.3426484e-05, 2.0498355e-05, 0.71654624, 0.2208946]",3943043,772,Spain,2,5148,5156,Goal
138,0.27935642,"[0.0009029489, 0.032952286, 0.87731797, 0.045220323, 0.04360649, 0.0, 0.0, 0.0]",3943043,768,England,2,5352,5357,Shot
26,0.2765414,"[0.017125264, 0.0020120079, 0.013212124, 0.0041592713, 0.015294413, 0.0011288465, 0.877895, 0.06917311]",3943043,768,England,1,873,883,Pass
92,0.27466583,"[0.07234863, 0.8948186, 0.0052299504, 1.2259575e-05, 0.0003368843, 0.000110446854, 0.0004777183, 0.026665501]",3943043,772,Spain,2,3298,3315,Shot
26,0.27296087,"[0.0065020365, 0.01079513, 0.0027536147, 0.013997948, 0.001990146, 0.029348478, 0.0009602262, 0.9336524]",3943043,768,England,1,872,883,Pass
9,0.27068132,"[0.0052047917, 0.0058357744, 0.005746024, 0.0050522443, 0.006618775, 0.0077324947, 0.9537363, 0.010073608]",3943043,772,Spain,1,244,258,Pass
123,0.2692893,"[0.0010408717, 0.000595811, 0.001220213, 0.00028949478, 0.0018386187, 0.0004682487, 0.9934164, 0.0011303657]",3943043,772,Spain,2,4644,4660,Pass
123,0.2655718,"[1.0139243e-05, 1.55171e-05, 1.7310582e-05, 2.4250085e-05, 1.9793717e-05, 5.3164193e-05, 3.3793018e-05, 0.9998261]",3943043,772,Spain,2,4643,4659,Pass
9,0.25816146,"[0.0023483392, 0.0021190203, 0.0025779803, 0.00269254, 0.0035413518, 0.0028942788, 0.0070243953, 0.9768021]",3943043,772,Spain,1,239,257,Pass
134,0.25801435,"[3.9388096e-06, 3.6180434e-06, 4.339148e-06, 2.2337974e-05, 1.0956301e-05, 0.0001234276, 0.00015645138, 0.9996749]",3943043,772,Spain,2,5083,5097,Pass
110,0.2555334,"[4.2225028e-07, 5.585154e-08, 1.2738317e-05, 3.144659e-07, 7.501791e-08, 2.7055123e-06, 1.3328545e-06, 0.99998236]",3943043,772,Spain,2,4125,4140,Pass
30,0.25546837,"[6.1530886e-07, 2.8862654e-08, 2.4685738e-08, 5.678961e-06, 1.0928154e-08, 1.202927e-07, 1.13772074e-07, 0.99999344]",3943043,772,Spain,1,1120,1128,Pass
92,0.25227538,"[0.012776976, 0.0050806873, 0.02386021, 0.019418655, 0.0091690635, 0.003833004, 0.061540905, 0.8643205]",3943043,772,Spain,2,3287,3299,Shot
69,0.25056577,"[0.0026692194, 0.012384871, 0.0017660339, 0.04095688, 0.0001359182, 0.029597934, 0.013373309, 0.89911586]",3943043,772,Spain,1,2528,2543,Pass
110,0.24991165,"[2.015055e-06, 0.00019614573, 2.7715332e-06, 1.8175248e-05, 3.6485984e-05, 3.0828498e-05, 0.9956393, 0.00407429]",3943043,772,Spain,2,4127,4142,Pass
22,0.247016,"[0.0096267825, 0.8719748, 0.11839837, 0.0, 0.0, 0.0, 0.0, 0.0]",3943043,772,Spain,1,738,741,Shot
120,0.24463366,"[0.00030309623, 6.712752e-06, 1.3830609e-05, 1.2602001e-05, 0.00018048898, 1.9382409e-05, 0.8560926, 0.14337133]",3943043,768,England,2,4442,4454,Pass
36,0.24356912,"[3.1436223e-10, 2.2664647e-10, 7.16375e-10, 2.8007317e-08, 5.74988e-10, 5.490192e-09, 1.6570588e-07, 0.9999998]",3943043,772,Spain,1,1349,1364,Pass
105,0.24275808,"[1.9463283e-07, 8.091029e-07, 1.5398308e-06, 5.987854e-07, 1.9531657e-05, 5.007229e-05, 5.7611152e-05, 0.99986964]",3943043,772,Spain,2,3938,3945,Shot
137,0.24207896,"[0.0016744194, 0.00091186294, 0.0045453073, 0.0002221976, 0.047399737, 0.007040889, 0.00071802374, 0.9374876]",3943043,768,England,2,5265,5279,Pass
9,0.24176137,"[1.368508e-07, 2.8628202e-07, 1.3027005e-07, 7.504708e-07, 1.5067108e-06, 5.159805e-07, 0.94901973, 0.050976943]",3943043,772,Spain,1,236,252,Pass
120,0.24008468,"[3.7412876e-05, 0.0005326958, 3.9017712e-05, 0.00018446216, 2.9286226e-05, 0.0023772193, 0.0012383229, 0.9955616]",3943043,768,England,2,4439,4453,Pass
129,0.23968045,"[7.1127106e-05, 4.6337635e-05, 5.5485427e-05, 9.414436e-05, 8.663287e-05, 9.211978e-05, 0.0008332039, 0.99872094]",3943043,772,Spain,2,4869,4873,Shot
69,0.23765726,"[0.00044619158, 0.00091392646, 0.00010630518, 0.0011906071, 0.0002903649, 0.3000316, 0.6965212, 0.0004998088]",3943043,772,Spain,1,2532,2544,Shot
69,0.23672064,"[0.016309692, 0.006049708, 0.03606727, 0.0014405353, 0.024699945, 0.0041315304, 0.21592408, 0.69537723]",3943043,772,Spain,1,2530,2544,Pass
92,0.23289402,"[0.022566989, 0.041221898, 0.0053602424, 0.0033398157, 0.0024491688, 0.04150435, 0.876878, 0.0066794762]",3943043,772,Spain,2,3288,3302,Shot
136,0.23037043,"[3.3468714e-06, 4.444184e-06, 7.1936415e-06, 9.25284e-06, 1.0708608e-05, 0.00027041705, 6.399353e-05, 0.9996307]",3943043,772,Spain,2,5147,5155,Pass
92,0.2246839,"[0.04172646, 0.015724842, 0.0049378374, 2.7983395e-05, 0.062598236, 0.87474066, 1.2328983e-05, 0.00023165712]",3943043,772,Spain,2,3291,3303,Shot
9,0.2235361,"[3.2788265e-07, 4.320084e-08, 8.889168e-08, 7.802202e-08, 3.9136765e-07, 1.9941522e-06, 9.803617e-07, 0.9999961]",3943043,772,Spain,1,234,249,Pass
92,0.2212465,"[0.034980107, 0.00013386077, 0.08988622, 0.87324214, 2.786905e-05, 0.0014210142, 5.199377e-05, 0.00025685425]",3943043,772,Spain,2,3295,3307,Shot
92,0.2207893,"[0.05303063, 0.009100601, 0.0010245498, 0.062531345, 0.8268076, 0.00016085857, 0.037256807, 0.010087629]",3943043,772,Spain,2,3294,3304,Shot
92,0.20694114,"[0.04262115, 0.13656302, 0.81215066, 0.0018321018, 0.0007622156, 0.00023060842, 0.0018334027, 0.0040068612]",3943043,772,Spain,2,3295,3307,Shot
83,0.20596358,"[0.0020666074, 0.0009866366, 0.0057238825, 0.061697148, 0.0007908199, 0.48676425, 0.43689555, 0.005075117]",3943043,772,Spain,2,2891,2899,Shot
75,0.19589092,"[0.29151008, 0.48034433, 0.22814564, 0.0, 0.0, 0.0, 0.0, 0.0]",3943043,768,England,1,2739,2741,Shot
27,0.17738727,"[0.017744068, 0.017752843, 0.0042258315, 0.0022640266, 0.0066110925, 0.010590158, 0.0035899307, 0.93722206]",3943043,768,England,1,979,989,Shot
129,0.17133373,"[7.913542e-07, 9.171009e-08, 1.2737846e-06, 2.4904602e-06, 6.8677314e-06, 2.1437938e-06, 0.5182632, 0.4817231]",3943043,772,Spain,2,4870,4874,Shot
92,0.1712992,"[4.881329e-05, 7.3220894e-05, 5.7405865e-05, 4.1716594e-05, 0.00015073805, 0.0002080671, 0.8649446, 0.13447537]",3943043,772,Spain,2,3286,3298,Shot
129,0.17002615,"[0.0033531191, 0.00028105106, 0.00046556207, 3.3761553e-05, 0.058367208, 0.23105969, 0.0030933474, 0.70334625]",3943043,772,Spain,2,4871,4875,Shot
109,0.16829899,"[0.0019638643, 0.0022991025, 0.013327454, 0.0024290495, 0.0125660375, 0.004095085, 0.49861902, 0.4647004]",3943043,772,Spain,2,4084,4090,Pass
24,0.15907843,"[0.0272372, 0.0071990015, 0.01565776, 0.002889384, 0.006160029, 0.00055409, 0.0027756486, 0.93752694]",3943043,772,Spain,1,815,831,Pass
98,0.15543784,"[3.2954624e-05, 4.2957407e-05, 6.817748e-05, 0.00052147283, 7.467508e-05, 0.43746722, 0.0065471046, 0.5552455]",3943043,768,England,2,3565,3577,Pass
83,0.15073754,"[0.00013187806, 0.0001133671, 3.4380188e-05, 0.0017813477, 0.0028012341, 9.324233e-05, 0.48724923, 0.5077953]",3943043,772,Spain,2,2889,2898,Pass
24,0.143984,"[0.03724888, 0.04548922, 0.027658708, 0.007836856, 0.0019041097, 0.00486215, 0.7971879, 0.07781217]",3943043,772,Spain,1,817,832,Pass
109,0.13218427,"[3.3143588e-06, 4.8477928e-06, 4.501205e-06, 0.00010767534, 5.281145e-06, 0.0001568738, 6.43021e-05, 0.9996533]",3943043,772,Spain,2,4084,4089,Pass
40,0.12065897,"[0.011282083, 0.018724576, 0.0017709413, 0.004734536, 0.0061593195, 0.053127777, 0.88766813, 0.016532633]",3943043,768,England,1,1451,1459,Pass
40,0.10458716,"[0.03190921, 0.028113393, 0.0036657036, 0.0016196255, 0.060973685, 0.29558462, 0.0017609166, 0.5763728]",3943043,768,England,1,1452,1460,Pass
40,0.10239563,"[3.073742e-06, 1.7853355e-06, 1.5761436e-06, 6.377994e-06, 2.0811807e-05, 1.5473524e-05, 0.008703931, 0.991247]",3943043,768,England,1,1448,1458,Pass
137,0.10020291,"[0.0009975578, 0.00070825475, 0.011542264, 0.003420788, 0.011878207, 0.0009697051, 0.4852559, 0.48522723]",3943043,768,England,2,5262,5278,Pass
92,0.09687403,"[1.3131941e-08, 1.866844e-09, 8.881387e-09, 3.661924e-08, 1.3109953e-09, 4.2896996e-08, 1.05250386e-07, 0.99999976]",3943043,772,Spain,2,3285,3295,Pass
29,0.09527099,"[0.0007645079, 0.0017432104, 0.0005801936, 0.0008934936, 0.00036899158, 0.0021208427, 0.66158056, 0.33194813]",3943043,772,Spain,1,1071,1085,Pass
137,0.09144586,"[0.012172236, 0.030589776, 0.0024037748, 0.16524766, 0.00433565, 0.27847448, 0.4946897, 0.012086746]",3943043,768,England,2,5264,5278,Pass
133,0.08992034,"[0.018341325, 0.0023064027, 0.011683897, 0.002421832, 0.0071443436, 0.0020364127, 0.9472661, 0.0087996805]",3943043,772,Spain,2,5038,5044,Pass
117,0.08934989,"[0.00033450284, 0.0003653642, 0.00031354657, 0.00033223056, 0.00034545502, 0.00065388286, 0.07073173, 0.9269233]",3943043,768,England,2,4315,4326,Foul
83,0.0866461,"[2.8542274e-07, 5.193568e-06, 2.5825258e-07, 8.447474e-07, 1.2265753e-06, 7.284884e-05, 0.0011511213, 0.9987682]",3943043,772,Spain,2,2880,2897,Pass
137,0.08522355,"[0.002885642, 0.00694066, 0.004420655, 0.00040452648, 0.026354376, 0.0008647231, 0.011176387, 0.94695306]",3943043,768,England,2,5260,5277,Pass
129,0.084978364,"[0.009834145, 0.014456094, 0.010917372, 0.007342231, 0.015375396, 0.01583987, 0.17638078, 0.74985415]",3943043,772,Spain,2,4861,4872,Pass
102,0.08445028,"[1.06741496e-07, 2.105388e-08, 2.789917e-07, 5.866265e-07, 5.7905896e-07, 5.798118e-07, 2.7844617e-06, 0.99999505]",3943043,768,England,2,3862,3874,Pass
129,0.0839886,"[0.001669564, 0.0017510636, 0.0020935535, 0.0071400576, 0.003071715, 0.014719239, 0.23450635, 0.7350485]",3943043,772,Spain,2,4861,4871,Pass
105,0.08390952,"[0.0040173503, 0.00034577207, 0.0034561143, 0.022457918, 0.0003069348, 0.27666423, 0.6230366, 0.06971504]",3943043,772,Spain,2,3937,3945,Shot
81,0.08278797,"[9.87238e-06, 3.894505e-06, 1.8889701e-06, 1.7670664e-07, 1.5287112e-06, 0.0004687819, 0.7151005, 0.28441337]",3943043,772,Spain,2,2755,2769,Goal
100,0.082521595,"[6.711083e-05, 0.21215537, 0.00042841202, 0.008368401, 0.00033969182, 0.2854905, 0.28164232, 0.21150818]",3943043,768,England,2,3773,3792,Shot
29,0.08120387,"[4.0143572e-05, 7.644962e-05, 6.634397e-05, 2.574194e-05, 3.3114986e-05, 1.1704068e-05, 0.001864247, 0.99788225]",3943043,772,Spain,1,1067,1083,Pass
60,0.080394045,"[9.5599275e-12, 1.7679944e-11, 5.938705e-10, 1.1850641e-08, 4.0163424e-09, 2.2032742e-07, 3.3076515e-07, 0.99999946]",3943043,772,Spain,1,2258,2270,Pass
110,0.079989836,"[0.0047941413, 4.5151614e-06, 0.00014970785, 0.0021903543, 0.00028278635, 0.55156076, 0.0074376445, 0.4335801]",3943043,772,Spain,2,4129,4144,Pass
58,0.0781262,"[1.9323114e-07, 2.832845e-07, 5.1937053e-07, 3.4740913e-07, 8.4094665e-07, 5.8329357e-07, 8.196663e-05, 0.99991524]",3943043,772,Spain,1,2147,2155,Pass
38,0.07679395,"[0.17278957, 0.009518103, 0.059746683, 0.14358744, 0.6143582, 0.0, 0.0, 0.0]",3943043,772,Spain,1,1374,1378,Pass
98,0.076708965,"[2.798364e-10, 3.4891556e-10, 2.0015176e-09, 9.8678e-10, 5.2290098e-08, 6.341487e-08, 0.50037086, 0.49962902]",3943043,768,England,2,3564,3575,Pass
124,0.075261146,"[0.1001472, 0.0017199006, 0.077345714, 0.55518997, 0.26559722, 0.0, 0.0, 0.0]",3943043,772,Spain,2,4697,4703,Pass
129,0.07517408,"[0.00020541884, 0.00024197652, 0.0020833437, 0.01533451, 0.05978162, 0.25277725, 0.520781, 0.14879496]",3943043,772,Spain,2,4868,4873,Shot
133,0.0745334,"[0.0021403038, 0.010518892, 0.0018101411, 0.020571047, 0.0020219625, 0.008825074, 0.001278808, 0.9528337]",3943043,772,Spain,2,5036,5043,Pass
69,0.07303872,"[4.29501e-08, 1.4015905e-09, 6.908086e-09, 3.8320906e-09, 5.565335e-07, 3.6788065e-06, 0.4995248, 0.50047094]",3943043,772,Spain,1,2522,2541,Pass
66,0.07190649,"[3.552356e-05, 0.00015903721, 2.595027e-06, 2.9024473e-05, 1.6221586e-05, 5.210415e-05, 0.0012153871, 0.9984901]",3943043,768,England,1,2448,2460,Pass
115,0.07184126,"[0.00063714397, 0.0006767205, 0.0041788835, 0.78864133, 0.20586592, 0.0, 0.0, 0.0]",3943043,772,Spain,2,4304,4310,Shot
10,0.07081095,"[0.13023116, 0.023063751, 0.03161928, 0.8150858, 0.0, 0.0, 0.0, 0.0]",3943043,772,Spain,1,287,294,Pass
69,0.069312684,"[9.541274e-05, 3.5591966e-06, 0.00036699534, 0.00014498639, 0.020125916, 4.171584e-06, 0.47968584, 0.49957314]",3943043,772,Spain,1,2527,2542,Pass
21,0.068159774,"[1.5664066e-08, 1.966741e-06, 7.991379e-06, 5.7171366e-07, 0.000104939885, 1.923584e-05, 0.48753196, 0.5123333]",3943043,772,Spain,1,656,668,Pass
81,0.06758137,"[7.50073e-10, 8.6212835e-11, 1.3399477e-10, 5.696638e-11, 2.7635747e-09, 3.005185e-07, 0.0007686495, 0.99923104]",3943043,772,Spain,2,2753,2768,Pass
69,0.066323385,"[8.36461e-08, 1.1969072e-07, 7.4427966e-08, 6.2295762e-06, 1.289288e-05, 0.024661167, 0.0016401268, 0.9736793]",3943043,772,Spain,1,2525,2542,Pass
27,0.06628766,"[0.13442987, 0.000842675, 0.0006959885, 0.0006297627, 0.000155947, 0.0012358956, 0.85238075, 0.009629092]",3943043,768,England,1,980,992,Shot
21,0.066264234,"[0.0010336734, 0.00075594545, 3.780392e-05, 0.001437089, 0.0002301397, 0.49398786, 0.48214567, 0.020371808]",3943043,772,Spain,1,657,673,Shot
97,0.063050054,"[2.5205816e-05, 5.27784e-05, 0.0024246895, 0.0009144401, 1.7370134e-05, 0.00028835493, 0.0022359358, 0.9940412]",3943043,772,Spain,2,3524,3530,Pass
69,0.06281537,"[1.6291325e-07, 1.4082332e-06, 1.2348448e-07, 2.1956967e-07, 1.3434944e-06, 5.446687e-06, 9.4020485e-05, 0.9998973]",3943043,772,Spain,1,2522,2539,Pass
26,0.061498705,"[4.821924e-07, 2.578614e-06, 4.467326e-06, 4.6902783e-06, 3.932073e-05, 3.2161406e-05, 0.00046224406, 0.999454]",3943043,768,England,1,870,881,Pass
27,0.06128876,"[0.00060913595, 0.001955212, 0.00040624783, 0.015945313, 0.0008724081, 0.012669586, 0.06026724, 0.90727484]",3943043,768,England,1,1002,1014,Pass
44,0.061105095,"[0.0007678089, 0.0013627075, 0.097082004, 0.18832463, 0.0008423652, 0.15296185, 0.35706288, 0.20159578]",3943043,772,Spain,1,1634,1647,Shot
133,0.060402982,"[0.0007066678, 0.0005656758, 0.004457073, 0.0008380148, 0.035938896, 0.012615022, 0.45595422, 0.48892444]",3943043,772,Spain,2,5033,5042,Pass
100,0.058997512,"[0.0006023676, 0.0006760287, 0.109710135, 0.001579088, 0.0012658973, 0.004286846, 0.4037457, 0.47813392]",3943043,768,England,2,3770,3791,Pass
81,0.05885376,"[6.927506e-05, 0.0003204389, 2.4989622e-05, 0.0007741396, 2.4946603e-05, 0.0013131835, 0.43435714, 0.5631159]",3943043,772,Spain,2,2752,2766,Pass
122,0.058685265,"[0.011059698, 0.0025061194, 0.0042523723, 0.0031662413, 0.9790156, 0.0, 0.0, 0.0]",3943043,768,England,2,4521,4530,Pass
106,0.058672614,"[0.0035443916, 0.2812342, 0.010272596, 0.65772915, 0.046840213, 0.0003794292, 0.0, 0.0]",3943043,772,Spain,2,3985,3993,Shot
97,0.058490712,"[0.003105249, 0.00042071476, 0.008679427, 0.008153491, 0.0042608124, 0.0057630287, 0.49138004, 0.4782372]",3943043,772,Spain,2,3526,3531,Pass
26,0.05809205,"[3.2554688e-08, 1.7686284e-08, 8.7123436e-07, 8.02584e-07, 1.0663576e-05, 3.595686e-06, 0.49442106, 0.50556296]",3943043,768,England,1,871,883,Pass
125,0.058074005,"[1.7580206e-07, 1.7159421e-06, 2.5080175e-07, 4.133219e-06, 5.148266e-07, 0.00031446337, 0.00056883495, 0.9991099]",3943043,772,Spain,2,4753,4762,Pass
12,0.057992335,"[0.0057736426, 0.0025758515, 0.0033838304, 0.00016423024, 0.0013747705, 0.048377708, 0.0007638117, 0.9375862]",3943043,772,Spain,1,420,431,Pass
133,0.05755407,"[0.0057029147, 0.015668266, 0.023535952, 0.015615974, 0.0045937723, 0.007503521, 0.4132467, 0.5141329]",3943043,772,Spain,2,5031,5042,Pass
98,0.057218492,"[1.4764577e-08, 3.9879123e-07, 7.488531e-07, 5.1856937e-06, 3.7843424e-07, 1.4359838e-05, 0.00013201537, 0.99984694]",3943043,768,England,2,3564,3573,Pass
133,0.056886844,"[0.00019978733, 0.0026967863, 0.00023178416, 0.093935564, 0.0010950742, 0.04141037, 0.015063745, 0.84536695]",3943043,772,Spain,2,5034,5043,Pass
134,0.056243166,"[2.8348058e-08, 1.737515e-09, 3.7931596e-08, 2.2408662e-08, 2.2126376e-06, 2.8994495e-07, 0.2573694, 0.7426281]",3943043,772,Spain,2,5080,5095,Pass
133,0.055550873,"[3.3144992e-05, 0.00082944013, 0.00027892305, 0.0017487288, 0.00046219936, 0.4913173, 0.0060829497, 0.4992473]",3943043,772,Spain,2,5023,5031,Pass
134,0.054916456,"[5.5430726e-05, 0.00019586014, 2.2677454e-05, 2.3475275e-06, 9.090518e-06, 6.337175e-06, 0.00013123544, 0.99957705]",3943043,772,Spain,2,5079,5092,Pass
133,0.054761384,"[0.0063758073, 0.00018405836, 0.049884357, 0.0073865447, 0.06095121, 0.00048489537, 0.85514826, 0.01958493]",3943043,772,Spain,2,5036,5043,Pass
60,0.054496422,"[5.0984722e-06, 5.50324e-05, 3.7832078e-06, 0.0013818719, 0.00015836464, 0.0014518707, 0.045917094, 0.95102686]",3943043,772,Spain,1,2224,2241,Pass
133,0.05447279,"[8.41196e-05, 0.0004224166, 0.0005770512, 4.012224e-05, 0.02151046, 0.001131045, 0.3796738, 0.596561]",3943043,772,Spain,2,5020,5028,Pass
133,0.05420976,"[3.3017718e-06, 2.6247462e-06, 3.4479188e-05, 3.3022785e-05, 0.00042599346, 1.3367603e-05, 0.48742342, 0.5120638]",3943043,772,Spain,2,5014,5026,Pass
60,0.053873636,"[0.054838866, 0.05781386, 0.006316367, 0.004192667, 0.0020323375, 0.005790917, 0.2213116, 0.6477034]",3943043,772,Spain,1,2243,2256,Pass
92,0.053395696,"[6.589531e-05, 0.00051105063, 0.008001671, 0.00011617464, 1.2510623e-05, 0.001659694, 0.18732981, 0.80230325]",3943043,772,Spain,2,3299,3317,Pass
125,0.052898448,"[2.6624173e-05, 1.6428798e-07, 6.1371966e-06, 1.091912e-06, 0.0017951825, 1.0193961e-05, 0.49845123, 0.49970943]",3943043,772,Spain,2,4753,4765,Pass
94,0.052845202,"[1.0130234e-07, 2.539716e-07, 3.220974e-08, 0.00026748006, 0.00013926887, 0.0005859588, 0.10192648, 0.8970804]",3943043,768,England,2,3375,3390,Pass
77,0.05229177,"[0.022189133, 0.016739475, 0.9610714, 0.0, 0.0, 0.0, 0.0, 0.0]",3943043,772,Spain,1,2763,2766,Pass
27,0.05225528,"[0.0006928013, 0.0011220991, 0.0034199674, 0.00090388895, 0.017239515, 0.0033960657, 0.46399018, 0.5092355]",3943043,768,England,1,1001,1014,Pass
12,0.052090503,"[7.0267786e-05, 0.00013005488, 1.2418872e-05, 0.055304334, 0.00014367397, 4.9829905e-05, 0.029372532, 0.9149169]",3943043,772,Spain,1,422,432,Pass
123,0.051919445,"[1.9101275e-07, 1.070923e-06, 2.9581483e-07, 0.0002512299, 1.827953e-05, 0.50522184, 0.028000746, 0.4665063]",3943043,772,Spain,2,4642,4651,Pass
125,0.051548775,"[7.888053e-06, 0.00011320623, 3.005685e-05, 0.063892476, 5.3316457e-05, 0.39400303, 0.49833494, 0.04356508]",3943043,772,Spain,2,4755,4766,Pass
133,0.051444273,"[1.4585571e-05, 5.862744e-07, 0.00017338594, 1.4876432e-05, 0.0003381471, 7.780055e-05, 0.5044224, 0.49495822]",3943043,772,Spain,2,5022,5030,Pass
110,0.051393166,"[0.01097615, 0.0064072735, 0.50112474, 0.12931874, 0.090635456, 0.0040492816, 0.0067319907, 0.25075638]",3943043,772,Spain,2,4138,4147,Shot
12,0.050845753,"[1.7167454e-06, 1.617045e-05, 3.597593e-06, 0.0002843249, 3.9126957e-05, 0.0017109343, 0.0017081283, 0.996236]",3943043,772,Spain,1,412,427,Pass
120,0.050598055,"[1.3027514e-05, 6.3068335e-08, 2.6340347e-06, 1.0789244e-05, 0.000724047, 3.147668e-05, 0.49747345, 0.50174457]",3943043,768,England,2,4438,4449,Pass
133,0.050501607,"[0.0001442024, 5.369632e-05, 0.00038986848, 0.0010481371, 0.00018498296, 0.31773633, 0.07038876, 0.610054]",3943043,772,Spain,2,5015,5027,Pass
74,0.050191097,"[0.0027104819, 0.0040379814, 0.4077486, 0.0038126053, 0.32139885, 0.009556396, 0.011209652, 0.2395254]",3943043,768,England,1,2640,2648,Shot
129,0.050188877,"[1.0040256e-06, 2.6613004e-06, 2.294489e-06, 6.969161e-06, 0.0014604455, 0.00011228105, 0.030946122, 0.96746826]",3943043,772,Spain,2,4862,4872,Pass
27,0.049780913,"[0.0036365965, 0.086530045, 0.00642146, 0.047261696, 0.33969378, 0.03162129, 0.05692914, 0.427906]",3943043,768,England,1,965,984,Shot
60,0.049199194,"[0.00025053511, 3.0692834e-05, 0.0024140086, 3.7938822e-05, 0.0172273, 0.003368454, 0.47782242, 0.49884868]",3943043,772,Spain,1,2222,2239,Pass
27,0.049172338,"[0.0022119093, 0.0048172325, 0.005664504, 0.17952088, 0.014518719, 0.01927207, 0.38708097, 0.38691372]",3943043,768,England,1,967,984,Shot
40,0.04901227,"[0.00023739181, 4.2463704e-05, 1.2019565e-05, 0.0006531529, 0.0031462186, 0.00093958445, 0.48047775, 0.51449144]",3943043,768,England,1,1445,1455,Pass
60,0.04887548,"[2.1572327e-05, 1.1224806e-06, 7.6273436e-06, 1.726344e-06, 7.4972504e-06, 0.00018407521, 0.00017443462, 0.99960196]",3943043,772,Spain,1,2231,2246,Pass
27,0.04874163,"[0.00032445756, 0.0001665951, 3.184924e-05, 0.0005017565, 3.431582e-05, 0.004771794, 0.017000789, 0.97716844]",3943043,768,England,1,955,979,Pass
60,0.048688505,"[0.033599734, 0.013290381, 0.008412635, 0.010817128, 0.027800603, 0.0037125985, 0.0021638128, 0.90020317]",3943043,772,Spain,1,2241,2255,Pass
2,0.048622377,"[0.032919854, 0.012662286, 0.9544179, 0.0, 0.0, 0.0, 0.0, 0.0]",3943043,768,England,1,0,4,Pass
56,0.048103973,"[0.019865222, 7.950948e-05, 0.0017274639, 0.00016545692, 0.051089674, 0.0001731535, 0.15948257, 0.76741695]",3943043,772,Spain,1,1999,2008,Pass
133,0.04752462,"[1.5321854e-07, 1.3342749e-06, 1.4852782e-07, 0.00034248328, 2.7271622e-06, 0.00014925144, 0.002621456, 0.99688244]",3943043,772,Spain,2,5021,5029,Pass
27,0.04750368,"[2.5962947e-05, 0.0003457365, 0.059263393, 0.004717392, 0.0023995286, 0.0062368847, 0.0072622104, 0.9197488]",3943043,768,England,1,970,987,Shot
60,0.046371613,"[0.04865568, 0.005040267, 0.0053123217, 0.0029925108, 0.001199915, 0.0014451282, 0.23767833, 0.6976759]",3943043,772,Spain,1,2234,2247,Pass
44,0.04596398,"[0.02023024, 0.029110268, 0.016476694, 0.009958077, 0.012216762, 0.01372233, 0.5068978, 0.39138782]",3943043,772,Spain,1,1629,1637,Pass
44,0.044894,"[0.0011696656, 0.05039149, 0.01080737, 0.03158876, 0.015544411, 0.0016633406, 0.40649623, 0.48233876]",3943043,772,Spain,1,1634,1645,Pass
117,0.044479296,"[0.00039252144, 0.0004141498, 0.0002532572, 0.0005166527, 0.0008636145, 0.00058131426, 0.022627674, 0.9743508]",3943043,768,England,2,4313,4320,Foul
92,0.044298682,"[4.716333e-05, 0.00075074675, 0.0009111335, 0.0005075775, 0.042879913, 0.0005599734, 0.41762596, 0.5367175]",3943043,772,Spain,2,3307,3322,Pass
12,0.04397033,"[3.9888393e-05, 2.1258318e-05, 0.14999387, 5.894039e-05, 1.7562821e-05, 0.005972271, 0.5426922, 0.30120403]",3943043,772,Spain,1,423,432,Pass
92,0.043969713,"[0.00062514405, 0.0011853764, 0.0012119013, 0.8335102, 0.00046769498, 0.019136451, 0.015098641, 0.12876458]",3943043,772,Spain,2,3307,3323,Shot
110,0.04371582,"[0.000106437226, 1.2626646e-06, 3.125647e-05, 0.00017710826, 0.09267856, 8.598833e-06, 0.03449671, 0.8725001]",3943043,772,Spain,2,4123,4138,Pass
117,0.043714676,"[1.8111854e-05, 5.982285e-06, 1.3323811e-05, 4.539507e-05, 0.00036479637, 0.25124288, 0.4171489, 0.33116063]",3943043,768,England,2,4315,4328,Goal
60,0.043498565,"[7.197541e-05, 0.00020455834, 9.516577e-05, 0.005755834, 5.1035913e-05, 0.010585413, 0.0296094, 0.95362663]",3943043,772,Spain,1,2220,2238,Pass
40,0.04330608,"[0.00026245104, 0.0016839551, 0.006100383, 0.0019025874, 0.13159752, 0.004484686, 0.34839037, 0.50557804]",3943043,768,England,1,1447,1455,Pass
56,0.04329661,"[0.00027835407, 0.0023547472, 0.0003702986, 0.34580117, 0.000494635, 0.05740012, 0.5777213, 0.015579386]",3943043,772,Spain,1,2000,2012,Pass
27,0.04323156,"[2.854204e-05, 5.1820436e-05, 2.6495461e-05, 0.0015662684, 7.8921716e-05, 0.005872028, 0.044136018, 0.9482399]",3943043,768,England,1,1001,1013,Pass
40,0.042594343,"[9.78255e-06, 3.5147434e-06, 9.702691e-05, 0.0038822999, 0.00022508584, 0.03713496, 0.002257796, 0.95638955]",3943043,768,England,1,1447,1455,Pass
123,0.04206414,"[1.0021674e-07, 3.9758245e-08, 7.604669e-08, 8.0321065e-08, 1.274115e-06, 8.604403e-07, 0.54246616, 0.4575314]",3943043,772,Spain,2,4640,4651,Pass
27,0.041482057,"[5.746869e-06, 1.873267e-05, 6.211645e-07, 3.8537644e-05, 0.0019125764, 1.2765115e-05, 0.47210467, 0.5259064]",3943043,768,England,1,952,970,Pass
100,0.041451976,"[0.0014881176, 0.0008921595, 9.244181e-05, 0.10116194, 0.0076959343, 0.0062930123, 0.03138852, 0.8509879]",3943043,768,England,2,3768,3789,Pass
87,0.041251637,"[1.9325228e-08, 8.63271e-08, 6.010701e-08, 8.896918e-06, 2.7102928e-07, 2.6425681e-05, 0.00013145055, 0.9998328]",3943043,768,England,2,2980,2989,Pass
107,0.04060197,"[0.016387202, 0.091969185, 0.89164364, 0.0, 0.0, 0.0, 0.0, 0.0]",3943043,772,Spain,2,4058,4060,Pass
44,0.040053975,"[0.0028068675, 0.00668976, 0.0024740812, 0.06393702, 0.003724792, 0.03390407, 0.054058574, 0.83240485]",3943043,772,Spain,1,1629,1635,Pass
133,0.03909448,"[4.442916e-06, 1.0690241e-05, 1.2580323e-05, 7.831711e-05, 0.00034065935, 0.00071707764, 0.00035732152, 0.9984789]",3943043,772,Spain,2,5011,5024,Pass
82,0.039087806,"[0.17370024, 0.024087386, 0.80221236, 0.0, 0.0, 0.0, 0.0, 0.0]",3943043,768,England,2,2841,2848,Pass
99,0.038982194,"[1.3105016e-06, 3.256706e-05, 2.7351578e-05, 0.00063330465, 0.0006146096, 0.0028388442, 0.010981915, 0.9848701]",3943043,768,England,2,3662,3672,Pass
110,0.038652524,"[9.62873e-07, 3.5476164e-06, 0.00032427997, 0.42201012, 1.0015623e-05, 0.0030612932, 0.08327908, 0.49131072]",3943043,772,Spain,2,4124,4140,Pass
32,0.0386091,"[5.0644143e-05, 8.763128e-05, 3.404615e-05, 0.00017112117, 0.0004961781, 0.12023895, 0.025107846, 0.8538136]",3943043,772,Spain,1,1237,1251,Pass
133,0.038582,"[0.01108323, 0.0027934145, 0.0020124149, 0.00089357805, 0.4322434, 0.006498423, 0.24454279, 0.29993275]",3943043,772,Spain,2,5024,5033,Pass
99,0.038484138,"[2.5222149e-05, 2.4676765e-06, 0.00011107721, 0.00018680886, 0.009588862, 0.00011939486, 0.48668385, 0.5032823]",3943043,768,England,2,3663,3673,Pass
27,0.03836109,"[0.0009682919, 0.0011302988, 0.0019401745, 0.0014902944, 0.41840032, 0.07123791, 0.31582204, 0.18901068]",3943043,768,England,1,959,980,Shot
60,0.03797581,"[0.00047929317, 8.8950066e-05, 0.0013251984, 0.0003630597, 0.05135925, 6.371698e-05, 0.3142498, 0.6320707]",3943043,772,Spain,1,2218,2234,Pass
12,0.037714254,"[6.720863e-07, 3.484655e-06, 8.9992056e-07, 0.0014249935, 8.060691e-05, 0.008626327, 0.0016814114, 0.9881816]",3943043,772,Spain,1,313,325,Pass
100,0.037702426,"[7.9801306e-05, 1.1377989e-05, 3.0784322e-05, 0.0017798116, 0.0006960501, 2.0100488e-05, 0.52534944, 0.47203267]",3943043,768,England,2,3762,3784,Pass
27,0.03758991,"[3.963938e-05, 0.00011289082, 6.051938e-05, 0.001209407, 0.013734651, 0.00027498772, 0.34086537, 0.6437025]",3943043,768,England,1,1000,1007,Pass
12,0.03756865,"[0.00017805852, 8.140318e-05, 0.00086694624, 0.00055036606, 0.0015652553, 0.37201405, 0.0007255051, 0.62401843]",3943043,772,Spain,1,418,430,Pass
12,0.0373015,"[8.047289e-06, 5.24002e-07, 0.0012702929, 0.00033936268, 0.0031960434, 0.00023438693, 0.4635647, 0.5313866]",3943043,772,Spain,1,314,327,Pass
121,0.036753904,"[0.0001332676, 0.0017269732, 0.00014758897, 0.026773464, 0.00056319917, 0.44277516, 0.103062585, 0.42481774]",3943043,768,England,2,4479,4489,Pass
91,0.036686443,"[0.01546329, 0.027014924, 0.006939234, 0.0023852696, 0.016300736, 0.006575412, 0.2965306, 0.62879056]",3943043,772,Spain,2,3244,3251,Pass
121,0.03636705,"[0.00012707013, 1.681131e-05, 0.0005517919, 2.4664756e-05, 0.0017555199, 0.00017276095, 0.5113437, 0.48600757]",3943043,768,England,2,4478,4487,Pass
24,0.03627251,"[1.8645751e-06, 3.6831348e-06, 1.8219778e-05, 2.3573878e-06, 0.00133968, 4.6714475e-05, 0.43249395, 0.56609356]",3943043,772,Spain,1,814,827,Pass
117,0.036215335,"[0.0050939103, 0.011927251, 0.0028842976, 0.00378389, 0.0027710786, 0.101958886, 0.4050973, 0.46648338]",3943043,768,England,2,4315,4327,Foul
40,0.03601101,"[0.00023589635, 0.00084718183, 0.00042113155, 0.00028830566, 0.001849789, 0.005445189, 0.005338824, 0.9855737]",3943043,768,England,1,1445,1453,Pass
32,0.035930555,"[0.00012249617, 3.9730887e-05, 0.001200472, 5.9522506e-05, 0.010437084, 0.00030120416, 0.36168975, 0.6261497]",3943043,772,Spain,1,1234,1240,Pass
92,0.035896488,"[0.027623592, 0.0039730323, 0.00504546, 0.0012004648, 0.004824234, 0.36556017, 0.036669746, 0.5551033]",3943043,772,Spain,2,3304,3321,Pass
111,0.03559166,"[0.0018160106, 0.0010845346, 0.3106578, 0.5563076, 0.00010510125, 0.00075696077, 0.12927198, 0.0]",3943043,768,England,2,4194,4209,Shot
27,0.035349306,"[0.00072833727, 0.0014658738, 0.00063986535, 0.46822506, 0.014213198, 0.008120743, 0.17939919, 0.32720774]",3943043,768,England,1,961,981,Shot
121,0.035312653,"[0.0073039015, 0.00018798844, 0.020453695, 0.0021170513, 0.44545043, 0.003783493, 0.41374394, 0.10695952]",3943043,768,England,2,4482,4489,Pass
98,0.034992047,"[0.0109979175, 0.002126292, 0.09134254, 0.0016020043, 0.004142146, 0.0015223694, 0.13332823, 0.7549386]",3943043,768,England,2,3575,3587,Pass
83,0.034793317,"[0.003251436, 0.00792864, 0.0024117983, 0.003935358, 0.016232125, 0.0015575459, 0.023216987, 0.9414661]",3943043,772,Spain,2,2876,2893,Pass
15,0.034751493,"[9.4243595e-05, 0.0014898127, 3.845442e-05, 4.5609904e-05, 7.469837e-05, 0.0028319496, 0.0006885161, 0.9947367]",3943043,772,Spain,1,471,480,Pass
94,0.034478724,"[0.0036060426, 0.019253416, 0.010184583, 0.012936002, 0.034182556, 0.034084912, 0.003540287, 0.8822122]",3943043,768,England,2,3374,3389,Pass
136,0.034364562,"[4.0480416e-05, 1.9495508e-06, 3.1840261e-06, 8.7854714e-05, 4.05009e-05, 0.0011382162, 0.5262671, 0.4724208]",3943043,772,Spain,2,5146,5155,Pass
100,0.03403324,"[3.149085e-05, 0.00020911769, 0.0012160742, 0.0010361709, 5.6354504e-05, 0.5507033, 0.0854767, 0.36127082]",3943043,768,England,2,3763,3785,Pass
133,0.03397831,"[0.002338045, 0.045860127, 0.035710827, 0.016583117, 0.02496412, 0.047413737, 0.100486614, 0.72664344]",3943043,772,Spain,2,5029,5038,Pass
12,0.033655494,"[0.0014593584, 0.01207144, 0.00087862666, 0.0015265291, 0.00326923, 0.00811692, 0.2731517, 0.69952613]",3943043,772,Spain,1,416,428,Pass
27,0.033597082,"[0.0031481949, 0.00097190955, 0.4417826, 0.03145701, 0.01694082, 0.29757696, 0.05105067, 0.15707181]",3943043,768,England,1,964,983,Shot
58,0.03351942,"[0.00080964534, 0.022028174, 0.0005948412, 0.4365575, 0.0032761907, 0.53088844, 0.0046141567, 0.0012310842]",3943043,772,Spain,1,2094,2104,Shot
58,0.033482496,"[0.0007937125, 0.00040980324, 0.012512398, 0.00040172396, 0.43643093, 0.0027104397, 0.5410128, 0.005728186]",3943043,772,Spain,1,2093,2104,Shot
46,0.03347716,"[0.0051716925, 0.00087332836, 0.0016632449, 0.0010049366, 0.24347864, 0.1970819, 0.17372519, 0.37700105]",3943043,768,England,1,1696,1714,Pass
98,0.033432752,"[0.0004322966, 0.19204578, 0.0035077522, 0.015972253, 0.0013569377, 0.028876148, 0.3909884, 0.36682042]",3943043,768,England,2,3577,3587,Pass
58,0.033093378,"[6.227354e-06, 0.00019906685, 0.0001305643, 0.04602296, 0.0017471435, 0.098906845, 0.031321142, 0.8216661]",3943043,772,Spain,1,2144,2154,Pass
12,0.033088528,"[0.009729744, 0.0019881458, 0.0018901634, 0.011828394, 0.0016048794, 0.010752868, 0.9151269, 0.04707888]",3943043,772,Spain,1,418,429,Pass
32,0.032980833,"[4.7957838e-05, 0.00017683135, 4.8757287e-05, 0.0001700411, 0.0032850078, 0.0009860728, 0.320855, 0.6744303]",3943043,772,Spain,1,1169,1174,Foul
98,0.032859284,"[0.15510723, 0.017665204, 0.0013322111, 0.31818908, 0.0010493508, 0.0022507873, 0.006570312, 0.49783581]",3943043,768,England,2,3573,3584,Pass
9,0.03265103,"[4.556262e-05, 4.2520038e-05, 0.00014550923, 0.0026742031, 0.00012833609, 0.2013824, 0.3224925, 0.47308898]",3943043,772,Spain,1,237,255,Pass
63,0.03264934,"[0.010979832, 0.0030035616, 0.0021651997, 0.007124968, 0.0058671534, 0.0032942088, 0.3769741, 0.59059095]",3943043,768,England,1,2357,2374,Pass
91,0.03237789,"[0.0022389437, 0.02994454, 0.0038941987, 0.09072517, 0.0043387827, 0.11556212, 0.53552896, 0.2177673]",3943043,772,Spain,2,3245,3255,Shot
98,0.032344013,"[0.0006422285, 3.210524e-05, 0.0014564263, 0.0020231227, 0.035197344, 0.0011209421, 0.3171885, 0.64233935]",3943043,768,England,2,3562,3572,Pass
121,0.03230489,"[1.6052525e-05, 0.0005213774, 0.00024991008, 0.011071892, 0.0002132146, 0.0075499564, 0.020600373, 0.9597772]",3943043,768,England,2,4473,4486,Pass
32,0.032252055,"[0.03946722, 0.003608897, 0.009141046, 0.00010656768, 0.003974694, 0.00060598826, 0.0064379284, 0.93665767]",3943043,772,Spain,1,1235,1245,Pass
136,0.032160267,"[7.487786e-06, 1.7209255e-05, 2.3611433e-06, 5.315708e-06, 3.824453e-05, 2.386635e-05, 0.003765677, 0.9961399]",3943043,772,Spain,2,5143,5153,Pass
89,0.032154784,"[1.0672524e-05, 5.0235362e-06, 3.0840358e-06, 6.2486583e-06, 2.3567202e-06, 0.00011401225, 0.005640665, 0.99421793]",3943043,768,England,2,3069,3078,Pass
60,0.03212337,"[0.028121682, 0.030464709, 0.0054599647, 0.0027120595, 0.01819386, 0.14642178, 0.4234181, 0.3452078]",3943043,772,Spain,1,2239,2251,Pass
123,0.032111287,"[4.971958e-07, 1.7680176e-06, 4.2617972e-07, 1.5156288e-05, 8.3381417e-07, 0.000397763, 0.0002043244, 0.9993793]",3943043,772,Spain,2,4637,4649,Pass
44,0.03210658,"[0.0025628973, 0.07366606, 0.0027931174, 0.0056112367, 0.017253442, 0.00635436, 0.5155898, 0.37616915]",3943043,772,Spain,1,1626,1632,Pass
142,0.031949125,"[0.25070834, 0.038846467, 0.32728398, 0.38316125, 0.0, 0.0, 0.0, 0.0]",3943043,768,England,2,5447,5454,Foul
66,0.031732056,"[0.008733471, 0.013314205, 0.0011377071, 0.0063877697, 0.0009355035, 0.0016406386, 0.5281417, 0.43970895]",3943043,768,England,1,2445,2455,Pass
58,0.03172102,"[7.50334e-05, 1.1876198e-05, 0.0008594802, 0.0011402695, 0.03806571, 0.003387375, 0.46010748, 0.49635282]",3943043,772,Spain,1,2143,2151,Pass
98,0.031662095,"[0.021388486, 0.087500185, 0.048699066, 0.17982727, 0.25739154, 0.015688818, 0.21982792, 0.16967674]",3943043,768,England,2,3572,3583,Pass
12,0.031629886,"[0.00011200051, 5.2801857e-05, 0.00025170096, 0.0019920445, 0.030629206, 0.17194465, 0.0059976173, 0.78902]",3943043,772,Spain,1,318,332,Pass
130,0.031592622,"[1.1296417e-05, 0.0028013315, 6.6856664e-05, 0.038707685, 0.0006679063, 0.14433284, 0.035176802, 0.7782352]",3943043,772,Spain,2,4919,4929,Pass
46,0.03135876,"[9.30178e-05, 0.0052155904, 0.0006599968, 0.007436515, 0.00068738934, 0.09008965, 0.34858212, 0.5472357]",3943043,768,England,1,1693,1713,Pass
89,0.03135132,"[0.0052448977, 0.0014258289, 0.008228522, 0.0025979427, 0.010533907, 0.00039102026, 0.37809902, 0.59347886]",3943043,768,England,2,3068,3077,Pass
100,0.031247543,"[1.4088397e-05, 0.0017471282, 0.00042363492, 1.856104e-05, 0.5414883, 0.03260768, 0.13247366, 0.29122698]",3943043,768,England,2,3766,3786,Pass
99,0.031247543,"[0.00021383831, 2.6990683e-05, 0.0028804298, 0.006313988, 0.014071816, 0.013606516, 0.48942408, 0.47346237]",3943043,768,England,2,3661,3670,Pass
99,0.031247543,"[0.015818454, 0.0019510586, 0.009092468, 0.0017244152, 0.00011615062, 0.022641856, 0.5745708, 0.3740849]",3943043,768,England,2,3644,3657,Pass
4,0.031247543,"[7.0644883e-06, 4.8491984e-06, 5.5724973e-05, 7.8984285e-06, 0.00011656453, 8.565167e-05, 0.53594625, 0.46377596]",3943043,772,Spain,1,68,91,Pass
64,0.031247543,"[0.00015687304, 2.5013378e-05, 0.0010127889, 9.19775e-05, 0.0036544062, 6.730489e-05, 0.13113117, 0.8638605]",3943043,772,Spain,1,2398,2414,Pass
42,0.031247543,"[0.041079532, 0.012077498, 0.013975039, 0.0026060487, 0.016903697, 0.042586893, 0.079735406, 0.79103595]",3943043,768,England,1,1467,1478,Pass
83,0.031247543,"[0.0053797695, 0.017062625, 0.014408148, 0.00046709296, 0.00885378, 0.020392776, 0.5128936, 0.42054218]",3943043,772,Spain,2,2879,2896,Pass
60,0.031247543,"[5.567821e-05, 0.00019884486, 0.0004444881, 0.004614811, 0.010107861, 0.0046559223, 0.34433737, 0.63558495]",3943043,772,Spain,1,2258,2269,Pass
94,0.031247543,"[5.4628904e-06, 3.31258e-06, 0.009992174, 0.0015424604, 0.0039969273, 0.19536065, 0.15000142, 0.63909763]",3943043,768,England,2,3377,3392,Pass
146,0.031247543,"[0.09785108, 0.013183806, 0.11579703, 0.7731681, 0.0, 0.0, 0.0, 0.0]",3943043,768,England,2,5560,5567,Foul
133,0.031247543,"[0.0012969177, 0.0032683127, 0.0016255688, 0.4704756, 0.009815779, 0.03490841, 0.13957603, 0.33903337]",3943043,772,Spain,2,5026,5034,Pass
130,0.031247543,"[4.345751e-05, 1.9792184e-05, 0.0036882276, 0.0007334221, 0.0060806302, 0.001981918, 0.48167458, 0.505778]",3943043,772,Spain,2,4917,4927,Pass
133,0.031247543,"[0.13144472, 0.043955833, 0.014413367, 0.0055942577, 0.0181843, 0.009124786, 0.471762, 0.3055207]",3943043,772,Spain,2,5030,5039,Pass
60,0.031243611,"[0.00014200016, 0.0020257283, 0.00020596152, 0.0014072869, 0.0013534209, 0.018431589, 0.018772727, 0.9576613]",3943043,772,Spain,1,2202,2214,Pass
130,0.031239862,"[0.00091399916, 0.00055996655, 0.0031079112, 0.015431142, 0.011111837, 0.0011140836, 0.5096053, 0.45815575]",3943043,772,Spain,2,4909,4919,Pass
98,0.031215876,"[0.012040618, 0.030824427, 0.005827795, 0.009865927, 0.009850121, 0.059770934, 0.281774, 0.59004617]",3943043,768,England,2,3569,3579,Pass
123,0.031179987,"[0.00018289925, 8.398442e-05, 0.0013103259, 0.00032495568, 0.0072497814, 0.007636857, 0.4900805, 0.4931307]",3943043,772,Spain,2,4594,4605,Pass
58,0.03114473,"[0.012916889, 0.0005599681, 0.3889413, 0.015815567, 0.5227652, 0.006435845, 0.00096222665, 0.051603086]",3943043,772,Spain,1,2095,2107,Shot
56,0.031112337,"[0.00043184226, 5.4167645e-05, 8.5561725e-05, 5.1902283e-05, 0.0031813378, 0.0072121643, 0.50681955, 0.4821635]",3943043,772,Spain,1,1983,1998,Pass
64,0.031075602,"[0.00019013672, 0.017455276, 0.0002696664, 0.1531336, 0.0017924391, 0.050156135, 0.3841374, 0.3928654]",3943043,772,Spain,1,2399,2417,Pass
58,0.031015897,"[0.002671317, 0.000150496, 0.04924478, 0.0019814353, 0.17302278, 0.007771288, 0.21706948, 0.54808843]",3943043,772,Spain,1,2146,2154,Pass
32,0.031002881,"[0.05356041, 0.021633292, 0.015338122, 0.019895928, 0.027129686, 0.0058011934, 0.07354201, 0.7830994]",3943043,772,Spain,1,1174,1190,Pass
12,0.030982133,"[5.0357878e-05, 2.6700887e-05, 0.00047525362, 0.00032669608, 0.0075008585, 0.0009653928, 0.5082766, 0.48237818]",3943043,772,Spain,1,411,423,Pass
58,0.030965941,"[0.0003727852, 0.35137343, 0.0025773395, 0.5198896, 0.0028423946, 0.0004575919, 0.013561286, 0.108925566]",3943043,772,Spain,1,2097,2111,Shot
32,0.030963684,"[8.74942e-05, 0.00086236926, 0.0006604709, 0.005399734, 6.166788e-05, 0.011750241, 0.09150462, 0.8896735]",3943043,772,Spain,1,1181,1194,Pass
99,0.030952627,"[0.00093135785, 0.05885698, 0.0027478607, 0.017315244, 0.008143503, 0.27403256, 0.10307354, 0.53489894]",3943043,768,England,2,3675,3690,Foul
99,0.030929929,"[0.0007626829, 0.006918836, 0.0012745586, 0.01165351, 0.0011637418, 0.0012450959, 0.052543994, 0.92443764]",3943043,768,England,2,3643,3655,Pass
44,0.030867767,"[0.090619706, 0.004882928, 0.027346354, 0.039850198, 0.012923066, 0.28124478, 0.05816487, 0.4849681]",3943043,772,Spain,1,1627,1634,Pass
92,0.030817926,"[0.020849477, 0.0040662265, 0.03422266, 0.00096183945, 0.0011079053, 0.0006888728, 0.0010957894, 0.93700725]",3943043,772,Spain,2,3302,3318,Pass
4,0.030815845,"[0.0002685491, 0.000133912, 5.571112e-05, 0.0007193714, 0.00012570588, 0.00070818944, 0.0007766598, 0.99721193]",3943043,772,Spain,1,67,88,Pass
98,0.030776495,"[0.00040766213, 0.0060899016, 0.00056356454, 0.004759804, 0.004924573, 0.08886547, 0.029011361, 0.86537766]",3943043,768,England,2,3561,3572,Pass
94,0.03067491,"[0.0025815163, 0.00070335757, 0.0013969345, 0.0010089983, 0.0038669724, 0.12465941, 0.14875044, 0.7170324]",3943043,768,England,2,3370,3389,Pass
99,0.030663827,"[0.0071247895, 0.038608737, 0.0040265, 0.011198983, 0.018080238, 0.031400546, 0.051715285, 0.8378449]",3943043,768,England,2,3650,3663,Pass
89,0.030647425,"[0.00030134036, 0.00024881246, 0.005486033, 0.008388923, 0.006292983, 0.006256076, 0.019434355, 0.95359147]",3943043,768,England,2,3056,3064,Pass
99,0.030556343,"[0.0009193028, 0.0014720408, 0.012489943, 0.0018819245, 0.028476048, 0.0067521194, 0.4588061, 0.48920256]",3943043,768,England,2,3665,3675,Pass
89,0.03052569,"[0.0054079005, 0.014803477, 0.032033507, 0.017370535, 0.07364847, 0.013443554, 0.36365598, 0.4796366]",3943043,768,England,2,3064,3075,Pass
32,0.030504039,"[0.001629929, 0.002088304, 0.00089938764, 0.00026847253, 0.006298282, 0.06136564, 0.6455894, 0.28186056]",3943043,772,Spain,1,1182,1196,Pass
81,0.030359887,"[0.001276369, 0.020314086, 0.005284689, 0.005201044, 0.009168396, 0.007897272, 0.025771065, 0.9250871]",3943043,772,Spain,2,2751,2763,Pass
132,0.030303277,"[0.0025134322, 0.0034958292, 0.0036514823, 0.0048248027, 0.00512305, 0.0053269058, 0.97506446, 0.0]",3943043,768,England,2,4971,4977,Pass
98,0.03028243,"[0.0027862561, 0.004354978, 0.004575115, 0.28624037, 0.030727178, 0.0031899349, 0.24602409, 0.42210203]",3943043,768,England,2,3570,3581,Pass
21,0.030274462,"[3.3422122e-05, 5.976628e-05, 0.016548287, 0.009037815, 0.000545398, 0.0054236706, 0.013424753, 0.9549269]",3943043,772,Spain,1,655,665,Pass
44,0.030255614,"[0.011916466, 0.002779011, 0.00925196, 0.0024532427, 0.004829887, 0.008365923, 0.035890277, 0.9245132]",3943043,772,Spain,1,1613,1626,Pass
89,0.030219864,"[0.0007346063, 0.00042257892, 0.0008517568, 0.00086661987, 0.0010326307, 0.006172794, 0.11180584, 0.8781132]",3943043,768,England,2,3058,3068,Pass
120,0.030179754,"[0.000118883785, 0.000832803, 4.8529815e-05, 0.009855194, 0.00033155462, 0.005802994, 0.005828436, 0.9771816]",3943043,768,England,2,4438,4448,Pass
121,0.030141419,"[0.0008527088, 0.00073367154, 0.008910887, 0.0037450981, 0.069769606, 0.0027698323, 0.48130596, 0.4319123]",3943043,768,England,2,4471,4485,Pass
44,0.030087119,"[0.0489437, 0.007902555, 0.023590613, 0.001929879, 0.040215377, 0.01684493, 0.12481504, 0.73575795]",3943043,772,Spain,1,1624,1631,Pass
89,0.030064493,"[0.0011712352, 0.00054491014, 0.0019504244, 0.0023944809, 0.0032656402, 0.00040596415, 0.49575043, 0.49451697]",3943043,768,England,2,3031,3044,Pass
99,0.029954612,"[0.0038362632, 0.0058190525, 0.16128783, 0.015432565, 0.004188175, 0.013237307, 0.2970246, 0.49917424]",3943043,768,England,2,3674,3687,Pass
12,0.029911134,"[0.0006666939, 0.00073237525, 0.00077266333, 0.00023116123, 0.020011278, 0.0068541816, 0.46403185, 0.50669986]",3943043,772,Spain,1,311,324,Pass
98,0.029875731,"[0.00059622695, 0.008020477, 0.0002956847, 0.017168185, 0.050131723, 0.0018640793, 0.68363816, 0.23828539]",3943043,768,England,2,3581,3589,Pass
12,0.029815696,"[0.0030136239, 0.0012487394, 0.0020298092, 0.000993442, 0.0022956387, 0.0262826, 0.051936366, 0.9121998]",3943043,772,Spain,1,311,323,Pass
98,0.02981362,"[0.002706981, 0.0034864466, 0.102151215, 0.07239481, 0.0033449286, 0.34243062, 0.10031124, 0.3731738]",3943043,768,England,2,3572,3582,Pass
60,0.029793166,"[0.0059379768, 0.0001262781, 0.038920607, 0.006233586, 0.036782037, 0.003344408, 0.3132786, 0.5953766]",3943043,772,Spain,1,2229,2243,Pass
87,0.029740239,"[0.00077233394, 0.0010163133, 0.00052296714, 0.0007311557, 0.008094204, 0.0017403353, 0.3038584, 0.68326426]",3943043,768,England,2,2978,2987,Pass
44,0.029717293,"[0.00018032671, 7.696364e-05, 0.0001353457, 0.0003679051, 0.00603534, 0.0009868742, 0.40847772, 0.5837395]",3943043,772,Spain,1,1612,1624,Pass
44,0.02971104,"[0.015910583, 0.013036852, 0.0035054514, 0.012268739, 0.04475679, 0.014077639, 0.46502852, 0.43141547]",3943043,772,Spain,1,1620,1629,Pass
44,0.029672427,"[0.01168862, 0.054887466, 0.019412477, 0.0066097872, 0.14782324, 0.020781271, 0.42924038, 0.30955675]",3943043,772,Spain,1,1628,1634,Pass
89,0.029638913,"[0.0017780374, 0.0070550856, 0.00534979, 0.046317894, 0.0029060089, 0.025137166, 0.022248847, 0.8892072]",3943043,768,England,2,3066,3076,Pass
42,0.029468382,"[0.053842746, 0.04510913, 0.011423558, 0.012471407, 0.008904615, 0.008989932, 0.46226627, 0.39699233]",3943043,768,England,1,1466,1476,Pass
60,0.029456541,"[0.0015628396, 0.00031609458, 0.0023306182, 0.0035982514, 0.05507227, 0.032227494, 0.047509693, 0.85738266]",3943043,772,Spain,1,2257,2268,Pass
56,0.029307453,"[0.00039759517, 0.0008410095, 4.4749977e-05, 0.00017237125, 3.1692703e-05, 0.002127339, 0.031995457, 0.9643898]",3943043,772,Spain,1,1982,1997,Pass
50,0.029268917,"[0.028760254, 0.016195072, 0.010941654, 0.0065069636, 0.0054169456, 0.012578597, 0.06339988, 0.85620064]",3943043,772,Spain,1,1768,1782,Pass
60,0.02921131,"[0.0013479983, 0.00024677784, 0.0024263023, 0.001529435, 0.026127124, 0.0038972425, 0.44586316, 0.518562]",3943043,772,Spain,1,2205,2216,Pass
44,0.029199082,"[0.036287338, 0.013301461, 0.005626538, 0.0016657955, 0.01897318, 0.04999773, 0.046453368, 0.82769465]",3943043,772,Spain,1,1618,1628,Pass
60,0.0291747,"[0.006809049, 0.03948954, 0.0020021675, 0.010343379, 0.00064840296, 0.009862519, 0.0025704564, 0.9282745]",3943043,772,Spain,1,2216,2231,Pass
99,0.029079467,"[0.00041563393, 0.00045782418, 0.0006693035, 0.022597445, 0.0016846758, 0.12127539, 0.03699083, 0.8159089]",3943043,768,England,2,3664,3674,Pass
12,0.029015262,"[0.00031149414, 0.00052714115, 0.0013698576, 0.014042487, 0.23522103, 0.0018222274, 0.24245021, 0.5042556]",3943043,772,Spain,1,323,333,Pass
130,0.028891452,"[0.0018451196, 0.0013824501, 0.0018039879, 0.008915326, 0.06575637, 0.16223548, 0.08814973, 0.6699115]",3943043,772,Spain,2,4887,4900,Pass
110,0.028818587,"[0.08861592, 0.027043581, 0.066651516, 0.6147399, 0.0011904007, 0.006017708, 0.02479906, 0.17094195]",3943043,772,Spain,2,4133,4146,Pass
89,0.028794851,"[0.0020575083, 0.008178112, 0.052737076, 0.023746874, 0.042534273, 0.042710494, 0.073817424, 0.7542183]",3943043,768,England,2,3063,3074,Pass
58,0.028701497,"[0.015929589, 0.0046292194, 0.009838176, 0.008126157, 0.017147008, 0.024071954, 0.07390638, 0.84635156]",3943043,772,Spain,1,2132,2146,Pass
133,0.028690737,"[0.029153494, 0.08390727, 0.0111579895, 0.008220276, 0.011226298, 0.08999925, 0.49744037, 0.26889503]",3943043,772,Spain,2,5010,5023,Pass
63,0.028657211,"[0.05176507, 0.0137980245, 0.009191466, 0.0078086574, 0.01311891, 0.19928667, 0.3686986, 0.33633265]",3943043,768,England,1,2359,2375,Pass
42,0.028623486,"[0.03925775, 0.017307486, 0.0074757496, 0.057498943, 0.033860307, 0.0026164504, 0.11077764, 0.73120576]",3943043,768,England,1,1468,1478,Foul
99,0.028605241,"[0.0034162533, 0.07298172, 0.009315964, 0.0036376144, 0.04666086, 0.025749266, 0.34607333, 0.49216503]",3943043,768,England,2,3655,3666,Pass
58,0.02855106,"[0.38012278, 0.0065713855, 0.3103095, 0.011565445, 0.0014153956, 0.0072681936, 0.047938302, 0.23480904]",3943043,772,Spain,1,2098,2112,Shot
89,0.02850471,"[0.004379624, 0.0031155746, 0.015764104, 0.0110839065, 0.01741748, 0.0058075255, 0.42495963, 0.5174722]",3943043,768,England,2,3057,3066,Pass
32,0.02848516,"[0.026116373, 0.024608709, 0.008057861, 0.006043155, 0.0026395188, 0.07935133, 0.039452866, 0.8137302]",3943043,772,Spain,1,1219,1234,Pass
29,0.028419562,"[0.0011422095, 0.0020800938, 0.0011062812, 0.004115158, 0.007321797, 0.003653637, 0.21160482, 0.76897603]",3943043,772,Spain,1,1066,1080,Pass
32,0.02837208,"[0.004976394, 0.0730119, 0.0051610623, 0.0053550457, 0.007265881, 0.015797924, 0.5195882, 0.36884367]",3943043,772,Spain,1,1236,1247,Pass
98,0.02829172,"[0.11371778, 0.0020950276, 0.009181143, 0.0021575522, 0.011073116, 0.05939782, 0.031240497, 0.77113706]",3943043,768,England,2,3579,3588,Pass
99,0.028114187,"[4.3789576e-05, 0.0004179542, 3.728988e-05, 0.010242112, 0.0071608243, 0.0074371505, 0.09457479, 0.8800861]",3943043,768,England,2,3657,3669,Pass
133,0.028009504,"[0.051238727, 0.027657973, 0.041230977, 0.004713552, 0.008472781, 0.0024973257, 0.06048912, 0.80369955]",3943043,772,Spain,2,5006,5022,Pass
89,0.027976679,"[0.0022311537, 0.0019643847, 0.0051864726, 0.005944067, 0.0071835616, 0.009271541, 0.012224513, 0.9559943]",3943043,768,England,2,3026,3042,Pass
60,0.027956754,"[0.013701678, 0.025562273, 0.017323213, 0.014227311, 0.006478664, 0.022130476, 0.50463885, 0.3959375]",3943043,772,Spain,1,2238,2250,Pass
60,0.027888663,"[0.081126206, 0.032040183, 0.0046993126, 0.05340192, 0.021487383, 0.1429214, 0.57337433, 0.09094935]",3943043,772,Spain,1,2245,2257,Pass
83,0.027573552,"[0.0016451003, 0.004135127, 0.0034581735, 0.0047551547, 0.0044358703, 0.010152701, 0.1141091, 0.85730875]",3943043,772,Spain,2,2873,2891,Pass
110,0.027268872,"[0.036170598, 0.07643597, 0.025117666, 0.034661815, 0.3251863, 0.0014024469, 0.2705245, 0.2305007]",3943043,772,Spain,2,4131,4146,Pass
83,0.027126886,"[0.013554442, 0.0055276887, 0.0080879945, 0.010670742, 0.0008277447, 0.007571918, 0.03474419, 0.9190153]",3943043,772,Spain,2,2878,2894,Pass
130,0.027076002,"[0.00023670639, 0.0019432101, 0.0009810454, 0.008483492, 0.042476136, 0.031287298, 0.020782901, 0.89380926]",3943043,772,Spain,2,4906,4917,Pass
99,0.026751138,"[0.013731326, 0.017644394, 0.16074757, 0.017769935, 0.0880401, 0.014757935, 0.035287485, 0.6520213]",3943043,768,England,2,3642,3653,Pass
83,0.026720649,"[0.0017282543, 0.00248106, 0.0012073318, 0.0028602304, 0.0018443225, 0.06395105, 0.3082116, 0.6177162]",3943043,772,Spain,2,2875,2893,Pass
99,0.02668969,"[0.0018534324, 0.0024572248, 0.0025053152, 0.00442389, 0.006364705, 0.058327254, 0.0666707, 0.8573975]",3943043,768,England,2,3646,3661,Pass
123,0.026612282,"[0.00038888393, 0.004969058, 0.0011897701, 0.056797624, 0.009261459, 0.1606709, 0.11855235, 0.64817]",3943043,772,Spain,2,4595,4613,Pass
97,0.02659903,"[0.013626788, 0.05635296, 0.014800473, 0.041486006, 0.06883061, 0.017198516, 0.27345484, 0.51424986]",3943043,772,Spain,2,3522,3529,Pass
12,0.026580954,"[0.0017271427, 0.002618775, 0.0030709621, 0.0012076079, 0.011776787, 0.005799867, 0.10440013, 0.8693987]",3943043,772,Spain,1,315,328,Pass
133,0.026400138,"[0.0056053316, 0.004853474, 0.034890383, 0.0014335447, 0.007183334, 0.0135919945, 0.06545778, 0.8669841]",3943043,772,Spain,2,5004,5020,Pass
60,0.02638754,"[0.00031873398, 0.06491658, 0.010572152, 0.24975926, 0.0046712765, 0.048662692, 0.37971723, 0.24138206]",3943043,772,Spain,1,2230,2245,Pass
27,0.026257813,"[0.081204385, 0.021583512, 0.051756367, 0.023899505, 0.00591033, 0.013987551, 0.19888988, 0.6027685]",3943043,768,England,1,983,995,Pass
99,0.02619347,"[0.002297163, 0.0047678174, 0.0051636915, 0.008867592, 0.06742157, 0.020469025, 0.6758449, 0.21516827]",3943043,768,England,2,3649,3662,Pass
123,0.02616516,"[0.0056480784, 0.0025256844, 0.032366, 0.024042249, 0.10877073, 0.044507843, 0.47673544, 0.30540398]",3943043,772,Spain,2,4599,4614,Pass
58,0.026132721,"[0.025808923, 0.0628101, 0.024832845, 0.017836716, 0.033355758, 0.027168093, 0.39535347, 0.4128341]",3943043,772,Spain,1,2135,2147,Pass
125,0.026097858,"[0.00035552963, 5.1371993e-05, 0.00061788893, 0.0028673848, 0.016036084, 0.06908243, 0.39880598, 0.51218337]",3943043,772,Spain,2,4733,4748,Pass
133,0.026073204,"[0.005925922, 0.020034162, 0.073007226, 0.03949781, 0.062931165, 0.041861463, 0.15164426, 0.60509807]",3943043,772,Spain,2,5027,5036,Pass
12,0.02605987,"[0.00018251372, 0.00024237584, 0.0003263598, 0.004938509, 0.0022028384, 0.0086607635, 0.012920403, 0.9705263]",3943043,772,Spain,1,409,422,Pass
133,0.026056,"[0.080272794, 0.049817745, 0.047541074, 0.055400547, 0.038375236, 0.049405158, 0.5008757, 0.17831178]",3943043,772,Spain,2,5028,5036,Pass
67,0.026014388,"[0.00020463316, 0.002287567, 0.0005646732, 0.0076637166, 0.009786318, 0.037858915, 0.08195346, 0.8596807]",3943043,772,Spain,1,2479,2485,Pass
130,0.025927413,"[0.0740596, 0.012339322, 0.014675908, 0.004948379, 0.028217908, 0.0068173916, 0.064540125, 0.7944014]",3943043,772,Spain,2,4884,4897,Pass
89,0.02578934,"[0.0006400508, 0.0021817617, 0.001757339, 0.0070977183, 0.0012761746, 0.16220857, 0.14815098, 0.6766874]",3943043,768,England,2,3032,3050,Pass
46,0.025748752,"[0.011227959, 0.0115364, 0.012674967, 0.010827441, 0.0074046357, 0.00960363, 0.84892607, 0.08779889]",3943043,768,England,1,1692,1710,Pass
32,0.025599381,"[0.029665746, 0.14144303, 0.026790181, 0.02212803, 0.07879315, 0.036059115, 0.3831237, 0.28199703]",3943043,772,Spain,1,1172,1185,Pass
44,0.025563486,"[0.01402002, 0.029948695, 0.0047525847, 0.003375085, 0.010820185, 0.024994852, 0.7439154, 0.16817322]",3943043,772,Spain,1,1617,1627,Pass
92,0.025452605,"[0.018373275, 0.052005738, 0.03047321, 0.005425344, 0.014067688, 0.007086497, 0.73608655, 0.13648172]",3943043,772,Spain,2,3303,3320,Pass
63,0.025420615,"[0.012654161, 0.025450435, 0.00830168, 0.007897694, 0.010664733, 0.11243626, 0.0324816, 0.79011345]",3943043,768,England,1,2356,2365,Pass
66,0.02533288,"[0.016448628, 0.022864364, 0.03767965, 0.019210503, 0.0177633, 0.0017659393, 0.017961776, 0.8663058]",3943043,768,England,1,2443,2452,Pass
58,0.025290437,"[0.0002419279, 0.0009203755, 0.0004817344, 0.011392467, 0.00988307, 0.051797006, 0.104554735, 0.8207287]",3943043,772,Spain,1,2143,2150,Pass
130,0.02527633,"[0.007922781, 0.031026058, 0.008042451, 0.008185593, 0.1098731, 0.029530697, 0.33798066, 0.46743864]",3943043,772,Spain,2,4882,4894,Pass
60,0.025234852,"[0.097324625, 0.03424399, 0.04868947, 0.015717443, 0.12134934, 0.25688013, 0.16077645, 0.26501852]",3943043,772,Spain,1,2246,2258,Pass
135,0.025230465,"[0.0018579881, 0.0054302034, 0.004763523, 0.008358541, 0.002917798, 0.010577038, 0.012773729, 0.9533212]",3943043,768,England,2,5126,5136,Pass
46,0.025229886,"[0.010610015, 0.008827069, 0.0049885428, 0.017902005, 0.0068480126, 0.011540769, 0.013068741, 0.9262149]",3943043,768,England,1,1691,1706,Pass
32,0.025186576,"[0.028048772, 0.061962236, 0.04820346, 0.017081756, 0.035266865, 0.021707544, 0.40985084, 0.37787855]",3943043,772,Spain,1,1180,1191,Pass
125,0.025137926,"[0.0025860535, 0.00041881035, 9.050096e-05, 0.000750532, 0.004269101, 0.011900216, 0.19391617, 0.7860687]",3943043,772,Spain,2,4732,4747,Pass
99,0.024948929,"[0.116545424, 0.0061753904, 0.02504105, 0.0124216825, 0.04526277, 0.017760238, 0.38170072, 0.39509276]",3943043,768,England,2,3652,3664,Pass
89,0.024825573,"[0.008027704, 0.012102843, 0.009393464, 0.008854225, 0.037215002, 0.065231144, 0.44937396, 0.40980172]",3943043,768,England,2,3060,3069,Pass
32,0.02474206,"[0.006937727, 0.0003657528, 0.00047606736, 0.0028799172, 0.0052403733, 0.013621226, 0.061253767, 0.90922517]",3943043,772,Spain,1,1169,1180,Foul
32,0.024625799,"[0.0029042864, 0.004432752, 0.0021266548, 0.0059780604, 0.016911663, 0.03953181, 0.6745082, 0.25360665]",3943043,772,Spain,1,1169,1181,Foul
32,0.02455732,"[0.0020153436, 0.0010641562, 0.020329338, 0.04513381, 0.002627779, 0.045559686, 0.0386085, 0.84466136]",3943043,772,Spain,1,1231,1239,Pass
64,0.024518643,"[0.054817595, 0.014283316, 0.014262966, 0.16155325, 0.029564817, 0.085641176, 0.080278054, 0.5595988]",3943043,772,Spain,1,2397,2414,Pass
19,0.02450044,"[0.008427848, 0.0072882916, 0.005325314, 0.008558966, 0.00622519, 0.013843697, 0.00920856, 0.9411221]",3943043,768,England,1,545,561,Pass
98,0.02450026,"[0.0009984167, 0.0019651635, 0.020093404, 0.00402456, 0.055974416, 0.0049191252, 0.15286252, 0.75916237]",3943043,768,England,2,3554,3565,Pass
44,0.024490904,"[0.07667269, 0.013896135, 0.018758265, 0.019159056, 0.026116198, 0.183664, 0.11111492, 0.55061877]",3943043,772,Spain,1,1632,1644,Pass
89,0.024451632,"[0.0042774198, 0.015980119, 0.014088178, 0.0108613325, 0.020680789, 0.03263906, 0.17458498, 0.7268881]",3943043,768,England,2,3044,3057,Pass
60,0.024448792,"[0.05130734, 0.05015997, 0.09090334, 0.32916585, 0.013016195, 0.019811723, 0.14624, 0.2993956]",3943043,772,Spain,1,2250,2260,Pass
130,0.024415866,"[0.0008971419, 0.00036091448, 0.00053435843, 0.031583246, 0.016296191, 0.015868014, 0.07229815, 0.862162]",3943043,772,Spain,2,4916,4926,Pass
66,0.024395617,"[0.05405971, 0.015065438, 0.0071025514, 0.004900198, 0.003913196, 0.46899575, 0.13963686, 0.30632636]",3943043,768,England,1,2447,2459,Pass
123,0.024346145,"[0.008766658, 0.009726285, 0.008295492, 0.00238362, 0.06214694, 0.00886184, 0.40242457, 0.49739456]",3943043,772,Spain,2,4635,4647,Pass
130,0.02431877,"[0.012615232, 0.046574768, 0.014168739, 0.012602847, 0.31256545, 0.03035954, 0.14145821, 0.4296552]",3943043,772,Spain,2,4890,4901,Pass
56,0.024250908,"[0.022096405, 0.005992849, 0.015117876, 0.003197527, 0.0072711124, 0.01062056, 0.03760032, 0.8981033]",3943043,772,Spain,1,1983,1999,Pass
56,0.024210926,"[0.001570831, 0.023280948, 0.003509868, 0.030860256, 0.0024919165, 0.19434151, 0.20473911, 0.5392056]",3943043,772,Spain,1,1998,2007,Pass
58,0.024074908,"[0.013266396, 0.011693748, 0.00884111, 0.02394053, 0.027878765, 0.040511794, 0.4075219, 0.46634582]",3943043,772,Spain,1,2130,2143,Pass
12,0.024049705,"[0.0019695251, 0.0021879266, 0.01085151, 0.007642853, 0.05064997, 0.004362018, 0.35939753, 0.5629387]",3943043,772,Spain,1,370,382,Pass
97,0.02395008,"[0.07024895, 0.019318352, 0.020392142, 0.06579978, 0.03303144, 0.05776598, 0.10535866, 0.6280847]",3943043,772,Spain,2,3517,3526,Pass
32,0.023947813,"[0.10620999, 0.016192064, 0.020198798, 0.011213942, 0.028991386, 0.021547645, 0.09357872, 0.70206743]",3943043,772,Spain,1,1171,1184,Pass
64,0.023913775,"[0.0041384227, 0.0021487293, 0.003636768, 0.047951937, 0.006464802, 0.32490385, 0.25094345, 0.35981202]",3943043,772,Spain,1,2405,2422,Pass
91,0.023846373,"[0.057341866, 0.029028784, 0.033757415, 0.09985786, 0.009007811, 0.16054137, 0.049592167, 0.56087273]",3943043,772,Spain,2,3244,3251,Pass
98,0.023842271,"[0.003690645, 0.00013689933, 0.007837879, 0.0373988, 0.0024177853, 0.15971468, 0.14967406, 0.6391293]",3943043,768,England,2,3582,3589,Pass
97,0.023836777,"[0.027599635, 0.021283112, 0.033266272, 0.013037779, 0.115143135, 0.11622423, 0.07166957, 0.6017763]",3943043,772,Spain,2,3521,3529,Pass
60,0.023788765,"[0.013207879, 0.11656002, 0.060013384, 0.16973308, 0.09493475, 0.031062035, 0.112236395, 0.40225255]",3943043,772,Spain,1,2247,2258,Pass
97,0.02378046,"[0.0011422319, 0.0012639407, 0.0008759952, 0.011937004, 0.00280006, 0.02771383, 0.20302403, 0.75124294]",3943043,772,Spain,2,3498,3512,Pass
9,0.023778182,"[0.0035911605, 0.008935949, 0.009919849, 0.019002475, 0.005902743, 0.028204918, 0.31587496, 0.60856795]",3943043,772,Spain,1,233,246,Pass
32,0.023771454,"[0.086981975, 0.031389207, 0.015601295, 0.012376994, 0.05002577, 0.018597672, 0.34204757, 0.44297954]",3943043,772,Spain,1,1220,1235,Pass
49,0.023771185,"[0.05022637, 0.02665602, 0.014140834, 0.02257788, 0.018119527, 0.15794061, 0.07460564, 0.6357332]",3943043,768,England,1,1751,1760,Pass
58,0.023686996,"[0.0692794, 0.011966814, 0.03776553, 0.01091101, 0.031737935, 0.018529039, 0.089844905, 0.72996545]",3943043,772,Spain,1,2137,2148,Pass
27,0.023626447,"[0.057704955, 0.031302042, 0.009576122, 0.01103096, 0.016800908, 0.016966823, 0.007520075, 0.849098]",3943043,768,England,1,981,993,Pass
130,0.023591423,"[0.01380934, 0.013772594, 0.019775987, 0.00960329, 0.045881666, 0.13835463, 0.47364324, 0.28515923]",3943043,772,Spain,2,4905,4916,Pass
27,0.023561725,"[0.0021418496, 0.0020404318, 0.0016264557, 0.0017228988, 0.0018985613, 0.044087842, 0.024152217, 0.9223298]",3943043,768,England,1,999,1005,Pass
24,0.023427103,"[0.0016471762, 0.0010002477, 0.011771513, 0.005494057, 0.004919254, 0.020782221, 0.018938754, 0.9354468]",3943043,772,Spain,1,810,825,Pass
133,0.023261905,"[0.016236523, 0.053558275, 0.01583593, 0.016760446, 0.038560618, 0.027525704, 0.36234853, 0.46917403]",3943043,772,Spain,2,5005,5021,Pass
58,0.023135684,"[0.0048976354, 0.01967814, 0.006484459, 0.009764045, 0.016504206, 0.021820992, 0.10587959, 0.81497097]",3943043,772,Spain,1,2129,2141,Pass
30,0.023103511,"[0.0112789655, 0.005995094, 0.024562716, 0.0043311687, 0.025720004, 0.031928018, 0.47970313, 0.4164809]",3943043,772,Spain,1,1116,1127,Pass
130,0.023080612,"[0.015738752, 0.011785358, 0.009194892, 0.04276277, 0.01600057, 0.055706233, 0.26223493, 0.5865765]",3943043,772,Spain,2,4904,4914,Pass
130,0.023009842,"[0.047640767, 0.042680077, 0.013847748, 0.011527154, 0.01958217, 0.078702845, 0.6196941, 0.16632512]",3943043,772,Spain,2,4886,4899,Pass
98,0.022980109,"[0.008224719, 0.0010367285, 0.0060400404, 0.0142151555, 0.072628714, 0.050099224, 0.44336152, 0.40439388]",3943043,768,England,2,3591,3599,Pass
89,0.022958923,"[0.02311635, 0.010411628, 0.021512162, 0.033583835, 0.08229941, 0.054153387, 0.15534195, 0.6195813]",3943043,768,England,2,3060,3071,Pass
64,0.022925053,"[0.0075532612, 0.0035706598, 0.011911081, 0.0048922086, 0.009118574, 0.063228354, 0.07266447, 0.8270614]",3943043,772,Spain,1,2400,2420,Pass
123,0.022912227,"[0.020282747, 0.013564535, 0.0066717905, 0.015199909, 0.012433859, 0.044672787, 0.18422481, 0.7029496]",3943043,772,Spain,2,4592,4604,Pass
40,0.02280061,"[0.018314434, 0.064309895, 0.009808859, 0.013228642, 0.009202047, 0.03376163, 0.3708746, 0.4804998]",3943043,768,England,1,1442,1452,Pass
133,0.022789234,"[0.010229647, 0.0022002493, 0.008848002, 0.049763426, 0.0032773353, 0.0066491007, 0.36441195, 0.5546202]",3943043,772,Spain,2,5000,5015,Pass
12,0.022765242,"[0.038131125, 0.040297937, 0.013519036, 0.13257563, 0.023326537, 0.06255568, 0.14502, 0.544574]",3943043,772,Spain,1,382,395,Pass
12,0.022696953,"[0.020068906, 0.018412618, 0.06503329, 0.01409083, 0.10599353, 0.03525608, 0.2270421, 0.51410264]",3943043,772,Spain,1,386,396,Pass
130,0.022638064,"[0.011442612, 0.013392177, 0.05758901, 0.025524795, 0.010651245, 0.11551613, 0.06617733, 0.69970673]",3943043,772,Spain,2,4910,4921,Pass
99,0.022578929,"[0.02356929, 0.010683561, 0.017036099, 0.045600645, 0.039160863, 0.056413107, 0.14607272, 0.6614637]",3943043,768,England,2,3666,3676,Pass
30,0.022553727,"[0.09038299, 0.041901007, 0.05016534, 0.009068901, 0.005824563, 0.034906, 0.053725578, 0.7140256]",3943043,772,Spain,1,1101,1120,Pass
98,0.022505391,"[0.011722139, 0.013459632, 0.00084934884, 0.010403924, 0.013478307, 0.046477947, 0.14632487, 0.7572838]",3943043,768,England,2,3589,3598,Pass
94,0.022455905,"[0.0029565548, 0.0016117368, 0.0017205672, 0.0014877458, 0.0022213056, 0.0075852647, 0.012415517, 0.97000134]",3943043,768,England,2,3367,3380,Pass
15,0.022435043,"[0.02576074, 0.014610521, 0.057865392, 0.010731867, 0.015786175, 0.031582832, 0.23439072, 0.6092718]",3943043,772,Spain,1,470,479,Pass
63,0.022402722,"[0.0045989607, 0.0194174, 0.0065364074, 0.00444781, 0.020356774, 0.05107342, 0.39417627, 0.49939296]",3943043,768,England,1,2330,2342,Pass
56,0.022392605,"[0.10832845, 0.06059166, 0.03543894, 0.018374529, 0.21726072, 0.037908863, 0.25572762, 0.26636922]",3943043,772,Spain,1,1991,2002,Pass
39,0.022378413,"[0.030061, 0.7064251, 0.0053610653, 0.14882085, 0.10933205, 0.0, 0.0, 0.0]",3943043,772,Spain,1,1391,1400,Foul
97,0.022371689,"[0.0020738745, 0.0039103962, 0.012545962, 0.0047684223, 0.03968879, 0.085609265, 0.3494169, 0.5019864]",3943043,772,Spain,2,3500,3514,Pass
112,0.022364112,"[0.008239241, 0.03936052, 0.08231702, 0.015141599, 0.012235648, 0.1473862, 0.37070465, 0.32461512]",3943043,768,England,2,4218,4229,Pass
98,0.022351075,"[0.0016496528, 0.00502615, 0.0094897235, 0.22066322, 0.06174676, 0.32233745, 0.27016455, 0.10892249]",3943043,768,England,2,3593,3600,Pass
94,0.022309128,"[0.0072466307, 0.011899189, 0.0038994872, 0.0062809354, 0.008294335, 0.052424982, 0.57540405, 0.33455035]",3943043,768,England,2,3368,3384,Pass
59,0.022299785,"[0.09713107, 0.6509835, 0.2518854, 0.0, 0.0, 0.0, 0.0, 0.0]",3943043,768,England,1,2193,2198,Pass
12,0.022177229,"[0.017262863, 0.0059319707, 0.021999063, 0.06432669, 0.013186166, 0.019110538, 0.12928775, 0.72889495]",3943043,772,Spain,1,324,333,Pass
58,0.022092812,"[0.008146487, 0.012504505, 0.015035486, 0.016642729, 0.06675926, 0.027383916, 0.42973974, 0.42378786]",3943043,772,Spain,1,2132,2144,Pass
44,0.022040192,"[0.064205796, 0.0077019394, 0.012906346, 0.02110049, 0.016124453, 0.021646997, 0.09162433, 0.76468974]",3943043,772,Spain,1,1621,1629,Pass
130,0.02203111,"[0.015077014, 0.027916914, 0.0050350847, 0.09038044, 0.0058561387, 0.06777358, 0.09711814, 0.6908427]",3943043,772,Spain,2,4901,4912,Pass
44,0.022026641,"[0.057257287, 0.040733658, 0.032175563, 0.01916388, 0.03864608, 0.09225048, 0.4419889, 0.27778417]",3943043,772,Spain,1,1623,1630,Pass
12,0.021999326,"[0.04869507, 0.0341027, 0.008947837, 0.062219527, 0.007144283, 0.029596144, 0.056282543, 0.75301194]",3943043,772,Spain,1,333,347,Pass
89,0.021977756,"[0.029822541, 0.012042594, 0.02650361, 0.03262117, 0.062223323, 0.03355543, 0.11861879, 0.6846126]",3943043,768,England,2,3041,3054,Pass
125,0.021957643,"[0.01949315, 0.0050095227, 0.02153216, 0.0043712202, 0.015040115, 0.009854829, 0.4699429, 0.45475614]",3943043,772,Spain,2,4751,4760,Pass
98,0.02194338,"[0.013339981, 0.030481536, 0.020562587, 0.007945443, 0.02118005, 0.030730594, 0.65902317, 0.21673664]",3943043,768,England,2,3558,3570,Pass
60,0.021901678,"[0.009564429, 0.02939666, 0.009097868, 0.05566255, 0.032349266, 0.06286994, 0.4678229, 0.33323637]",3943043,772,Spain,1,2212,2224,Pass
12,0.021894135,"[0.0060597947, 0.011414278, 0.011561776, 0.012010348, 0.00976626, 0.16571407, 0.16806158, 0.6154119]",3943043,772,Spain,1,390,398,Pass
99,0.021855239,"[0.035987593, 0.017525433, 0.07887905, 0.04803512, 0.04387908, 0.07178527, 0.15629072, 0.5476178]",3943043,768,England,2,3653,3665,Pass
12,0.021813735,"[0.009331087, 0.020488048, 0.0036552798, 0.009734204, 0.014399672, 0.17749862, 0.6668081, 0.098085016]",3943043,772,Spain,1,316,330,Pass
58,0.021776415,"[0.0069093364, 0.0055873278, 0.008783126, 0.021689838, 0.015758567, 0.09576096, 0.10224386, 0.743267]",3943043,772,Spain,1,2131,2143,Pass
32,0.021773964,"[0.017639095, 0.0011689647, 0.003233819, 0.009541454, 0.043561675, 0.062453836, 0.060433384, 0.80196786]",3943043,772,Spain,1,1183,1199,Pass
56,0.021741275,"[0.114679694, 0.036704063, 0.01585858, 0.018144375, 0.01513007, 0.14652279, 0.06418833, 0.5887721]",3943043,772,Spain,1,1987,2001,Pass
60,0.021700634,"[0.004503418, 0.018101793, 0.01398381, 0.011569279, 0.05626489, 0.12272941, 0.21479681, 0.5580506]",3943043,772,Spain,1,2256,2263,Pass
44,0.021601385,"[0.049792867, 0.018892912, 0.051133208, 0.02741017, 0.027934745, 0.045911685, 0.29539976, 0.48352468]",3943043,772,Spain,1,1630,1640,Pass
89,0.02159294,"[0.015882041, 0.04739816, 0.033019066, 0.056459345, 0.06487076, 0.08191685, 0.38657504, 0.31387874]",3943043,768,England,2,3062,3072,Pass
30,0.021472432,"[0.09472765, 0.024186604, 0.004376074, 0.033395726, 0.011247956, 0.009420461, 0.059595164, 0.76305044]",3943043,772,Spain,1,1115,1125,Pass
56,0.021415096,"[0.025276069, 0.07849985, 0.008484064, 0.0049508987, 0.019794013, 0.015054606, 0.5394763, 0.30846426]",3943043,772,Spain,1,1985,2000,Pass
94,0.021404602,"[0.048846085, 0.019063989, 0.026020423, 0.0022730264, 0.0030140253, 0.08691961, 0.065851375, 0.74801147]",3943043,768,England,2,3379,3397,Pass
92,0.021396969,"[0.01651762, 0.05309388, 0.027424296, 0.04365224, 0.12387622, 0.05253149, 0.21401188, 0.46889237]",3943043,772,Spain,2,3284,3295,Pass
89,0.02135323,"[0.046160407, 0.09868727, 0.078096144, 0.023466557, 0.052791074, 0.05924573, 0.28968617, 0.35186666]",3943043,768,England,2,3039,3054,Pass
12,0.021347852,"[0.011117597, 0.017690025, 0.15180524, 0.012929856, 0.1154276, 0.041297544, 0.23913316, 0.41059902]",3943043,772,Spain,1,347,358,Pass
125,0.021173544,"[0.01186323, 0.019628644, 0.006695219, 0.029494092, 0.009496217, 0.02158056, 0.06220261, 0.83903944]",3943043,772,Spain,2,4750,4758,Pass
56,0.021052506,"[0.049796686, 0.022889493, 0.017108234, 0.08549978, 0.019596728, 0.029085586, 0.116805024, 0.65921855]",3943043,772,Spain,1,1992,2004,Pass
130,0.020971198,"[0.015748937, 0.006837302, 0.08681569, 0.0057938118, 0.13798189, 0.021003148, 0.24598317, 0.47983608]",3943043,772,Spain,2,4903,4913,Pass
89,0.0209371,"[0.01403193, 0.024946565, 0.022068739, 0.017460607, 0.16476402, 0.057790935, 0.31818998, 0.38074723]",3943043,768,England,2,3034,3051,Pass
53,0.020927595,"[0.056325406, 0.05786501, 0.49333552, 0.2843029, 0.10817115, 0.0, 0.0, 0.0]",3943043,768,England,1,1920,1932,Pass
32,0.020899007,"[0.03890347, 0.008479821, 0.023481984, 0.012188217, 0.019033737, 0.04664397, 0.052275382, 0.79899347]",3943043,772,Spain,1,1169,1182,Pass
130,0.020897767,"[0.09770781, 0.01783986, 0.015365496, 0.026012711, 0.022021603, 0.11311592, 0.14481676, 0.5631198]",3943043,772,Spain,2,4913,4923,Pass
44,0.020835117,"[0.0034582028, 0.003760811, 0.007890163, 0.008310422, 0.027731482, 0.028675187, 0.049468547, 0.8707052]",3943043,772,Spain,1,1611,1623,Pass
89,0.02076942,"[0.020408517, 0.040349204, 0.032053612, 0.03236696, 0.030901998, 0.07494786, 0.4092934, 0.35967845]",3943043,768,England,2,3042,3056,Pass
89,0.02076196,"[0.03723252, 0.026639028, 0.041576043, 0.065589584, 0.039856263, 0.064508796, 0.15060201, 0.5739957]",3943043,768,England,2,3034,3052,Pass
60,0.020643758,"[0.005351797, 0.0077583757, 0.007812902, 0.043341488, 0.013663192, 0.1262571, 0.15370396, 0.64211124]",3943043,772,Spain,1,2206,2218,Pass
65,0.020610563,"[0.03189672, 0.017798185, 0.036516026, 0.06499018, 0.014158249, 0.2466901, 0.07044539, 0.51750517]",3943043,772,Spain,1,2426,2436,Pass
32,0.02055604,"[0.003610085, 0.008300649, 0.015077963, 0.0039038933, 0.0066734073, 0.029653778, 0.062301394, 0.87047887]",3943043,772,Spain,1,1169,1172,Foul
97,0.020551685,"[0.061648473, 0.0614821, 0.052715197, 0.0243227, 0.13065884, 0.04635424, 0.24020675, 0.3826117]",3943043,772,Spain,2,3519,3527,Pass
123,0.020537898,"[0.01400918, 0.02007809, 0.022611758, 0.024376811, 0.010254974, 0.06571891, 0.091912195, 0.7510381]",3943043,772,Spain,2,4634,4646,Pass
123,0.020467239,"[0.021855235, 0.034857884, 0.009133118, 0.009913421, 0.0025303022, 0.009126655, 0.012035607, 0.9005478]",3943043,772,Spain,2,4573,4586,Pass
60,0.020466084,"[0.0088698985, 0.014897846, 0.041762512, 0.00966256, 0.03604271, 0.039109915, 0.3981273, 0.4515273]",3943043,772,Spain,1,2200,2213,Pass
94,0.020460326,"[0.005693675, 0.0009801781, 0.0007145721, 0.03307903, 0.010591434, 0.005982206, 0.016587613, 0.92637134]",3943043,768,England,2,3397,3407,Pass
130,0.020457968,"[0.028856672, 0.042630006, 0.025254462, 0.012426116, 0.14589041, 0.09190805, 0.2878701, 0.36516416]",3943043,772,Spain,2,4914,4924,Pass
98,0.020422347,"[0.011808249, 0.027830295, 0.022741472, 0.035021394, 0.017597374, 0.030328486, 0.0885099, 0.7661629]",3943043,768,England,2,3554,3569,Pass
12,0.020421911,"[0.01123161, 0.052437704, 0.05443774, 0.013352437, 0.024648592, 0.14650987, 0.5147913, 0.18259074]",3943043,772,Spain,1,325,334,Pass
83,0.020401634,"[0.04503691, 0.013370425, 0.017237648, 0.028747499, 0.027982712, 0.042421468, 0.056477208, 0.7687261]",3943043,772,Spain,2,2872,2889,Pass
120,0.020372368,"[0.23398793, 0.03183327, 0.080247566, 0.004896652, 0.021662429, 0.012119327, 0.42426413, 0.19098869]",3943043,768,England,2,4435,4447,Pass
56,0.020356363,"[0.02950557, 0.021481996, 0.02875029, 0.021920756, 0.018108604, 0.03531025, 0.20714861, 0.637774]",3943043,772,Spain,1,1981,1992,Pass
12,0.020302981,"[0.01965275, 0.07134552, 0.0971861, 0.028444555, 0.111113, 0.03584643, 0.28718847, 0.34922323]",3943043,772,Spain,1,332,341,Pass
58,0.020218456,"[0.022916066, 0.09076269, 0.026476657, 0.0172593, 0.0416551, 0.06910962, 0.44118714, 0.29063347]",3943043,772,Spain,1,2141,2149,Pass
112,0.020184685,"[0.028634889, 0.015037366, 0.09132361, 0.1408212, 0.014557979, 0.021093955, 0.38560137, 0.30292967]",3943043,768,England,2,4216,4228,Pass
44,0.02016468,"[0.030705126, 0.067770265, 0.030746385, 0.016461523, 0.0401081, 0.03157886, 0.57812303, 0.20450675]",3943043,772,Spain,1,1631,1642,Pass
125,0.020080896,"[0.012111207, 0.0022436061, 0.022783779, 0.0068406016, 0.014904789, 0.017920071, 0.037351254, 0.8858447]",3943043,772,Spain,2,4735,4749,Pass
36,0.02006377,"[0.017555531, 0.008519189, 0.005960667, 0.013538644, 0.24828017, 0.02888612, 0.07788875, 0.59937096]",3943043,772,Spain,1,1349,1358,Pass
30,0.019939667,"[0.02384612, 0.0828057, 0.028837577, 0.0145175345, 0.01419168, 0.16844518, 0.07030555, 0.5970506]",3943043,772,Spain,1,1104,1122,Pass
12,0.01990889,"[0.008305367, 0.011220142, 0.012350198, 0.24308163, 0.011874326, 0.07429877, 0.12133201, 0.5175376]",3943043,772,Spain,1,341,357,Pass
64,0.019873869,"[0.018640004, 0.01739708, 0.009751137, 0.0024924476, 0.073753454, 0.018863875, 0.47007895, 0.38902307]",3943043,772,Spain,1,2392,2399,Pass
123,0.019862447,"[0.0055962508, 0.0051309946, 0.0045646, 0.051806293, 0.09584739, 0.013610832, 0.08885748, 0.73458624]",3943043,772,Spain,2,4616,4628,Pass
98,0.019842504,"[0.00030294678, 0.018322948, 0.063365266, 0.0059848144, 0.01055719, 0.041738987, 0.10422388, 0.75550395]",3943043,768,England,2,3583,3591,Pass
125,0.019819733,"[0.014468446, 0.026920337, 0.0053719864, 0.0051145796, 0.0048164628, 0.038805846, 0.070194386, 0.834308]",3943043,772,Spain,2,4730,4739,Pass
60,0.019791389,"[0.06852526, 0.19854425, 0.12544772, 0.043109, 0.017450627, 0.045161515, 0.048260387, 0.45350125]",3943043,772,Spain,1,2251,2261,Pass
123,0.019780196,"[0.038679942, 0.043490417, 0.037636764, 0.03382554, 0.01145966, 0.045375943, 0.07657293, 0.7129588]",3943043,772,Spain,2,4589,4602,Pass
65,0.01977991,"[0.11067737, 0.006532765, 0.15371113, 0.024416292, 0.032695413, 0.34776372, 0.15782392, 0.1663794]",3943043,772,Spain,1,2434,2439,Pass
56,0.019705432,"[0.045780517, 0.05142615, 0.08691971, 0.02219627, 0.055948667, 0.028945837, 0.3781562, 0.33062664]",3943043,772,Spain,1,1997,2005,Pass
89,0.01967474,"[0.040251814, 0.06484185, 0.013797749, 0.023769617, 0.06407819, 0.06304849, 0.349201, 0.38101128]",3943043,768,England,2,3050,3058,Pass
9,0.019670613,"[0.05579743, 0.025507927, 0.01730278, 0.081169955, 0.073591866, 0.064518705, 0.10992439, 0.57218695]",3943043,772,Spain,1,229,244,Pass
60,0.019652534,"[0.057187315, 0.008494629, 0.06552548, 0.029815516, 0.045202766, 0.0691756, 0.042170413, 0.6824283]",3943043,772,Spain,1,2213,2229,Pass
123,0.01963846,"[0.0067048105, 0.026717817, 0.0037120304, 0.06053034, 0.027157567, 0.035418205, 0.08733219, 0.75242704]",3943043,772,Spain,2,4605,4621,Pass
92,0.019610133,"[0.048928756, 0.012836699, 0.072328135, 0.072437264, 0.06356535, 0.13014504, 0.1271385, 0.47262034]",3943043,772,Spain,2,3283,3294,Pass
12,0.019525165,"[0.012080742, 0.05142166, 0.01639633, 0.012280559, 0.088305116, 0.050115827, 0.1798389, 0.58956087]",3943043,772,Spain,1,390,400,Pass
64,0.019522104,"[0.0052509806, 0.027367225, 0.01638345, 0.018875124, 0.004995106, 0.063376226, 0.05327698, 0.81047493]",3943043,772,Spain,1,2390,2398,Pass
12,0.01950427,"[0.049355984, 0.021256944, 0.048186075, 0.013548275, 0.056872934, 0.030862015, 0.33360142, 0.44631636]",3943043,772,Spain,1,333,348,Pass
50,0.019495176,"[0.018775668, 0.05047356, 0.0194061, 0.021648258, 0.025450569, 0.030454302, 0.14585511, 0.6879365]",3943043,772,Spain,1,1766,1781,Pass
94,0.019479202,"[0.09667872, 0.030662354, 0.05308016, 0.23657992, 0.07932991, 0.41968387, 0.039511304, 0.04447374]",3943043,768,England,2,3384,3398,Pass
60,0.019441748,"[0.02315552, 0.014946036, 0.024714744, 0.028640486, 0.07328806, 0.07682227, 0.066969894, 0.691463]",3943043,772,Spain,1,2208,2222,Pass
98,0.019433819,"[0.115733385, 0.022885505, 0.019312035, 0.052454177, 0.047540594, 0.17194335, 0.0492256, 0.5209054]",3943043,768,England,2,3587,3593,Pass
58,0.0194191,"[0.01860219, 0.063765384, 0.04457738, 0.037341367, 0.04095926, 0.07998047, 0.166701, 0.548073]",3943043,772,Spain,1,2128,2137,Pass
130,0.019394934,"[0.03186294, 0.0059502255, 0.025480753, 0.07498056, 0.013618743, 0.02031611, 0.24450162, 0.583289]",3943043,772,Spain,2,4892,4903,Pass
91,0.019298157,"[0.0116615435, 0.019023862, 0.025230344, 0.06918419, 0.01939347, 0.056259766, 0.058328163, 0.7409187]",3943043,772,Spain,2,3236,3245,Pass
64,0.019245239,"[0.01000098, 0.031814173, 0.018391099, 0.03349819, 0.0777417, 0.04313296, 0.44755566, 0.33786523]",3943043,772,Spain,1,2402,2421,Pass
29,0.019242162,"[0.051144354, 0.010858698, 0.01585726, 0.01954325, 0.0556238, 0.045919504, 0.07559532, 0.72545785]",3943043,772,Spain,1,1064,1079,Pass
27,0.019178664,"[0.014037948, 0.07427975, 0.074695595, 0.012911818, 0.003272921, 0.017697185, 0.011958642, 0.79114616]",3943043,768,England,1,950,967,Pass
123,0.019168194,"[0.026150519, 0.01964643, 0.01945434, 0.01867592, 0.14558284, 0.13395369, 0.18495306, 0.4515832]",3943043,772,Spain,2,4615,4626,Pass
12,0.019157682,"[0.059807878, 0.047226135, 0.036183774, 0.019883286, 0.13503262, 0.033107564, 0.26252642, 0.40623233]",3943043,772,Spain,1,402,412,Pass
120,0.019130431,"[0.012479246, 0.21819021, 0.0035185947, 0.06262292, 0.0047640526, 0.018789448, 0.013961243, 0.6656743]",3943043,768,England,2,4433,4445,Pass
60,0.019097695,"[0.04242289, 0.10402473, 0.05073108, 0.049208682, 0.1806881, 0.059125856, 0.346151, 0.16764769]",3943043,772,Spain,1,2214,2230,Pass
94,0.01908201,"[0.05052356, 0.049774826, 0.012632494, 0.06530086, 0.22560047, 0.08344143, 0.46144244, 0.051283948]",3943043,768,England,2,3380,3398,Pass
130,0.019054392,"[0.013667107, 0.061085634, 0.05882529, 0.01809494, 0.022792203, 0.15968484, 0.43829134, 0.2275586]",3943043,772,Spain,2,4893,4904,Pass
27,0.019047316,"[0.07827776, 0.029170068, 0.050788634, 0.020530133, 0.036176026, 0.07430391, 0.134347, 0.57640654]",3943043,768,England,1,932,946,Pass
12,0.019038286,"[0.038746636, 0.010107569, 0.009543631, 0.034532998, 0.009750098, 0.049469605, 0.092055514, 0.7557939]",3943043,772,Spain,1,371,386,Pass
97,0.019008279,"[0.024900936, 0.012324469, 0.027414745, 0.014590733, 0.03486877, 0.053538103, 0.29868215, 0.53368014]",3943043,772,Spain,2,3489,3502,Pass
60,0.019006431,"[0.018063037, 0.021840276, 0.039794818, 0.018969385, 0.10295854, 0.11452588, 0.48457596, 0.19927217]",3943043,772,Spain,1,2207,2220,Pass
66,0.018985046,"[0.018915128, 0.0073104, 0.020999514, 0.013951169, 0.112097844, 0.036021214, 0.1475487, 0.643156]",3943043,768,England,1,2439,2448,Pass
65,0.018969968,"[0.026889764, 0.12919211, 0.012898898, 0.20200154, 0.09273279, 0.0665714, 0.2737237, 0.19598982]",3943043,772,Spain,1,2431,2439,Pass
32,0.018965889,"[0.05429499, 0.040510125, 0.048146516, 0.086421326, 0.03732064, 0.07528691, 0.16252115, 0.49549836]",3943043,772,Spain,1,1213,1229,Pass
98,0.018958524,"[0.062313847, 0.026286442, 0.10097138, 0.08697057, 0.17279294, 0.059398048, 0.23878367, 0.25248307]",3943043,768,England,2,3587,3594,Pass
87,0.018932408,"[0.062349234, 0.012131781, 0.014882286, 0.010900167, 0.018575711, 0.054460194, 0.057230998, 0.7694697]",3943043,768,England,2,2975,2985,Pass
123,0.01880929,"[0.02637757, 0.034106683, 0.038178463, 0.018373437, 0.07409976, 0.02651307, 0.32468724, 0.45766377]",3943043,772,Spain,2,4591,4603,Pass
125,0.018783448,"[0.0044162837, 0.04211591, 0.007611412, 0.038234167, 0.02890146, 0.029266052, 0.6320132, 0.21744151]",3943043,772,Spain,2,4736,4750,Pass
12,0.018758837,"[0.0027566953, 0.016396528, 0.022037016, 0.06478095, 0.033031583, 0.10196288, 0.07374863, 0.68528575]",3943043,772,Spain,1,369,381,Pass
123,0.018745266,"[0.031232592, 0.022770822, 0.030967817, 0.03661135, 0.04121955, 0.07738818, 0.07298705, 0.68682265]",3943043,772,Spain,2,4600,4615,Pass
67,0.018734792,"[0.020445935, 0.014279225, 0.016010301, 0.047928534, 0.035325825, 0.07492284, 0.14403659, 0.6470507]",3943043,772,Spain,1,2474,2483,Pass
130,0.01866542,"[0.041182004, 0.082473524, 0.047257107, 0.02274106, 0.08946296, 0.06262927, 0.39776534, 0.25648877]",3943043,772,Spain,2,4912,4922,Pass
97,0.018659983,"[0.012649423, 0.046905402, 0.035300855, 0.11420427, 0.1657704, 0.031193824, 0.29189348, 0.30208236]",3943043,772,Spain,2,3506,3520,Pass
123,0.018632455,"[0.009842752, 0.008047528, 0.043712236, 0.043441534, 0.020018943, 0.033923063, 0.34302557, 0.49798837]",3943043,772,Spain,2,4617,4630,Pass
30,0.018550782,"[0.1504915, 0.036997177, 0.015104344, 0.045386486, 0.13763824, 0.019972134, 0.19260244, 0.4018077]",3943043,772,Spain,1,1107,1123,Pass
97,0.018497828,"[0.008627836, 0.014062958, 0.04085824, 0.053372547, 0.0991012, 0.16151685, 0.06319463, 0.55926573]",3943043,772,Spain,2,3504,3519,Pass
9,0.018474746,"[0.028506223, 0.018902572, 0.023395976, 0.04513692, 0.029213246, 0.055455025, 0.10995033, 0.6894398]",3943043,772,Spain,1,232,245,Pass
32,0.018465362,"[0.012248506, 0.03196684, 0.02042783, 0.015960187, 0.07193144, 0.10084633, 0.064237796, 0.6823811]",3943043,772,Spain,1,1229,1237,Pass
43,0.018459871,"[0.021070711, 0.019099064, 0.024732418, 0.015587665, 0.036946733, 0.19159439, 0.08829355, 0.6026755]",3943043,772,Spain,1,1579,1594,Pass
9,0.018441899,"[0.011794103, 0.04013815, 0.022735646, 0.11379395, 0.020044524, 0.20251492, 0.15526652, 0.43371218]",3943043,772,Spain,1,212,222,Pass
66,0.018337192,"[0.024729716, 0.021011246, 0.024413772, 0.027440509, 0.031451743, 0.121586, 0.21749888, 0.5318682]",3943043,768,England,1,2441,2450,Pass
113,0.018303357,"[0.07442796, 0.03932441, 0.06269049, 0.020301193, 0.022037446, 0.14781743, 0.12557495, 0.50782615]",3943043,772,Spain,2,4231,4241,Pass
99,0.01829862,"[0.054477274, 0.022434829, 0.008192945, 0.1694497, 0.046033684, 0.019028725, 0.15153345, 0.5288494]",3943043,768,England,2,3673,3685,Pass
97,0.0182953,"[0.044114396, 0.08946061, 0.05689314, 0.0348634, 0.07317905, 0.12886664, 0.37257695, 0.2000458]",3943043,772,Spain,2,3520,3528,Pass
32,0.018275365,"[0.011606886, 0.023050921, 0.025335174, 0.045738168, 0.115328446, 0.050507344, 0.3654747, 0.36295837]",3943043,772,Spain,1,1184,1201,Pass
123,0.018253008,"[0.024936784, 0.035981208, 0.06459794, 0.03920096, 0.07635082, 0.05775091, 0.3371468, 0.36403456]",3943043,772,Spain,2,4633,4644,Pass
12,0.018250197,"[0.027773447, 0.012975596, 0.07057742, 0.1888119, 0.035159025, 0.1376643, 0.05339589, 0.47364235]",3943043,772,Spain,1,330,340,Pass
32,0.018199442,"[0.02957395, 0.048665926, 0.12277769, 0.031591535, 0.31418803, 0.17988108, 0.035840817, 0.23748094]",3943043,772,Spain,1,1190,1203,Foul
97,0.018179279,"[0.08258902, 0.019900113, 0.023944369, 0.013573703, 0.048146702, 0.042622425, 0.20487846, 0.56434524]",3943043,772,Spain,2,3497,3508,Pass
12,0.018142942,"[0.044916112, 0.033417508, 0.027082652, 0.030577186, 0.030720003, 0.07445358, 0.3488398, 0.40999317]",3943043,772,Spain,1,310,318,Pass
98,0.018095806,"[0.018774966, 0.11081383, 0.0114271855, 0.07481541, 0.04116736, 0.080131695, 0.5899019, 0.072967656]",3943043,768,England,2,3584,3593,Pass
91,0.018082477,"[0.024816273, 0.021720784, 0.012850649, 0.040441554, 0.030137986, 0.09936021, 0.5180485, 0.25262403]",3943043,772,Spain,2,3239,3247,Pass
63,0.018052727,"[0.08081128, 0.089623034, 0.10163836, 0.022286642, 0.08514141, 0.04900418, 0.20579922, 0.3656959]",3943043,768,England,1,2344,2354,Pass
32,0.018013522,"[0.04857475, 0.03566322, 0.013615683, 0.08275851, 0.117273934, 0.03352733, 0.40373027, 0.2648563]",3943043,772,Spain,1,1230,1238,Pass
32,0.018011397,"[0.02734226, 0.02557568, 0.038516816, 0.18639012, 0.032857567, 0.27610606, 0.30395645, 0.10925505]",3943043,772,Spain,1,1185,1203,Foul
130,0.017931337,"[0.15175012, 0.04315444, 0.06553598, 0.019934243, 0.11859269, 0.062126473, 0.29810685, 0.24079922]",3943043,772,Spain,2,4900,4910,Pass
63,0.017855432,"[0.04092006, 0.09700443, 0.092605636, 0.15338488, 0.029981753, 0.08319079, 0.11377824, 0.38913426]",3943043,768,England,1,2342,2353,Pass
43,0.017853094,"[0.008231297, 0.005209237, 0.012114847, 0.047678113, 0.026754687, 0.092221946, 0.07747306, 0.7303168]",3943043,772,Spain,1,1574,1591,Pass
97,0.017827801,"[0.03262503, 0.008769409, 0.018365696, 0.027035475, 0.059261486, 0.059397146, 0.17201172, 0.62253404]",3943043,772,Spain,2,3502,3516,Pass
97,0.017815404,"[0.01853232, 0.052624647, 0.020357829, 0.043978877, 0.025698189, 0.09135212, 0.15688443, 0.5905716]",3943043,772,Spain,2,3485,3500,Pass
91,0.017776014,"[0.01238941, 0.030623024, 0.027882919, 0.01802371, 0.052653953, 0.059013598, 0.24598427, 0.5534291]",3943043,772,Spain,2,3238,3247,Pass
63,0.017723342,"[0.031202558, 0.014625697, 0.012553619, 0.01838206, 0.020025082, 0.06318174, 0.067306355, 0.7727229]",3943043,768,England,1,2330,2344,Pass
12,0.017721927,"[0.0238659, 0.030962132, 0.037270423, 0.01850976, 0.055808157, 0.07451702, 0.5315749, 0.22749169]",3943043,772,Spain,1,374,387,Pass
130,0.017654993,"[0.14152312, 0.017996877, 0.032392297, 0.065521285, 0.02581152, 0.07931825, 0.060056545, 0.5773801]",3943043,772,Spain,2,4899,4909,Pass
43,0.017644316,"[0.09668918, 0.011492469, 0.020587021, 0.017710632, 0.024198692, 0.03715765, 0.49649012, 0.29567426]",3943043,772,Spain,1,1590,1599,Pass
12,0.017618414,"[0.055888705, 0.02988206, 0.01996861, 0.06329236, 0.040703718, 0.042282954, 0.11568332, 0.63229823]",3943043,772,Spain,1,387,396,Pass
89,0.01761046,"[0.08637875, 0.12804957, 0.043515388, 0.060138006, 0.103722066, 0.07636169, 0.20066032, 0.30117422]",3943043,768,England,2,3054,3063,Pass
32,0.017605469,"[0.03737013, 0.09929152, 0.02487599, 0.02218875, 0.1356644, 0.04602564, 0.3175367, 0.31704688]",3943043,772,Spain,1,1170,1183,Pass
61,0.017554097,"[0.027291616, 0.07877082, 0.02629904, 0.047579214, 0.01976882, 0.04073637, 0.45397037, 0.3055838]",3943043,768,England,1,2310,2320,Pass
12,0.01754367,"[0.065054595, 0.08327745, 0.057933614, 0.053068794, 0.023714786, 0.09153122, 0.0895729, 0.5358466]",3943043,772,Spain,1,400,411,Pass
123,0.017489009,"[0.06921579, 0.06290859, 0.040299937, 0.0522341, 0.11039004, 0.10418151, 0.30815917, 0.25261086]",3943043,772,Spain,2,4631,4642,Pass
104,0.017448252,"[0.12728958, 0.011095742, 0.036312036, 0.014271054, 0.14958036, 0.023504604, 0.6379466, 0.0]",3943043,768,England,2,3911,3935,Pass
66,0.017429851,"[0.019948458, 0.02364307, 0.013673676, 0.19225785, 0.031917628, 0.05649829, 0.18775249, 0.47430855]",3943043,768,England,1,2439,2449,Pass
32,0.017417489,"[0.09940803, 0.043742754, 0.029659752, 0.04138723, 0.034354202, 0.06915744, 0.3851237, 0.29716694]",3943043,772,Spain,1,1218,1231,Pass
27,0.017329235,"[0.05151661, 0.030590793, 0.08034612, 0.057090368, 0.04711992, 0.0789773, 0.16381814, 0.49054077]",3943043,768,England,1,993,1002,Pass
43,0.017327528,"[0.03197379, 0.027239986, 0.03200303, 0.09879857, 0.03367828, 0.32633355, 0.14063409, 0.3093387]",3943043,772,Spain,1,1591,1601,Pass
58,0.017309856,"[0.022053096, 0.024515938, 0.011301713, 0.010601678, 0.040520534, 0.15961504, 0.27944666, 0.4519454]",3943043,772,Spain,1,2112,2121,Pass
9,0.017248843,"[0.019386748, 0.03983249, 0.051704463, 0.037171368, 0.08660233, 0.048370667, 0.35311872, 0.36381325]",3943043,772,Spain,1,210,219,Pass
12,0.017235558,"[0.073806405, 0.04583902, 0.05771494, 0.031468675, 0.13155441, 0.06278281, 0.2699758, 0.32685792]",3943043,772,Spain,1,381,392,Pass
50,0.017204706,"[0.049065214, 0.019572545, 0.03257219, 0.03588129, 0.045469727, 0.06719012, 0.11893713, 0.63131183]",3943043,772,Spain,1,1763,1780,Pass
12,0.01720203,"[0.06812553, 0.035793442, 0.03636226, 0.1799083, 0.03665882, 0.09261263, 0.26866794, 0.28187108]",3943043,772,Spain,1,392,400,Pass
12,0.017194565,"[0.0281352, 0.039525002, 0.04943698, 0.03931161, 0.09493919, 0.15863545, 0.3589428, 0.23107374]",3943043,772,Spain,1,407,420,Pass
63,0.017161049,"[0.08961638, 0.06788946, 0.029127302, 0.08016987, 0.04240785, 0.08487239, 0.15099481, 0.454922]",3943043,768,England,1,2345,2356,Pass
65,0.017135598,"[0.016514309, 0.044244416, 0.09607825, 0.008005661, 0.07089251, 0.10769011, 0.10871592, 0.54785883]",3943043,772,Spain,1,2430,2438,Pass
97,0.017123334,"[0.034626476, 0.086936325, 0.031195628, 0.06775989, 0.043806374, 0.14675629, 0.09943065, 0.48948836]",3943043,772,Spain,2,3494,3506,Pass
34,0.017121395,"[0.13915862, 0.07436414, 0.015594084, 0.31790632, 0.028808791, 0.30926475, 0.11490331, 0.0]",3943043,768,England,1,1308,1320,Pass
32,0.017117938,"[0.08070037, 0.059161857, 0.016227841, 0.042190988, 0.024582425, 0.04364351, 0.1360846, 0.5974084]",3943043,772,Spain,1,1227,1236,Pass
43,0.017111648,"[0.008325244, 0.021226367, 0.012293789, 0.09055085, 0.016933365, 0.150297, 0.30750445, 0.39286903]",3943043,772,Spain,1,1576,1593,Pass
92,0.017105768,"[0.09176098, 0.051877514, 0.02619407, 0.01411644, 0.056806404, 0.111717366, 0.08890538, 0.5586218]",3943043,772,Spain,2,3269,3284,Pass
43,0.017093573,"[0.01397007, 0.055843517, 0.02932977, 0.43106672, 0.062182575, 0.030745948, 0.17710505, 0.19975635]",3943043,772,Spain,1,1593,1602,Pass
43,0.017061686,"[0.042552985, 0.042095646, 0.018806472, 0.09539917, 0.056879595, 0.067536496, 0.28468585, 0.39204383]",3943043,772,Spain,1,1581,1595,Pass
97,0.017046593,"[0.01843652, 0.042793956, 0.029731598, 0.08320205, 0.06520218, 0.15129632, 0.42690727, 0.18243012]",3943043,772,Spain,2,3503,3517,Pass
98,0.01704309,"[0.030610103, 0.011689292, 0.016437134, 0.08718536, 0.034804888, 0.18842682, 0.09230666, 0.53853977]",3943043,768,England,2,3551,3564,Pass
90,0.017043011,"[0.112970844, 0.0734414, 0.04084957, 0.079586364, 0.07029909, 0.12877749, 0.15997913, 0.33409613]",3943043,772,Spain,2,3138,3151,Foul
123,0.017031468,"[0.029935919, 0.05843999, 0.039170817, 0.050166707, 0.037700254, 0.15666126, 0.27698395, 0.35094112]",3943043,772,Spain,2,4614,4625,Pass
12,0.017004577,"[0.014946177, 0.051391933, 0.0149898315, 0.09894318, 0.048488516, 0.07945156, 0.16986813, 0.52192074]",3943043,772,Spain,1,348,360,Pass
123,0.016996922,"[0.070222445, 0.038166545, 0.08436855, 0.030792553, 0.13910754, 0.12656009, 0.26640218, 0.24438006]",3943043,772,Spain,2,4604,4619,Pass
63,0.016932087,"[0.029706148, 0.041993648, 0.031243538, 0.03451107, 0.09000187, 0.042550527, 0.47976363, 0.25022963]",3943043,768,England,1,2333,2345,Pass
32,0.01690424,"[0.122557394, 0.025172653, 0.037555248, 0.022262622, 0.04917838, 0.13508397, 0.44146603, 0.1667237]",3943043,772,Spain,1,1228,1237,Pass
58,0.016896937,"[0.07689895, 0.059061002, 0.08062033, 0.06112457, 0.047857545, 0.1242828, 0.0851568, 0.464998]",3943043,772,Spain,1,2115,2128,Pass
123,0.016858364,"[0.046144374, 0.04907345, 0.05105877, 0.050120458, 0.060293917, 0.08425769, 0.38960108, 0.26945025]",3943043,772,Spain,2,4613,4622,Pass
67,0.016808402,"[0.021739561, 0.025351629, 0.05317177, 0.028729301, 0.08480415, 0.06444964, 0.3196982, 0.40205574]",3943043,772,Spain,1,2475,2484,Pass
12,0.016797157,"[0.03434711, 0.031349055, 0.121906, 0.08809477, 0.060337473, 0.102310315, 0.118920326, 0.44273496]",3943043,772,Spain,1,357,369,Pass
9,0.016792387,"[0.03565299, 0.029591002, 0.11648597, 0.036262304, 0.20977885, 0.053790063, 0.19414268, 0.32429615]",3943043,772,Spain,1,212,223,Pass
30,0.016782658,"[0.054122347, 0.019042619, 0.05114439, 0.04899555, 0.020735629, 0.04658734, 0.5645211, 0.19485107]",3943043,772,Spain,1,1103,1122,Pass
99,0.016782425,"[0.091565326, 0.12093284, 0.05186428, 0.038672034, 0.12333565, 0.05421572, 0.305084, 0.2143302]",3943043,768,England,2,3669,3677,Pass
66,0.016781993,"[0.0854382, 0.048543103, 0.028947059, 0.056126647, 0.07104307, 0.10529682, 0.2977761, 0.306829]",3943043,768,England,1,2442,2451,Pass
123,0.016699469,"[0.14452252, 0.056756444, 0.043911416, 0.047270477, 0.05326486, 0.10274692, 0.13921, 0.41231734]",3943043,772,Spain,2,4630,4640,Pass
27,0.016692374,"[0.31944844, 0.026210487, 0.012190395, 0.14392711, 0.14517051, 0.1955254, 0.087672636, 0.06985504]",3943043,768,England,1,987,1000,Pass
12,0.016676273,"[0.045517, 0.030664377, 0.030413471, 0.04473763, 0.091348685, 0.16920158, 0.26653737, 0.3215799]",3943043,772,Spain,1,363,376,Pass
27,0.016635144,"[0.044439044, 0.050667666, 0.03919797, 0.029805824, 0.08487433, 0.07402307, 0.2701335, 0.40685856]",3943043,768,England,1,934,947,Pass
113,0.016607193,"[0.045176253, 0.062392283, 0.02936551, 0.030399151, 0.14786421, 0.07296658, 0.2298182, 0.38201782]",3943043,772,Spain,2,4232,4242,Pass
90,0.016584454,"[0.0399808, 0.13135079, 0.057982717, 0.046452794, 0.074502066, 0.08560926, 0.18408418, 0.38003743]",3943043,772,Spain,2,3137,3149,Pass
12,0.016565423,"[0.06594996, 0.06340445, 0.031125868, 0.097450584, 0.18653226, 0.06584245, 0.33911642, 0.15057799]",3943043,772,Spain,1,328,336,Pass
91,0.01654519,"[0.027412504, 0.07003955, 0.030528264, 0.05812208, 0.13910359, 0.0271701, 0.48269856, 0.16492534]",3943043,772,Spain,2,3243,3250,Pass
97,0.016542435,"[0.08308157, 0.038468696, 0.03692177, 0.074991554, 0.04533988, 0.06676775, 0.21425956, 0.44016922]",3943043,772,Spain,2,3520,3527,Pass
17,0.016520664,"[0.03628959, 0.045567423, 0.0403619, 0.16245817, 0.034395237, 0.0822966, 0.075717464, 0.52291363]",3943043,772,Spain,1,496,507,Pass
123,0.01648963,"[0.050976507, 0.07745441, 0.057405338, 0.045869324, 0.10814926, 0.078796685, 0.37168708, 0.20966142]",3943043,772,Spain,2,4602,4616,Pass
130,0.01648035,"[0.06614968, 0.08409734, 0.023358569, 0.08709952, 0.14916462, 0.04501734, 0.33810163, 0.2070113]",3943043,772,Spain,2,4897,4906,Pass
12,0.016471617,"[0.04632037, 0.065546535, 0.049530327, 0.22768876, 0.095903106, 0.080115885, 0.16671765, 0.2681774]",3943043,772,Spain,1,353,365,Pass
123,0.016455304,"[0.044166032, 0.042808067, 0.06723445, 0.13850302, 0.059633374, 0.100796066, 0.23798954, 0.30886936]",3943043,772,Spain,2,4582,4595,Pass
94,0.016434986,"[0.053593744, 0.042688668, 0.15523437, 0.09075684, 0.20341614, 0.009704604, 0.022786904, 0.4218187]",3943043,768,England,2,3389,3400,Pass
12,0.016430527,"[0.09055106, 0.0405718, 0.03579752, 0.041759487, 0.07136172, 0.15896402, 0.095704556, 0.46528983]",3943043,772,Spain,1,327,335,Pass
43,0.016418934,"[0.009076014, 0.020468691, 0.034094114, 0.025196481, 0.07424968, 0.03133792, 0.28345442, 0.5221227]",3943043,772,Spain,1,1574,1592,Pass
7,0.016401187,"[0.060817692, 0.025576394, 0.020174796, 0.045111872, 0.041163184, 0.085202456, 0.14762545, 0.5743282]",3943043,772,Spain,1,168,182,Pass
88,0.016397193,"[0.4117535, 0.10253821, 0.48570827, 0.0, 0.0, 0.0, 0.0, 0.0]",3943043,772,Spain,2,3013,3020,Pass
130,0.016391749,"[0.106303975, 0.03436882, 0.027514948, 0.022491535, 0.08045779, 0.09596515, 0.08286683, 0.55003095]",3943043,772,Spain,2,4894,4905,Pass
120,0.016355112,"[0.049292013, 0.04351841, 0.04780961, 0.037027135, 0.05717566, 0.06024553, 0.034209292, 0.67072237]",3943043,768,England,2,4424,4435,Pass
30,0.016347893,"[0.02629874, 0.052719407, 0.014044265, 0.027808297, 0.024585586, 0.023616059, 0.07977219, 0.7511555]",3943043,772,Spain,1,1102,1121,Pass
123,0.016341452,"[0.060998887, 0.021408163, 0.036670472, 0.07084699, 0.06561318, 0.101226345, 0.15962353, 0.48361245]",3943043,772,Spain,2,4632,4643,Pass
12,0.016341124,"[0.098971575, 0.051663764, 0.042847455, 0.03753281, 0.15684557, 0.056826767, 0.259934, 0.29537806]",3943043,772,Spain,1,340,353,Pass
99,0.016293276,"[0.21160445, 0.0469664, 0.055853345, 0.16298011, 0.036296614, 0.22303301, 0.1208671, 0.14239901]",3943043,768,England,2,3670,3682,Pass
133,0.016259197,"[0.059882637, 0.04136477, 0.011149146, 0.047415502, 0.12547423, 0.01867053, 0.045357283, 0.65068597]",3943043,772,Spain,2,4997,5014,Pass
43,0.016245726,"[0.019487275, 0.023266345, 0.07017279, 0.059499837, 0.27969944, 0.07368906, 0.1103002, 0.36388513]",3943043,772,Spain,1,1592,1602,Pass
27,0.016239734,"[0.058495626, 0.10736889, 0.07724485, 0.03564265, 0.0159222, 0.050584473, 0.15018958, 0.50455177]",3943043,768,England,1,984,996,Pass
89,0.016235104,"[0.13085659, 0.023663178, 0.034064904, 0.03629408, 0.033627167, 0.053595982, 0.16232194, 0.52557623]",3943043,768,England,2,3051,3060,Pass
123,0.016145742,"[0.030982435, 0.07142751, 0.06855376, 0.042658284, 0.071205355, 0.08171191, 0.08573234, 0.5477284]",3943043,772,Spain,2,4584,4599,Pass
89,0.016135268,"[0.19141588, 0.039923668, 0.055218205, 0.061311916, 0.04420613, 0.11611455, 0.14776024, 0.34404942]",3943043,768,England,2,3054,3062,Pass
86,0.015905771,"[0.10102797, 0.1888442, 0.2655118, 0.27268043, 0.17193566, 0.0, 0.0, 0.0]",3943043,768,England,2,2960,2963,Pass
64,0.015900046,"[0.02409551, 0.028751355, 0.12023286, 0.05653819, 0.13140333, 0.058693722, 0.29555964, 0.28472543]",3943043,772,Spain,1,2377,2390,Pass
98,0.01583801,"[0.008363726, 0.124333024, 0.055887707, 0.071334094, 0.04770305, 0.066175945, 0.12610441, 0.50009805]",3943043,768,England,2,3588,3596,Pass
97,0.015830971,"[0.026409045, 0.017094873, 0.06502913, 0.044482738, 0.099684685, 0.059155878, 0.4484999, 0.23964377]",3943043,772,Spain,2,3492,3504,Pass
9,0.015814207,"[0.028564408, 0.02659497, 0.047461055, 0.072171256, 0.10253003, 0.09432762, 0.27161527, 0.3567354]",3943043,772,Spain,1,205,217,Pass
98,0.015755048,"[0.03064925, 0.04924825, 0.06437333, 0.06371186, 0.032613322, 0.049579863, 0.38374045, 0.3260837]",3943043,768,England,2,3541,3561,Pass
27,0.015723303,"[0.16520604, 0.13983335, 0.013246557, 0.012261188, 0.05230028, 0.13378775, 0.371555, 0.11180984]",3943043,768,England,1,984,999,Pass
123,0.015689518,"[0.041785188, 0.02922135, 0.039154943, 0.020544082, 0.036365222, 0.08217638, 0.22088957, 0.5298633]",3943043,772,Spain,2,4619,4631,Pass
58,0.015682904,"[0.025996514, 0.17851518, 0.019820835, 0.040218674, 0.08170954, 0.0863373, 0.31164068, 0.25576127]",3943043,772,Spain,1,2100,2112,Pass
64,0.01566623,"[0.05535376, 0.11985795, 0.051939294, 0.026701603, 0.14703135, 0.063023664, 0.31318432, 0.2229081]",3943043,772,Spain,1,2395,2407,Pass
36,0.015662441,"[0.015747733, 0.040359296, 0.025329515, 0.024427578, 0.03482604, 0.39849022, 0.17928936, 0.28153026]",3943043,772,Spain,1,1348,1358,Pass
30,0.015644077,"[0.02591574, 0.09388761, 0.08047481, 0.09223332, 0.052032903, 0.07075617, 0.31097412, 0.27372533]",3943043,772,Spain,1,1100,1116,Pass
63,0.015641924,"[0.062553234, 0.05431529, 0.03629604, 0.06880496, 0.065988965, 0.14045502, 0.33625764, 0.23532893]",3943043,768,England,1,2348,2357,Pass
60,0.015584236,"[0.2661031, 0.114346206, 0.018517736, 0.027607689, 0.028476939, 0.038996577, 0.12312244, 0.38282934]",3943043,772,Spain,1,2255,2262,Pass
67,0.015557371,"[0.033578895, 0.03407223, 0.043018404, 0.040276416, 0.12307752, 0.07495955, 0.27996543, 0.37105155]",3943043,772,Spain,1,2473,2481,Pass
58,0.0155570395,"[0.116539955, 0.106019504, 0.071004435, 0.06611276, 0.13028808, 0.07303108, 0.19010594, 0.24689823]",3943043,772,Spain,1,2118,2129,Pass
123,0.015538618,"[0.08049286, 0.0144231785, 0.039394725, 0.09636092, 0.13886853, 0.14675555, 0.14499848, 0.33870578]",3943043,772,Spain,2,4622,4633,Pass
63,0.015535912,"[0.0464589, 0.064270884, 0.14024907, 0.093714885, 0.17704763, 0.052312672, 0.18157133, 0.24437462]",3943043,768,England,1,2341,2351,Pass
12,0.015525358,"[0.04822526, 0.0566158, 0.06317662, 0.044378627, 0.072476104, 0.07153995, 0.3518058, 0.2917818]",3943043,772,Spain,1,388,397,Pass
91,0.015522204,"[0.022051414, 0.03035194, 0.053298905, 0.032011136, 0.06564274, 0.17060937, 0.06298543, 0.563049]",3943043,772,Spain,2,3241,3250,Pass
63,0.015520256,"[0.04179286, 0.067654945, 0.05230114, 0.048496336, 0.086024776, 0.19364528, 0.13866283, 0.3714218]",3943043,768,England,1,2350,2359,Pass
19,0.015509911,"[0.07940655, 0.02863898, 0.026127726, 0.19495684, 0.34959042, 0.0923655, 0.12811232, 0.10080168]",3943043,768,England,1,552,569,Foul
12,0.0155039355,"[0.05647947, 0.030848943, 0.03344029, 0.06270227, 0.071558416, 0.117124304, 0.17522821, 0.45261812]",3943043,772,Spain,1,407,418,Pass
64,0.015498424,"[0.08545488, 0.010620688, 0.008768161, 0.05181691, 0.01953558, 0.09459182, 0.08491528, 0.64429677]",3943043,772,Spain,1,2393,2400,Pass
64,0.015497979,"[0.041805096, 0.06866257, 0.08058045, 0.09883565, 0.08501733, 0.06000345, 0.36198795, 0.2031075]",3943043,772,Spain,1,2389,2397,Pass
123,0.015496632,"[0.103831954, 0.030140575, 0.027242161, 0.008350786, 0.012256684, 0.010527175, 0.3069033, 0.5007473]",3943043,772,Spain,2,4575,4589,Pass
123,0.015477657,"[0.12024245, 0.036246452, 0.02860633, 0.024199134, 0.21291816, 0.1834808, 0.15715376, 0.23715293]",3943043,772,Spain,2,4578,4592,Pass
58,0.015471794,"[0.041823007, 0.015983159, 0.046845376, 0.034634445, 0.08984545, 0.060830697, 0.12188875, 0.58814913]",3943043,772,Spain,1,2113,2125,Pass
125,0.015469309,"[0.087637275, 0.016469061, 0.01796201, 0.030380547, 0.02294121, 0.15917139, 0.0492595, 0.61617905]",3943043,772,Spain,2,4737,4751,Pass
7,0.015467305,"[0.02567254, 0.023972813, 0.04037837, 0.026808307, 0.07784073, 0.07659635, 0.3315397, 0.39719126]",3943043,772,Spain,1,170,183,Pass
9,0.015466569,"[0.032236375, 0.03445197, 0.045923352, 0.08533183, 0.069371924, 0.114962764, 0.16410227, 0.45361954]",3943043,772,Spain,1,206,218,Pass
12,0.015459178,"[0.038188204, 0.02348284, 0.05798343, 0.08211538, 0.11273403, 0.09391288, 0.37106472, 0.22051854]",3943043,772,Spain,1,365,380,Pass
123,0.015454112,"[0.09339766, 0.05457238, 0.04060244, 0.1025521, 0.058169894, 0.14759862, 0.13542812, 0.36767876]",3943043,772,Spain,2,4603,4617,Pass
64,0.015443904,"[0.023191119, 0.03498971, 0.050006993, 0.02210503, 0.107981786, 0.049626283, 0.3726569, 0.33944216]",3943043,772,Spain,1,2394,2402,Pass
97,0.015432535,"[0.016502324, 0.029866636, 0.013151585, 0.055545293, 0.036232244, 0.10094086, 0.11849831, 0.62926275]",3943043,772,Spain,2,3491,3503,Pass
43,0.015364699,"[0.016570115, 0.023519807, 0.02137776, 0.045736954, 0.10167936, 0.081074536, 0.41751018, 0.2925313]",3943043,772,Spain,1,1573,1590,Pass
12,0.015360342,"[0.05957829, 0.03791418, 0.025748761, 0.12296266, 0.040913843, 0.12787527, 0.17584155, 0.40916544]",3943043,772,Spain,1,404,416,Pass
125,0.015354831,"[0.084059656, 0.07864362, 0.12007183, 0.04517784, 0.14905414, 0.13022585, 0.15476716, 0.23799989]",3943043,772,Spain,2,4749,4758,Pass
12,0.01534193,"[0.070374526, 0.030050859, 0.024980444, 0.04422889, 0.025677122, 0.090703, 0.15215014, 0.56183493]",3943043,772,Spain,1,334,349,Pass
12,0.015317744,"[0.048447, 0.06662153, 0.08581046, 0.032760482, 0.14562802, 0.10751543, 0.2093845, 0.30383268]",3943043,772,Spain,1,308,315,Pass
91,0.015268998,"[0.03591258, 0.040623643, 0.05703994, 0.049605373, 0.06577937, 0.15801977, 0.278015, 0.31500432]",3943043,772,Spain,2,3231,3243,Pass
27,0.015257854,"[0.06174805, 0.05143913, 0.037159972, 0.0733265, 0.061249457, 0.12404018, 0.23072843, 0.3603083]",3943043,768,England,1,936,949,Pass
120,0.015234865,"[0.043496095, 0.037433345, 0.14529957, 0.0103611285, 0.41559276, 0.028349007, 0.15269727, 0.16677085]",3943043,768,England,2,4431,4443,Pass
27,0.01523269,"[0.015924312, 0.06281406, 0.059033137, 0.0449951, 0.04511253, 0.07352854, 0.08688134, 0.6117111]",3943043,768,England,1,995,1003,Pass
27,0.015228843,"[0.08729477, 0.056066595, 0.08256724, 0.04958043, 0.1379393, 0.13662544, 0.22845387, 0.22147235]",3943043,768,England,1,938,949,Pass
97,0.015224852,"[0.07369435, 0.027837772, 0.04490193, 0.109384075, 0.031629164, 0.07748075, 0.085541606, 0.5495304]",3943043,772,Spain,2,3508,3520,Pass
58,0.015210325,"[0.0790285, 0.043551993, 0.07294017, 0.039394546, 0.10705161, 0.08327388, 0.20789634, 0.36686295]",3943043,772,Spain,1,2107,2118,Pass
91,0.015189931,"[0.032313447, 0.04215795, 0.04321868, 0.08678533, 0.042118892, 0.069222525, 0.13338342, 0.5507997]",3943043,772,Spain,2,3197,3208,Pass
43,0.015180282,"[0.10031395, 0.04288751, 0.012080118, 0.022119652, 0.039998308, 0.01937415, 0.06075867, 0.7024677]",3943043,772,Spain,1,1590,1596,Pass
12,0.015151691,"[0.020707006, 0.024870446, 0.01446509, 0.062471583, 0.10502104, 0.09213738, 0.116954006, 0.5633735]",3943043,772,Spain,1,364,379,Pass
127,0.015151283,"[0.07687419, 0.10149326, 0.074969545, 0.030730616, 0.081058554, 0.0861646, 0.3142511, 0.23445813]",3943043,772,Spain,2,4828,4848,Pass
97,0.0150911305,"[0.056340724, 0.069815345, 0.089531146, 0.036228456, 0.08022022, 0.07368453, 0.38397294, 0.21020661]",3943043,772,Spain,2,3512,3521,Pass
123,0.015084224,"[0.06431972, 0.08354616, 0.017295979, 0.0271266, 0.019026645, 0.12506083, 0.3864916, 0.27713245]",3943043,772,Spain,2,4577,4591,Pass
98,0.015059669,"[0.14942107, 0.06631744, 0.07406057, 0.03142471, 0.082941726, 0.104615614, 0.3128098, 0.17840907]",3943043,768,England,2,3589,3597,Pass
64,0.015041569,"[0.074370496, 0.02560841, 0.024843905, 0.13394377, 0.058624752, 0.14580105, 0.1185786, 0.41822898]",3943043,772,Spain,1,2377,2389,Pass
58,0.015006833,"[0.037659027, 0.085763365, 0.053686697, 0.07661366, 0.11408102, 0.10498597, 0.3521218, 0.17508848]",3943043,772,Spain,1,2115,2127,Pass
7,0.015001083,"[0.016577289, 0.04520804, 0.021137118, 0.11723089, 0.051185254, 0.23748837, 0.27848274, 0.2326903]",3943043,772,Spain,1,171,185,Pass
63,0.01499914,"[0.08981519, 0.04500605, 0.051014673, 0.10300179, 0.0523974, 0.15215771, 0.1195212, 0.38708597]",3943043,768,England,1,2334,2347,Pass
32,0.014969621,"[0.056517046, 0.11094037, 0.0543769, 0.033370666, 0.05062805, 0.06275189, 0.13110006, 0.50031495]",3943043,772,Spain,1,1217,1230,Pass
94,0.014962429,"[0.07577209, 0.14939412, 0.03529508, 0.0717221, 0.14553434, 0.13323571, 0.12503329, 0.26401326]",3943043,768,England,2,3392,3403,Pass
19,0.014934193,"[0.050327808, 0.010291925, 0.025841888, 0.01727432, 0.014064847, 0.1949125, 0.46306178, 0.22422493]",3943043,768,England,1,548,568,Pass
123,0.014929384,"[0.113932356, 0.112236045, 0.08752252, 0.07312171, 0.09297404, 0.083104566, 0.23674372, 0.20036507]",3943043,772,Spain,2,4586,4600,Pass
32,0.014922161,"[0.07512259, 0.054097265, 0.040247377, 0.05897756, 0.073844455, 0.13037296, 0.117365256, 0.44997248]",3943043,772,Spain,1,1210,1227,Pass
94,0.014919713,"[0.03896002, 0.26989275, 0.060285315, 0.31080863, 0.008850779, 0.019532355, 0.16946453, 0.1222056]",3943043,768,England,2,3389,3402,Pass
113,0.014916075,"[0.0756261, 0.028460857, 0.029847069, 0.119862705, 0.05749271, 0.09839833, 0.18002117, 0.4102911]",3943043,772,Spain,2,4232,4243,Pass
19,0.014914818,"[0.029095855, 0.082246594, 0.024834925, 0.026563134, 0.17009223, 0.31105578, 0.17394969, 0.18216178]",3943043,768,England,1,550,569,Pass
63,0.014897792,"[0.10343984, 0.05588052, 0.07148044, 0.1161373, 0.14535469, 0.07056004, 0.19345632, 0.24369083]",3943043,768,England,1,2351,2360,Pass
127,0.014870189,"[0.056818657, 0.045471556, 0.06340236, 0.051692963, 0.067092344, 0.04763804, 0.3901484, 0.27773565]",3943043,772,Spain,2,4816,4838,Pass
63,0.014856126,"[0.05113078, 0.050280675, 0.035899967, 0.025029533, 0.043087356, 0.071251586, 0.20374149, 0.51957864]",3943043,768,England,1,2347,2356,Pass
27,0.0148395,"[0.05478307, 0.076858275, 0.087872475, 0.07108246, 0.06766477, 0.08112827, 0.33205754, 0.22855318]",3943043,768,England,1,996,1004,Pass
125,0.014836544,"[0.1641081, 0.06229893, 0.10725753, 0.04015813, 0.14901678, 0.06900061, 0.24364048, 0.16451946]",3943043,772,Spain,2,4747,4755,Pass
97,0.01483532,"[0.08109688, 0.029154632, 0.056247316, 0.03598678, 0.06498787, 0.088059396, 0.09595208, 0.5485151]",3943043,772,Spain,2,3514,3522,Pass
102,0.014828781,"[0.08878259, 0.10030252, 0.046137415, 0.05065222, 0.103810206, 0.10888258, 0.21691768, 0.28451478]",3943043,768,England,2,3860,3868,Pass
92,0.014827641,"[0.07827151, 0.059323464, 0.024030576, 0.052237242, 0.12873772, 0.067693695, 0.24425913, 0.34544668]",3943043,772,Spain,2,3276,3285,Pass
32,0.014798716,"[0.04885289, 0.053690918, 0.085876524, 0.04228933, 0.082465604, 0.12402773, 0.32230794, 0.24048907]",3943043,772,Spain,1,1209,1220,Pass
64,0.014781319,"[0.06096028, 0.05051763, 0.051251017, 0.07973861, 0.13487272, 0.08233711, 0.08823694, 0.45208573]",3943043,772,Spain,1,2388,2395,Pass
63,0.014775369,"[0.0573377, 0.05618944, 0.045042094, 0.16281329, 0.11533233, 0.1738021, 0.07890275, 0.31058028]",3943043,768,England,1,2337,2350,Pass
64,0.014767969,"[0.11757865, 0.0222676, 0.025348037, 0.058842216, 0.036261573, 0.103802666, 0.08234456, 0.55355465]",3943043,772,Spain,1,2395,2405,Pass
32,0.014759822,"[0.037457693, 0.036169767, 0.059701644, 0.085232005, 0.040063955, 0.068494275, 0.3083, 0.3645807]",3943043,772,Spain,1,1167,1171,Foul
123,0.014749398,"[0.112453505, 0.08023308, 0.09236223, 0.050112408, 0.059320908, 0.08541776, 0.25861463, 0.2614855]",3943043,772,Spain,2,4628,4637,Pass
27,0.014749242,"[0.050827578, 0.052071765, 0.065594144, 0.24445772, 0.0747146, 0.10170664, 0.17636049, 0.23426703]",3943043,768,England,1,992,1001,Pass
97,0.014740376,"[0.034415673, 0.036087688, 0.07892815, 0.042193267, 0.12324498, 0.05194097, 0.17512874, 0.4580606]",3943043,772,Spain,2,3484,3498,Pass
67,0.014724897,"[0.025351688, 0.041601155, 0.03299357, 0.05879263, 0.05214429, 0.10844628, 0.23020315, 0.45046723]",3943043,772,Spain,1,2476,2484,Pass
123,0.014714211,"[0.06029583, 0.08519705, 0.092857234, 0.10131956, 0.15908602, 0.091422215, 0.15201268, 0.2578094]",3943043,772,Spain,2,4625,4634,Pass
125,0.014692159,"[0.089184985, 0.06386259, 0.035062023, 0.1040114, 0.04818807, 0.11532727, 0.08238988, 0.46197376]",3943043,772,Spain,2,4739,4753,Pass
58,0.014680846,"[0.11040845, 0.046196252, 0.06581615, 0.08340709, 0.08181195, 0.10489801, 0.15239769, 0.3550644]",3943043,772,Spain,1,2127,2135,Pass
91,0.014670072,"[0.06210373, 0.016773507, 0.0505569, 0.056565206, 0.11874569, 0.057460986, 0.29376978, 0.3440242]",3943043,772,Spain,2,3191,3205,Pass
12,0.0146387685,"[0.08148494, 0.034457125, 0.024561495, 0.05036002, 0.047928974, 0.120219566, 0.07466473, 0.56632316]",3943043,772,Spain,1,376,388,Pass
91,0.014623376,"[0.02451753, 0.060672034, 0.03766489, 0.08962779, 0.0925273, 0.15359917, 0.11422194, 0.42716932]",3943043,772,Spain,2,3233,3244,Pass
99,0.014613135,"[0.14031236, 0.14975494, 0.12143048, 0.04914599, 0.163795, 0.0765556, 0.10839048, 0.19061515]",3943043,768,England,2,3672,3683,Pass
32,0.01456592,"[0.065851994, 0.084756225, 0.079046436, 0.06519924, 0.12970975, 0.08870749, 0.2250492, 0.26167968]",3943043,772,Spain,1,1211,1228,Pass
91,0.014551027,"[0.03457235, 0.033706825, 0.04628075, 0.052414462, 0.06632741, 0.05342373, 0.24664067, 0.46663374]",3943043,772,Spain,2,3230,3241,Pass
15,0.014549784,"[0.051012095, 0.0637663, 0.08521482, 0.044202145, 0.10538981, 0.09333035, 0.15521738, 0.4018671]",3943043,772,Spain,1,468,477,Pass
9,0.014534222,"[0.072668105, 0.03456459, 0.023270376, 0.04892634, 0.079652935, 0.09802133, 0.16025852, 0.48263782]",3943043,772,Spain,1,202,215,Pass
63,0.014516631,"[0.051788494, 0.08739759, 0.09257561, 0.050446674, 0.15389942, 0.13614115, 0.2959677, 0.13178338]",3943043,768,England,1,2336,2348,Pass
12,0.014498122,"[0.080133766, 0.076637425, 0.06360191, 0.037700348, 0.07677744, 0.13003121, 0.16265275, 0.3724652]",3943043,772,Spain,1,395,402,Pass
12,0.014454184,"[0.0461414, 0.043773953, 0.078731716, 0.118626304, 0.037223447, 0.14130762, 0.16260146, 0.37159416]",3943043,772,Spain,1,303,314,Pass
120,0.014438996,"[0.057371367, 0.07245387, 0.049793195, 0.07075386, 0.08924107, 0.038195293, 0.56136984, 0.060821537]",3943043,768,England,2,4426,4438,Pass
123,0.014425809,"[0.1516314, 0.05242964, 0.06425759, 0.111728445, 0.04792209, 0.04240462, 0.123662695, 0.4059635]",3943043,772,Spain,2,4626,4635,Pass
9,0.014381824,"[0.041553658, 0.05547408, 0.040276397, 0.09708084, 0.041649625, 0.13731891, 0.06897494, 0.51767147]",3943043,772,Spain,1,214,223,Pass
12,0.014372811,"[0.10164364, 0.087285526, 0.09940544, 0.060119674, 0.06368989, 0.0710043, 0.12991932, 0.3869322]",3943043,772,Spain,1,358,370,Pass
12,0.014368696,"[0.16756058, 0.032186918, 0.02506541, 0.11067608, 0.04446894, 0.12362824, 0.086315796, 0.41009802]",3943043,772,Spain,1,380,390,Pass
4,0.014362255,"[0.06993253, 0.10145098, 0.10954136, 0.030531779, 0.04617303, 0.2257152, 0.15410428, 0.26255086]",3943043,772,Spain,1,57,61,Pass
19,0.014303802,"[0.024696797, 0.05903132, 0.013547753, 0.029415436, 0.018011566, 0.020061519, 0.23859204, 0.5966435]",3943043,768,England,1,547,565,Pass
125,0.014301447,"[0.13005403, 0.075592354, 0.04889991, 0.1724257, 0.04911328, 0.12710047, 0.16162552, 0.23518875]",3943043,772,Spain,2,4748,4756,Pass
89,0.014290463,"[0.12507167, 0.1309172, 0.062285088, 0.046227973, 0.08230917, 0.08851235, 0.23492482, 0.22975172]",3943043,768,England,2,3052,3060,Pass
127,0.014269387,"[0.058965705, 0.055505212, 0.07391622, 0.05184696, 0.14234257, 0.082453765, 0.28220272, 0.25276685]",3943043,772,Spain,2,4809,4830,Pass
97,0.014251785,"[0.06544137, 0.114952445, 0.05701509, 0.039359197, 0.12392782, 0.092250966, 0.30436358, 0.20268956]",3943043,772,Spain,2,3516,3524,Pass
134,0.014222426,"[0.012264519, 0.039964892, 0.10352832, 0.16053385, 0.16290386, 0.07407851, 0.096814245, 0.3499118]",3943043,772,Spain,2,5075,5089,Pass
91,0.0142160095,"[0.054951828, 0.04650541, 0.083513364, 0.1258639, 0.21087345, 0.060326815, 0.257612, 0.16035326]",3943043,772,Spain,2,3234,3244,Pass
92,0.014186922,"[0.083924666, 0.09665008, 0.044471186, 0.06520268, 0.08830118, 0.098758094, 0.2918219, 0.23087026]",3943043,772,Spain,2,3281,3291,Pass
21,0.014167236,"[0.024520665, 0.0522502, 0.013257328, 0.027813274, 0.19718452, 0.084263675, 0.05684232, 0.543868]",3943043,772,Spain,1,652,663,Pass
67,0.014159823,"[0.06450869, 0.04076435, 0.045735188, 0.049269855, 0.05746706, 0.1272682, 0.1560842, 0.4589025]",3943043,772,Spain,1,2473,2480,Pass
123,0.014152957,"[0.07297932, 0.05460205, 0.028516132, 0.05796814, 0.11851014, 0.16702768, 0.28701323, 0.21338329]",3943043,772,Spain,2,4621,4632,Pass
87,0.014150571,"[0.06685486, 0.08396472, 0.0766178, 0.07404999, 0.072655074, 0.13559313, 0.3204331, 0.1698313]",3943043,768,England,2,2973,2985,Pass
27,0.014147505,"[0.008348775, 0.040824004, 0.05736476, 0.14984751, 0.16094226, 0.11267094, 0.15869185, 0.31130993]",3943043,768,England,1,989,1001,Pass
32,0.0141166,"[0.22682138, 0.03413462, 0.03125577, 0.055505365, 0.063701846, 0.0513155, 0.0888545, 0.448411]",3943043,772,Spain,1,1166,1170,Foul
58,0.014109427,"[0.10126418, 0.058010984, 0.06474, 0.15013617, 0.069479324, 0.17306663, 0.1483924, 0.23491035]",3943043,772,Spain,1,2104,2115,Pass
9,0.014082784,"[0.055085063, 0.06467984, 0.10390061, 0.058261562, 0.120125696, 0.06474353, 0.47455347, 0.058650233]",3943043,772,Spain,1,215,226,Pass
127,0.014074355,"[0.047545183, 0.07520248, 0.017940909, 0.1379717, 0.044856414, 0.25743926, 0.09868787, 0.3203562]",3943043,772,Spain,2,4830,4854,Pass
94,0.014042778,"[0.3004448, 0.07662704, 0.21017855, 0.017323613, 0.01463105, 0.13514635, 0.088317566, 0.15733105]",3943043,768,England,2,3390,3402,Pass
92,0.014037436,"[0.05298837, 0.08902474, 0.060407262, 0.033087287, 0.028916588, 0.115369566, 0.40052918, 0.21967699]",3943043,772,Spain,2,3267,3283,Pass
32,0.013993347,"[0.10482722, 0.08279232, 0.059076566, 0.048465732, 0.13633543, 0.097422324, 0.20873399, 0.2623465]",3943043,772,Spain,1,1203,1218,Pass
58,0.0139874015,"[0.13536572, 0.06909819, 0.065270185, 0.08929776, 0.06863166, 0.12769525, 0.1345902, 0.31005102]",3943043,772,Spain,1,2121,2132,Pass
133,0.013965204,"[0.17545874, 0.06704062, 0.058002394, 0.06194007, 0.1373174, 0.1263462, 0.15249956, 0.221395]",3943043,772,Spain,2,4996,5011,Pass
12,0.013943508,"[0.04875004, 0.053645346, 0.06701404, 0.109577455, 0.09392552, 0.18765852, 0.19425012, 0.24517897]",3943043,772,Spain,1,350,363,Pass
12,0.013939844,"[0.0921964, 0.060186792, 0.039775416, 0.08991262, 0.06416301, 0.0854014, 0.17534363, 0.39302075]",3943043,772,Spain,1,309,316,Pass
17,0.013910299,"[0.038919102, 0.051869053, 0.07645121, 0.1017357, 0.16332923, 0.106761284, 0.22502442, 0.23591009]",3943043,772,Spain,1,495,504,Pass
64,0.01387208,"[0.08471581, 0.05630235, 0.113336414, 0.0572022, 0.12987919, 0.18819287, 0.20700802, 0.16336313]",3943043,772,Spain,1,2387,2395,Pass
58,0.01386404,"[0.075293235, 0.040114973, 0.04577053, 0.04120557, 0.055991497, 0.10816316, 0.20449184, 0.42896923]",3943043,772,Spain,1,2112,2120,Pass
12,0.013859281,"[0.05423814, 0.052622512, 0.08275951, 0.053068027, 0.12936339, 0.1329258, 0.25240463, 0.24261793]",3943043,772,Spain,1,405,418,Pass
127,0.013858238,"[0.053279363, 0.057648942, 0.03568934, 0.078720674, 0.049884, 0.0982412, 0.078479685, 0.54805684]",3943043,772,Spain,2,4810,4836,Pass
24,0.013847487,"[0.05956782, 0.04778891, 0.055604633, 0.113679506, 0.100068815, 0.11218003, 0.3236362, 0.18747413]",3943043,772,Spain,1,808,824,Pass
29,0.013831589,"[0.07999079, 0.08056352, 0.03721591, 0.041345537, 0.059976835, 0.13213356, 0.3130418, 0.255732]",3943043,772,Spain,1,1062,1076,Pass
12,0.01381536,"[0.14438424, 0.05452652, 0.030511517, 0.06262552, 0.050014537, 0.15432632, 0.11245711, 0.39115423]",3943043,772,Spain,1,336,351,Pass
62,0.01373432,"[0.06421831, 0.04514466, 0.03643329, 0.08547994, 0.034159712, 0.16008417, 0.20040983, 0.37407008]",3943043,772,Spain,1,2323,2330,Pass
67,0.013733448,"[0.048273332, 0.06455586, 0.07264068, 0.052475113, 0.10678637, 0.1142239, 0.27049753, 0.2705472]",3943043,772,Spain,1,2478,2485,Pass
81,0.013727853,"[0.037869994, 0.033241995, 0.027039854, 0.023836438, 0.1090309, 0.14889398, 0.10415822, 0.5159286]",3943043,772,Spain,2,2737,2751,Pass
58,0.013725627,"[0.0627505, 0.01866924, 0.07197259, 0.06254792, 0.056191087, 0.13189988, 0.1797172, 0.4162516]",3943043,772,Spain,1,2101,2113,Pass
123,0.013722505,"[0.054296527, 0.036082406, 0.038675155, 0.11743525, 0.10926097, 0.09762012, 0.18902804, 0.35760158]",3943043,772,Spain,2,4580,4594,Pass
12,0.01370511,"[0.08053114, 0.16656622, 0.100996576, 0.07306124, 0.09469307, 0.0878533, 0.20344676, 0.19285175]",3943043,772,Spain,1,400,409,Pass
113,0.013699921,"[0.051593587, 0.05248996, 0.10599144, 0.060246207, 0.10676332, 0.10078254, 0.21432924, 0.3078037]",3943043,772,Spain,2,4233,4244,Pass
125,0.013698209,"[0.077008545, 0.05889679, 0.055813305, 0.04225567, 0.1745241, 0.06599018, 0.31777743, 0.20773399]",3943043,772,Spain,2,4737,4753,Pass
31,0.013693048,"[0.051228687, 0.02365994, 0.07590341, 0.045913868, 0.07425137, 0.17357354, 0.5554692, 0.0]",3943043,768,England,1,1130,1152,Pass
32,0.013664275,"[0.11152929, 0.06049553, 0.030919265, 0.12790647, 0.10224572, 0.026622403, 0.08525379, 0.45502752]",3943043,772,Spain,1,1191,1203,Foul
32,0.013664223,"[0.06174065, 0.27098417, 0.07910672, 0.053134106, 0.05969827, 0.103323296, 0.1389507, 0.23306207]",3943043,772,Spain,1,1161,1169,Foul
113,0.013650192,"[0.08533133, 0.08785643, 0.0659105, 0.07239604, 0.060251854, 0.06424047, 0.31647217, 0.24754119]",3943043,772,Spain,2,4230,4239,Pass
4,0.0136188585,"[0.076830454, 0.12688135, 0.05351343, 0.04734239, 0.07191338, 0.06784598, 0.28518802, 0.270485]",3943043,772,Spain,1,65,84,Pass
62,0.013609547,"[0.016786644, 0.08254375, 0.052894253, 0.068758614, 0.08023486, 0.06232866, 0.25068572, 0.38576755]",3943043,772,Spain,1,2321,2330,Pass
64,0.013602952,"[0.051517647, 0.088620275, 0.063866965, 0.09554678, 0.06717258, 0.13099135, 0.13355654, 0.3687279]",3943043,772,Spain,1,2379,2392,Pass
98,0.013552716,"[0.06239295, 0.05540774, 0.054984294, 0.037190944, 0.049540933, 0.17454849, 0.1633989, 0.40253577]",3943043,768,England,2,3548,3562,Pass
12,0.013547918,"[0.082634844, 0.08174468, 0.06257288, 0.047729082, 0.15669823, 0.07514089, 0.28268594, 0.21079342]",3943043,772,Spain,1,379,390,Pass
120,0.0135320835,"[0.03763473, 0.091877595, 0.037518077, 0.031454388, 0.14019068, 0.015746681, 0.50075257, 0.14482532]",3943043,768,England,2,4428,4439,Pass
12,0.013517316,"[0.06671466, 0.039667998, 0.069152206, 0.055178642, 0.10709943, 0.14037348, 0.27395555, 0.24785803]",3943043,772,Spain,1,349,361,Pass
21,0.013501389,"[0.06426184, 0.013757879, 0.022002812, 0.15312406, 0.08045566, 0.048718534, 0.35871542, 0.2589638]",3943043,772,Spain,1,654,665,Pass
58,0.013494998,"[0.19032705, 0.06519935, 0.058514338, 0.12117644, 0.060167246, 0.10406096, 0.13737972, 0.2631749]",3943043,772,Spain,1,2119,2130,Pass
32,0.013436148,"[0.08565715, 0.04703524, 0.047990285, 0.12173962, 0.05693408, 0.11222762, 0.15108186, 0.37733415]",3943043,772,Spain,1,1207,1219,Pass
12,0.013426309,"[0.12992743, 0.080719545, 0.066477045, 0.11180835, 0.116626315, 0.13360088, 0.19491093, 0.16592951]",3943043,772,Spain,1,396,404,Pass
98,0.013416119,"[0.057280585, 0.068454534, 0.042138513, 0.042860873, 0.17695968, 0.117251195, 0.26579213, 0.2292625]",3943043,768,England,2,3550,3564,Pass
134,0.0134110935,"[0.018738791, 0.110918015, 0.12240252, 0.13913208, 0.08327089, 0.102362156, 0.20225811, 0.22091742]",3943043,772,Spain,2,5076,5090,Pass
91,0.013388047,"[0.03691115, 0.0665367, 0.019992243, 0.09767996, 0.061549325, 0.15832317, 0.10296939, 0.45603806]",3943043,772,Spain,2,3190,3204,Pass
58,0.013385147,"[0.023641704, 0.06752582, 0.07600992, 0.07163781, 0.12157631, 0.11890404, 0.2703558, 0.2503486]",3943043,772,Spain,1,2104,2115,Pass
12,0.013378277,"[0.057318788, 0.07714507, 0.07348256, 0.09979585, 0.10240233, 0.11509272, 0.16932546, 0.30543724]",3943043,772,Spain,1,396,405,Pass
12,0.013375105,"[0.083806954, 0.13297053, 0.07008886, 0.079276964, 0.08605391, 0.09948597, 0.2390827, 0.20923412]",3943043,772,Spain,1,360,371,Pass
114,0.013361078,"[0.2041825, 0.14925018, 0.1373059, 0.2849518, 0.2243096, 0.0, 0.0, 0.0]",3943043,768,England,2,4293,4303,Pass
12,0.013356296,"[0.039373342, 0.07716766, 0.072282426, 0.051929437, 0.16250312, 0.15935975, 0.1479232, 0.28946105]",3943043,772,Spain,1,351,364,Pass
64,0.013334988,"[0.08078265, 0.0813253, 0.05626852, 0.12669359, 0.07704994, 0.1360017, 0.1744328, 0.2674455]",3943043,772,Spain,1,2384,2394,Pass
58,0.013330808,"[0.06850408, 0.08324504, 0.062367864, 0.1341919, 0.08106199, 0.15509686, 0.17913544, 0.23639688]",3943043,772,Spain,1,2111,2119,Pass
64,0.013318414,"[0.07520576, 0.08548491, 0.09429482, 0.050818056, 0.12127348, 0.10338195, 0.2270284, 0.24251261]",3943043,772,Spain,1,2382,2393,Pass
17,0.013282733,"[0.07405379, 0.0321933, 0.035273746, 0.08477684, 0.11239445, 0.14373118, 0.14456964, 0.37300703]",3943043,772,Spain,1,493,503,Pass
81,0.013275053,"[0.051254887, 0.022796815, 0.045961995, 0.13782476, 0.060446296, 0.13426098, 0.16339184, 0.3840625]",3943043,772,Spain,2,2750,2762,Pass
92,0.01324044,"[0.06227413, 0.020230781, 0.058479268, 0.11196906, 0.04549848, 0.086645484, 0.21546699, 0.39943582]",3943043,772,Spain,2,3277,3286,Pass
4,0.013199301,"[0.073982544, 0.10463431, 0.1090243, 0.147018, 0.05288232, 0.06111236, 0.24667858, 0.20466766]",3943043,772,Spain,1,56,60,Pass
127,0.013158742,"[0.10326122, 0.055239674, 0.044814773, 0.06355574, 0.037092295, 0.13221838, 0.10683748, 0.45698044]",3943043,772,Spain,2,4817,4845,Pass
133,0.013150701,"[0.06703919, 0.05983341, 0.044920016, 0.031425815, 0.10169719, 0.15614295, 0.13011236, 0.40882906]",3943043,772,Spain,2,4989,5004,Pass
84,0.013127958,"[0.045920324, 0.058013096, 0.031818487, 0.05258801, 0.085313745, 0.09935869, 0.086485624, 0.540502]",3943043,768,England,2,2938,2950,Pass
56,0.013097955,"[0.051887948, 0.06147772, 0.09478225, 0.1037061, 0.10246841, 0.08165569, 0.12134016, 0.38268173]",3943043,772,Spain,1,1962,1981,Pass
44,0.013086427,"[0.08098555, 0.049499236, 0.045557465, 0.06304427, 0.059450056, 0.14339551, 0.29448518, 0.2635828]",3943043,772,Spain,1,1608,1621,Pass
12,0.012998706,"[0.13382609, 0.055145226, 0.05408812, 0.04250063, 0.08358465, 0.1284414, 0.17620024, 0.32621366]",3943043,772,Spain,1,361,374,Pass
12,0.012956487,"[0.11122297, 0.094283104, 0.10366788, 0.07311368, 0.10528747, 0.1737878, 0.18370974, 0.15492734]",3943043,772,Spain,1,397,407,Pass
128,0.012948614,"[0.18298402, 0.14013599, 0.14797615, 0.2930626, 0.23584126, 0.0, 0.0, 0.0]",3943043,768,England,2,4856,4860,Pass
91,0.012910299,"[0.025842411, 0.053024013, 0.0508317, 0.07340622, 0.12535994, 0.15159342, 0.18433982, 0.3356025]",3943043,772,Spain,2,3174,3183,Pass
81,0.012856869,"[0.043955397, 0.044977248, 0.02558754, 0.07852788, 0.124549106, 0.0645707, 0.23391229, 0.38391986]",3943043,772,Spain,2,2738,2752,Pass
15,0.012836974,"[0.082326934, 0.116692215, 0.048395645, 0.0646149, 0.096492216, 0.14957252, 0.21361583, 0.22828972]",3943043,772,Spain,1,469,478,Pass
91,0.012816308,"[0.107204564, 0.06277928, 0.057147797, 0.05995547, 0.080934785, 0.1701195, 0.13326956, 0.32858905]",3943043,772,Spain,2,3202,3218,Pass
27,0.012789657,"[0.102788255, 0.088296175, 0.08791125, 0.086968474, 0.076670736, 0.103523776, 0.22478002, 0.2290613]",3943043,768,England,1,930,944,Pass
27,0.012780428,"[0.06074287, 0.07882255, 0.076113, 0.10089335, 0.11080669, 0.12615776, 0.12153152, 0.32493225]",3943043,768,England,1,939,950,Pass
32,0.012773279,"[0.08809596, 0.103303894, 0.108348064, 0.034426566, 0.06385611, 0.22840628, 0.11584887, 0.25771427]",3943043,772,Spain,1,1196,1209,Foul
32,0.01276998,"[0.05176223, 0.04925583, 0.18112162, 0.07954128, 0.077033386, 0.11223135, 0.24862786, 0.20042644]",3943043,772,Spain,1,1203,1213,Foul
56,0.01276922,"[0.09500291, 0.050047748, 0.065443434, 0.1057723, 0.055474345, 0.09577001, 0.10346658, 0.4290227]",3943043,772,Spain,1,1976,1991,Pass
127,0.012768468,"[0.08153178, 0.07720467, 0.052959874, 0.052765243, 0.08500791, 0.08228898, 0.31339163, 0.2548499]",3943043,772,Spain,2,4803,4824,Pass
32,0.0127604455,"[0.08486685, 0.11674951, 0.07415551, 0.055854388, 0.07087048, 0.14002223, 0.14098644, 0.31649467]",3943043,772,Spain,1,1203,1217,Pass
58,0.012754617,"[0.14082287, 0.11363689, 0.09853058, 0.065337405, 0.1187682, 0.10226692, 0.17342219, 0.18721496]",3943043,772,Spain,1,2120,2131,Pass
9,0.012722788,"[0.14280052, 0.066240795, 0.04862693, 0.08314817, 0.043183833, 0.13810316, 0.035804216, 0.44209242]",3943043,772,Spain,1,217,227,Pass
117,0.012715504,"[0.05587595, 0.06426363, 0.059052438, 0.047969192, 0.078404464, 0.08404601, 0.11447571, 0.49591258]",3943043,768,England,2,4312,4318,Foul
63,0.012702564,"[0.06262847, 0.107082814, 0.07186003, 0.12617312, 0.07596303, 0.11138284, 0.11652536, 0.32838434]",3943043,768,England,1,2353,2361,Pass
61,0.012699362,"[0.06989654, 0.06451945, 0.068484336, 0.06595777, 0.14250231, 0.073257074, 0.059276033, 0.45610648]",3943043,768,England,1,2306,2317,Pass
32,0.012661006,"[0.054408573, 0.05906946, 0.24771705, 0.11645228, 0.045558885, 0.07566997, 0.15921491, 0.24190888]",3943043,772,Spain,1,1160,1169,Foul
4,0.012647845,"[0.07387648, 0.13566217, 0.04637623, 0.049270615, 0.15310037, 0.08398999, 0.19634748, 0.26137668]",3943043,772,Spain,1,58,61,Pass
120,0.012614833,"[0.10703033, 0.036645092, 0.03284385, 0.10354659, 0.016800549, 0.37949812, 0.064535104, 0.25910038]",3943043,768,England,2,4429,4442,Pass
56,0.012613608,"[0.08648099, 0.092354335, 0.05939056, 0.15621246, 0.12417411, 0.0768699, 0.20140053, 0.20311718]",3943043,772,Spain,1,1974,1987,Pass
58,0.012587426,"[0.108116575, 0.15105838, 0.090917476, 0.061796986, 0.103573136, 0.11702123, 0.1881649, 0.17935133]",3943043,772,Spain,1,2125,2132,Pass
9,0.012585856,"[0.092835575, 0.10356054, 0.072048225, 0.042857565, 0.11979799, 0.1219352, 0.21306656, 0.23389834]",3943043,772,Spain,1,228,239,Pass
12,0.012545919,"[0.042334557, 0.08827778, 0.1272687, 0.103664905, 0.11256872, 0.09319584, 0.11991863, 0.3127709]",3943043,772,Spain,1,398,407,Pass
21,0.012481691,"[0.05023662, 0.043001235, 0.04123655, 0.054536905, 0.07384534, 0.070124105, 0.09904649, 0.5679728]",3943043,772,Spain,1,648,657,Pass
32,0.012463769,"[0.1237447, 0.10192434, 0.031837236, 0.057761714, 0.22313468, 0.1268834, 0.14811125, 0.18660265]",3943043,772,Spain,1,1199,1210,Foul
25,0.012406917,"[0.11832544, 0.29882666, 0.39703017, 0.18581772, 0.0, 0.0, 0.0, 0.0]",3943043,768,England,1,833,840,Pass
90,0.012318082,"[0.07305995, 0.09139689, 0.08507663, 0.0985083, 0.111519486, 0.120954506, 0.2405082, 0.17897606]",3943043,772,Spain,2,3129,3147,Pass
91,0.012317795,"[0.11010959, 0.090869956, 0.06304804, 0.090492986, 0.066028744, 0.11978856, 0.2686097, 0.1910524]",3943043,772,Spain,2,3198,3211,Pass
113,0.012263266,"[0.077519946, 0.08055821, 0.092129946, 0.088358074, 0.08207662, 0.12941231, 0.16921785, 0.2807271]",3943043,772,Spain,2,4233,4245,Pass
80,0.012261182,"[0.06303103, 0.031849947, 0.121370256, 0.047049843, 0.06369727, 0.12635382, 0.14033248, 0.4063154]",3943043,772,Spain,2,2716,2728,Pass
17,0.012223985,"[0.057940684, 0.08090846, 0.06264642, 0.058595758, 0.10777774, 0.17835197, 0.27271274, 0.18106623]",3943043,772,Spain,1,490,502,Pass
12,0.012184609,"[0.08291895, 0.087478586, 0.08189028, 0.04629787, 0.121266305, 0.11746135, 0.2900735, 0.17261317]",3943043,772,Spain,1,335,350,Pass
90,0.012179583,"[0.047572255, 0.066108644, 0.081444025, 0.07041319, 0.14005905, 0.12940988, 0.08547791, 0.37951502]",3943043,772,Spain,2,3127,3144,Pass
24,0.012177369,"[0.049820438, 0.060836494, 0.048686303, 0.07828848, 0.12981555, 0.12672246, 0.12637474, 0.3794555]",3943043,772,Spain,1,802,821,Pass
91,0.012169363,"[0.070957735, 0.074040845, 0.0690156, 0.045832153, 0.056867372, 0.06900389, 0.15264806, 0.46163437]",3943043,772,Spain,2,3198,3209,Pass
91,0.012130747,"[0.07713561, 0.119214386, 0.07014054, 0.049325198, 0.0793553, 0.16790542, 0.11638762, 0.3205359]",3943043,772,Spain,2,3218,3227,Pass
97,0.0121113155,"[0.08736811, 0.11422753, 0.069975, 0.0653912, 0.121351115, 0.10371937, 0.2680238, 0.16994393]",3943043,772,Spain,2,3476,3494,Pass
127,0.012087269,"[0.09518211, 0.08480219, 0.055510275, 0.09359548, 0.045535088, 0.10285444, 0.1274124, 0.39510807]",3943043,772,Spain,2,4824,4846,Pass
67,0.012076056,"[0.10519796, 0.095887646, 0.0842572, 0.07974585, 0.086328685, 0.107039824, 0.23122977, 0.21031314]",3943043,772,Spain,1,2472,2479,Pass
92,0.01206241,"[0.05058675, 0.10525877, 0.09609075, 0.057185374, 0.08175471, 0.13506803, 0.23832856, 0.23572704]",3943043,772,Spain,2,3278,3287,Pass
27,0.012051808,"[0.07991774, 0.06265148, 0.03163534, 0.055764638, 0.11469541, 0.17195144, 0.08311402, 0.40026993]",3943043,768,England,1,947,961,Pass
113,0.012016861,"[0.055998117, 0.04598533, 0.06498361, 0.10014595, 0.10884708, 0.19371663, 0.24157745, 0.18874583]",3943043,772,Spain,2,4241,4249,Pass
67,0.011982631,"[0.11102814, 0.069616094, 0.11646959, 0.07308078, 0.106160596, 0.14289919, 0.16867584, 0.21206978]",3943043,772,Spain,1,2463,2476,Pass
103,0.01196418,"[0.34314498, 0.13261753, 0.5242375, 0.0, 0.0, 0.0, 0.0, 0.0]",3943043,772,Spain,2,3905,3908,Pass
91,0.011948876,"[0.067506135, 0.08391183, 0.0705222, 0.09526576, 0.12588985, 0.13265917, 0.11658758, 0.30765748]",3943043,772,Spain,2,3208,3221,Pass
119,0.011944467,"[0.0662062, 0.058485355, 0.10694351, 0.049150065, 0.100039035, 0.14978886, 0.23227304, 0.237114]",3943043,772,Spain,2,4407,4418,Pass
89,0.011914751,"[0.06841512, 0.07204661, 0.089477465, 0.08016547, 0.12725028, 0.14254928, 0.194638, 0.22545777]",3943043,768,England,2,3024,3041,Pass
35,0.011874741,"[0.27944797, 0.18252033, 0.345105, 0.19292669, 0.0, 0.0, 0.0, 0.0]",3943043,772,Spain,1,1321,1325,Pass
91,0.011866257,"[0.121945694, 0.07086226, 0.06429207, 0.10468113, 0.12687346, 0.10601846, 0.16746515, 0.23786178]",3943043,772,Spain,2,3203,3218,Pass
119,0.011865264,"[0.073498026, 0.06796394, 0.06827088, 0.105301246, 0.07884119, 0.1209685, 0.14402281, 0.34113342]",3943043,772,Spain,2,4405,4417,Pass
127,0.011843178,"[0.09933418, 0.0882923, 0.07929947, 0.05768749, 0.13949499, 0.07871532, 0.21811849, 0.23905775]",3943043,772,Spain,2,4822,4845,Pass
29,0.01183906,"[0.07725656, 0.05363886, 0.037521914, 0.10013302, 0.048751507, 0.1352024, 0.15456645, 0.3929293]",3943043,772,Spain,1,1041,1058,Pass
63,0.011831347,"[0.16651808, 0.08524528, 0.11378803, 0.066433236, 0.10153718, 0.082331374, 0.18206452, 0.20208228]",3943043,768,England,1,2354,2361,Pass
123,0.011802636,"[0.081359014, 0.08693513, 0.1045247, 0.084619164, 0.08598206, 0.12387845, 0.20181495, 0.23088653]",3943043,772,Spain,2,4569,4584,Pass
91,0.011777861,"[0.101553075, 0.094289675, 0.0421291, 0.06762681, 0.044918697, 0.11387006, 0.09749615, 0.4381164]",3943043,772,Spain,2,3186,3202,Pass
97,0.011758471,"[0.08567764, 0.076036505, 0.06266945, 0.15127762, 0.07400226, 0.23288731, 0.113574564, 0.20387468]",3943043,772,Spain,2,3478,3497,Pass
27,0.011748174,"[0.11368678, 0.096758574, 0.08788678, 0.10505268, 0.09024037, 0.08250136, 0.11386576, 0.3100077]",3943043,768,England,1,928,943,Pass
127,0.011713956,"[0.09555061, 0.076969735, 0.069843195, 0.0651164, 0.055402286, 0.12365952, 0.10255382, 0.4109044]",3943043,772,Spain,2,4802,4822,Pass
9,0.011709398,"[0.26463705, 0.06547583, 0.09512891, 0.030583482, 0.1369783, 0.09218994, 0.14462544, 0.17038107]",3943043,772,Spain,1,222,229,Pass
94,0.011694366,"[0.08358448, 0.07505178, 0.112591445, 0.06817811, 0.08963513, 0.12075142, 0.17108661, 0.27912107]",3943043,768,England,2,3364,3375,Pass
120,0.011642447,"[0.09788942, 0.03335148, 0.06261818, 0.044379752, 0.028527904, 0.15859127, 0.020850725, 0.5537912]",3943043,768,England,2,4427,4438,Pass
92,0.0116182305,"[0.14769724, 0.06736146, 0.050466496, 0.05057528, 0.07610803, 0.092765786, 0.13278432, 0.38224143]",3943043,772,Spain,2,3279,3288,Pass
94,0.011605829,"[0.07703732, 0.063828096, 0.068880826, 0.06819451, 0.08433971, 0.10644141, 0.2594674, 0.27181077]",3943043,768,England,2,3366,3379,Pass
24,0.0116028115,"[0.054020014, 0.097750254, 0.117256664, 0.07088586, 0.08697763, 0.08247975, 0.21923721, 0.27139267]",3943043,772,Spain,1,794,810,Pass
29,0.011600776,"[0.13149315, 0.08473557, 0.065272115, 0.05689452, 0.047070954, 0.0834664, 0.14078197, 0.39028525]",3943043,772,Spain,1,1059,1074,Pass
127,0.0115998,"[0.10758771, 0.051511377, 0.0438656, 0.082024194, 0.056562513, 0.14243406, 0.12243433, 0.3935802]",3943043,772,Spain,2,4805,4828,Pass
81,0.011599056,"[0.11625125, 0.05162952, 0.03751075, 0.06454806, 0.057315826, 0.05434582, 0.17024042, 0.44815838]",3943043,772,Spain,2,2733,2749,Pass
24,0.01159619,"[0.07945609, 0.09979053, 0.053515427, 0.06695885, 0.053285897, 0.12520522, 0.15105301, 0.37073502]",3943043,772,Spain,1,795,814,Pass
113,0.011591611,"[0.107078254, 0.057883613, 0.07615799, 0.08561483, 0.09075513, 0.065158725, 0.09262493, 0.42472652]",3943043,772,Spain,2,4229,4237,Pass
91,0.011591101,"[0.124220625, 0.057926744, 0.06784863, 0.05350574, 0.121482395, 0.08587903, 0.28571448, 0.20342237]",3943043,772,Spain,2,3188,3203,Pass
90,0.011582175,"[0.08726137, 0.08107074, 0.10456885, 0.106507555, 0.07904893, 0.12912576, 0.13844065, 0.2739762]",3943043,772,Spain,2,3131,3148,Pass
56,0.011577062,"[0.08434917, 0.10745397, 0.07197798, 0.08541048, 0.0632263, 0.07066896, 0.13347453, 0.38343865]",3943043,772,Spain,1,1968,1982,Pass
91,0.01157674,"[0.11262325, 0.08470614, 0.11971432, 0.07737951, 0.12223698, 0.15729606, 0.17370331, 0.1523404]",3943043,772,Spain,2,3205,3219,Pass
24,0.011558551,"[0.06409524, 0.06033233, 0.08642191, 0.070746735, 0.123665005, 0.1911431, 0.21796843, 0.18562725]",3943043,772,Spain,1,801,818,Pass
67,0.011551896,"[0.13985133, 0.08199743, 0.05586609, 0.13516003, 0.07013851, 0.111475155, 0.14242037, 0.26309106]",3943043,772,Spain,1,2461,2475,Pass
80,0.011536149,"[0.05554322, 0.16501935, 0.020624343, 0.064322345, 0.12252001, 0.09670566, 0.20732707, 0.26793805]",3943043,772,Spain,2,2719,2729,Pass
113,0.011524662,"[0.08176426, 0.06876907, 0.053422555, 0.09031375, 0.11898567, 0.13070172, 0.1630584, 0.29298458]",3943043,772,Spain,2,4239,4248,Pass
113,0.011516364,"[0.11447387, 0.06629364, 0.10250098, 0.0862206, 0.10024661, 0.17033108, 0.20372026, 0.15621302]",3943043,772,Spain,2,4254,4264,Pass
3,0.011492206,"[0.060867026, 0.07118739, 0.05431624, 0.1360018, 0.09137787, 0.13104616, 0.1758774, 0.27932608]",3943043,772,Spain,1,35,41,Pass
27,0.011485489,"[0.0517496, 0.053861357, 0.10307184, 0.1592873, 0.08854435, 0.116524085, 0.29189062, 0.13507088]",3943043,768,England,1,949,965,Pass
67,0.011482051,"[0.09210812, 0.095200256, 0.07073024, 0.08830915, 0.10271774, 0.09376582, 0.13017471, 0.32699397]",3943043,772,Spain,1,2465,2478,Pass
90,0.01148,"[0.112763, 0.04725888, 0.07056859, 0.053403623, 0.10973051, 0.1309311, 0.29526126, 0.18008305]",3943043,772,Spain,2,3109,3125,Pass
81,0.011473015,"[0.06782215, 0.054178156, 0.06590866, 0.07072874, 0.057052337, 0.16682045, 0.31683633, 0.20065323]",3943043,772,Spain,2,2735,2750,Pass
7,0.011472402,"[0.0929169, 0.11538325, 0.06768443, 0.04640345, 0.119771674, 0.08800265, 0.23320918, 0.2366285]",3943043,772,Spain,1,166,180,Pass
90,0.011450591,"[0.12960647, 0.06409037, 0.020403601, 0.08153331, 0.037009005, 0.09016593, 0.11851905, 0.45867226]",3943043,772,Spain,2,3108,3123,Pass
113,0.011439741,"[0.037574552, 0.040712982, 0.09278816, 0.097665995, 0.12668687, 0.12606488, 0.13765557, 0.340851]",3943043,772,Spain,2,4242,4254,Pass
4,0.011386974,"[0.13149737, 0.05449445, 0.054369736, 0.16332164, 0.07422911, 0.13525362, 0.1830673, 0.20376684]",3943043,772,Spain,1,58,62,Pass
52,0.0113862995,"[0.1264545, 0.09773638, 0.10930383, 0.123913474, 0.08362084, 0.11838925, 0.1598692, 0.18071249]",3943043,768,England,1,1894,1903,Foul
79,0.011377532,"[0.059022676, 0.08363751, 0.2135164, 0.17111617, 0.117080376, 0.3556269, 0.0, 0.0]",3943043,772,Spain,1,2805,2817,Pass
52,0.011347484,"[0.071715705, 0.14120308, 0.10198233, 0.13106334, 0.09928867, 0.08183658, 0.14758569, 0.2253246]",3943043,768,England,1,1892,1902,Pass
94,0.011343809,"[0.12588803, 0.078886524, 0.063773125, 0.13732, 0.07434576, 0.10823943, 0.13376607, 0.27778104]",3943043,768,England,2,3363,3374,Pass
85,0.011336824,"[0.09128462, 0.11071196, 0.117958605, 0.10266557, 0.09962155, 0.13322872, 0.15946658, 0.18506241]",3943043,772,Spain,2,2954,2960,Pass
29,0.011334868,"[0.07328713, 0.069127955, 0.080696754, 0.13661684, 0.1643509, 0.11995088, 0.16079493, 0.19517468]",3943043,772,Spain,1,1048,1067,Pass
85,0.011320338,"[0.061734095, 0.060484562, 0.110322356, 0.1289901, 0.14494674, 0.10239232, 0.15888765, 0.2322422]",3943043,772,Spain,2,2953,2959,Pass
9,0.011312321,"[0.04512442, 0.090937465, 0.126327, 0.107549295, 0.10810281, 0.15515766, 0.20998882, 0.15681252]",3943043,772,Spain,1,223,233,Pass
44,0.0112456735,"[0.12599811, 0.08766724, 0.04547897, 0.06581698, 0.064011365, 0.08347443, 0.14792031, 0.3796326]",3943043,772,Spain,1,1606,1620,Pass
8,0.011216801,"[0.040009983, 0.05029127, 0.104807675, 0.04072984, 0.065585546, 0.08284766, 0.4367185, 0.17900953]",3943043,768,England,1,187,200,Pass
81,0.011216337,"[0.07754184, 0.118753426, 0.077921085, 0.049973063, 0.079708755, 0.13424496, 0.2964095, 0.16544738]",3943043,772,Spain,2,2741,2755,Pass
133,0.011214625,"[0.09366004, 0.15062186, 0.07183953, 0.060947295, 0.06471044, 0.15164673, 0.15074596, 0.25582814]",3943043,772,Spain,2,4994,5010,Pass
32,0.011211002,"[0.11575349, 0.037562147, 0.05210793, 0.19392475, 0.086301796, 0.09289023, 0.13484286, 0.2866168]",3943043,772,Spain,1,1201,1211,Foul
91,0.011208052,"[0.11208591, 0.09174108, 0.09360353, 0.11232957, 0.067976385, 0.12342216, 0.22858633, 0.170255]",3943043,772,Spain,2,3211,3223,Pass
27,0.011198157,"[0.37417543, 0.059966374, 0.036063585, 0.07589177, 0.016708216, 0.13513802, 0.104071274, 0.19798537]",3943043,768,England,1,918,934,Pass
29,0.011191135,"[0.06513822, 0.048461467, 0.08424339, 0.04693001, 0.12247231, 0.11903516, 0.21090482, 0.30281457]",3943043,772,Spain,1,1042,1059,Pass
80,0.011185614,"[0.071967885, 0.0708359, 0.040052883, 0.08422773, 0.08511843, 0.1319807, 0.08330364, 0.43251282]",3943043,772,Spain,2,2706,2722,Pass
89,0.01117683,"[0.050317585, 0.066395454, 0.057860967, 0.09345228, 0.0996858, 0.14942095, 0.20025639, 0.28261063]",3943043,768,England,2,3023,3039,Pass
81,0.011171205,"[0.09284958, 0.07534954, 0.06572899, 0.08158584, 0.15344709, 0.1173147, 0.2087925, 0.20493177]",3943043,772,Spain,2,2749,2761,Pass
113,0.011165498,"[0.036148414, 0.034972105, 0.052325338, 0.047017418, 0.044196956, 0.059897926, 0.07214028, 0.6533016]",3943043,772,Spain,2,4255,4264,Pass
3,0.0111606885,"[0.08609512, 0.08806741, 0.08121569, 0.061907474, 0.13469595, 0.108425885, 0.17903915, 0.2605533]",3943043,772,Spain,1,34,41,Pass
46,0.011128537,"[0.06206484, 0.07912597, 0.06792203, 0.08119988, 0.14062494, 0.15222763, 0.21527638, 0.20155832]",3943043,768,England,1,1676,1687,Pass
24,0.01110507,"[0.08571084, 0.09424291, 0.067553446, 0.056355722, 0.11194357, 0.10119757, 0.20180175, 0.28119418]",3943043,772,Spain,1,799,815,Pass
133,0.011104217,"[0.04874003, 0.08104973, 0.08402209, 0.07617178, 0.06834781, 0.14897408, 0.2657449, 0.2269496]",3943043,772,Spain,2,4988,5000,Pass
9,0.011087323,"[0.11914246, 0.18114999, 0.05968198, 0.12181744, 0.053427167, 0.14975658, 0.1284398, 0.18658458]",3943043,772,Spain,1,219,228,Pass
133,0.011073621,"[0.08250694, 0.07103363, 0.03779771, 0.098727144, 0.09603861, 0.08633981, 0.12831014, 0.39924604]",3943043,772,Spain,2,4990,5005,Pass
9,0.011048099,"[0.09140552, 0.10340086, 0.15891863, 0.043075126, 0.108977474, 0.06370582, 0.2508404, 0.17967625]",3943043,772,Spain,1,218,228,Pass
134,0.011042545,"[0.35113886, 0.1000381, 0.09951362, 0.055660844, 0.10769161, 0.09662094, 0.097302675, 0.09203334]",3943043,772,Spain,2,5073,5087,Pass
27,0.011017408,"[0.12402953, 0.12475219, 0.14546946, 0.103641935, 0.101000816, 0.1333871, 0.1301203, 0.13759862]",3943043,768,England,1,926,939,Pass
46,0.011013674,"[0.06357841, 0.06695251, 0.10379028, 0.07838531, 0.12496151, 0.16717725, 0.18138263, 0.21377215]",3943043,768,England,1,1679,1690,Pass
113,0.011007464,"[0.05289104, 0.13393906, 0.088480994, 0.10563819, 0.13646364, 0.12634106, 0.21000095, 0.14624502]",3943043,772,Spain,2,4243,4255,Pass
27,0.011006501,"[0.09281974, 0.13872035, 0.11407622, 0.08903107, 0.107763216, 0.079869196, 0.17549506, 0.20222515]",3943043,768,England,1,943,952,Pass
46,0.010983195,"[0.09399576, 0.0564649, 0.06377119, 0.12192286, 0.08898603, 0.13243572, 0.16798162, 0.27444193]",3943043,768,England,1,1678,1689,Pass
91,0.010953121,"[0.05576054, 0.047906965, 0.06506345, 0.09786006, 0.10608574, 0.09752025, 0.1749364, 0.3548666]",3943043,772,Spain,2,3177,3186,Pass
91,0.010899914,"[0.13793302, 0.07569128, 0.07553747, 0.101964116, 0.12012903, 0.107172966, 0.16537786, 0.21619426]",3943043,772,Spain,2,3218,3228,Pass
5,0.010894794,"[0.059293922, 0.044062268, 0.09055017, 0.07147502, 0.09012506, 0.18091051, 0.15064676, 0.31293637]",3943043,768,England,1,91,99,Pass
29,0.010886634,"[0.07616111, 0.1068688, 0.09595527, 0.058411695, 0.118834265, 0.09096408, 0.22341585, 0.22938892]",3943043,772,Spain,1,1040,1050,Pass
56,0.010875352,"[0.17854616, 0.058241267, 0.05138935, 0.05894916, 0.12636554, 0.14399657, 0.0907723, 0.29173967]",3943043,772,Spain,1,1973,1985,Pass
81,0.010870067,"[0.07425235, 0.034456126, 0.07310896, 0.09034082, 0.052647725, 0.10658391, 0.19118491, 0.3774252]",3943043,772,Spain,2,2739,2753,Pass
5,0.010869626,"[0.06824499, 0.062053367, 0.045454025, 0.12507305, 0.065467015, 0.12777358, 0.270535, 0.23539901]",3943043,768,England,1,91,98,Pass
32,0.010856625,"[0.112781055, 0.08880238, 0.11660825, 0.10792304, 0.04752048, 0.087676175, 0.2899573, 0.14873132]",3943043,772,Spain,1,1194,1207,Foul
91,0.010850811,"[0.0725419, 0.071595974, 0.064809114, 0.099862896, 0.100160465, 0.12763306, 0.19278911, 0.27060756]",3943043,772,Spain,2,3228,3238,Pass
63,0.01084731,"[0.09830673, 0.0929828, 0.11356931, 0.08932167, 0.07880075, 0.12837823, 0.18413335, 0.21450715]",3943043,768,England,1,2356,2363,Pass
41,0.010822466,"[0.28378063, 0.17142561, 0.21538635, 0.3294074, 0.0, 0.0, 0.0, 0.0]",3943043,772,Spain,1,1461,1465,Pass
91,0.010821877,"[0.112556584, 0.12777926, 0.09423669, 0.08533484, 0.101135455, 0.120342724, 0.20365421, 0.15496024]",3943043,772,Spain,2,3183,3198,Pass
91,0.010804357,"[0.0875234, 0.08087542, 0.07473769, 0.1344909, 0.08061605, 0.13688318, 0.17454247, 0.23033088]",3943043,772,Spain,2,3204,3218,Pass
80,0.010779848,"[0.08066884, 0.05353094, 0.07352939, 0.0825383, 0.11880879, 0.103974156, 0.28764862, 0.19930097]",3943043,772,Spain,2,2708,2724,Pass
21,0.010766363,"[0.055588927, 0.054439433, 0.049133707, 0.06729579, 0.058433965, 0.1101686, 0.27924752, 0.32569206]",3943043,772,Spain,1,650,660,Pass
29,0.010760894,"[0.08250263, 0.08204823, 0.12266238, 0.16236553, 0.085886195, 0.090125784, 0.11175026, 0.262659]",3943043,772,Spain,1,1050,1071,Pass
94,0.010722408,"[0.07383737, 0.08907968, 0.06493601, 0.06985606, 0.08412175, 0.08418773, 0.15752256, 0.37645885]",3943043,768,England,2,3365,3377,Pass
4,0.010717405,"[0.104321815, 0.08324417, 0.110471435, 0.0836909, 0.059709676, 0.11597124, 0.10020921, 0.34238163]",3943043,772,Spain,1,62,82,Pass
97,0.010707229,"[0.087781936, 0.09913356, 0.07395312, 0.0717791, 0.07104879, 0.15013504, 0.100365825, 0.34580263]",3943043,772,Spain,2,3474,3492,Pass
127,0.010705197,"[0.08415328, 0.08561931, 0.120673895, 0.110845104, 0.09745942, 0.10025629, 0.21392663, 0.18706605]",3943043,772,Spain,2,4801,4817,Pass
81,0.010694686,"[0.1212959, 0.07935944, 0.04621864, 0.06671028, 0.07421813, 0.18444128, 0.12858346, 0.29917288]",3943043,772,Spain,2,2742,2759,Pass
113,0.010691982,"[0.10159152, 0.14154509, 0.10594353, 0.06827511, 0.121402115, 0.14822178, 0.15976696, 0.1532539]",3943043,772,Spain,2,4237,4247,Pass
56,0.010688057,"[0.0638796, 0.05747426, 0.0826497, 0.113718964, 0.12299773, 0.15206362, 0.17278357, 0.2344326]",3943043,772,Spain,1,1961,1976,Pass
90,0.01068344,"[0.07853864, 0.07998208, 0.07078634, 0.099338405, 0.089723855, 0.15630287, 0.11328078, 0.312047]",3943043,772,Spain,2,3111,3126,Pass
56,0.010659965,"[0.08024486, 0.16922605, 0.06414945, 0.07315897, 0.06856244, 0.16113752, 0.23621042, 0.14731029]",3943043,772,Spain,1,1971,1983,Pass
9,0.010638716,"[0.1159095, 0.045237977, 0.047681972, 0.12586223, 0.121311754, 0.111741856, 0.1568378, 0.2754169]",3943043,772,Spain,1,223,232,Pass
125,0.010638662,"[0.1443597, 0.07026424, 0.069124505, 0.07527457, 0.068274975, 0.075898826, 0.15437728, 0.34242588]",3943043,772,Spain,2,4729,4737,Pass
80,0.010600619,"[0.068716824, 0.06537107, 0.06819335, 0.12473123, 0.068164244, 0.22164108, 0.10753223, 0.27564996]",3943043,772,Spain,2,2710,2725,Pass
21,0.010541398,"[0.074901156, 0.056667738, 0.071988605, 0.061837833, 0.074254, 0.25919154, 0.22822933, 0.17292984]",3943043,772,Spain,1,651,662,Pass
90,0.010516696,"[0.10059205, 0.11466725, 0.10408594, 0.10025741, 0.14452161, 0.0942809, 0.18568218, 0.15591267]",3943043,772,Spain,2,3112,3127,Pass
46,0.010505432,"[0.078961015, 0.07161001, 0.10670253, 0.07313262, 0.084136754, 0.11622204, 0.09849473, 0.37074023]",3943043,768,England,1,1687,1696,Pass
113,0.010481453,"[0.11984493, 0.08664836, 0.06271791, 0.11111485, 0.09788486, 0.12862901, 0.0972851, 0.29587495]",3943043,772,Spain,2,4249,4263,Pass
27,0.010415714,"[0.0785104, 0.034210812, 0.043417357, 0.10300014, 0.13980502, 0.09589551, 0.16445264, 0.3407081]",3943043,768,England,1,949,964,Pass
27,0.010389378,"[0.18577519, 0.09377397, 0.05110197, 0.17495352, 0.09504417, 0.10265627, 0.12244394, 0.17425098]",3943043,768,England,1,922,938,Pass
90,0.010364344,"[0.1289436, 0.093054175, 0.06713241, 0.14505917, 0.06065338, 0.118145116, 0.10400891, 0.2830032]",3943043,772,Spain,2,3114,3129,Pass
133,0.010344848,"[0.11966288, 0.07943724, 0.10009395, 0.12026719, 0.07731066, 0.093852796, 0.22326936, 0.18610589]",3943043,772,Spain,2,4991,5006,Pass
84,0.01033918,"[0.12999886, 0.091279544, 0.07663367, 0.063122444, 0.08503485, 0.07974792, 0.3005216, 0.17366116]",3943043,768,England,2,2923,2931,Pass
29,0.0103391595,"[0.10813974, 0.15067622, 0.12911351, 0.09103484, 0.09500876, 0.08956714, 0.15797344, 0.17848635]",3943043,772,Spain,1,1058,1073,Pass
7,0.010337995,"[0.059092466, 0.1234708, 0.108824745, 0.078964636, 0.050415955, 0.121054806, 0.10223869, 0.3559379]",3943043,772,Spain,1,160,178,Pass
27,0.010337474,"[0.029721249, 0.22942443, 0.10507423, 0.07312569, 0.15110517, 0.12075257, 0.14696968, 0.14382702]",3943043,768,England,1,919,936,Pass
24,0.010327926,"[0.115854986, 0.06286342, 0.057550203, 0.09219071, 0.08607168, 0.13005118, 0.19637786, 0.25904]",3943043,772,Spain,1,801,817,Pass
84,0.010318378,"[0.13087557, 0.09881953, 0.09540286, 0.07008564, 0.1455758, 0.109397106, 0.17293532, 0.17690821]",3943043,768,England,2,2929,2938,Pass
46,0.0102521535,"[0.09293181, 0.06096881, 0.080551475, 0.072713464, 0.08219149, 0.15457092, 0.12779641, 0.32827562]",3943043,768,England,1,1675,1685,Pass
56,0.010230748,"[0.11783677, 0.06545773, 0.10896327, 0.066036835, 0.0608165, 0.072238475, 0.19612864, 0.3125218]",3943043,772,Spain,1,1969,1983,Pass
91,0.010221643,"[0.109215684, 0.074753374, 0.08247501, 0.20065936, 0.099922694, 0.105196185, 0.1565055, 0.17127219]",3943043,772,Spain,2,3181,3197,Pass
91,0.010178359,"[0.08021866, 0.10825817, 0.09013809, 0.09023864, 0.09263518, 0.09702581, 0.15191348, 0.28957194]",3943043,772,Spain,2,3209,3222,Pass
123,0.010166455,"[0.04956234, 0.059844792, 0.04667095, 0.108116575, 0.11320637, 0.10801725, 0.1565413, 0.35804042]",3943043,772,Spain,2,4566,4580,Pass
91,0.010155782,"[0.07893101, 0.067482404, 0.08980723, 0.07981677, 0.12087195, 0.17683639, 0.16732419, 0.2189301]",3943043,772,Spain,2,3229,3239,Pass
16,0.01015017,"[0.13136466, 0.11560687, 0.17531396, 0.57771456, 0.0, 0.0, 0.0, 0.0]",3943043,768,England,1,482,484,Pass
84,0.010107826,"[0.11583686, 0.11029464, 0.08872216, 0.078302644, 0.19175088, 0.11253975, 0.16887, 0.13368304]",3943043,768,England,2,2926,2935,Pass
80,0.010097016,"[0.052584488, 0.07990191, 0.068691455, 0.049792428, 0.15889044, 0.06319221, 0.12954183, 0.3974053]",3943043,772,Spain,2,2713,2727,Pass
80,0.010095436,"[0.17118648, 0.033942662, 0.05728121, 0.14055352, 0.07566992, 0.12826625, 0.13904966, 0.2540503]",3943043,772,Spain,2,2722,2731,Pass
133,0.010044521,"[0.08567699, 0.0654247, 0.07300358, 0.09608515, 0.085537516, 0.11876527, 0.15832101, 0.31718585]",3943043,772,Spain,2,4986,4997,Pass
90,0.010000298,"[0.08521852, 0.101333655, 0.05701649, 0.115382105, 0.072307475, 0.15092319, 0.19108248, 0.2267361]",3943043,772,Spain,2,3118,3137,Pass
135,0.009989362,"[0.13601643, 0.06894667, 0.113602355, 0.07859329, 0.09342563, 0.116654195, 0.22634338, 0.16641805]",3943043,768,England,2,5098,5111,Pass
28,0.009982329,"[0.08350667, 0.13111314, 0.3173657, 0.13430664, 0.3337078, 0.0, 0.0, 0.0]",3943043,772,Spain,1,1015,1021,Pass
4,0.009971773,"[0.08679206, 0.07303699, 0.115600824, 0.08104697, 0.17218739, 0.13407284, 0.15200649, 0.18525645]",3943043,772,Spain,1,59,65,Pass
9,0.009937517,"[0.17932007, 0.07866794, 0.07656173, 0.09088932, 0.052062456, 0.1207685, 0.1294372, 0.2722928]",3943043,772,Spain,1,228,237,Pass
46,0.009902107,"[0.09456435, 0.14589837, 0.07278349, 0.07999909, 0.10700717, 0.11121081, 0.25546974, 0.13306698]",3943043,768,England,1,1689,1698,Pass
91,0.009899931,"[0.093229346, 0.10072217, 0.078292534, 0.10601275, 0.0849783, 0.10643236, 0.16209292, 0.26823962]",3943043,772,Spain,2,3218,3229,Pass
123,0.009897094,"[0.065459184, 0.06965817, 0.08295616, 0.10405991, 0.08114468, 0.12110179, 0.17974813, 0.29587206]",3943043,772,Spain,2,4567,4582,Pass
37,0.009887781,"[0.13625881, 0.08690527, 0.19993308, 0.22687571, 0.35002714, 0.0, 0.0, 0.0]",3943043,768,England,1,1366,1372,Pass
44,0.009848688,"[0.08297795, 0.13628177, 0.13931088, 0.1049173, 0.10615973, 0.11182376, 0.14371096, 0.17481765]",3943043,772,Spain,1,1605,1618,Pass
94,0.009840468,"[0.11542686, 0.14693266, 0.09951899, 0.082315534, 0.13802192, 0.09438041, 0.14091943, 0.18248418]",3943043,768,England,2,3361,3370,Pass
80,0.009826345,"[0.099426374, 0.07615133, 0.058649193, 0.14499483, 0.04666805, 0.10615925, 0.27503228, 0.19291872]",3943043,772,Spain,2,2714,2728,Pass
84,0.009778028,"[0.1214649, 0.08915365, 0.06584381, 0.09161214, 0.070431575, 0.18674126, 0.12018667, 0.254566]",3943043,768,England,2,2924,2933,Pass
93,0.00974174,"[0.38603002, 0.4159202, 0.19804978, 0.0, 0.0, 0.0, 0.0, 0.0]",3943043,768,England,2,3342,3346,Foul
113,0.009727417,"[0.15791304, 0.08246331, 0.108131394, 0.113669276, 0.08308157, 0.11679284, 0.10030289, 0.23764567]",3943043,772,Spain,2,4244,4256,Pass
9,0.009716442,"[0.14365566, 0.09256518, 0.09787015, 0.087586425, 0.09409811, 0.111086376, 0.09783365, 0.27530444]",3943043,772,Spain,1,226,234,Pass
84,0.0097110905,"[0.10190007, 0.13046564, 0.086427785, 0.10412705, 0.07240759, 0.15032853, 0.121323854, 0.23301944]",3943043,768,England,2,2929,2937,Pass
19,0.009705896,"[0.070442006, 0.18338612, 0.08477793, 0.04513032, 0.1515052, 0.120226964, 0.17841661, 0.16611487]",3943043,768,England,1,532,548,Pass
4,0.009703008,"[0.0991688, 0.12327862, 0.10698167, 0.12895179, 0.10986236, 0.104944706, 0.17654155, 0.1502705]",3943043,772,Spain,1,61,76,Pass
29,0.009668296,"[0.06358198, 0.08074033, 0.0704702, 0.09683392, 0.14878182, 0.17967266, 0.14257917, 0.2173399]",3943043,772,Spain,1,1046,1066,Pass
46,0.009647947,"[0.08520698, 0.1121389, 0.11226156, 0.08351266, 0.120247185, 0.14331153, 0.17121944, 0.17210177]",3943043,768,England,1,1681,1691,Pass
91,0.009643441,"[0.14159037, 0.08364945, 0.08514348, 0.10180163, 0.09770325, 0.17631853, 0.13867721, 0.17511608]",3943043,772,Spain,2,3179,3190,Pass
144,0.009621441,"[0.076392055, 0.0763543, 0.1582515, 0.3788522, 0.17262849, 0.1375215, 0.0, 0.0]",3943043,768,England,2,5519,5528,Foul
133,0.009606395,"[0.091449186, 0.10840534, 0.09746125, 0.09757143, 0.12588198, 0.12769678, 0.16419944, 0.18733457]",3943043,772,Spain,2,4985,4996,Pass
135,0.009596454,"[0.11265266, 0.08548084, 0.10624026, 0.118429504, 0.14274965, 0.1243831, 0.1631003, 0.14696369]",3943043,768,England,2,5110,5126,Pass
135,0.009560155,"[0.07238253, 0.079888254, 0.11069113, 0.06888952, 0.11556019, 0.15509543, 0.20713446, 0.19035855]",3943043,768,England,2,5107,5116,Pass
46,0.009546692,"[0.07101377, 0.09115738, 0.08296613, 0.104123734, 0.10472074, 0.12777984, 0.1784915, 0.23974691]",3943043,768,England,1,1680,1691,Pass
48,0.009525575,"[0.11516991, 0.065962255, 0.09409114, 0.049264215, 0.0815236, 0.0707682, 0.15140381, 0.37181687]",3943043,772,Spain,1,1741,1749,Pass
29,0.009524146,"[0.12595442, 0.07617285, 0.08949831, 0.11720803, 0.07257223, 0.13223603, 0.10535537, 0.28100273]",3943043,772,Spain,1,1038,1048,Pass
80,0.009521127,"[0.091015175, 0.080667436, 0.08553381, 0.12523395, 0.11600856, 0.17912081, 0.19066606, 0.13175419]",3943043,772,Spain,2,2700,2710,Pass
46,0.009507827,"[0.09838285, 0.13512728, 0.106181785, 0.10567427, 0.11883846, 0.13009349, 0.16940138, 0.13630052]",3943043,768,England,1,1685,1693,Pass
91,0.009498913,"[0.14027955, 0.09129753, 0.09422749, 0.08122967, 0.103636056, 0.12403091, 0.17888181, 0.18641695]",3943043,772,Spain,2,3219,3230,Pass
90,0.00946858,"[0.14063284, 0.10494675, 0.11394284, 0.07248971, 0.10763678, 0.10618058, 0.16680625, 0.18736425]",3943043,772,Spain,2,3115,3131,Pass
91,0.0094484165,"[0.11232942, 0.09643234, 0.08876212, 0.09565689, 0.1500018, 0.15041676, 0.1351588, 0.17124186]",3943043,772,Spain,2,3180,3191,Pass
7,0.009414932,"[0.09654249, 0.08607272, 0.08059854, 0.07722913, 0.14035684, 0.15909714, 0.18996298, 0.17014015]",3943043,772,Spain,1,153,171,Pass
4,0.009364439,"[0.045665197, 0.11859342, 0.1063315, 0.093233705, 0.11383149, 0.20111443, 0.16626859, 0.1549617]",3943043,772,Spain,1,60,70,Pass
91,0.0093630105,"[0.086772114, 0.1286028, 0.091551274, 0.09596151, 0.09502843, 0.13093065, 0.20904255, 0.16211066]",3943043,772,Spain,2,3177,3188,Pass
29,0.009362739,"[0.07244398, 0.0789515, 0.061251793, 0.09687877, 0.09555773, 0.14099161, 0.2001177, 0.25380698]",3943043,772,Spain,1,1044,1062,Pass
133,0.009346673,"[0.10099963, 0.07036787, 0.07683195, 0.086168885, 0.10690062, 0.15594691, 0.1503746, 0.25240955]",3943043,772,Spain,2,4983,4994,Pass
135,0.00934452,"[0.084701866, 0.09600717, 0.109524764, 0.1198778, 0.09525092, 0.12267288, 0.111479126, 0.2604855]",3943043,768,England,2,5111,5126,Pass
123,0.009338165,"[0.113239765, 0.0958612, 0.08249049, 0.09780805, 0.14350845, 0.121324874, 0.18985525, 0.15591195]",3943043,772,Spain,2,4554,4566,Pass
84,0.009328388,"[0.12268844, 0.07825726, 0.11956778, 0.089564405, 0.11091681, 0.11800865, 0.20019959, 0.16079709]",3943043,768,England,2,2933,2941,Pass
91,0.009319378,"[0.096051954, 0.0761396, 0.07448861, 0.121571526, 0.09470894, 0.12765497, 0.16403545, 0.24534893]",3943043,772,Spain,2,3223,3234,Pass
125,0.009312907,"[0.13554549, 0.10899504, 0.12821409, 0.12702364, 0.07741966, 0.120029636, 0.09986396, 0.20290847]",3943043,772,Spain,2,4726,4736,Pass
27,0.0093122665,"[0.12977438, 0.11795248, 0.09596961, 0.0945005, 0.09060092, 0.12883976, 0.15971346, 0.18264891]",3943043,768,England,1,944,955,Pass
91,0.009304358,"[0.08282578, 0.091021955, 0.121956736, 0.09110296, 0.08747497, 0.15040496, 0.14055313, 0.23465951]",3943043,772,Spain,2,3182,3198,Pass
91,0.009252412,"[0.109962255, 0.076432265, 0.0946614, 0.08209212, 0.111888215, 0.14996941, 0.1699264, 0.20506793]",3943043,772,Spain,2,3227,3236,Pass
11,0.0092468355,"[0.15687218, 0.12678441, 0.2761498, 0.16964221, 0.2705514, 0.0, 0.0, 0.0]",3943043,768,England,1,295,299,Pass
7,0.009245714,"[0.09615042, 0.09563509, 0.12788884, 0.12369984, 0.118250765, 0.09740993, 0.18746254, 0.15350263]",3943043,772,Spain,1,159,177,Pass
123,0.009243088,"[0.0794121, 0.12677674, 0.12657762, 0.086514786, 0.117169976, 0.0893355, 0.1963447, 0.17786855]",3943043,772,Spain,2,4557,4569,Pass
80,0.0092381,"[0.07856215, 0.08418844, 0.14241913, 0.122403145, 0.12483664, 0.12666574, 0.09353783, 0.22738692]",3943043,772,Spain,2,2701,2713,Pass
90,0.009226665,"[0.0999419, 0.07343614, 0.09767334, 0.06842441, 0.126287, 0.16589372, 0.17478842, 0.19355503]",3943043,772,Spain,2,3123,3138,Pass
135,0.009221112,"[0.08824924, 0.11169657, 0.08100855, 0.09238249, 0.10513213, 0.15485421, 0.11855259, 0.24812424]",3943043,768,England,2,5098,5111,Pass
46,0.009208992,"[0.114414245, 0.10147282, 0.100578785, 0.09931045, 0.11598178, 0.12640283, 0.13749555, 0.20434354]",3943043,768,England,1,1684,1692,Pass
125,0.009192869,"[0.11416547, 0.15694758, 0.11308026, 0.07956234, 0.11091767, 0.12372257, 0.13437136, 0.16723274]",3943043,772,Spain,2,4727,4737,Pass
29,0.009169521,"[0.11530729, 0.12826003, 0.08792557, 0.10422011, 0.13235165, 0.09872475, 0.18139103, 0.15181959]",3943043,772,Spain,1,1036,1046,Pass
84,0.00915662,"[0.11635384, 0.09536141, 0.06768359, 0.13226268, 0.08864712, 0.117541686, 0.12931985, 0.25282982]",3943043,768,England,2,2931,2940,Pass
46,0.009149609,"[0.06939256, 0.14655678, 0.089432314, 0.09046008, 0.114947945, 0.1302718, 0.16214302, 0.1967955]",3943043,768,England,1,1670,1680,Pass
73,0.009140693,"[0.15404056, 0.17934026, 0.15433575, 0.23114309, 0.28114033, 0.0, 0.0, 0.0]",3943043,772,Spain,1,2631,2636,Pass
51,0.009136656,"[0.07134552, 0.060286988, 0.069054715, 0.09274834, 0.3015256, 0.2188476, 0.094436735, 0.091754496]",3943043,768,England,1,1784,1797,Foul
84,0.00912708,"[0.10839992, 0.13015203, 0.14061014, 0.09453028, 0.110474296, 0.08634693, 0.18922661, 0.14025986]",3943043,768,England,2,2928,2936,Pass
96,0.009116052,"[0.078209564, 0.089335665, 0.084093854, 0.09903692, 0.13539979, 0.1445434, 0.17372607, 0.19565475]",3943043,768,England,2,3441,3448,Pass
135,0.009097831,"[0.106723145, 0.09339779, 0.10076311, 0.096855134, 0.1357878, 0.101972535, 0.18140268, 0.18309781]",3943043,768,England,2,5102,5113,Pass
29,0.009037668,"[0.08873875, 0.067217305, 0.096696496, 0.0861639, 0.12318079, 0.1858392, 0.20637529, 0.14578831]",3943043,772,Spain,1,1045,1064,Pass
7,0.009011459,"[0.08897243, 0.082680576, 0.069422826, 0.13683242, 0.1265102, 0.12145279, 0.11115398, 0.26297477]",3943043,772,Spain,1,154,175,Pass
123,0.0089907665,"[0.100506425, 0.07844779, 0.09708083, 0.13561442, 0.0953179, 0.12445671, 0.11056985, 0.2580061]",3943043,772,Spain,2,4556,4567,Pass
84,0.008988354,"[0.0940557, 0.111636534, 0.08590155, 0.09811042, 0.09019904, 0.14975557, 0.13296658, 0.23737463]",3943043,768,England,2,2935,2943,Pass
123,0.008987157,"[0.1028194, 0.13198456, 0.120924234, 0.09048593, 0.12753798, 0.11506617, 0.15175748, 0.15942425]",3943043,772,Spain,2,4544,4558,Pass
9,0.008961296,"[0.10545365, 0.17380969, 0.09804263, 0.09444954, 0.112801164, 0.09040599, 0.16345777, 0.1615796]",3943043,772,Spain,1,227,236,Pass
135,0.008958368,"[0.10615786, 0.07184243, 0.10567077, 0.094848976, 0.12063992, 0.14977375, 0.17214948, 0.17891681]",3943043,768,England,2,5124,5134,Pass
123,0.008945817,"[0.09811132, 0.10375197, 0.08165419, 0.09144805, 0.104707785, 0.1538055, 0.13050872, 0.23601246]",3943043,772,Spain,2,4550,4564,Pass
91,0.008944668,"[0.11180597, 0.10043499, 0.096885934, 0.09732133, 0.100979924, 0.13401824, 0.15285733, 0.20569628]",3943043,772,Spain,2,3221,3231,Pass
135,0.008939246,"[0.093538515, 0.105970204, 0.06992875, 0.11245312, 0.13052772, 0.14531963, 0.1365009, 0.20576113]",3943043,768,England,2,5107,5124,Pass
97,0.0089219995,"[0.1084246, 0.10392893, 0.10387031, 0.103389576, 0.14516918, 0.14621927, 0.14595293, 0.14304526]",3943043,772,Spain,2,3468,3485,Pass
96,0.008905748,"[0.10077282, 0.08570987, 0.08296097, 0.087269485, 0.109285474, 0.14177257, 0.14715892, 0.24506988]",3943043,768,England,2,3439,3447,Pass
84,0.008900655,"[0.13542137, 0.09269734, 0.08869089, 0.15281159, 0.09464837, 0.11628417, 0.101055995, 0.2183903]",3943043,768,England,2,2927,2935,Pass
135,0.008890148,"[0.101854295, 0.15294413, 0.10695249, 0.08803911, 0.10128274, 0.09188706, 0.18531825, 0.17172192]",3943043,768,England,2,5111,5127,Pass
96,0.008825133,"[0.073511496, 0.080431454, 0.093111604, 0.14325725, 0.10103038, 0.13323018, 0.14231074, 0.2331169]",3943043,768,England,2,3442,3450,Pass
84,0.008822247,"[0.10144541, 0.10347246, 0.099448875, 0.08030939, 0.12756386, 0.11642702, 0.16154586, 0.20978712]",3943043,768,England,2,2935,2945,Pass
108,0.00881722,"[0.21266098, 0.15205936, 0.1769454, 0.29910484, 0.15922949, 0.0, 0.0, 0.0]",3943043,768,England,2,4078,4083,Pass
6,0.008765131,"[0.0952213, 0.15991758, 0.13973074, 0.099816196, 0.12503032, 0.12276298, 0.25752094, 0.0]",3943043,772,Spain,1,99,113,Pass
46,0.008725319,"[0.101565346, 0.160126, 0.10896036, 0.11619426, 0.13991113, 0.08916526, 0.15337253, 0.13070513]",3943043,768,England,1,1691,1701,Pass
83,0.008724229,"[0.08682951, 0.08797296, 0.09600501, 0.078755945, 0.14965943, 0.14810169, 0.1585061, 0.19416939]",3943043,772,Spain,2,2851,2865,Pass
135,0.008703018,"[0.089513406, 0.09415649, 0.089555725, 0.1175909, 0.08601214, 0.14052291, 0.1666047, 0.21604373]",3943043,768,England,2,5103,5114,Pass
46,0.008661004,"[0.1756376, 0.08097761, 0.100228354, 0.10326634, 0.09066225, 0.14561431, 0.09964353, 0.20397006]",3943043,768,England,1,1690,1699,Pass
135,0.008597186,"[0.09734837, 0.10075035, 0.07144681, 0.121360704, 0.095809735, 0.13594073, 0.15741187, 0.21993142]",3943043,768,England,2,5116,5132,Pass
7,0.008588472,"[0.08591187, 0.12893921, 0.122537315, 0.11813918, 0.12126257, 0.10770759, 0.14247793, 0.17302434]",3943043,772,Spain,1,148,160,Pass
29,0.008559167,"[0.08488413, 0.11032844, 0.10567252, 0.090290576, 0.11413459, 0.13915421, 0.11984779, 0.2356877]",3943043,772,Spain,1,1034,1045,Pass
4,0.008523578,"[0.10588719, 0.100366496, 0.096693374, 0.10337333, 0.1445435, 0.111256465, 0.098743826, 0.23913582]",3943043,772,Spain,1,61,75,Pass
113,0.008469129,"[0.13051337, 0.20115376, 0.09648767, 0.08910775, 0.10880963, 0.08724355, 0.14958599, 0.13709827]",3943043,772,Spain,2,4245,4257,Pass
19,0.008464232,"[0.098989055, 0.07029243, 0.1285368, 0.102381125, 0.12233882, 0.16606317, 0.16591766, 0.14548093]",3943043,768,England,1,536,552,Pass
101,0.008412894,"[0.17933577, 0.11274628, 0.17585371, 0.15430272, 0.3777615, 0.0, 0.0, 0.0]",3943043,772,Spain,2,3853,3857,Pass
21,0.008365298,"[0.11079247, 0.09425683, 0.1069247, 0.123027846, 0.14020894, 0.115331605, 0.1668313, 0.14262636]",3943043,772,Spain,1,634,648,Pass
91,0.0083630085,"[0.1165325, 0.14690942, 0.112015076, 0.08950728, 0.1145019, 0.12510377, 0.14094847, 0.15448159]",3943043,772,Spain,2,3222,3233,Pass
123,0.008357216,"[0.12455103, 0.107908756, 0.09041563, 0.101802275, 0.0785619, 0.1355822, 0.13875014, 0.22242807]",3943043,772,Spain,2,4558,4573,Pass
123,0.00834913,"[0.098739766, 0.10152932, 0.1054695, 0.1285128, 0.100164525, 0.14458477, 0.12324471, 0.19775465]",3943043,772,Spain,2,4543,4557,Pass
120,0.008335764,"[0.09238027, 0.13924831, 0.12400034, 0.116183355, 0.11529632, 0.14922762, 0.14924917, 0.11441465]",3943043,768,England,2,4423,4433,Pass
19,0.008331293,"[0.10391164, 0.112125024, 0.10333364, 0.111839935, 0.11854924, 0.15222436, 0.16921556, 0.1288006]",3943043,768,England,1,543,557,Pass
123,0.008307982,"[0.112575874, 0.105562255, 0.11303988, 0.08925268, 0.103019394, 0.14625508, 0.18596771, 0.1443271]",3943043,772,Spain,2,4549,4563,Pass
123,0.008307373,"[0.093349144, 0.07527821, 0.09821602, 0.08785084, 0.13508059, 0.15939373, 0.17069486, 0.18013659]",3943043,772,Spain,2,4564,4578,Pass
4,0.0083065145,"[0.10064829, 0.106792435, 0.07778044, 0.13894409, 0.11980098, 0.14356959, 0.14029412, 0.17217004]",3943043,772,Spain,1,59,67,Pass
119,0.008276811,"[0.101956345, 0.110347204, 0.103783555, 0.090352274, 0.120867305, 0.15739863, 0.15877855, 0.15651621]",3943043,772,Spain,2,4404,4414,Pass
83,0.008260852,"[0.069406, 0.10642007, 0.08390002, 0.09097608, 0.09723672, 0.15192628, 0.15792754, 0.24220729]",3943043,772,Spain,2,2856,2873,Pass
80,0.008241093,"[0.09925635, 0.17216723, 0.11424155, 0.11395028, 0.11597665, 0.09236816, 0.14202873, 0.15001103]",3943043,772,Spain,2,2702,2714,Pass
125,0.008232364,"[0.08150099, 0.1572405, 0.11556083, 0.12418242, 0.12892538, 0.10933422, 0.15535371, 0.12790199]",3943043,772,Spain,2,4724,4735,Pass
19,0.008225167,"[0.18585798, 0.08368526, 0.05400791, 0.123289585, 0.09662579, 0.12301299, 0.13467404, 0.19884643]",3943043,768,England,1,535,550,Pass
123,0.008221032,"[0.13317268, 0.1033013, 0.08964012, 0.117070645, 0.09471553, 0.10976508, 0.13767153, 0.21466313]",3943043,772,Spain,2,4546,4561,Pass
96,0.008179663,"[0.10326791, 0.09550056, 0.13270415, 0.13200101, 0.10216724, 0.12240984, 0.12266723, 0.1892821]",3943043,768,England,2,3433,3442,Pass
97,0.008159673,"[0.103709154, 0.09979984, 0.10973044, 0.12419235, 0.11403993, 0.12753458, 0.1209013, 0.2000924]",3943043,772,Spain,2,3470,3489,Pass
46,0.008158604,"[0.121956885, 0.1292377, 0.095888846, 0.100364774, 0.100078106, 0.12020622, 0.17752698, 0.15474048]",3943043,768,England,1,1673,1684,Pass
135,0.008153811,"[0.15837675, 0.10250126, 0.08661485, 0.09763441, 0.076269805, 0.1258248, 0.13074736, 0.22203073]",3943043,768,England,2,5113,5128,Pass
83,0.008144667,"[0.11318791, 0.094374076, 0.08630735, 0.091205046, 0.12811548, 0.16339247, 0.18341947, 0.1399982]",3943043,772,Spain,2,2861,2875,Pass
84,0.008142361,"[0.099313974, 0.089968055, 0.07893662, 0.11917488, 0.08880467, 0.13567615, 0.19234705, 0.19577861]",3943043,768,England,2,2936,2945,Pass
94,0.008131277,"[0.18456767, 0.10982084, 0.10355569, 0.10367355, 0.08236712, 0.13912597, 0.08996661, 0.18692255]",3943043,768,England,2,3359,3368,Pass
19,0.008112622,"[0.06906671, 0.10846959, 0.10532558, 0.11456548, 0.12072413, 0.1368377, 0.14082384, 0.20418698]",3943043,768,England,1,538,555,Pass
96,0.008080309,"[0.11800689, 0.117753804, 0.09695268, 0.09792581, 0.1005084, 0.12332016, 0.17311235, 0.17241994]",3943043,768,England,2,3438,3445,Pass
135,0.008070711,"[0.114625916, 0.1199469, 0.116876125, 0.08594179, 0.11880733, 0.11359736, 0.16627388, 0.1639307]",3943043,768,England,2,5114,5130,Pass
83,0.0080603305,"[0.13355307, 0.14956933, 0.111604385, 0.07972051, 0.11830458, 0.10488273, 0.14649223, 0.15587316]",3943043,772,Spain,2,2870,2880,Pass
7,0.008053785,"[0.12822352, 0.09770941, 0.07970804, 0.093699515, 0.090012595, 0.14649993, 0.14900902, 0.21513799]",3943043,772,Spain,1,151,170,Pass
27,0.008046737,"[0.12008231, 0.11754194, 0.110717185, 0.076297104, 0.111115634, 0.16106263, 0.16999805, 0.13318518]",3943043,768,England,1,946,959,Pass
97,0.008036058,"[0.099201456, 0.10834813, 0.0937573, 0.105122894, 0.11822812, 0.1579727, 0.13888639, 0.17848301]",3943043,772,Spain,2,3468,3484,Pass
21,0.007991159,"[0.12756215, 0.10145082, 0.07873679, 0.107012615, 0.12614876, 0.14748722, 0.11815131, 0.19345032]",3943043,772,Spain,1,632,647,Pass
123,0.007975005,"[0.09892432, 0.09412019, 0.07567978, 0.10970291, 0.104508586, 0.15170509, 0.16339085, 0.20196828]",3943043,772,Spain,2,4563,4577,Pass
96,0.007969296,"[0.114602074, 0.12397753, 0.10054617, 0.12553829, 0.13396195, 0.11921039, 0.1431559, 0.1390077]",3943043,768,England,2,3431,3442,Pass
97,0.007962156,"[0.10148913, 0.13584226, 0.12610766, 0.10713567, 0.11641841, 0.10935764, 0.1724922, 0.13115701]",3943043,772,Spain,2,3472,3491,Pass
46,0.007916411,"[0.15220627, 0.09850444, 0.0884514, 0.10194267, 0.10158759, 0.10259025, 0.13226166, 0.22245568]",3943043,768,England,1,1672,1681,Pass
71,0.007884251,"[0.52037495, 0.2880798, 0.19154532, 0.0, 0.0, 0.0, 0.0, 0.0]",3943043,768,England,1,2583,2588,Pass
90,0.00787727,"[0.084847234, 0.09516831, 0.07880127, 0.111799024, 0.1268642, 0.14674692, 0.18404302, 0.17173004]",3943043,772,Spain,2,3125,3140,Pass
120,0.007867582,"[0.080942534, 0.11021559, 0.12042366, 0.11200828, 0.14054254, 0.12851329, 0.14395432, 0.16339979]",3943043,768,England,2,4420,4431,Pass
21,0.00785381,"[0.119654484, 0.15109569, 0.12503362, 0.09065392, 0.12277128, 0.10632231, 0.14943038, 0.13503832]",3943043,772,Spain,1,640,651,Pass
84,0.007834086,"[0.09944251, 0.093268186, 0.10783214, 0.08376281, 0.11561094, 0.19554545, 0.15864274, 0.14589521]",3943043,768,England,2,2937,2947,Pass
4,0.007830387,"[0.07935641, 0.05985619, 0.12491257, 0.11217516, 0.116323605, 0.14011881, 0.19269328, 0.17456405]",3943043,772,Spain,1,59,68,Pass
61,0.007829715,"[0.08439225, 0.14739832, 0.102995, 0.1297469, 0.116302125, 0.10849359, 0.15760165, 0.15307017]",3943043,768,England,1,2300,2311,Pass
61,0.007824456,"[0.11285086, 0.08231301, 0.10628737, 0.10721082, 0.104486644, 0.17310157, 0.1519286, 0.16182111]",3943043,768,England,1,2299,2306,Pass
123,0.007822728,"[0.11059523, 0.117785856, 0.10272311, 0.07919784, 0.116626054, 0.13888319, 0.17340347, 0.16078524]",3943043,772,Spain,2,4561,4575,Pass
21,0.007819619,"[0.104570694, 0.104069844, 0.07718562, 0.11239728, 0.09098169, 0.13172889, 0.17236519, 0.20670079]",3943043,772,Spain,1,643,655,Pass
96,0.0077831205,"[0.11779016, 0.14153346, 0.12150288, 0.096902415, 0.1080614, 0.12546453, 0.13310851, 0.15563664]",3943043,768,England,2,3435,3443,Pass
21,0.007779317,"[0.10514775, 0.08866814, 0.10963489, 0.083974905, 0.12238948, 0.16021237, 0.15030894, 0.17966357]",3943043,772,Spain,1,647,656,Pass
123,0.0077629127,"[0.11688842, 0.10003337, 0.10406028, 0.1109902, 0.13729033, 0.12391241, 0.16922212, 0.1376029]",3943043,772,Spain,2,4541,4556,Pass
21,0.0077419,"[0.0993657, 0.10917525, 0.12747264, 0.13533333, 0.09933865, 0.13023354, 0.11701383, 0.18206705]",3943043,772,Spain,1,636,650,Pass
94,0.007719321,"[0.094427206, 0.21323736, 0.11156932, 0.10515557, 0.109436505, 0.10137632, 0.14999224, 0.11480551]",3943043,768,England,2,3358,3367,Pass
54,0.0076951534,"[0.16516554, 0.17238411, 0.1905396, 0.21462677, 0.25728393, 0.0, 0.0, 0.0]",3943043,772,Spain,1,1933,1938,Pass
83,0.0076949354,"[0.101836845, 0.09537666, 0.07386804, 0.13557129, 0.117577404, 0.12557904, 0.15398985, 0.19620085]",3943043,772,Spain,2,2853,2870,Pass
61,0.0076855477,"[0.09238778, 0.093484, 0.12984256, 0.09653629, 0.15178955, 0.12070274, 0.124969065, 0.19028802]",3943043,768,England,1,2300,2310,Pass
33,0.007684335,"[0.10925214, 0.08648794, 0.11667198, 0.13159637, 0.13750672, 0.11567816, 0.14844324, 0.15436347]",3943043,768,England,1,1251,1261,Foul
7,0.0076803323,"[0.09742055, 0.121367805, 0.108142346, 0.105837084, 0.124719076, 0.15523641, 0.15209161, 0.13518517]",3943043,772,Spain,1,145,154,Pass
7,0.007662894,"[0.15116723, 0.10549234, 0.12723699, 0.10137712, 0.0876901, 0.10942453, 0.119470924, 0.19814077]",3943043,772,Spain,1,149,166,Pass
97,0.007635528,"[0.100925, 0.09869753, 0.106481, 0.094579235, 0.10705142, 0.18353337, 0.16398144, 0.14475097]",3943043,772,Spain,2,3467,3478,Pass
96,0.007592639,"[0.0865975, 0.101067245, 0.11963075, 0.117097035, 0.10966271, 0.16403736, 0.16415715, 0.13775024]",3943043,768,England,2,3429,3439,Pass
7,0.0075832587,"[0.10877727, 0.11392661, 0.11761979, 0.0948709, 0.11259369, 0.15335484, 0.13723688, 0.16162008]",3943043,772,Spain,1,137,149,Pass
96,0.0075602103,"[0.15929553, 0.122195296, 0.09032981, 0.08895296, 0.095299974, 0.097003065, 0.12947266, 0.21745071]",3943043,768,England,2,3436,3444,Pass
96,0.0075566527,"[0.1031945, 0.11177497, 0.11659067, 0.0959825, 0.13407864, 0.14004485, 0.133314, 0.16501996]",3943043,768,England,2,3429,3441,Pass
83,0.007501252,"[0.10577373, 0.124975085, 0.13045983, 0.12429542, 0.12698893, 0.106840976, 0.15067047, 0.12999563]",3943043,772,Spain,2,2863,2878,Pass
7,0.007491002,"[0.11160543, 0.10191976, 0.10585672, 0.12395671, 0.13128358, 0.13160464, 0.119583644, 0.17418951]",3943043,772,Spain,1,147,159,Pass
21,0.0074843,"[0.15012375, 0.12034478, 0.09597572, 0.11149648, 0.08836923, 0.124853455, 0.117608026, 0.19122855]",3943043,772,Spain,1,641,652,Pass
21,0.0074676443,"[0.11499635, 0.12171299, 0.11318462, 0.086037226, 0.113150634, 0.12674578, 0.14723688, 0.17693555]",3943043,772,Spain,1,641,654,Pass
83,0.0074527133,"[0.10698396, 0.09131276, 0.09924774, 0.1227663, 0.13668208, 0.1328471, 0.119067654, 0.19109242]",3943043,772,Spain,2,2862,2876,Pass
113,0.0074326154,"[0.24424362, 0.10021959, 0.09426042, 0.10819675, 0.080083415, 0.11349854, 0.11279348, 0.14670417]",3943043,772,Spain,2,4247,4259,Pass
90,0.007431088,"[0.097077884, 0.09059891, 0.11670849, 0.1122533, 0.13289508, 0.18178357, 0.14770111, 0.12098165]",3943043,772,Spain,2,3126,3143,Pass
7,0.0074244495,"[0.11819067, 0.121886894, 0.114504874, 0.10640983, 0.10945721, 0.112558946, 0.15481502, 0.16217658]",3943043,772,Spain,1,136,148,Pass
113,0.0073962994,"[0.14274013, 0.17223476, 0.12219261, 0.088182665, 0.11002435, 0.11843709, 0.13113567, 0.11505275]",3943043,772,Spain,2,4248,4261,Pass
80,0.007395571,"[0.11295098, 0.15619044, 0.1129151, 0.08233441, 0.111201644, 0.14027897, 0.15120643, 0.13292204]",3943043,772,Spain,2,2704,2719,Pass
119,0.0073896404,"[0.10693341, 0.19710621, 0.10679312, 0.09653909, 0.112276606, 0.11238163, 0.14179778, 0.12617216]",3943043,772,Spain,2,4401,4411,Pass
21,0.0073459707,"[0.087491214, 0.17342314, 0.108998485, 0.08505298, 0.11154735, 0.15013069, 0.15907896, 0.124277145]",3943043,772,Spain,1,630,643,Pass
83,0.0073403977,"[0.11609015, 0.13252722, 0.13128825, 0.12096125, 0.08475785, 0.12730825, 0.113095656, 0.17397143]",3943043,772,Spain,2,2865,2879,Pass
47,0.0073391795,"[0.15461986, 0.20167156, 0.18607825, 0.19490783, 0.26272252, 0.0, 0.0, 0.0]",3943043,772,Spain,1,1727,1731,Pass
7,0.0073225778,"[0.22814965, 0.14534917, 0.09101015, 0.08620243, 0.09735745, 0.10934528, 0.11214395, 0.13044192]",3943043,772,Spain,1,133,147,Pass
7,0.007307317,"[0.099125616, 0.10650203, 0.10696283, 0.10642617, 0.11406697, 0.15462339, 0.15124966, 0.1610433]",3943043,772,Spain,1,141,151,Pass
119,0.0073065963,"[0.17164148, 0.10036091, 0.09055464, 0.11348111, 0.09451541, 0.12914522, 0.11642699, 0.18387425]",3943043,772,Spain,2,4402,4412,Pass
61,0.007303074,"[0.1360828, 0.101366535, 0.1368752, 0.10506868, 0.10352077, 0.12391613, 0.13959289, 0.15357703]",3943043,768,England,1,2301,2312,Pass
83,0.0072721336,"[0.106187, 0.079013884, 0.11984935, 0.10244853, 0.11055501, 0.14675802, 0.162846, 0.17234217]",3943043,772,Spain,2,2855,2872,Pass
80,0.0072287694,"[0.16057062, 0.10427103, 0.12311945, 0.1142652, 0.07946946, 0.11708963, 0.13137919, 0.16983542]",3943043,772,Spain,2,2703,2716,Pass
7,0.0072253663,"[0.104572095, 0.102653824, 0.11422461, 0.11180047, 0.1263646, 0.1291948, 0.15043217, 0.16075742]",3943043,772,Spain,1,144,153,Pass
7,0.007192405,"[0.11156932, 0.15891439, 0.10746054, 0.09048043, 0.10849129, 0.114107795, 0.15568233, 0.15329391]",3943043,772,Spain,1,150,168,Pass
61,0.007168932,"[0.12091425, 0.11127751, 0.11467651, 0.12324326, 0.117531806, 0.1598704, 0.13357127, 0.11891499]",3943043,768,England,1,2304,2315,Pass
7,0.0071576294,"[0.11168281, 0.1011916, 0.10171607, 0.105228566, 0.13025527, 0.1191733, 0.1575932, 0.17315921]",3943043,772,Spain,1,139,150,Pass
131,0.007050818,"[0.18256216, 0.22790264, 0.24711692, 0.34241825, 0.0, 0.0, 0.0, 0.0]",3943043,768,England,2,4929,4931,Pass
7,0.007042868,"[0.075914994, 0.20028998, 0.14636038, 0.105651036, 0.10698306, 0.11063036, 0.11393989, 0.1402303]",3943043,772,Spain,1,132,145,Pass
61,0.007016383,"[0.09929034, 0.16133742, 0.11019691, 0.09334507, 0.11720818, 0.14644295, 0.12951082, 0.14266832]",3943043,768,England,1,2302,2313,Pass
61,0.006835118,"[0.16120417, 0.11062291, 0.10185935, 0.10540428, 0.1216013, 0.11959661, 0.13878605, 0.14092535]",3943043,768,England,1,2303,2314,Pass
13,0.00639431,"[0.15890992, 0.1658637, 0.15994224, 0.23207194, 0.28321224, 0.0, 0.0, 0.0]",3943043,768,England,1,433,437,Pass
