possession_id,value,attention_weights,game_id,team_id,team_name,period,time_start,time_end,outcome
136,0.2876258,"[0.16181299, 0.115897626, 0.07775725, 0.066993505, 0.085676916, 0.13874228, 0.1923745, 0.16074486]",3943043,772,Spain,2,5148,5156,Goal
92,0.28640562,"[0.15371895, 0.112736315, 0.07512363, 0.0643294, 0.08306995, 0.13705836, 0.19672206, 0.17724143]",3943043,772,Spain,2,3287,3299,Shot
138,0.2838536,"[0.30480784, 0.23322867, 0.14171307, 0.12878574, 0.1914646, 0.0, 0.0, 0.0]",3943043,768,England,2,5352,5357,Shot
26,0.27050936,"[0.16003418, 0.11623784, 0.078180335, 0.06765338, 0.08841057, 0.14616382, 0.19560394, 0.14771602]",3943043,768,England,1,872,883,Pass
9,0.270475,"[0.16390431, 0.11871687, 0.07843228, 0.06811822, 0.08862865, 0.14096746, 0.19487078, 0.14636146]",3943043,772,Spain,1,244,258,Pass
123,0.26976377,"[0.16440955, 0.11916562, 0.07927186, 0.06874714, 0.08791447, 0.14454247, 0.19522473, 0.14072423]",3943043,772,Spain,2,4644,4660,Pass
137,0.26922917,"[0.16631585, 0.11464828, 0.07883461, 0.067866646, 0.08818074, 0.14439186, 0.19486396, 0.14489809]",3943043,768,England,2,5265,5279,Pass
69,0.26813287,"[0.16859388, 0.12405749, 0.08325602, 0.071298696, 0.09036085, 0.14309, 0.18268135, 0.13666168]",3943043,772,Spain,1,2532,2544,Shot
26,0.26498416,"[0.16163476, 0.11726436, 0.07923418, 0.06804539, 0.08776006, 0.14273594, 0.19250609, 0.15081921]",3943043,768,England,1,873,883,Pass
69,0.26190743,"[0.1721763, 0.1222524, 0.08206468, 0.070657104, 0.090314396, 0.14125758, 0.18811655, 0.13316098]",3943043,772,Spain,1,2530,2544,Pass
134,0.2547285,"[0.16292524, 0.11782165, 0.0783666, 0.06723639, 0.08779405, 0.14437105, 0.19420025, 0.1472848]",3943043,772,Spain,2,5083,5097,Pass
110,0.2504261,"[0.16367456, 0.11873147, 0.082259186, 0.068218656, 0.08877618, 0.14470515, 0.19610323, 0.13753152]",3943043,772,Spain,2,4127,4142,Pass
123,0.24920759,"[0.16433012, 0.11923392, 0.07964118, 0.06817147, 0.08869064, 0.14301781, 0.19003502, 0.14687973]",3943043,772,Spain,2,4643,4659,Pass
105,0.24871455,"[0.15966149, 0.11749867, 0.0789504, 0.067446284, 0.08830276, 0.14342105, 0.19723079, 0.1474885]",3943043,772,Spain,2,3938,3945,Shot
109,0.24759188,"[0.15935053, 0.11700108, 0.078657776, 0.067610234, 0.089697406, 0.14742427, 0.1938124, 0.1464463]",3943043,772,Spain,2,4084,4090,Pass
9,0.24274139,"[0.16114698, 0.11786146, 0.07883823, 0.06742295, 0.0888878, 0.14533927, 0.19135277, 0.14915067]",3943043,772,Spain,1,239,257,Pass
30,0.23558639,"[0.16318405, 0.119472, 0.07876863, 0.06756389, 0.08814625, 0.14590897, 0.1920391, 0.14491704]",3943043,772,Spain,1,1120,1128,Pass
9,0.23497099,"[0.16308598, 0.11901522, 0.079643145, 0.068064086, 0.08847575, 0.14322072, 0.19553065, 0.14296453]",3943043,772,Spain,1,236,252,Pass
9,0.2320361,"[0.16188225, 0.11599351, 0.07771385, 0.067178905, 0.0878299, 0.1465335, 0.19501153, 0.14785656]",3943043,772,Spain,1,234,249,Pass
110,0.22708331,"[0.16772704, 0.11805556, 0.07840523, 0.068360195, 0.087103866, 0.1429607, 0.19188596, 0.14550143]",3943043,772,Spain,2,4125,4140,Pass
129,0.22516619,"[0.1464717, 0.10991615, 0.07329454, 0.06357776, 0.085878395, 0.14794743, 0.20493048, 0.16798356]",3943043,772,Spain,2,4869,4873,Shot
120,0.22414637,"[0.16018519, 0.11664677, 0.07907111, 0.06870666, 0.090809, 0.15021144, 0.19201279, 0.14235711]",3943043,768,England,2,4439,4453,Pass
22,0.2170298,"[0.478379, 0.30614847, 0.21547258, 0.0, 0.0, 0.0, 0.0, 0.0]",3943043,772,Spain,1,738,741,Shot
120,0.215602,"[0.16081594, 0.11913039, 0.08098365, 0.06933509, 0.09120809, 0.14430606, 0.19288127, 0.14133944]",3943043,768,England,2,4442,4454,Pass
136,0.20713873,"[0.15677944, 0.11550837, 0.07856042, 0.06819667, 0.089297466, 0.1465043, 0.19527413, 0.1498793]",3943043,772,Spain,2,5147,5155,Pass
24,0.19788352,"[0.15386495, 0.11365323, 0.077110365, 0.067376226, 0.088014804, 0.14636682, 0.19983098, 0.15378264]",3943043,772,Spain,1,815,831,Pass
60,0.19728495,"[0.14888664, 0.10785043, 0.07699498, 0.06782642, 0.088649705, 0.14946085, 0.2024326, 0.15789849]",3943043,772,Spain,1,2258,2270,Pass
24,0.19423042,"[0.15276709, 0.1135694, 0.07949328, 0.069580995, 0.08976791, 0.14718287, 0.20135367, 0.14628482]",3943043,772,Spain,1,817,832,Pass
129,0.18820803,"[0.14039178, 0.10617645, 0.073475696, 0.06348315, 0.08556244, 0.15052995, 0.20037675, 0.18000366]",3943043,772,Spain,2,4870,4874,Shot
75,0.18754192,"[0.46311626, 0.3144043, 0.22247946, 0.0, 0.0, 0.0, 0.0, 0.0]",3943043,768,England,1,2739,2741,Shot
69,0.18659647,"[0.1403348, 0.10997534, 0.078328915, 0.07029756, 0.09305416, 0.15460545, 0.20165136, 0.15175237]",3943043,772,Spain,1,2528,2543,Pass
36,0.18467148,"[0.14621317, 0.11342866, 0.07927908, 0.068814754, 0.08991045, 0.14861348, 0.19848481, 0.15525565]",3943043,772,Spain,1,1349,1364,Pass
129,0.17493764,"[0.12885535, 0.1005052, 0.07300551, 0.0642432, 0.09039288, 0.15334387, 0.21470118, 0.17495283]",3943043,772,Spain,2,4871,4875,Shot
92,0.17147896,"[0.08598206, 0.07386956, 0.06640155, 0.069742076, 0.10396389, 0.18107845, 0.23833673, 0.1806257]",3943043,772,Spain,2,3294,3304,Shot
40,0.16443713,"[0.14139701, 0.11400081, 0.08165742, 0.071372926, 0.09095342, 0.15062317, 0.20521902, 0.1447763]",3943043,768,England,1,1452,1460,Pass
81,0.15885842,"[0.106494114, 0.08734714, 0.07348416, 0.0708504, 0.09503375, 0.15369971, 0.21601945, 0.19707131]",3943043,772,Spain,2,2755,2769,Goal
40,0.15737604,"[0.13903373, 0.10619584, 0.07881468, 0.07017808, 0.09116802, 0.147822, 0.20574126, 0.16104645]",3943043,768,England,1,1451,1459,Pass
92,0.15357383,"[0.095930435, 0.08058545, 0.07652893, 0.07476326, 0.10011547, 0.17528036, 0.2247247, 0.17207137]",3943043,772,Spain,2,3295,3307,Shot
92,0.14782782,"[0.08681055, 0.0688474, 0.06126871, 0.062759236, 0.088355765, 0.17064567, 0.24855453, 0.21275811]",3943043,772,Spain,2,3288,3302,Shot
40,0.14680246,"[0.13165738, 0.1059492, 0.07823289, 0.07099027, 0.09312285, 0.15398583, 0.20607758, 0.15998398]",3943043,768,England,1,1448,1458,Pass
92,0.14667091,"[0.079169005, 0.06410305, 0.0604684, 0.06157484, 0.09347407, 0.18296613, 0.25063318, 0.20761137]",3943043,772,Spain,2,3291,3303,Shot
123,0.14069408,"[0.11195809, 0.09253351, 0.07941213, 0.07532695, 0.09865005, 0.16507772, 0.21828134, 0.15876018]",3943043,772,Spain,2,4642,4651,Pass
92,0.13891372,"[0.14243145, 0.11414329, 0.074350215, 0.0673616, 0.08701133, 0.14681904, 0.20731477, 0.16056822]",3943043,772,Spain,2,3298,3315,Shot
92,0.13330354,"[0.10101811, 0.08322099, 0.06838989, 0.06604719, 0.09044677, 0.16053247, 0.23137754, 0.1989671]",3943043,772,Spain,2,3286,3298,Shot
83,0.12810805,"[0.11572966, 0.09499495, 0.07602809, 0.06929221, 0.09109097, 0.15504785, 0.21118377, 0.18663254]",3943043,772,Spain,2,2891,2899,Shot
92,0.12463539,"[0.107199304, 0.10212013, 0.083324686, 0.07069433, 0.09402161, 0.15724814, 0.21525222, 0.17013958]",3943043,772,Spain,2,3295,3307,Shot
83,0.12237652,"[0.11482657, 0.094179444, 0.07715833, 0.07228593, 0.095172614, 0.15819535, 0.21880539, 0.16937636]",3943043,772,Spain,2,2889,2898,Pass
27,0.122036316,"[0.12814552, 0.10635501, 0.07973037, 0.07115783, 0.0906197, 0.1518472, 0.21500012, 0.15714425]",3943043,768,England,1,979,989,Shot
102,0.11975984,"[0.11704962, 0.09258296, 0.07742893, 0.07279906, 0.0943821, 0.158941, 0.21742512, 0.16939119]",3943043,768,England,2,3862,3874,Pass
137,0.117798656,"[0.12976037, 0.102997385, 0.07285119, 0.06827456, 0.09057498, 0.15571763, 0.21204406, 0.16777982]",3943043,768,England,2,5264,5278,Pass
109,0.1175964,"[0.10827199, 0.09069307, 0.074420474, 0.07123731, 0.096500985, 0.16457987, 0.21921831, 0.175078]",3943043,772,Spain,2,4084,4089,Pass
58,0.11263955,"[0.12443181, 0.10095647, 0.078604005, 0.0727304, 0.09607199, 0.1598291, 0.2113383, 0.1560379]",3943043,772,Spain,1,2147,2155,Pass
117,0.11023767,"[0.124105364, 0.09606008, 0.07690624, 0.07175534, 0.09667748, 0.16531095, 0.21179728, 0.15738735]",3943043,768,England,2,4315,4326,Foul
105,0.10727695,"[0.105738014, 0.08349281, 0.0712226, 0.07065906, 0.09361026, 0.16751069, 0.22163752, 0.18612903]",3943043,772,Spain,2,3937,3945,Shot
137,0.10608161,"[0.116967574, 0.09864618, 0.08002404, 0.06957706, 0.09310229, 0.1560618, 0.21758151, 0.16803949]",3943043,768,England,2,5262,5278,Pass
124,0.10600735,"[0.33326283, 0.23386335, 0.15119754, 0.12942715, 0.15224913, 0.0, 0.0, 0.0]",3943043,772,Spain,2,4697,4703,Pass
83,0.10562695,"[0.101134755, 0.0833077, 0.07393454, 0.07250644, 0.09839396, 0.16636969, 0.22652641, 0.17782654]",3943043,772,Spain,2,2880,2897,Pass
129,0.101643756,"[0.097981535, 0.07986897, 0.0674314, 0.06588327, 0.090445094, 0.16368021, 0.23011078, 0.20459878]",3943043,772,Spain,2,4868,4873,Shot
137,0.09761413,"[0.10686965, 0.089498885, 0.078741655, 0.0753528, 0.093352266, 0.16105172, 0.2216489, 0.17348407]",3943043,768,England,2,5260,5277,Pass
21,0.096986055,"[0.10911818, 0.087487645, 0.06845431, 0.065268286, 0.086824805, 0.15577313, 0.21870959, 0.20836407]",3943043,772,Spain,1,657,673,Shot
98,0.0963289,"[0.09735857, 0.08039102, 0.07041874, 0.07032947, 0.097039275, 0.17672823, 0.23455228, 0.17318241]",3943043,768,England,2,3565,3577,Pass
115,0.09075033,"[0.26420802, 0.20623404, 0.15366884, 0.14100504, 0.23488396, 0.0, 0.0, 0.0]",3943043,772,Spain,2,4304,4310,Shot
81,0.09043184,"[0.09939456, 0.07859796, 0.07044746, 0.07046644, 0.09510046, 0.17127782, 0.23117882, 0.18353651]",3943043,772,Spain,2,2753,2768,Pass
92,0.090085186,"[0.10880656, 0.083896406, 0.07253931, 0.06868135, 0.09012522, 0.15958427, 0.22908449, 0.18728237]",3943043,772,Spain,2,3285,3295,Pass
2,0.0898104,"[0.45091867, 0.32293698, 0.22614434, 0.0, 0.0, 0.0, 0.0, 0.0]",3943043,768,England,1,0,4,Pass
106,0.08960831,"[0.17138831, 0.15548477, 0.11613612, 0.110451415, 0.15694492, 0.28959447, 0.0, 0.0]",3943043,772,Spain,2,3985,3993,Shot
110,0.087706566,"[0.1421153, 0.09233901, 0.07347397, 0.07186765, 0.09586858, 0.16396812, 0.20879287, 0.15157458]",3943043,772,Spain,2,4129,4144,Pass
122,0.08533469,"[0.3106545, 0.21948376, 0.15823355, 0.13959557, 0.17203255, 0.0, 0.0, 0.0]",3943043,768,England,2,4521,4530,Pass
29,0.0840772,"[0.10147174, 0.08361646, 0.07016162, 0.06723097, 0.09060733, 0.1647294, 0.22881262, 0.19336993]",3943043,772,Spain,1,1067,1083,Pass
69,0.0816578,"[0.10875755, 0.0839423, 0.0726935, 0.07077838, 0.092784524, 0.15743962, 0.23189096, 0.18171321]",3943043,772,Spain,1,2522,2541,Pass
111,0.08025035,"[0.11525795, 0.09808625, 0.09728769, 0.09148779, 0.10958377, 0.19233371, 0.29596284, 0.0]",3943043,768,England,2,4194,4209,Shot
26,0.07483368,"[0.09324516, 0.07442855, 0.06631541, 0.06747394, 0.09335899, 0.16625144, 0.23661728, 0.20230919]",3943043,768,England,1,870,881,Pass
134,0.07450494,"[0.10577743, 0.080381095, 0.068772696, 0.06779286, 0.09186158, 0.1650377, 0.23517503, 0.18520151]",3943043,772,Spain,2,5080,5095,Pass
21,0.073610395,"[0.10004165, 0.083268285, 0.07438814, 0.070380606, 0.09287771, 0.16106932, 0.23388985, 0.18408445]",3943043,772,Spain,1,656,668,Pass
125,0.073336795,"[0.10633745, 0.081682354, 0.07004276, 0.06912769, 0.093469374, 0.17554921, 0.225008, 0.17878328]",3943043,772,Spain,2,4753,4762,Pass
26,0.07322906,"[0.098749004, 0.07577963, 0.06601967, 0.066490725, 0.08794171, 0.1610569, 0.24645042, 0.19751187]",3943043,768,England,1,871,883,Pass
92,0.071201645,"[0.12859596, 0.088741496, 0.07412756, 0.069922626, 0.08979709, 0.1577465, 0.22741377, 0.16365512]",3943043,772,Spain,2,3299,3317,Pass
29,0.0705744,"[0.10259819, 0.080881104, 0.07117795, 0.07046706, 0.0958856, 0.1679085, 0.23888332, 0.17219831]",3943043,772,Spain,1,1071,1085,Pass
98,0.070312224,"[0.092573375, 0.077190705, 0.06870007, 0.06711582, 0.08835292, 0.16654141, 0.24998014, 0.18954565]",3943043,768,England,2,3564,3575,Pass
27,0.07025621,"[0.15749134, 0.094711825, 0.070641905, 0.06657355, 0.083445534, 0.1477787, 0.21688716, 0.16246991]",3943043,768,England,1,980,992,Shot
69,0.07022549,"[0.103371546, 0.0838555, 0.07241789, 0.06915691, 0.094418995, 0.16850922, 0.2340951, 0.17417479]",3943043,772,Spain,1,2527,2542,Pass
129,0.06859517,"[0.09050429, 0.0741295, 0.06842473, 0.06944443, 0.09489263, 0.17345306, 0.2379551, 0.19119628]",3943043,772,Spain,2,4861,4871,Pass
123,0.06756356,"[0.0961238, 0.07828827, 0.07081033, 0.071136735, 0.09787187, 0.1693594, 0.23558626, 0.18082337]",3943043,772,Spain,2,4640,4651,Pass
133,0.067316435,"[0.103786424, 0.08368691, 0.07431594, 0.07238471, 0.095946364, 0.16888204, 0.22955976, 0.1714378]",3943043,772,Spain,2,5036,5043,Pass
44,0.066038534,"[0.102388665, 0.08412594, 0.07274625, 0.06977036, 0.092635825, 0.16158678, 0.23666799, 0.18007818]",3943043,772,Spain,1,1629,1637,Pass
38,0.06534132,"[0.23171382, 0.20880398, 0.1791139, 0.16383703, 0.2165313, 0.0, 0.0, 0.0]",3943043,772,Spain,1,1374,1378,Pass
133,0.06494435,"[0.105899565, 0.08589263, 0.07323614, 0.07311091, 0.09724596, 0.16382703, 0.23067893, 0.17010888]",3943043,772,Spain,2,5038,5044,Pass
44,0.06330836,"[0.09978572, 0.08306148, 0.07662404, 0.071030654, 0.09178534, 0.16356562, 0.22680311, 0.18734404]",3943043,772,Spain,1,1634,1647,Shot
69,0.062273603,"[0.09863473, 0.07939427, 0.070583016, 0.06921524, 0.08925526, 0.16560018, 0.23830926, 0.18900797]",3943043,772,Spain,1,2525,2542,Pass
98,0.0590926,"[0.09188834, 0.07486907, 0.068252996, 0.06788938, 0.08503335, 0.16269247, 0.2473364, 0.20203803]",3943043,768,England,2,3564,3573,Pass
10,0.05882819,"[0.39883384, 0.26233193, 0.17853463, 0.16029964, 0.0, 0.0, 0.0, 0.0]",3943043,772,Spain,1,287,294,Pass
133,0.05864748,"[0.09338859, 0.0767034, 0.069557324, 0.06780738, 0.08751837, 0.15857877, 0.2518622, 0.19458392]",3943043,772,Spain,2,5022,5030,Pass
134,0.05858534,"[0.1016973, 0.076203555, 0.068190336, 0.067789204, 0.08961465, 0.16484922, 0.24015485, 0.19150083]",3943043,772,Spain,2,5079,5092,Pass
27,0.05817569,"[0.103393055, 0.08884514, 0.077171296, 0.075016886, 0.09703806, 0.1675296, 0.22464876, 0.16635731]",3943043,768,England,1,1002,1014,Pass
27,0.057964683,"[0.105356276, 0.083667494, 0.075395785, 0.07667921, 0.09893019, 0.15734205, 0.22354506, 0.17908388]",3943043,768,England,1,967,984,Shot
133,0.057941407,"[0.10563144, 0.08217787, 0.07130398, 0.07025394, 0.090344094, 0.16161706, 0.23486865, 0.18380292]",3943043,772,Spain,2,5034,5043,Pass
97,0.057541277,"[0.09619506, 0.075087555, 0.0684462, 0.06737223, 0.08455422, 0.15933993, 0.24438673, 0.2046181]",3943043,772,Spain,2,3524,3530,Pass
129,0.057502292,"[0.0920319, 0.07339332, 0.066583924, 0.06731, 0.091192424, 0.16556095, 0.24447535, 0.19945213]",3943043,772,Spain,2,4861,4872,Pass
97,0.057467654,"[0.092016555, 0.07727911, 0.068729945, 0.067650065, 0.08727645, 0.16301185, 0.24974403, 0.19429193]",3943043,772,Spain,2,3526,3531,Pass
81,0.05739893,"[0.10009111, 0.0785997, 0.071018785, 0.06954989, 0.08820646, 0.1642025, 0.24611068, 0.18222083]",3943043,772,Spain,2,2752,2766,Pass
27,0.057040676,"[0.11566691, 0.08519215, 0.073231, 0.07208538, 0.095351346, 0.167521, 0.22210872, 0.16884355]",3943043,768,England,1,955,979,Pass
129,0.056936964,"[0.0902905, 0.0723576, 0.06678602, 0.06612927, 0.08715491, 0.15941288, 0.24652544, 0.21134341]",3943043,772,Spain,2,4862,4872,Pass
125,0.056048036,"[0.09254952, 0.075595304, 0.06923273, 0.06937478, 0.08541765, 0.16042064, 0.24257891, 0.20483048]",3943043,772,Spain,2,4755,4766,Pass
117,0.054932088,"[0.08793912, 0.071417384, 0.06804908, 0.07109201, 0.095385395, 0.17429905, 0.23602879, 0.19578914]",3943043,768,England,2,4315,4328,Goal
133,0.054839738,"[0.09473236, 0.07848677, 0.06914868, 0.06817171, 0.0873654, 0.17138325, 0.24505313, 0.18565865]",3943043,772,Spain,2,5023,5031,Pass
100,0.05442236,"[0.09630952, 0.08057308, 0.07687783, 0.07635116, 0.09630318, 0.1615341, 0.22597447, 0.1860767]",3943043,768,England,2,3773,3792,Shot
27,0.05405033,"[0.09820636, 0.07955842, 0.07561207, 0.074938305, 0.10111604, 0.16600318, 0.23343897, 0.17112663]",3943043,768,England,1,1001,1014,Pass
27,0.054035354,"[0.119339876, 0.09254571, 0.07838006, 0.07230215, 0.08806713, 0.14613245, 0.21906906, 0.18416359]",3943043,768,England,1,970,987,Shot
133,0.05400432,"[0.10908713, 0.082392104, 0.07146934, 0.06959467, 0.08983061, 0.1552742, 0.23836754, 0.18398432]",3943043,772,Spain,2,5033,5042,Pass
120,0.053889237,"[0.108703114, 0.07879178, 0.067890555, 0.067018345, 0.08714888, 0.15762968, 0.24631898, 0.1864987]",3943043,768,England,2,4438,4449,Pass
69,0.05361758,"[0.10117621, 0.08064707, 0.07107107, 0.07076239, 0.09265828, 0.15862627, 0.22994654, 0.1951122]",3943043,772,Spain,1,2522,2539,Pass
66,0.053213682,"[0.105565265, 0.08175635, 0.07344676, 0.07458829, 0.09746548, 0.16057916, 0.22584343, 0.18075532]",3943043,768,England,1,2448,2460,Pass
60,0.05280291,"[0.10606768, 0.08210964, 0.07220359, 0.07240046, 0.09353934, 0.1613364, 0.23778102, 0.17456186]",3943043,772,Spain,1,2243,2256,Pass
12,0.0527098,"[0.0885177, 0.07376201, 0.070330486, 0.07080422, 0.08667142, 0.15917486, 0.25153035, 0.1992089]",3943043,772,Spain,1,423,432,Pass
133,0.052699737,"[0.10773346, 0.084316194, 0.071644776, 0.06975253, 0.08568715, 0.15841657, 0.23070559, 0.19174384]",3943043,772,Spain,2,5031,5042,Pass
125,0.052631944,"[0.09508824, 0.0757734, 0.06845652, 0.068952926, 0.0941065, 0.15772998, 0.24444279, 0.19544965]",3943043,772,Spain,2,4753,4765,Pass
92,0.052490257,"[0.10149675, 0.07897369, 0.07185681, 0.07143332, 0.089948446, 0.1583913, 0.23378934, 0.19411042]",3943043,772,Spain,2,3307,3323,Shot
27,0.052360166,"[0.10506573, 0.08121097, 0.07078953, 0.07017191, 0.09340873, 0.1630076, 0.23848107, 0.17786452]",3943043,768,England,1,952,970,Pass
133,0.051495865,"[0.093847826, 0.07716783, 0.06948258, 0.069858596, 0.09000728, 0.16102578, 0.2507042, 0.18790592]",3943043,772,Spain,2,5014,5026,Pass
12,0.05101382,"[0.092281684, 0.07432587, 0.06665521, 0.06720414, 0.08893961, 0.16438927, 0.23849346, 0.2077107]",3943043,772,Spain,1,420,431,Pass
27,0.050722323,"[0.09035658, 0.073280655, 0.06892603, 0.07009582, 0.09023339, 0.1758385, 0.24946761, 0.18180135]",3943043,768,England,1,964,983,Shot
63,0.050586544,"[0.103532426, 0.08635113, 0.076105215, 0.07314034, 0.094235614, 0.15299906, 0.22691141, 0.1867249]",3943043,768,England,1,2359,2375,Pass
82,0.05043499,"[0.4391543, 0.32207868, 0.23876706, 0.0, 0.0, 0.0, 0.0, 0.0]",3943043,768,England,2,2841,2848,Pass
44,0.0500833,"[0.09510404, 0.07856047, 0.07114737, 0.07023454, 0.088510886, 0.15816322, 0.23500586, 0.20327365]",3943043,772,Spain,1,1629,1635,Pass
27,0.049755685,"[0.09223273, 0.077669665, 0.07238869, 0.07287045, 0.09776825, 0.1700783, 0.23539783, 0.18159413]",3943043,768,England,1,965,984,Shot
133,0.049571,"[0.09362154, 0.07734367, 0.06822886, 0.06820757, 0.09322897, 0.16642255, 0.2423512, 0.19059563]",3943043,772,Spain,2,5020,5028,Pass
12,0.049438007,"[0.10364241, 0.081285715, 0.07063949, 0.06929078, 0.086772546, 0.15489374, 0.23657934, 0.19689588]",3943043,772,Spain,1,412,427,Pass
56,0.049395494,"[0.099669695, 0.078628466, 0.07160281, 0.07117694, 0.08745455, 0.15901044, 0.24037519, 0.19208193]",3943043,772,Spain,1,2000,2012,Pass
133,0.049147464,"[0.090802684, 0.074229404, 0.06961649, 0.06833703, 0.08875721, 0.17651466, 0.24324286, 0.18849975]",3943043,772,Spain,2,5015,5027,Pass
60,0.049126357,"[0.09444122, 0.07777371, 0.06973345, 0.06920703, 0.08787567, 0.16462725, 0.24223942, 0.19410238]",3943043,772,Spain,1,2224,2241,Pass
133,0.04911359,"[0.102703996, 0.082610905, 0.073211476, 0.0729309, 0.09020335, 0.15993015, 0.24000067, 0.17840847]",3943043,772,Spain,2,5036,5043,Pass
133,0.049109615,"[0.09511515, 0.07452461, 0.06835759, 0.0683798, 0.0848379, 0.15384841, 0.24044178, 0.21449474]",3943043,772,Spain,2,5021,5029,Pass
94,0.048891895,"[0.09159733, 0.075747, 0.069998145, 0.06902879, 0.09244077, 0.1610803, 0.24057727, 0.19953036]",3943043,768,England,2,3374,3389,Pass
77,0.048677374,"[0.42629606, 0.32850313, 0.24520072, 0.0, 0.0, 0.0, 0.0, 0.0]",3943043,772,Spain,1,2763,2766,Pass
56,0.047303353,"[0.099837266, 0.07954186, 0.07003398, 0.070107885, 0.09116923, 0.15354162, 0.24353696, 0.19223122]",3943043,772,Spain,1,1999,2008,Pass
27,0.046933915,"[0.08979934, 0.07253866, 0.06731456, 0.06839074, 0.08859559, 0.15939096, 0.25615102, 0.19781914]",3943043,768,England,1,961,981,Shot
40,0.046592873,"[0.108299986, 0.078997895, 0.070742734, 0.06920694, 0.091348395, 0.1633883, 0.2381891, 0.17982672]",3943043,768,England,1,1447,1455,Pass
12,0.0461569,"[0.09924472, 0.07471818, 0.069139734, 0.06978379, 0.08696981, 0.14764704, 0.24551548, 0.2069812]",3943043,772,Spain,1,422,432,Pass
133,0.04527622,"[0.0976769, 0.075849205, 0.06828516, 0.06880629, 0.09205694, 0.16414969, 0.24185134, 0.19132446]",3943043,772,Spain,2,5024,5033,Pass
44,0.04524028,"[0.10110814, 0.081196405, 0.07370825, 0.074606605, 0.091749795, 0.15847017, 0.23790626, 0.18125436]",3943043,772,Spain,1,1634,1645,Pass
60,0.045090873,"[0.09880354, 0.07866767, 0.07109391, 0.070918135, 0.09236206, 0.15946592, 0.23976067, 0.18892805]",3943043,772,Spain,1,2234,2247,Pass
60,0.04503346,"[0.098572955, 0.079453684, 0.07060445, 0.06982513, 0.08694723, 0.1583293, 0.24057214, 0.19569512]",3943043,772,Spain,1,2231,2246,Pass
87,0.044544876,"[0.09586175, 0.079378426, 0.07056126, 0.06934571, 0.08535334, 0.15619168, 0.24182303, 0.20148483]",3943043,768,England,2,2980,2989,Pass
100,0.044265084,"[0.11446599, 0.09041409, 0.079473585, 0.07769836, 0.09985135, 0.15679696, 0.21958837, 0.16171129]",3943043,768,England,2,3770,3791,Pass
74,0.044079866,"[0.09412584, 0.07461678, 0.07392819, 0.068645336, 0.0889321, 0.15769064, 0.23920839, 0.2028528]",3943043,768,England,1,2640,2648,Shot
110,0.04393857,"[0.10728097, 0.082340606, 0.06800688, 0.068647474, 0.08289226, 0.13853213, 0.24111757, 0.21118213]",3943043,772,Spain,2,4124,4140,Pass
110,0.042426012,"[0.09329422, 0.08169038, 0.077265255, 0.07481635, 0.09433974, 0.1557067, 0.22404402, 0.19884327]",3943043,772,Spain,2,4138,4147,Shot
123,0.042413197,"[0.08814636, 0.07112289, 0.06821238, 0.07057824, 0.09526755, 0.17369314, 0.24336714, 0.18961239]",3943043,772,Spain,2,4637,4649,Pass
60,0.04236892,"[0.09330857, 0.078112856, 0.07164867, 0.070395365, 0.08932271, 0.1591362, 0.24635237, 0.19172329]",3943043,772,Spain,1,2222,2239,Pass
83,0.041968845,"[0.09196082, 0.0757062, 0.067861, 0.0672814, 0.08306632, 0.16328587, 0.25019765, 0.20064078]",3943043,772,Spain,2,2876,2893,Pass
133,0.041806974,"[0.091227144, 0.07221025, 0.068196796, 0.06879974, 0.09116126, 0.15945849, 0.2387386, 0.21020766]",3943043,772,Spain,2,5011,5024,Pass
107,0.041395016,"[0.39433542, 0.3343339, 0.27133062, 0.0, 0.0, 0.0, 0.0, 0.0]",3943043,772,Spain,2,4058,4060,Pass
32,0.041022405,"[0.09382176, 0.074769005, 0.06868622, 0.06823929, 0.08812677, 0.16211516, 0.24443005, 0.19981173]",3943043,772,Spain,1,1235,1245,Pass
40,0.040981956,"[0.10555151, 0.083333954, 0.073408395, 0.0705005, 0.088766895, 0.1499959, 0.23816808, 0.1902748]",3943043,768,England,1,1445,1455,Pass
40,0.040767968,"[0.10605569, 0.081526265, 0.07091938, 0.070826486, 0.0865383, 0.15562436, 0.23573782, 0.19277164]",3943043,768,England,1,1447,1455,Pass
117,0.040735573,"[0.096766464, 0.079523414, 0.07129372, 0.07004719, 0.08631695, 0.14822838, 0.25076452, 0.1970594]",3943043,768,England,2,4313,4320,Foul
44,0.040499084,"[0.09505385, 0.07284426, 0.067659475, 0.068706825, 0.0906263, 0.16299705, 0.25100967, 0.19110252]",3943043,772,Spain,1,1626,1632,Pass
27,0.039783962,"[0.09996687, 0.076516815, 0.07025315, 0.070051365, 0.091912754, 0.15694237, 0.23094408, 0.2034127]",3943043,768,England,1,959,980,Shot
133,0.038973033,"[0.09636435, 0.07694386, 0.071339324, 0.0726017, 0.09214625, 0.16348451, 0.24470228, 0.18241775]",3943043,772,Spain,2,5026,5034,Pass
110,0.038647495,"[0.10998701, 0.081902355, 0.07055718, 0.066331826, 0.08434223, 0.14496964, 0.23259334, 0.20931637]",3943043,772,Spain,2,4123,4138,Pass
12,0.038517006,"[0.09353752, 0.078606084, 0.073761255, 0.07221377, 0.08848218, 0.15578862, 0.24594016, 0.19167039]",3943043,772,Spain,1,314,327,Pass
99,0.03850625,"[0.095976576, 0.081793, 0.0729387, 0.07218882, 0.08780863, 0.15247875, 0.2347442, 0.20207125]",3943043,768,England,2,3662,3672,Pass
60,0.03825867,"[0.10547277, 0.08250046, 0.07165282, 0.07021183, 0.09136524, 0.15353647, 0.23188698, 0.19337343]",3943043,772,Spain,1,2241,2255,Pass
92,0.03813531,"[0.102415696, 0.08056095, 0.07120694, 0.070625015, 0.09181587, 0.1523924, 0.23651338, 0.19446978]",3943043,772,Spain,2,3307,3322,Pass
99,0.038089804,"[0.10662532, 0.08256466, 0.07378241, 0.0716559, 0.086723246, 0.14487799, 0.23925228, 0.19451824]",3943043,768,England,2,3663,3673,Pass
9,0.03802488,"[0.08233791, 0.06863825, 0.06565841, 0.0688774, 0.095081456, 0.17996362, 0.24795638, 0.19148666]",3943043,772,Spain,1,237,255,Pass
27,0.037726052,"[0.0918729, 0.07744222, 0.07066357, 0.07306964, 0.095442794, 0.1720303, 0.23596777, 0.18351083]",3943043,768,England,1,1001,1013,Pass
60,0.037678994,"[0.0932956, 0.074909136, 0.070315085, 0.07102816, 0.08703819, 0.16324657, 0.24496855, 0.19519873]",3943043,772,Spain,1,2220,2238,Pass
12,0.037665278,"[0.09862028, 0.07936725, 0.0732154, 0.071579814, 0.0840459, 0.15257321, 0.2457206, 0.19487755]",3943043,772,Spain,1,418,430,Pass
12,0.037611734,"[0.09279681, 0.07769687, 0.07310842, 0.07362242, 0.08805174, 0.15171194, 0.24331805, 0.19969372]",3943043,772,Spain,1,313,325,Pass
121,0.037583005,"[0.09724352, 0.078166716, 0.07178737, 0.0709858, 0.08344033, 0.14647505, 0.24289995, 0.20900132]",3943043,768,England,2,4479,4489,Pass
100,0.03709994,"[0.10657256, 0.081445344, 0.0745184, 0.074823976, 0.10006501, 0.16934836, 0.22332029, 0.16990618]",3943043,768,England,2,3768,3789,Pass
24,0.036782913,"[0.096371, 0.08024091, 0.07251821, 0.071793206, 0.09015552, 0.15150191, 0.23751232, 0.1999069]",3943043,772,Spain,1,814,827,Pass
98,0.036724854,"[0.0951108, 0.07863612, 0.07092965, 0.071182884, 0.089384004, 0.162929, 0.24511965, 0.18670797]",3943043,768,England,2,3569,3579,Pass
27,0.03644204,"[0.09069827, 0.07314768, 0.06958665, 0.06943452, 0.09309901, 0.16572154, 0.2508351, 0.18747723]",3943043,768,England,1,1000,1007,Pass
63,0.036294088,"[0.0963787, 0.08190436, 0.07746326, 0.076871105, 0.096374415, 0.16190353, 0.22460759, 0.1844971]",3943043,768,England,1,2357,2374,Pass
15,0.035906382,"[0.09340642, 0.0746383, 0.0695422, 0.07023852, 0.09213551, 0.15711477, 0.23876852, 0.20415576]",3943043,772,Spain,1,471,480,Pass
121,0.03590378,"[0.09478025, 0.07937141, 0.071527764, 0.070791006, 0.08375504, 0.14283757, 0.24859436, 0.20834264]",3943043,768,England,2,4478,4487,Pass
44,0.035393327,"[0.089781865, 0.07489715, 0.07080381, 0.072289705, 0.0934482, 0.1712458, 0.24078864, 0.18674484]",3943043,772,Spain,1,1627,1634,Pass
133,0.03536311,"[0.11543999, 0.08589256, 0.07486438, 0.07392937, 0.09195175, 0.15742661, 0.22237016, 0.17812525]",3943043,772,Spain,2,5029,5038,Pass
4,0.03531006,"[0.09827364, 0.07614406, 0.069449805, 0.06980786, 0.089085944, 0.15826613, 0.23758574, 0.20138673]",3943043,772,Spain,1,67,88,Pass
94,0.03515548,"[0.09419743, 0.07507578, 0.06866542, 0.067926, 0.08099936, 0.14837076, 0.24940875, 0.21535656]",3943043,768,England,2,3375,3390,Pass
40,0.034994334,"[0.10516877, 0.08317973, 0.07577144, 0.07484078, 0.08608678, 0.14863858, 0.23075171, 0.19556229]",3943043,768,England,1,1445,1453,Pass
32,0.0349334,"[0.1056669, 0.07870959, 0.071124315, 0.07051753, 0.08444162, 0.14133835, 0.23932652, 0.20887518]",3943043,772,Spain,1,1234,1240,Pass
44,0.03473719,"[0.08937946, 0.07175144, 0.065325916, 0.06646626, 0.08693668, 0.16249645, 0.244426, 0.21321788]",3943043,772,Spain,1,1624,1631,Pass
12,0.03472151,"[0.097622916, 0.080482654, 0.072697826, 0.071913205, 0.08362071, 0.14765039, 0.24644521, 0.19956715]",3943043,772,Spain,1,418,429,Pass
91,0.034597147,"[0.1044072, 0.07908873, 0.076718315, 0.07370259, 0.08771034, 0.14468525, 0.24739139, 0.18629621]",3943043,772,Spain,2,3244,3251,Pass
32,0.034546643,"[0.09297713, 0.07843523, 0.07140919, 0.07147605, 0.088562764, 0.16203445, 0.24058096, 0.1945242]",3943043,772,Spain,1,1237,1251,Pass
44,0.034491837,"[0.10047513, 0.07549661, 0.06820998, 0.067250416, 0.082874976, 0.15277746, 0.24845845, 0.20445697]",3943043,772,Spain,1,1620,1629,Pass
98,0.034487206,"[0.11308262, 0.08521886, 0.07455208, 0.07148317, 0.089968584, 0.13327971, 0.22834705, 0.20406805]",3943043,768,England,2,3577,3587,Pass
91,0.034401104,"[0.10523242, 0.08942217, 0.07701599, 0.07360126, 0.085790604, 0.15220684, 0.22454579, 0.19218491]",3943043,772,Spain,2,3245,3255,Shot
121,0.03432704,"[0.09942403, 0.083216004, 0.07580002, 0.07474249, 0.08806536, 0.14691179, 0.24139342, 0.19044691]",3943043,768,England,2,4482,4489,Pass
99,0.03429176,"[0.10786721, 0.085473895, 0.075743675, 0.07469233, 0.08496605, 0.13989525, 0.23638166, 0.19497998]",3943043,768,England,2,3664,3674,Pass
121,0.034284905,"[0.09728924, 0.079150476, 0.0737319, 0.07186254, 0.08197709, 0.13941297, 0.24328043, 0.2132954]",3943043,768,England,2,4473,4486,Pass
58,0.034052424,"[0.09945015, 0.0837707, 0.07794549, 0.07621016, 0.09238213, 0.15020768, 0.23218367, 0.18785003]",3943043,772,Spain,1,2143,2151,Pass
99,0.033762287,"[0.108212374, 0.08074994, 0.07239376, 0.0702719, 0.08471559, 0.15175544, 0.24025646, 0.1916445]",3943043,768,England,2,3665,3675,Pass
58,0.033461716,"[0.10935707, 0.08308581, 0.07329933, 0.0710202, 0.087275825, 0.14985156, 0.23925784, 0.1868523]",3943043,772,Spain,1,2146,2154,Pass
133,0.03332981,"[0.10649255, 0.081360176, 0.074121155, 0.07227534, 0.08979801, 0.14988126, 0.24154136, 0.18453003]",3943043,772,Spain,2,5030,5039,Pass
98,0.033302777,"[0.110046536, 0.090895504, 0.074550875, 0.07221992, 0.083120435, 0.14643076, 0.21818873, 0.20454723]",3943043,768,England,2,3575,3587,Pass
66,0.033223007,"[0.10006264, 0.07900363, 0.07061565, 0.07116151, 0.09308455, 0.1665006, 0.24091117, 0.17866014]",3943043,768,England,1,2445,2455,Pass
44,0.03313498,"[0.09523269, 0.07578829, 0.067417055, 0.06692736, 0.083621524, 0.15722635, 0.24554893, 0.20823781]",3943043,772,Spain,1,1618,1628,Pass
98,0.032756105,"[0.103098154, 0.08317987, 0.07516156, 0.075347625, 0.085813485, 0.1405098, 0.23173206, 0.20515753]",3943043,768,England,2,3572,3583,Pass
58,0.032729592,"[0.10331219, 0.07912113, 0.072190255, 0.07164795, 0.09333934, 0.15919445, 0.23553632, 0.18565844]",3943043,772,Spain,1,2093,2104,Shot
12,0.03266786,"[0.09221515, 0.079362355, 0.07340508, 0.0726537, 0.09007097, 0.15036431, 0.2391876, 0.20274092]",3943043,772,Spain,1,411,423,Pass
44,0.032381907,"[0.08932589, 0.07460219, 0.07113911, 0.072463475, 0.09538196, 0.16456932, 0.24138024, 0.19113782]",3943043,772,Spain,1,1628,1634,Pass
32,0.032304756,"[0.09627389, 0.080002, 0.0747545, 0.072762154, 0.08754728, 0.14264274, 0.23835403, 0.20766343]",3943043,772,Spain,1,1169,1174,Foul
99,0.032165192,"[0.09547326, 0.0807732, 0.07676579, 0.07582341, 0.09167796, 0.14964406, 0.23781137, 0.19203092]",3943043,768,England,2,3661,3670,Pass
60,0.03210873,"[0.10542088, 0.08197058, 0.072686784, 0.07228501, 0.086496584, 0.1437595, 0.23809314, 0.19928752]",3943043,772,Spain,1,2258,2269,Pass
99,0.03205127,"[0.090333275, 0.07346952, 0.06984756, 0.07073828, 0.086403616, 0.15563467, 0.24219376, 0.2113794]",3943043,768,England,2,3642,3653,Pass
58,0.032038722,"[0.101313815, 0.08457992, 0.075733125, 0.07460054, 0.08813206, 0.14657216, 0.23275423, 0.19631419]",3943043,772,Spain,1,2144,2154,Pass
89,0.032036263,"[0.10308166, 0.08384816, 0.07446874, 0.073064774, 0.08457224, 0.14476562, 0.23960581, 0.196593]",3943043,768,England,2,3064,3075,Pass
120,0.031998724,"[0.10490691, 0.0801947, 0.06860835, 0.06705255, 0.081453525, 0.14354126, 0.23629211, 0.21795055]",3943043,768,England,2,4438,4448,Pass
136,0.03197117,"[0.09498564, 0.0781313, 0.07218225, 0.07154609, 0.08228358, 0.14119646, 0.24918067, 0.21049395]",3943043,772,Spain,2,5146,5155,Pass
12,0.031909294,"[0.104055956, 0.08126385, 0.07239615, 0.07165565, 0.08342536, 0.13803399, 0.23582695, 0.21334209]",3943043,772,Spain,1,318,332,Pass
64,0.031890012,"[0.0961982, 0.07584967, 0.07071806, 0.06941134, 0.08557634, 0.14796662, 0.2376047, 0.21667512]",3943043,772,Spain,1,2398,2414,Pass
130,0.03186288,"[0.09292879, 0.07782174, 0.07351091, 0.073487096, 0.090336405, 0.15297474, 0.23971629, 0.1992241]",3943043,772,Spain,2,4917,4927,Pass
81,0.03173729,"[0.09601358, 0.077942476, 0.07145732, 0.071783595, 0.08384347, 0.13717769, 0.24366559, 0.21811622]",3943043,772,Spain,2,2751,2763,Pass
117,0.03161214,"[0.09618126, 0.07303779, 0.06790997, 0.06941044, 0.09391912, 0.16695702, 0.24612352, 0.18646097]",3943043,768,England,2,4315,4327,Foul
110,0.0316048,"[0.09205769, 0.07688505, 0.07539907, 0.07824094, 0.10124244, 0.16577297, 0.2306215, 0.1797803]",3943043,772,Spain,2,4133,4146,Pass
42,0.031536575,"[0.10751952, 0.08415395, 0.07621924, 0.07375766, 0.08800788, 0.13965747, 0.2257672, 0.20491709]",3943043,768,England,1,1467,1478,Pass
99,0.031428542,"[0.09252702, 0.07676275, 0.072989486, 0.07151398, 0.08539741, 0.14018674, 0.23973827, 0.22088434]",3943043,768,England,2,3643,3655,Pass
99,0.031376693,"[0.095969915, 0.081626795, 0.07405578, 0.07423877, 0.08572524, 0.13460946, 0.24083069, 0.21294333]",3943043,768,England,2,3644,3657,Pass
60,0.031373464,"[0.09840411, 0.076485604, 0.07008072, 0.070728034, 0.08992418, 0.15278082, 0.24767156, 0.19392489]",3943043,772,Spain,1,2218,2234,Pass
58,0.031141177,"[0.103649475, 0.08295011, 0.07537735, 0.07750064, 0.09452472, 0.15136105, 0.22645664, 0.18818012]",3943043,772,Spain,1,2094,2104,Shot
98,0.031071115,"[0.10179625, 0.08487025, 0.07616756, 0.075129785, 0.09283901, 0.14002834, 0.23081481, 0.19835399]",3943043,768,England,2,3572,3582,Pass
92,0.030914888,"[0.11058369, 0.08807778, 0.07685096, 0.075165935, 0.090505585, 0.1510382, 0.22219741, 0.18558042]",3943043,772,Spain,2,3302,3318,Pass
98,0.030824991,"[0.09795038, 0.080898695, 0.073461644, 0.07308506, 0.08509917, 0.13474984, 0.24360245, 0.21115288]",3943043,768,England,2,3562,3572,Pass
60,0.030821374,"[0.10462213, 0.08318865, 0.07939862, 0.074369825, 0.090420075, 0.1626755, 0.23770484, 0.16762045]",3943043,772,Spain,1,2245,2257,Pass
92,0.03073587,"[0.10477427, 0.08262039, 0.0746965, 0.07385871, 0.089553535, 0.15543512, 0.22554609, 0.19351529]",3943043,772,Spain,2,3304,3321,Pass
12,0.03063157,"[0.10781895, 0.07893191, 0.07110597, 0.069086045, 0.08175295, 0.1427618, 0.24645604, 0.2020864]",3943043,772,Spain,1,323,333,Pass
21,0.030525852,"[0.090439916, 0.07731901, 0.0722593, 0.073581696, 0.08782539, 0.14829187, 0.23998909, 0.2102936]",3943043,772,Spain,1,655,665,Pass
42,0.030476596,"[0.09512183, 0.080591515, 0.0746776, 0.07433689, 0.09120741, 0.15668479, 0.24254277, 0.18483722]",3943043,768,England,1,1466,1476,Pass
110,0.030475605,"[0.098869726, 0.07422803, 0.0708402, 0.074287064, 0.10369192, 0.16961658, 0.23286642, 0.17560017]",3943043,772,Spain,2,4131,4146,Pass
89,0.030424817,"[0.10343603, 0.08290625, 0.07594446, 0.074159436, 0.086399995, 0.13938488, 0.2340523, 0.20371662]",3943043,768,England,2,3063,3074,Pass
89,0.030414637,"[0.099826045, 0.08066894, 0.072391175, 0.07282595, 0.08361116, 0.13815203, 0.2463152, 0.20620947]",3943043,768,England,2,3068,3077,Pass
12,0.030411936,"[0.100053266, 0.08005353, 0.07316054, 0.071069635, 0.08421228, 0.14310795, 0.24374756, 0.20459531]",3943043,772,Spain,1,416,428,Pass
99,0.030280042,"[0.10148235, 0.080986604, 0.073215015, 0.07255831, 0.083372794, 0.15061888, 0.2357322, 0.20203397]",3943043,768,England,2,3650,3663,Pass
136,0.030136174,"[0.093928225, 0.07845131, 0.07349077, 0.07292935, 0.08521983, 0.13682298, 0.24195327, 0.21720424]",3943043,772,Spain,2,5143,5153,Pass
99,0.02997861,"[0.106399864, 0.08449678, 0.0743543, 0.07311301, 0.08578227, 0.14722973, 0.2363887, 0.19223535]",3943043,768,England,2,3674,3687,Pass
60,0.029955614,"[0.12133673, 0.089750454, 0.07814186, 0.07761782, 0.09985031, 0.14789075, 0.2208543, 0.16455783]",3943043,772,Spain,1,2247,2258,Pass
98,0.02980921,"[0.10665499, 0.08512254, 0.07822157, 0.073091984, 0.08524522, 0.13538776, 0.24087769, 0.19539823]",3943043,768,England,2,3573,3584,Pass
130,0.029771715,"[0.095662326, 0.081222676, 0.075572565, 0.07481966, 0.08832435, 0.1473252, 0.23867947, 0.19839385]",3943043,772,Spain,2,4919,4929,Pass
12,0.02975976,"[0.08813279, 0.07614598, 0.07170861, 0.07259064, 0.09021427, 0.15288728, 0.24687202, 0.20144856]",3943043,772,Spain,1,311,324,Pass
83,0.029740004,"[0.084963396, 0.071346745, 0.06736092, 0.06865563, 0.08868883, 0.16668345, 0.25215226, 0.2001487]",3943043,772,Spain,2,2879,2896,Pass
133,0.029673133,"[0.09953693, 0.08242794, 0.07626976, 0.07428245, 0.08965445, 0.15692733, 0.23257397, 0.18832721]",3943043,772,Spain,2,5027,5036,Pass
133,0.029659681,"[0.10338706, 0.08613559, 0.075435735, 0.0739745, 0.09270149, 0.1534226, 0.23547186, 0.17947125]",3943043,772,Spain,2,5028,5036,Pass
130,0.029615298,"[0.09194274, 0.07401784, 0.06909386, 0.07047263, 0.08863007, 0.1633615, 0.25408036, 0.18840101]",3943043,772,Spain,2,4882,4894,Pass
130,0.029589787,"[0.097000584, 0.08004354, 0.0729535, 0.072857246, 0.08320486, 0.13812558, 0.24680787, 0.20900679]",3943043,772,Spain,2,4909,4919,Pass
64,0.029523639,"[0.095184326, 0.07835717, 0.07228687, 0.071759656, 0.083507285, 0.12977564, 0.2474659, 0.2216631]",3943043,772,Spain,1,2399,2417,Pass
32,0.029392071,"[0.089275554, 0.07417396, 0.069512375, 0.06901228, 0.088095345, 0.1668637, 0.25497234, 0.18809448]",3943043,772,Spain,1,1236,1247,Pass
58,0.029354112,"[0.110171854, 0.09658148, 0.076748915, 0.07359556, 0.088131264, 0.14553124, 0.22063588, 0.18860382]",3943043,772,Spain,1,2097,2111,Shot
60,0.0293294,"[0.11064601, 0.094446816, 0.07670333, 0.07451602, 0.09260989, 0.16075483, 0.21585622, 0.17446683]",3943043,772,Spain,1,2246,2258,Pass
99,0.029288502,"[0.097026, 0.08091602, 0.07648867, 0.07739948, 0.09007795, 0.15029226, 0.23297235, 0.19482736]",3943043,768,England,2,3657,3669,Pass
94,0.029275257,"[0.08775019, 0.07347367, 0.06967086, 0.07039479, 0.0888654, 0.15850607, 0.23869808, 0.21264103]",3943043,768,England,2,3370,3389,Pass
89,0.029223165,"[0.0968823, 0.07719011, 0.07260367, 0.07154617, 0.08720433, 0.14263213, 0.23801647, 0.2139248]",3943043,768,England,2,3056,3064,Pass
123,0.029151056,"[0.09533592, 0.07926531, 0.07316564, 0.073933996, 0.088161245, 0.15385385, 0.2400747, 0.19620945]",3943043,772,Spain,2,4594,4605,Pass
27,0.029111074,"[0.12194851, 0.08026176, 0.07030205, 0.06831997, 0.08360409, 0.1468092, 0.23072268, 0.1980318]",3943043,768,England,1,950,967,Pass
60,0.029102616,"[0.100193806, 0.08039689, 0.075728625, 0.07409187, 0.083638616, 0.131487, 0.23354179, 0.2209214]",3943043,772,Spain,1,2202,2214,Pass
34,0.029035557,"[0.124791615, 0.094033204, 0.08081696, 0.08302469, 0.10131606, 0.2049514, 0.3110661, 0.0]",3943043,768,England,1,1308,1320,Pass
83,0.028999373,"[0.09710048, 0.0772227, 0.07260281, 0.0711823, 0.08215869, 0.12899384, 0.24727595, 0.22346322]",3943043,772,Spain,2,2875,2893,Pass
50,0.028974159,"[0.08503097, 0.070125006, 0.06696936, 0.06733911, 0.08504916, 0.15471987, 0.2487928, 0.22197376]",3943043,772,Spain,1,1768,1782,Pass
60,0.028866451,"[0.10792187, 0.08539727, 0.07678204, 0.074311405, 0.08461992, 0.14324518, 0.22893208, 0.19879028]",3943043,772,Spain,1,2257,2268,Pass
98,0.0287583,"[0.09778845, 0.07996474, 0.074634634, 0.073632985, 0.08791757, 0.15478718, 0.23568584, 0.19558851]",3943043,768,England,2,3570,3581,Pass
4,0.02871422,"[0.1013186, 0.079337046, 0.07206135, 0.07034162, 0.087462775, 0.15612087, 0.24815506, 0.18520267]",3943043,772,Spain,1,68,91,Pass
56,0.028661365,"[0.09968702, 0.07885864, 0.07070294, 0.07012424, 0.0856979, 0.14232579, 0.2404138, 0.21218969]",3943043,772,Spain,1,1983,1998,Pass
29,0.028632473,"[0.09276116, 0.07674964, 0.070473984, 0.070006326, 0.08578787, 0.14748287, 0.2455332, 0.21120504]",3943043,772,Spain,1,1066,1080,Pass
100,0.028609905,"[0.12064994, 0.08005999, 0.07071402, 0.07117328, 0.08754953, 0.15334743, 0.23800994, 0.17849596]",3943043,768,England,2,3766,3786,Pass
89,0.02858929,"[0.0985208, 0.078991435, 0.07165259, 0.07121631, 0.086873814, 0.14326763, 0.2380193, 0.21145812]",3943043,768,England,2,3026,3042,Pass
42,0.028582174,"[0.10085367, 0.08404663, 0.07519378, 0.074547365, 0.08261842, 0.13561694, 0.23872522, 0.20839794]",3943043,768,England,1,1468,1478,Foul
100,0.02852736,"[0.12368005, 0.09649576, 0.07589493, 0.06876234, 0.07924325, 0.13189955, 0.22997081, 0.19405323]",3943043,768,England,2,3762,3784,Pass
98,0.0283287,"[0.10738313, 0.086731814, 0.07652814, 0.07851293, 0.08751877, 0.14093699, 0.23842941, 0.18395893]",3943043,768,England,2,3579,3588,Pass
46,0.028252516,"[0.095093764, 0.07846751, 0.0705229, 0.06995436, 0.08577401, 0.14915447, 0.24980429, 0.20122868]",3943043,768,England,1,1693,1713,Pass
83,0.028213633,"[0.09531199, 0.07989555, 0.0724424, 0.07220996, 0.08473321, 0.13861096, 0.23364443, 0.22315145]",3943043,772,Spain,2,2873,2891,Pass
58,0.028183933,"[0.09960255, 0.08301316, 0.078552075, 0.07901445, 0.091883585, 0.1494011, 0.23035222, 0.18818088]",3943043,772,Spain,1,2143,2150,Pass
100,0.028171986,"[0.12519868, 0.09008866, 0.071032345, 0.06888249, 0.08091622, 0.13779674, 0.23213674, 0.19394805]",3943043,768,England,2,3763,3785,Pass
130,0.028110014,"[0.092422016, 0.078560695, 0.07423193, 0.075440995, 0.09020424, 0.1526818, 0.23848644, 0.19797185]",3943043,772,Spain,2,4887,4900,Pass
98,0.027985245,"[0.09970832, 0.08174388, 0.07544327, 0.07397724, 0.08514074, 0.13820021, 0.23038557, 0.21540074]",3943043,768,England,2,3561,3572,Pass
65,0.02790974,"[0.10473369, 0.08206773, 0.07598816, 0.07342933, 0.08455162, 0.1535062, 0.22662862, 0.19909467]",3943043,772,Spain,1,2434,2439,Pass
60,0.02784693,"[0.10061724, 0.081255674, 0.07509554, 0.07343022, 0.08472729, 0.14942394, 0.23869906, 0.19675103]",3943043,772,Spain,1,2239,2251,Pass
46,0.027841792,"[0.09463128, 0.080027424, 0.07497604, 0.074266955, 0.08976097, 0.15132384, 0.23422088, 0.20079266]",3943043,768,England,1,1692,1710,Pass
97,0.027720628,"[0.0946043, 0.07716342, 0.07042095, 0.07102715, 0.0851421, 0.14666031, 0.2462189, 0.20876282]",3943043,772,Spain,2,3522,3529,Pass
60,0.027720107,"[0.09640257, 0.07748536, 0.07193458, 0.07153446, 0.08388211, 0.14799927, 0.24507558, 0.20568602]",3943043,772,Spain,1,2229,2243,Pass
58,0.027566168,"[0.09672823, 0.078123115, 0.07380106, 0.07295467, 0.08670818, 0.1566871, 0.23921826, 0.1957794]",3943043,772,Spain,1,2132,2146,Pass
89,0.027531696,"[0.089781344, 0.07398126, 0.07139271, 0.07182699, 0.09268456, 0.16487563, 0.241259, 0.19419855]",3943043,768,England,2,3069,3078,Pass
99,0.0275272,"[0.09123176, 0.07708785, 0.07372824, 0.07420159, 0.09212797, 0.15624759, 0.2468445, 0.18853055]",3943043,768,England,2,3655,3666,Pass
99,0.027499637,"[0.10312724, 0.082593754, 0.077701494, 0.076091, 0.08460202, 0.13291846, 0.2326172, 0.21034883]",3943043,768,England,2,3646,3661,Pass
89,0.027487172,"[0.10496992, 0.08293115, 0.0757677, 0.07381011, 0.08642715, 0.13600025, 0.22885786, 0.21123576]",3943043,768,England,2,3066,3076,Pass
132,0.02743842,"[0.1263247, 0.10500189, 0.09773161, 0.09515044, 0.11855213, 0.17601603, 0.2812232, 0.0]",3943043,768,England,2,4971,4977,Pass
32,0.027416661,"[0.097129814, 0.078282505, 0.072836354, 0.07328109, 0.0900867, 0.14785467, 0.23836474, 0.20216423]",3943043,772,Spain,1,1182,1196,Pass
89,0.027389571,"[0.09684359, 0.079733096, 0.07264987, 0.07324365, 0.0915148, 0.15715696, 0.24408725, 0.18477078]",3943043,768,England,2,3060,3069,Pass
130,0.027388448,"[0.09619937, 0.079978116, 0.07509654, 0.07381472, 0.0874616, 0.13868287, 0.23267445, 0.2160924]",3943043,772,Spain,2,4906,4917,Pass
94,0.027362065,"[0.09956295, 0.077828266, 0.07125997, 0.06908128, 0.081398726, 0.14399685, 0.25349185, 0.20338021]",3943043,768,England,2,3377,3392,Pass
99,0.02727799,"[0.101091474, 0.08518438, 0.0774546, 0.07504218, 0.08422732, 0.13031638, 0.2420145, 0.2046692]",3943043,768,England,2,3649,3662,Pass
49,0.02725489,"[0.08987006, 0.073175155, 0.06908961, 0.06949272, 0.08809382, 0.15418534, 0.24148333, 0.21460994]",3943043,768,England,1,1751,1760,Pass
58,0.027251106,"[0.11345389, 0.08432688, 0.079429135, 0.07527122, 0.08949183, 0.14471722, 0.22861692, 0.18469293]",3943043,772,Spain,1,2095,2107,Shot
133,0.027219502,"[0.08819843, 0.070208, 0.06671838, 0.06906435, 0.092997506, 0.16932653, 0.24769051, 0.1957963]",3943043,772,Spain,2,5010,5023,Pass
89,0.027217869,"[0.10192459, 0.082245186, 0.077466875, 0.077418745, 0.09008955, 0.14564532, 0.2299228, 0.19528693]",3943043,768,England,2,3044,3057,Pass
12,0.027200934,"[0.087510966, 0.075298145, 0.07202716, 0.07196703, 0.08814995, 0.15611662, 0.24123822, 0.20769188]",3943043,772,Spain,1,311,323,Pass
87,0.027136182,"[0.08824877, 0.075810336, 0.071589276, 0.072295345, 0.088329665, 0.15253536, 0.24434203, 0.2068492]",3943043,768,England,2,2978,2987,Pass
46,0.027080886,"[0.103386305, 0.07708226, 0.069312416, 0.06911098, 0.08421602, 0.16118988, 0.2381808, 0.19752134]",3943043,768,England,1,1696,1714,Pass
99,0.027054328,"[0.10962249, 0.08277798, 0.07577505, 0.07400175, 0.088469714, 0.1406602, 0.22512399, 0.20356879]",3943043,768,England,2,3675,3690,Foul
60,0.026961103,"[0.09559287, 0.08020532, 0.0732041, 0.07273195, 0.08353855, 0.14081186, 0.25588146, 0.19803388]",3943043,772,Spain,1,2205,2216,Pass
83,0.026905697,"[0.08884563, 0.074916996, 0.0706898, 0.07045615, 0.08296416, 0.15041937, 0.25370008, 0.20800781]",3943043,772,Spain,2,2878,2894,Pass
89,0.026874496,"[0.100061335, 0.07900356, 0.074628286, 0.07311453, 0.08674584, 0.15336606, 0.23731828, 0.19576208]",3943043,768,England,2,3058,3068,Pass
130,0.026786994,"[0.094431244, 0.078120515, 0.07497508, 0.07505531, 0.09033578, 0.15114674, 0.24558608, 0.19034924]",3943043,772,Spain,2,4890,4901,Pass
146,0.026648197,"[0.31509095, 0.27140814, 0.21132189, 0.20217901, 0.0, 0.0, 0.0, 0.0]",3943043,768,England,2,5560,5567,Foul
60,0.026637271,"[0.09857655, 0.07622543, 0.06967079, 0.06997228, 0.08673485, 0.1583586, 0.23900345, 0.20145813]",3943043,772,Spain,1,2216,2231,Pass
44,0.026599359,"[0.09851813, 0.08076662, 0.0726357, 0.07195052, 0.08610036, 0.14008363, 0.23960662, 0.21033844]",3943043,772,Spain,1,1612,1624,Pass
12,0.026578763,"[0.09245475, 0.079444945, 0.074217066, 0.07365617, 0.08739741, 0.15178086, 0.24141401, 0.19963475]",3943043,772,Spain,1,315,328,Pass
32,0.026568443,"[0.0930839, 0.07930602, 0.07437702, 0.07406434, 0.08857032, 0.15554361, 0.23763461, 0.1974201]",3943043,772,Spain,1,1181,1194,Pass
44,0.026564872,"[0.096895084, 0.07576833, 0.069625996, 0.06911484, 0.08253697, 0.14710017, 0.24469957, 0.21425901]",3943043,772,Spain,1,1613,1626,Pass
89,0.026415301,"[0.09805341, 0.07850487, 0.071706794, 0.07218637, 0.084083885, 0.14533998, 0.2533744, 0.19675031]",3943043,768,England,2,3057,3066,Pass
98,0.026320532,"[0.12075181, 0.09189535, 0.088883996, 0.08230054, 0.09132267, 0.13835344, 0.21570191, 0.17079031]",3943043,768,England,2,3581,3589,Pass
12,0.026310474,"[0.095159955, 0.07654694, 0.072397046, 0.072793715, 0.08714364, 0.14445706, 0.23886126, 0.21264036]",3943043,772,Spain,1,382,395,Pass
9,0.02628541,"[0.095989466, 0.07878181, 0.07362805, 0.07235262, 0.0829032, 0.12845881, 0.24743591, 0.22045006]",3943043,772,Spain,1,233,246,Pass
12,0.026206616,"[0.09605618, 0.077579506, 0.072757326, 0.07166716, 0.08660167, 0.14928274, 0.23656298, 0.20949255]",3943043,772,Spain,1,390,398,Pass
27,0.02617075,"[0.08825779, 0.0747682, 0.069147475, 0.07004065, 0.08329327, 0.15640919, 0.2463892, 0.21169427]",3943043,768,England,1,999,1005,Pass
64,0.026150595,"[0.100115925, 0.08299588, 0.07467365, 0.07462897, 0.08844442, 0.14663912, 0.23101786, 0.20148405]",3943043,772,Spain,1,2405,2422,Pass
60,0.02611019,"[0.098778434, 0.08187887, 0.07584796, 0.074100144, 0.08534781, 0.13891023, 0.24085572, 0.20428078]",3943043,772,Spain,1,2230,2245,Pass
44,0.026076343,"[0.0984576, 0.07723922, 0.070977844, 0.06940408, 0.082309745, 0.14330909, 0.24672942, 0.21157297]",3943043,772,Spain,1,1617,1627,Pass
121,0.025945663,"[0.1018713, 0.08192647, 0.0759742, 0.0758243, 0.08454977, 0.12451216, 0.23888162, 0.21646017]",3943043,768,England,2,4471,4485,Pass
32,0.02589598,"[0.08861464, 0.07656489, 0.07229777, 0.0725843, 0.087944865, 0.15439887, 0.24253891, 0.20505568]",3943043,772,Spain,1,1219,1234,Pass
67,0.025795296,"[0.10047453, 0.081697114, 0.0767931, 0.07628517, 0.09180931, 0.14947855, 0.22827744, 0.19518472]",3943043,772,Spain,1,2479,2485,Pass
59,0.025658157,"[0.3573598, 0.34282047, 0.29981977, 0.0, 0.0, 0.0, 0.0, 0.0]",3943043,768,England,1,2193,2198,Pass
58,0.02560324,"[0.089924514, 0.07708492, 0.07224557, 0.072800286, 0.091318086, 0.16003159, 0.24803737, 0.18855771]",3943043,772,Spain,1,2135,2147,Pass
32,0.02560263,"[0.10101555, 0.082724154, 0.07617481, 0.07560729, 0.08659353, 0.1369701, 0.23070277, 0.21021181]",3943043,772,Spain,1,1231,1239,Pass
12,0.02557352,"[0.09494234, 0.07882851, 0.07369521, 0.07346532, 0.08469627, 0.1367284, 0.23935632, 0.21828766]",3943043,772,Spain,1,386,396,Pass
98,0.025547285,"[0.12026033, 0.10538818, 0.084407546, 0.08040365, 0.09115006, 0.13520643, 0.18984146, 0.19334233]",3943043,768,England,2,3582,3589,Pass
142,0.025528073,"[0.26728165, 0.2604838, 0.23783608, 0.23439845, 0.0, 0.0, 0.0, 0.0]",3943043,768,England,2,5447,5454,Foul
66,0.0255252,"[0.09217503, 0.07364356, 0.06892859, 0.06945704, 0.09098156, 0.16523808, 0.24434675, 0.19522937]",3943043,768,England,1,2443,2452,Pass
123,0.025500823,"[0.09497036, 0.07945189, 0.07235169, 0.07259497, 0.08474991, 0.13580982, 0.24599244, 0.21407895]",3943043,772,Spain,2,4635,4647,Pass
133,0.02549127,"[0.08957662, 0.069290794, 0.06499882, 0.0665845, 0.090737484, 0.17380622, 0.24660866, 0.19839683]",3943043,772,Spain,2,5006,5022,Pass
32,0.025476513,"[0.1021999, 0.077372685, 0.07330728, 0.072589286, 0.08448142, 0.13644661, 0.24190958, 0.21169323]",3943043,772,Spain,1,1169,1181,Foul
32,0.025469543,"[0.08707595, 0.07461187, 0.070804216, 0.07129273, 0.086843416, 0.15408887, 0.24851988, 0.20676295]",3943043,772,Spain,1,1174,1190,Pass
12,0.02518469,"[0.09802884, 0.08219204, 0.07614343, 0.07463095, 0.08774885, 0.14068465, 0.23734307, 0.20322818]",3943043,772,Spain,1,370,382,Pass
56,0.025170287,"[0.09781446, 0.08052655, 0.07597771, 0.07459188, 0.087120876, 0.1435506, 0.22927856, 0.21113929]",3943043,772,Spain,1,1998,2007,Pass
133,0.025112262,"[0.09369646, 0.07528702, 0.069937445, 0.06886131, 0.08275541, 0.14766914, 0.24372894, 0.21806432]",3943043,772,Spain,2,5004,5020,Pass
58,0.025097163,"[0.09293646, 0.07855775, 0.074513994, 0.07525555, 0.08954512, 0.15464197, 0.24013124, 0.19441791]",3943043,772,Spain,1,2137,2148,Pass
130,0.025093652,"[0.0963075, 0.07714212, 0.072169304, 0.07237825, 0.08488538, 0.14688477, 0.23993728, 0.21029542]",3943043,772,Spain,2,4901,4912,Pass
58,0.024950353,"[0.09571007, 0.08059723, 0.07626052, 0.07640881, 0.0915383, 0.15104164, 0.24173366, 0.18670985]",3943043,772,Spain,1,2141,2149,Pass
32,0.024918003,"[0.09037341, 0.07549414, 0.07197782, 0.07190503, 0.08691537, 0.15898813, 0.25334692, 0.19099918]",3943043,772,Spain,1,1180,1191,Pass
125,0.024900448,"[0.096055724, 0.0781498, 0.073513255, 0.072390586, 0.08359162, 0.13464583, 0.23546462, 0.22618848]",3943043,772,Spain,2,4750,4758,Pass
130,0.024879752,"[0.09487942, 0.081359506, 0.07679087, 0.07715717, 0.08978239, 0.14628755, 0.23484176, 0.19890127]",3943043,772,Spain,2,4916,4926,Pass
32,0.024804365,"[0.1020434, 0.08187047, 0.07312654, 0.073159374, 0.083960176, 0.13738677, 0.236401, 0.21205226]",3943043,772,Spain,1,1169,1180,Foul
12,0.02469537,"[0.09369448, 0.07900939, 0.07555032, 0.07565427, 0.08967345, 0.15097344, 0.23442546, 0.20101924]",3943043,772,Spain,1,409,422,Pass
99,0.024694711,"[0.09595967, 0.076293714, 0.072061054, 0.07196261, 0.08853395, 0.1533012, 0.25177243, 0.19011535]",3943043,768,England,2,3652,3664,Pass
135,0.024635192,"[0.095615886, 0.0798759, 0.07350991, 0.072612666, 0.089044765, 0.15083076, 0.23399861, 0.20451151]",3943043,768,England,2,5126,5136,Pass
66,0.024522638,"[0.11367102, 0.07974996, 0.072885565, 0.07238499, 0.091323376, 0.15710565, 0.23073195, 0.18214749]",3943043,768,England,1,2447,2459,Pass
133,0.024389476,"[0.09227904, 0.07385479, 0.0677014, 0.06780421, 0.08420424, 0.154988, 0.25424874, 0.2049196]",3943043,772,Spain,2,5005,5021,Pass
58,0.02433363,"[0.15503047, 0.09032988, 0.07694348, 0.074859865, 0.0840691, 0.122354716, 0.20807299, 0.18833947]",3943043,772,Spain,1,2098,2112,Shot
92,0.02426066,"[0.111634344, 0.08829025, 0.07863361, 0.07638874, 0.08944041, 0.14345652, 0.23168036, 0.18047588]",3943043,772,Spain,2,3303,3320,Pass
130,0.024260368,"[0.08895667, 0.074150905, 0.071245335, 0.07255908, 0.0916136, 0.16711013, 0.24310102, 0.19126321]",3943043,772,Spain,2,4884,4897,Pass
44,0.024248526,"[0.10085909, 0.08201349, 0.075853996, 0.075688854, 0.092649475, 0.13906416, 0.23294006, 0.20093082]",3943043,772,Spain,1,1632,1644,Pass
64,0.02424303,"[0.09453979, 0.07803375, 0.07367756, 0.07184838, 0.08448674, 0.1458932, 0.25185958, 0.19966102]",3943043,772,Spain,1,2402,2421,Pass
98,0.024205327,"[0.09490654, 0.08127019, 0.07587232, 0.075494364, 0.08703655, 0.13458374, 0.23948513, 0.21135113]",3943043,768,England,2,3554,3565,Pass
32,0.02418347,"[0.09604098, 0.072625786, 0.06743171, 0.069486186, 0.09315456, 0.1599769, 0.24132714, 0.19995677]",3943043,772,Spain,1,1172,1185,Pass
32,0.02413869,"[0.088322595, 0.07128268, 0.06564848, 0.06752663, 0.09379624, 0.17707743, 0.24260356, 0.19374235]",3943043,772,Spain,1,1171,1184,Pass
56,0.024137586,"[0.094236225, 0.07989515, 0.074710645, 0.073185295, 0.08607059, 0.14633548, 0.23540376, 0.2101629]",3943043,772,Spain,1,1982,1997,Pass
97,0.024085743,"[0.094006695, 0.07765541, 0.072941616, 0.071986936, 0.08722093, 0.14963757, 0.2387296, 0.20782119]",3943043,772,Spain,2,3521,3529,Pass
64,0.024020847,"[0.098391056, 0.07995837, 0.074557416, 0.07447279, 0.081233606, 0.1306448, 0.23991652, 0.22082537]",3943043,772,Spain,1,2400,2420,Pass
98,0.024008157,"[0.097444214, 0.08130911, 0.07738993, 0.07739889, 0.091855474, 0.14830771, 0.23490995, 0.19138464]",3943043,768,England,2,3591,3599,Pass
130,0.023997556,"[0.09400885, 0.07785768, 0.07255464, 0.0727108, 0.08737716, 0.15421608, 0.2431582, 0.1981166]",3943043,772,Spain,2,4904,4914,Pass
91,0.023997197,"[0.112574935, 0.08684601, 0.078681074, 0.080792345, 0.08871027, 0.12634419, 0.2124716, 0.21357958]",3943043,772,Spain,2,3244,3251,Pass
130,0.023926834,"[0.0974686, 0.07846539, 0.073260434, 0.07348108, 0.08812112, 0.15290055, 0.24210693, 0.19419597]",3943043,772,Spain,2,4905,4916,Pass
94,0.023907527,"[0.09076777, 0.07531076, 0.06929734, 0.06876532, 0.083586216, 0.16064896, 0.24710909, 0.20451455]",3943043,768,England,2,3379,3397,Pass
130,0.02390154,"[0.095472485, 0.077927805, 0.07260255, 0.07158244, 0.086128905, 0.14736934, 0.24855512, 0.20036134]",3943043,772,Spain,2,4903,4913,Pass
32,0.023893049,"[0.08604517, 0.073471695, 0.07005484, 0.070727885, 0.087583184, 0.15679054, 0.2540371, 0.20128955]",3943043,772,Spain,1,1220,1235,Pass
99,0.0238925,"[0.09757144, 0.07978028, 0.072738715, 0.07228734, 0.08666649, 0.15131727, 0.24331556, 0.1963228]",3943043,768,England,2,3666,3676,Pass
19,0.023879223,"[0.105527356, 0.08222979, 0.07637574, 0.07585293, 0.090779416, 0.15261811, 0.22710812, 0.18950856]",3943043,768,England,1,545,561,Pass
125,0.023873433,"[0.09732088, 0.07945266, 0.07304871, 0.07274816, 0.08385121, 0.14244297, 0.25538203, 0.19575341]",3943043,772,Spain,2,4751,4760,Pass
44,0.023714734,"[0.08688349, 0.06995301, 0.0662016, 0.06617284, 0.0834554, 0.1614923, 0.25542468, 0.2104167]",3943043,772,Spain,1,1623,1630,Pass
89,0.02366265,"[0.10064509, 0.07834347, 0.07271387, 0.07327298, 0.08295952, 0.13529506, 0.242674, 0.21409607]",3943043,768,England,2,3031,3044,Pass
89,0.023638068,"[0.0992382, 0.07866905, 0.07360586, 0.07301781, 0.087498695, 0.14706218, 0.24146354, 0.19944465]",3943043,768,England,2,3050,3058,Pass
83,0.023618968,"[0.09698424, 0.07620463, 0.0712767, 0.070945606, 0.09006842, 0.1574541, 0.23744741, 0.19961882]",3943043,772,Spain,2,2872,2889,Pass
130,0.023541503,"[0.09842187, 0.08015012, 0.07556155, 0.07362021, 0.08462677, 0.14402802, 0.24244343, 0.20114815]",3943043,772,Spain,2,4910,4921,Pass
60,0.023523718,"[0.1197821, 0.09376626, 0.08497968, 0.08562709, 0.09373693, 0.14286657, 0.21489242, 0.16434897]",3943043,772,Spain,1,2250,2260,Pass
64,0.023480415,"[0.087507814, 0.07306891, 0.068657234, 0.069724135, 0.085838206, 0.15886277, 0.25015807, 0.2061829]",3943043,772,Spain,1,2397,2414,Pass
89,0.023476092,"[0.09670572, 0.08139476, 0.07523832, 0.07495507, 0.08960731, 0.14947179, 0.23812996, 0.19449703]",3943043,768,England,2,3062,3072,Pass
89,0.023426265,"[0.095452264, 0.083168, 0.07716674, 0.076818705, 0.089842275, 0.1451593, 0.2392614, 0.19313136]",3943043,768,England,2,3042,3056,Pass
123,0.023410723,"[0.09964083, 0.08492046, 0.07788628, 0.07812704, 0.08861094, 0.13740472, 0.23274326, 0.2006664]",3943043,772,Spain,2,4599,4614,Pass
65,0.023360983,"[0.098470174, 0.0807025, 0.07527017, 0.07519149, 0.0818128, 0.13736723, 0.2561392, 0.19504641]",3943043,772,Spain,1,2431,2439,Pass
56,0.023350904,"[0.09227536, 0.075064756, 0.07022796, 0.070447125, 0.08238294, 0.1411154, 0.24703671, 0.2214497]",3943043,772,Spain,1,1983,1999,Pass
98,0.023282163,"[0.14134133, 0.09681349, 0.08230171, 0.0802749, 0.089530975, 0.10949628, 0.20445007, 0.19579118]",3943043,768,England,2,3583,3591,Pass
89,0.023234395,"[0.09630502, 0.081466064, 0.07471306, 0.074718215, 0.08892341, 0.15481241, 0.24144137, 0.18762055]",3943043,768,England,2,3034,3051,Pass
12,0.0231863,"[0.100744486, 0.08049282, 0.073092915, 0.07212467, 0.08402952, 0.14416088, 0.24129596, 0.20405869]",3943043,772,Spain,1,324,333,Pass
58,0.02311593,"[0.095936, 0.08279878, 0.07526489, 0.07507602, 0.08564434, 0.14153305, 0.24664176, 0.19710511]",3943043,772,Spain,1,2132,2144,Pass
98,0.023092937,"[0.09706777, 0.08235283, 0.07603224, 0.07494971, 0.08431572, 0.1380187, 0.24151425, 0.20574878]",3943043,768,England,2,3558,3570,Pass
12,0.023088587,"[0.09959773, 0.08213746, 0.07592513, 0.07465693, 0.087646596, 0.14079939, 0.23502003, 0.2042168]",3943043,772,Spain,1,316,330,Pass
12,0.023082994,"[0.10776866, 0.081011176, 0.073313154, 0.072300166, 0.08499912, 0.1406875, 0.23652312, 0.20339718]",3943043,772,Spain,1,325,334,Pass
98,0.023038438,"[0.0959308, 0.082201704, 0.07824838, 0.07791428, 0.092590645, 0.14976369, 0.23306218, 0.19028835]",3943043,768,England,2,3593,3600,Pass
97,0.022989862,"[0.08484478, 0.0719615, 0.06837836, 0.06899093, 0.084869444, 0.15948726, 0.25368842, 0.20777926]",3943043,772,Spain,2,3517,3526,Pass
65,0.022981375,"[0.104939125, 0.08281444, 0.077826485, 0.07698831, 0.08612789, 0.1204281, 0.2284311, 0.22244442]",3943043,772,Spain,1,2430,2438,Pass
30,0.022980262,"[0.09313127, 0.07522293, 0.071417615, 0.07203045, 0.08679625, 0.15219474, 0.24501781, 0.20418891]",3943043,772,Spain,1,1116,1127,Pass
44,0.02297012,"[0.08704519, 0.07333171, 0.06947185, 0.06942258, 0.08016009, 0.14655928, 0.2548538, 0.21915542]",3943043,772,Spain,1,1621,1629,Pass
56,0.022944484,"[0.08824389, 0.07199169, 0.06752509, 0.06893394, 0.09050398, 0.16491921, 0.24675363, 0.20112859]",3943043,772,Spain,1,1991,2002,Pass
89,0.0229409,"[0.09794023, 0.08013918, 0.07757234, 0.076968946, 0.088405326, 0.14594403, 0.23659052, 0.19643934]",3943043,768,England,2,3041,3054,Pass
130,0.022930957,"[0.08976578, 0.077451184, 0.07382326, 0.07415949, 0.09093291, 0.15439406, 0.24352351, 0.19594988]",3943043,772,Spain,2,4886,4899,Pass
65,0.022929544,"[0.112374395, 0.087222755, 0.0791683, 0.07803712, 0.08556444, 0.1382406, 0.22042073, 0.19897164]",3943043,772,Spain,1,2426,2436,Pass
60,0.022921035,"[0.10181096, 0.08424121, 0.07744172, 0.07653554, 0.08447377, 0.12883674, 0.23752432, 0.20913571]",3943043,772,Spain,1,2238,2250,Pass
98,0.0228773,"[0.09839312, 0.08163962, 0.077234365, 0.07771482, 0.091283835, 0.15043195, 0.23275004, 0.19055223]",3943043,768,England,2,3589,3598,Pass
89,0.022797683,"[0.10055347, 0.08196123, 0.07771594, 0.0760058, 0.08717238, 0.14365889, 0.23755246, 0.1953799]",3943043,768,England,2,3032,3050,Pass
123,0.02277394,"[0.0989529, 0.08192222, 0.07839795, 0.07700877, 0.09056101, 0.14170095, 0.2329261, 0.19853015]",3943043,772,Spain,2,4595,4613,Pass
89,0.022764336,"[0.09914721, 0.08009367, 0.07611105, 0.07562086, 0.08973935, 0.15274952, 0.23460461, 0.19193377]",3943043,768,England,2,3060,3071,Pass
36,0.02276171,"[0.09562913, 0.07928517, 0.07506247, 0.075284176, 0.08553434, 0.13621698, 0.24214351, 0.21084419]",3943043,772,Spain,1,1349,1358,Pass
56,0.022757476,"[0.09297636, 0.0740645, 0.07029718, 0.07104837, 0.086667664, 0.14571476, 0.24148543, 0.21774578]",3943043,772,Spain,1,1992,2004,Pass
99,0.022745132,"[0.0958577, 0.07883082, 0.07431289, 0.07432179, 0.085582614, 0.15279606, 0.23878776, 0.19951038]",3943043,768,England,2,3653,3665,Pass
12,0.022698157,"[0.10512226, 0.07906341, 0.072396904, 0.07145302, 0.08140354, 0.13479131, 0.23961887, 0.21615078]",3943043,772,Spain,1,332,341,Pass
30,0.022693511,"[0.09979275, 0.07920857, 0.07341061, 0.07196033, 0.085365385, 0.14408854, 0.23344322, 0.21273069]",3943043,772,Spain,1,1101,1120,Pass
56,0.022681838,"[0.089683086, 0.070955366, 0.066974334, 0.06704232, 0.08283201, 0.15860812, 0.25555405, 0.20835076]",3943043,772,Spain,1,1985,2000,Pass
46,0.022663685,"[0.09691003, 0.07977343, 0.0758471, 0.076051354, 0.09299919, 0.15511864, 0.23158462, 0.19171567]",3943043,768,England,1,1691,1706,Pass
130,0.022645801,"[0.09704684, 0.08182826, 0.078463875, 0.07835672, 0.088031806, 0.14168034, 0.23550609, 0.19908613]",3943043,772,Spain,2,4892,4903,Pass
125,0.02262275,"[0.09594988, 0.07953351, 0.0749066, 0.07507393, 0.08777063, 0.13661632, 0.2347627, 0.21538648]",3943043,772,Spain,2,4733,4748,Pass
123,0.022601273,"[0.09816225, 0.07867991, 0.07435501, 0.072559565, 0.083874084, 0.13792202, 0.23176926, 0.22267786]",3943043,772,Spain,2,4634,4646,Pass
92,0.022551717,"[0.102975205, 0.0782523, 0.071377136, 0.07223263, 0.0852935, 0.14395313, 0.23940237, 0.20651376]",3943043,772,Spain,2,3284,3295,Pass
104,0.022530114,"[0.119369745, 0.09296369, 0.085338674, 0.0867956, 0.11329396, 0.1965583, 0.30568, 0.0]",3943043,768,England,2,3911,3935,Pass
58,0.022423796,"[0.10012279, 0.08328691, 0.07611347, 0.0765525, 0.08465885, 0.13143165, 0.23559314, 0.2122406]",3943043,772,Spain,1,2130,2143,Pass
123,0.02242224,"[0.097582035, 0.079588585, 0.07482445, 0.07460557, 0.089447655, 0.14769238, 0.23958516, 0.1966742]",3943043,772,Spain,2,4592,4604,Pass
32,0.022416094,"[0.09656047, 0.07970602, 0.07622272, 0.07661734, 0.08870989, 0.14177667, 0.23228875, 0.20811822]",3943043,772,Spain,1,1183,1199,Pass
27,0.022405202,"[0.09855115, 0.08054371, 0.072303444, 0.07258503, 0.09299746, 0.14927247, 0.23514403, 0.19860272]",3943043,768,England,1,983,995,Pass
60,0.022383094,"[0.12905717, 0.084718525, 0.074859895, 0.07323203, 0.08238811, 0.13831863, 0.23143327, 0.18599236]",3943043,772,Spain,1,2256,2263,Pass
15,0.022358147,"[0.09147683, 0.07567102, 0.072061695, 0.07204549, 0.085927285, 0.15431438, 0.24237818, 0.20612502]",3943043,772,Spain,1,470,479,Pass
32,0.02226715,"[0.09102114, 0.07668292, 0.07223083, 0.07170158, 0.08150957, 0.13991542, 0.24862485, 0.21831366]",3943043,772,Spain,1,1169,1182,Pass
27,0.022201246,"[0.098837756, 0.079209805, 0.07381944, 0.07227019, 0.08739173, 0.16147906, 0.23464237, 0.1923497]",3943043,768,England,1,981,993,Pass
133,0.022158414,"[0.09614854, 0.0785988, 0.07408357, 0.073823415, 0.084624566, 0.13959977, 0.2409868, 0.21213453]",3943043,772,Spain,2,5000,5015,Pass
112,0.022133661,"[0.11857602, 0.09630792, 0.08715229, 0.08561238, 0.09101249, 0.1380353, 0.20238595, 0.1809176]",3943043,768,England,2,4218,4229,Pass
130,0.022125803,"[0.096276276, 0.08245956, 0.07771294, 0.07675315, 0.08876476, 0.14430471, 0.23937589, 0.19435269]",3943043,772,Spain,2,4893,4904,Pass
56,0.02207936,"[0.085749805, 0.07012818, 0.06663025, 0.067292675, 0.08847222, 0.16813658, 0.25051758, 0.20307273]",3943043,772,Spain,1,1987,2001,Pass
63,0.022042332,"[0.09838947, 0.08415691, 0.07910429, 0.078616604, 0.0869229, 0.12299221, 0.23240192, 0.21741569]",3943043,768,England,1,2330,2342,Pass
53,0.022035748,"[0.2259701, 0.18534707, 0.17592433, 0.17361712, 0.23914146, 0.0, 0.0, 0.0]",3943043,768,England,1,1920,1932,Pass
60,0.022026807,"[0.118564, 0.09461683, 0.08863883, 0.07988963, 0.091448866, 0.13933092, 0.20646042, 0.18105051]",3943043,772,Spain,1,2251,2261,Pass
91,0.022023804,"[0.11083376, 0.094803706, 0.084885225, 0.08337548, 0.09078589, 0.119045705, 0.19385262, 0.22241771]",3943043,772,Spain,2,3238,3247,Pass
58,0.021987723,"[0.1023006, 0.0824668, 0.078929834, 0.07673709, 0.08638865, 0.13197932, 0.23201485, 0.20918292]",3943043,772,Spain,1,2131,2143,Pass
12,0.021978442,"[0.103178546, 0.07784775, 0.07171275, 0.07125095, 0.08273131, 0.13399766, 0.2442779, 0.2150031]",3943043,772,Spain,1,333,348,Pass
130,0.021931227,"[0.093833715, 0.079646446, 0.075926445, 0.07547837, 0.0882583, 0.146453, 0.24358174, 0.19682203]",3943043,772,Spain,2,4914,4924,Pass
130,0.021908034,"[0.09771157, 0.07992022, 0.0754527, 0.075391404, 0.08653361, 0.14710155, 0.23904578, 0.19884308]",3943043,772,Spain,2,4913,4923,Pass
97,0.021905791,"[0.103643924, 0.08790197, 0.080473565, 0.0799913, 0.08720845, 0.119398154, 0.23055588, 0.2108267]",3943043,772,Spain,2,3489,3502,Pass
97,0.021802494,"[0.090222634, 0.078171685, 0.07463907, 0.07464375, 0.09035541, 0.14694817, 0.24131624, 0.20370306]",3943043,772,Spain,2,3500,3514,Pass
123,0.021783961,"[0.10173041, 0.08543001, 0.08006721, 0.079642825, 0.087445155, 0.1281588, 0.22996272, 0.20756285]",3943043,772,Spain,2,4616,4628,Pass
97,0.02175302,"[0.10745995, 0.084101945, 0.07664009, 0.074478686, 0.08397154, 0.13179775, 0.23103705, 0.21051294]",3943043,772,Spain,2,3506,3520,Pass
12,0.021751707,"[0.10990004, 0.084319375, 0.076944254, 0.07570285, 0.08463259, 0.13209412, 0.22331424, 0.21309261]",3943043,772,Spain,1,333,347,Pass
91,0.021702744,"[0.115474604, 0.09220618, 0.0872281, 0.08413145, 0.093187936, 0.13137533, 0.20235264, 0.19404376]",3943043,772,Spain,2,3236,3245,Pass
99,0.02168807,"[0.10363304, 0.080822304, 0.075607434, 0.07403697, 0.08774305, 0.1422555, 0.23421754, 0.20168412]",3943043,768,England,2,3673,3685,Pass
94,0.021653643,"[0.091069385, 0.075169474, 0.06989805, 0.0704123, 0.08900023, 0.158448, 0.24834141, 0.1976612]",3943043,768,England,2,3380,3398,Pass
97,0.021619122,"[0.08831821, 0.07317813, 0.07016012, 0.070717014, 0.08665368, 0.16049184, 0.25652972, 0.19395117]",3943043,772,Spain,2,3519,3527,Pass
91,0.021599453,"[0.1144395, 0.09067049, 0.08295319, 0.08038444, 0.08561243, 0.11038256, 0.2356755, 0.19988184]",3943043,772,Spain,2,3239,3247,Pass
40,0.02159061,"[0.101342104, 0.082739525, 0.07776597, 0.07759508, 0.0902082, 0.13772248, 0.23730843, 0.19531822]",3943043,768,England,1,1442,1452,Pass
94,0.021565981,"[0.09221747, 0.07702806, 0.07215687, 0.07198802, 0.08549312, 0.15117215, 0.24475609, 0.20518816]",3943043,768,England,2,3367,3380,Pass
24,0.02155881,"[0.09409942, 0.07911807, 0.075452454, 0.07534875, 0.09026547, 0.14978439, 0.23273739, 0.20319399]",3943043,772,Spain,1,810,825,Pass
123,0.021546096,"[0.098229155, 0.08179469, 0.07731178, 0.076063104, 0.08506786, 0.1372236, 0.24108265, 0.20322718]",3943043,772,Spain,2,4617,4630,Pass
98,0.02150954,"[0.09749936, 0.08185706, 0.07750248, 0.076576896, 0.08533949, 0.13221806, 0.23939832, 0.20960839]",3943043,768,England,2,3554,3569,Pass
63,0.021474397,"[0.09502658, 0.07731041, 0.073078096, 0.07480204, 0.092943236, 0.15867448, 0.24235469, 0.1858105]",3943043,768,England,1,2356,2365,Pass
89,0.021445088,"[0.10065227, 0.0816334, 0.07732703, 0.07673757, 0.09180019, 0.14820193, 0.23161264, 0.19203493]",3943043,768,England,2,3034,3052,Pass
89,0.021424001,"[0.09576769, 0.081317246, 0.07568473, 0.07677312, 0.09050231, 0.14998567, 0.24028343, 0.18968582]",3943043,768,England,2,3039,3054,Pass
12,0.021422528,"[0.10332775, 0.08342782, 0.076178074, 0.07614325, 0.086190514, 0.13258278, 0.22952278, 0.21262693]",3943043,772,Spain,1,347,358,Pass
86,0.021421779,"[0.22934468, 0.18253508, 0.17183347, 0.17346026, 0.24282648, 0.0, 0.0, 0.0]",3943043,768,England,2,2960,2963,Pass
64,0.021406643,"[0.096727386, 0.08044007, 0.076218784, 0.07569272, 0.08797228, 0.1382088, 0.23577128, 0.20896871]",3943043,772,Spain,1,2392,2399,Pass
125,0.021384915,"[0.096849725, 0.08049122, 0.07626181, 0.07599188, 0.089243, 0.14266634, 0.2297042, 0.20879185]",3943043,772,Spain,2,4732,4747,Pass
44,0.021369558,"[0.097811654, 0.08050711, 0.07432288, 0.073222086, 0.08242746, 0.13892274, 0.24513438, 0.2076517]",3943043,772,Spain,1,1630,1640,Pass
9,0.021368062,"[0.10694684, 0.087096974, 0.0824219, 0.08008606, 0.08947326, 0.13320717, 0.21223678, 0.2085309]",3943043,772,Spain,1,212,222,Pass
58,0.021352548,"[0.10444023, 0.08239525, 0.077996194, 0.07649624, 0.08881183, 0.12991248, 0.2233085, 0.21663933]",3943043,772,Spain,1,2129,2141,Pass
60,0.021333955,"[0.093102515, 0.07932271, 0.07537574, 0.07644089, 0.08902293, 0.14747386, 0.24194172, 0.19731969]",3943043,772,Spain,1,2212,2224,Pass
32,0.021291787,"[0.0908377, 0.07479495, 0.07000901, 0.06861114, 0.081875265, 0.15425037, 0.25637048, 0.20325112]",3943043,772,Spain,1,1170,1183,Pass
30,0.021280581,"[0.08880701, 0.07312802, 0.06978425, 0.06999861, 0.08139398, 0.14627986, 0.24810581, 0.22250244]",3943043,772,Spain,1,1104,1122,Pass
125,0.021259408,"[0.09720083, 0.0819056, 0.076118335, 0.07430159, 0.08441366, 0.13256669, 0.23808514, 0.21540822]",3943043,772,Spain,2,4736,4750,Pass
32,0.021175208,"[0.09660845, 0.08006664, 0.07567967, 0.074750096, 0.08531424, 0.13844444, 0.23824416, 0.21089233]",3943043,772,Spain,1,1230,1238,Pass
50,0.02116733,"[0.089433454, 0.07276244, 0.069164075, 0.069879554, 0.08204346, 0.14464241, 0.24738555, 0.22468917]",3943043,772,Spain,1,1766,1781,Pass
56,0.021165596,"[0.09655194, 0.07824293, 0.07347149, 0.073442355, 0.08452842, 0.14368011, 0.25092208, 0.19916064]",3943043,772,Spain,1,1997,2005,Pass
60,0.02109275,"[0.10262422, 0.082926795, 0.07810702, 0.07754007, 0.0884301, 0.14566636, 0.23353904, 0.1911663]",3943043,772,Spain,1,2206,2218,Pass
92,0.021066869,"[0.09649032, 0.079464436, 0.073728584, 0.072932586, 0.088158056, 0.14677696, 0.23896253, 0.20348643]",3943043,772,Spain,2,3283,3294,Pass
27,0.021049166,"[0.10203519, 0.0790395, 0.07458077, 0.074786395, 0.085410334, 0.1384791, 0.23676695, 0.2089017]",3943043,768,England,1,993,1002,Pass
112,0.021039462,"[0.115564816, 0.09118396, 0.0854308, 0.08458672, 0.09600867, 0.12871191, 0.228222, 0.17029119]",3943043,768,England,2,4216,4228,Pass
30,0.021022342,"[0.08926453, 0.0734567, 0.068339825, 0.06886161, 0.08631493, 0.15941267, 0.24878317, 0.20556656]",3943043,772,Spain,1,1115,1125,Pass
97,0.021009365,"[0.09354772, 0.07939928, 0.076368675, 0.07702112, 0.09079825, 0.14992404, 0.23199587, 0.20094502]",3943043,772,Spain,2,3498,3512,Pass
66,0.020999607,"[0.09201154, 0.076201625, 0.07180919, 0.07165407, 0.08586339, 0.14575876, 0.24622776, 0.21047357]",3943043,768,England,1,2442,2451,Pass
61,0.020985287,"[0.098851144, 0.080765635, 0.075392365, 0.07591891, 0.09102518, 0.14546871, 0.2332723, 0.1993058]",3943043,768,England,1,2310,2320,Pass
12,0.020977141,"[0.10682499, 0.08002665, 0.07529783, 0.07415319, 0.08774648, 0.13768616, 0.2272799, 0.21098486]",3943043,772,Spain,1,341,357,Pass
123,0.020955037,"[0.098290466, 0.079517916, 0.07464449, 0.07357881, 0.08511307, 0.14198458, 0.24045809, 0.20641257]",3943043,772,Spain,2,4589,4602,Pass
123,0.020930488,"[0.097033955, 0.080954075, 0.07727525, 0.07794063, 0.090020336, 0.14477378, 0.23210435, 0.1998976]",3943043,772,Spain,2,4605,4621,Pass
120,0.020894187,"[0.10230984, 0.074697785, 0.069063306, 0.06806461, 0.081780985, 0.1481374, 0.24623044, 0.20971571]",3943043,768,England,2,4435,4447,Pass
66,0.02087507,"[0.09589862, 0.077979304, 0.073468715, 0.07319664, 0.08548534, 0.14958698, 0.23833965, 0.20604472]",3943043,768,England,1,2441,2450,Pass
12,0.020870594,"[0.108056985, 0.08662822, 0.07982476, 0.07896619, 0.08718383, 0.1256489, 0.22229524, 0.21139582]",3943043,772,Spain,1,330,340,Pass
125,0.020862801,"[0.09411305, 0.07871672, 0.075616814, 0.07508838, 0.08450738, 0.13328373, 0.23867173, 0.22000216]",3943043,772,Spain,2,4735,4749,Pass
43,0.020812815,"[0.10130453, 0.08297251, 0.076674804, 0.076501496, 0.08585732, 0.13720955, 0.23178445, 0.20769535]",3943043,772,Spain,1,1576,1593,Pass
63,0.020805884,"[0.105663456, 0.087002374, 0.07988784, 0.0778216, 0.08636022, 0.12845276, 0.22811961, 0.20669214]",3943043,768,England,1,2342,2353,Pass
44,0.020789394,"[0.10294512, 0.08232819, 0.07563524, 0.07481189, 0.087054126, 0.14951573, 0.22992127, 0.1977884]",3943043,772,Spain,1,1631,1642,Pass
66,0.020769568,"[0.098402314, 0.07923643, 0.07594622, 0.07532435, 0.08448804, 0.13163663, 0.24185467, 0.2131114]",3943043,768,England,1,2439,2448,Pass
43,0.020747066,"[0.1026366, 0.081279546, 0.076395705, 0.07514124, 0.084740624, 0.12901212, 0.22517513, 0.22561915]",3943043,772,Spain,1,1579,1594,Pass
9,0.020743903,"[0.09639552, 0.07791012, 0.07421342, 0.074820235, 0.089049324, 0.14616589, 0.23788065, 0.20356487]",3943043,772,Spain,1,229,244,Pass
9,0.020739269,"[0.10145789, 0.08811095, 0.08097924, 0.0807387, 0.08888374, 0.1240114, 0.22300641, 0.21281162]",3943043,772,Spain,1,212,223,Pass
44,0.020721938,"[0.0941716, 0.07945605, 0.07562043, 0.07456508, 0.08697422, 0.14086248, 0.2324712, 0.21587889]",3943043,772,Spain,1,1611,1623,Pass
12,0.020713,"[0.097337976, 0.081688635, 0.0758264, 0.07670029, 0.08868988, 0.13841307, 0.23426479, 0.20707892]",3943043,772,Spain,1,390,400,Pass
43,0.020685099,"[0.09509031, 0.07718331, 0.07302103, 0.073174074, 0.08724226, 0.14900945, 0.23506056, 0.21021901]",3943043,772,Spain,1,1590,1599,Pass
29,0.020660194,"[0.092116974, 0.07754315, 0.073982075, 0.073704645, 0.08628338, 0.14270256, 0.23657915, 0.21708807]",3943043,772,Spain,1,1064,1079,Pass
12,0.020645432,"[0.09790239, 0.08129935, 0.076482914, 0.07612198, 0.08594135, 0.1370293, 0.23691401, 0.20830868]",3943043,772,Spain,1,371,386,Pass
130,0.02062862,"[0.09729663, 0.08212536, 0.074594066, 0.07429318, 0.087144405, 0.14944981, 0.24405718, 0.19103944]",3943043,772,Spain,2,4912,4922,Pass
43,0.020614594,"[0.106293, 0.08636145, 0.08223366, 0.08300686, 0.09196969, 0.13013792, 0.21820346, 0.20179409]",3943043,772,Spain,1,1592,1602,Pass
60,0.020604271,"[0.09276651, 0.07879683, 0.07321803, 0.072637744, 0.08689313, 0.14777501, 0.2441737, 0.20373902]",3943043,772,Spain,1,2214,2230,Pass
60,0.02055448,"[0.10162533, 0.08540907, 0.07978154, 0.0794335, 0.09152523, 0.14475232, 0.2275667, 0.18990637]",3943043,772,Spain,1,2207,2220,Pass
97,0.020528777,"[0.10534473, 0.08690266, 0.08046921, 0.0795106, 0.08685091, 0.12817927, 0.22397043, 0.20877227]",3943043,772,Spain,2,3504,3519,Pass
60,0.020479199,"[0.10075676, 0.08457533, 0.078026414, 0.077803865, 0.08556566, 0.12523548, 0.23152971, 0.21650688]",3943043,772,Spain,1,2200,2213,Pass
12,0.02047062,"[0.09525645, 0.078853056, 0.07472517, 0.07374783, 0.08341862, 0.12933944, 0.24499801, 0.21966153]",3943043,772,Spain,1,387,396,Pass
12,0.020467388,"[0.100623645, 0.08198582, 0.07680306, 0.07558495, 0.086310394, 0.13484512, 0.23380423, 0.21004283]",3943043,772,Spain,1,374,387,Pass
32,0.0204638,"[0.10937489, 0.08290318, 0.07985147, 0.08003877, 0.087071486, 0.13549253, 0.22215043, 0.20311728]",3943043,772,Spain,1,1169,1172,Foul
123,0.020450413,"[0.09913274, 0.07572088, 0.0683444, 0.06836401, 0.084846005, 0.16126451, 0.24012004, 0.20220736]",3943043,772,Spain,2,4573,4586,Pass
64,0.020434408,"[0.095362104, 0.08207354, 0.07756286, 0.07764168, 0.08838492, 0.14058153, 0.2316769, 0.2067165]",3943043,772,Spain,1,2390,2398,Pass
87,0.02043292,"[0.09501806, 0.07918604, 0.076457605, 0.076321706, 0.088497676, 0.14244711, 0.23582268, 0.20624912]",3943043,768,England,2,2975,2985,Pass
123,0.020399759,"[0.09833575, 0.080173776, 0.07407188, 0.07372921, 0.08585412, 0.145167, 0.24058792, 0.20208038]",3943043,772,Spain,2,4591,4603,Pass
12,0.020379603,"[0.095621444, 0.077218264, 0.07162482, 0.07133646, 0.08125788, 0.14660002, 0.24981779, 0.2065232]",3943043,772,Spain,1,388,397,Pass
9,0.020356428,"[0.09828896, 0.08318424, 0.07755679, 0.076745264, 0.08602209, 0.13046195, 0.22428997, 0.22345077]",3943043,772,Spain,1,232,245,Pass
12,0.020351522,"[0.09795579, 0.08040209, 0.07760526, 0.0774701, 0.089258805, 0.14121054, 0.24369754, 0.19239986]",3943043,772,Spain,1,392,400,Pass
123,0.020342981,"[0.094145805, 0.07948257, 0.073486045, 0.073302984, 0.08264222, 0.13861102, 0.24565858, 0.21267071]",3943043,772,Spain,2,4633,4644,Pass
43,0.020339012,"[0.093261816, 0.07777222, 0.07300916, 0.07277053, 0.08113644, 0.12947011, 0.25375366, 0.21882612]",3943043,772,Spain,1,1581,1595,Pass
67,0.020329323,"[0.09855231, 0.08221358, 0.07825, 0.07689922, 0.08661441, 0.12907542, 0.23187827, 0.21651678]",3943043,772,Spain,1,2474,2483,Pass
17,0.020327166,"[0.09137571, 0.07604401, 0.0732534, 0.07327279, 0.08620631, 0.14251845, 0.24024671, 0.21708256]",3943043,772,Spain,1,496,507,Pass
66,0.020307172,"[0.09577306, 0.079680234, 0.074854515, 0.0746064, 0.08489132, 0.1414984, 0.24817175, 0.20052433]",3943043,768,England,1,2439,2449,Pass
94,0.020283498,"[0.09069245, 0.07449191, 0.07085123, 0.07162164, 0.086084865, 0.1501226, 0.24764793, 0.20848739]",3943043,768,England,2,3368,3384,Pass
63,0.02027849,"[0.104166806, 0.08558084, 0.0777096, 0.07702437, 0.08523077, 0.13371123, 0.2363163, 0.20026013]",3943043,768,England,1,2344,2354,Pass
32,0.020274479,"[0.09343964, 0.0799946, 0.07622269, 0.07557156, 0.0882779, 0.14021394, 0.24525425, 0.20102541]",3943043,772,Spain,1,1184,1201,Pass
98,0.020255923,"[0.1258564, 0.09409549, 0.08526569, 0.083889216, 0.08583916, 0.11847001, 0.21668856, 0.1898955]",3943043,768,England,2,3584,3593,Pass
12,0.020249583,"[0.0953786, 0.082199536, 0.07887538, 0.07854839, 0.08963906, 0.13966468, 0.22958168, 0.20611273]",3943043,772,Spain,1,369,381,Pass
12,0.020242605,"[0.100923665, 0.07936349, 0.07432467, 0.07329229, 0.083740994, 0.13787247, 0.23880538, 0.21167699]",3943043,772,Spain,1,328,336,Pass
32,0.020241672,"[0.09352701, 0.07819778, 0.07338038, 0.07249978, 0.08308156, 0.14157528, 0.24771309, 0.21002518]",3943043,772,Spain,1,1213,1229,Pass
58,0.020234056,"[0.09962259, 0.08112272, 0.07398307, 0.07390956, 0.08509072, 0.1465142, 0.23591971, 0.20383754]",3943043,772,Spain,1,2128,2137,Pass
123,0.020233953,"[0.097278036, 0.08060218, 0.07645144, 0.07591781, 0.08723769, 0.13613239, 0.2374624, 0.20891817]",3943043,772,Spain,2,4615,4626,Pass
60,0.020210136,"[0.09319656, 0.07756863, 0.074335754, 0.07355277, 0.08589062, 0.14898714, 0.2402163, 0.20625219]",3943043,772,Spain,1,2213,2229,Pass
27,0.020198174,"[0.09931211, 0.07985421, 0.07622268, 0.0742182, 0.087386094, 0.1382637, 0.23466288, 0.21008007]",3943043,768,England,1,932,946,Pass
123,0.02019288,"[0.104724735, 0.08492662, 0.0806667, 0.07847197, 0.08840566, 0.13469145, 0.22926806, 0.1988448]",3943043,772,Spain,2,4600,4615,Pass
30,0.020186635,"[0.084850796, 0.070349336, 0.0678976, 0.06805747, 0.0826702, 0.15469727, 0.25775024, 0.21372713]",3943043,772,Spain,1,1107,1123,Pass
94,0.020049255,"[0.09122307, 0.07501744, 0.07213045, 0.07304316, 0.087985136, 0.1510682, 0.2415639, 0.20796862]",3943043,768,England,2,3384,3398,Pass
94,0.020045348,"[0.11407906, 0.08946764, 0.08195973, 0.079976946, 0.08794185, 0.12776132, 0.21606709, 0.20274636]",3943043,768,England,2,3397,3407,Pass
43,0.020042714,"[0.10448215, 0.08803859, 0.08485571, 0.08286004, 0.09133501, 0.13280372, 0.22168341, 0.19394141]",3943043,772,Spain,1,1593,1602,Pass
97,0.020040195,"[0.092049256, 0.07692925, 0.07346449, 0.07350781, 0.08721157, 0.15037073, 0.2446174, 0.20184949]",3943043,772,Spain,2,3520,3528,Pass
123,0.020038363,"[0.09072746, 0.0779992, 0.07399206, 0.07413682, 0.086405024, 0.14710498, 0.24087237, 0.20876214]",3943043,772,Spain,2,4614,4625,Pass
12,0.02000463,"[0.104766734, 0.08516101, 0.07729848, 0.07702478, 0.08797599, 0.13670813, 0.23395796, 0.19710696]",3943043,772,Spain,1,402,412,Pass
130,0.019957049,"[0.092520125, 0.07754323, 0.07399899, 0.07431476, 0.08589767, 0.14278251, 0.24449308, 0.20844966]",3943043,772,Spain,2,4897,4906,Pass
32,0.019952869,"[0.09412469, 0.08352324, 0.0787051, 0.078388415, 0.08753171, 0.13452505, 0.23448987, 0.2087119]",3943043,772,Spain,1,1229,1237,Pass
63,0.019917602,"[0.103562646, 0.08296828, 0.07872423, 0.07752951, 0.08573993, 0.12946558, 0.23197095, 0.21003889]",3943043,768,England,1,2330,2344,Pass
113,0.019916382,"[0.10048292, 0.08046996, 0.07527788, 0.073813386, 0.08601011, 0.14125074, 0.23288812, 0.20980684]",3943043,772,Spain,2,4231,4241,Pass
97,0.019915048,"[0.09869077, 0.08234509, 0.07816017, 0.07698483, 0.08778328, 0.13501303, 0.23342426, 0.20759855]",3943043,772,Spain,2,3503,3517,Pass
43,0.019874617,"[0.10139357, 0.08236515, 0.07747104, 0.07770851, 0.09201462, 0.13863169, 0.23059039, 0.19982506]",3943043,772,Spain,1,1591,1601,Pass
39,0.019823145,"[0.25780466, 0.21475492, 0.17687212, 0.1577316, 0.19283673, 0.0, 0.0, 0.0]",3943043,772,Spain,1,1391,1400,Foul
98,0.019794986,"[0.119126484, 0.09145077, 0.084150866, 0.07979428, 0.08571624, 0.12481701, 0.20585883, 0.20908546]",3943043,768,England,2,3587,3593,Pass
97,0.019790048,"[0.10530808, 0.08769558, 0.08271266, 0.08116499, 0.090720795, 0.124130785, 0.20786694, 0.22040011]",3943043,772,Spain,2,3485,3500,Pass
63,0.019780148,"[0.0993867, 0.08320626, 0.07888269, 0.07723148, 0.08717313, 0.13155985, 0.23678297, 0.20577687]",3943043,768,England,1,2348,2357,Pass
56,0.019757673,"[0.09108109, 0.076259285, 0.07310648, 0.07311057, 0.084671855, 0.14666831, 0.2470191, 0.2080832]",3943043,772,Spain,1,1981,1992,Pass
123,0.019750271,"[0.09182458, 0.078345746, 0.07432586, 0.07493707, 0.08509127, 0.14424331, 0.24550076, 0.20573133]",3943043,772,Spain,2,4631,4642,Pass
125,0.019721089,"[0.09334441, 0.07891951, 0.073816255, 0.07350621, 0.08620909, 0.14844587, 0.24216533, 0.2035933]",3943043,772,Spain,2,4730,4739,Pass
89,0.0197193,"[0.09200585, 0.075855225, 0.07158188, 0.071745425, 0.08439576, 0.14828204, 0.2490538, 0.20708008]",3943043,768,England,2,3051,3060,Pass
67,0.019715263,"[0.09504209, 0.080593064, 0.07530931, 0.07527005, 0.084143884, 0.13682026, 0.24830562, 0.20451574]",3943043,772,Spain,1,2475,2484,Pass
130,0.01967353,"[0.08678342, 0.07303668, 0.070417605, 0.07057592, 0.08581261, 0.15653169, 0.24596804, 0.21087413]",3943043,772,Spain,2,4899,4909,Pass
12,0.019651346,"[0.09213568, 0.07815881, 0.07449502, 0.07458213, 0.08519956, 0.14567973, 0.24627808, 0.20347106]",3943043,772,Spain,1,310,318,Pass
92,0.019601634,"[0.09497181, 0.07637986, 0.07235203, 0.07188257, 0.08251364, 0.13716231, 0.23874708, 0.22599068]",3943043,772,Spain,2,3269,3284,Pass
32,0.019577913,"[0.09143211, 0.07722299, 0.074150056, 0.07419303, 0.08569863, 0.14465588, 0.24735694, 0.20529035]",3943043,772,Spain,1,1218,1231,Pass
63,0.01957421,"[0.095942676, 0.082588255, 0.077197745, 0.07676707, 0.08737461, 0.1403492, 0.24367407, 0.19610651]",3943043,768,England,1,2333,2345,Pass
130,0.01957238,"[0.09238187, 0.07546432, 0.07046309, 0.07091583, 0.08741783, 0.14858116, 0.2475777, 0.20719822]",3943043,772,Spain,2,4900,4910,Pass
89,0.019559924,"[0.09750249, 0.07830142, 0.07268186, 0.07338019, 0.08763195, 0.15029769, 0.2373579, 0.20284645]",3943043,768,England,2,3054,3063,Pass
7,0.019550197,"[0.10136391, 0.0843411, 0.07985891, 0.07857752, 0.0881568, 0.12950687, 0.22808239, 0.21011251]",3943043,772,Spain,1,171,185,Pass
123,0.019549143,"[0.09347728, 0.07870399, 0.075701304, 0.07555769, 0.08894639, 0.14568233, 0.24311025, 0.19882068]",3943043,772,Spain,2,4613,4622,Pass
120,0.019535434,"[0.09322614, 0.075147994, 0.06950434, 0.07015266, 0.08334023, 0.14471091, 0.24708265, 0.2168352]",3943043,768,England,2,4433,4445,Pass
12,0.019514851,"[0.10660261, 0.08513457, 0.0782864, 0.07641764, 0.08636703, 0.13487208, 0.22502878, 0.20729089]",3943043,772,Spain,1,400,411,Pass
12,0.01951016,"[0.10093835, 0.08300977, 0.07848202, 0.07742644, 0.08900901, 0.13592246, 0.23767601, 0.19753598]",3943043,772,Spain,1,353,365,Pass
63,0.019509558,"[0.10355297, 0.08439378, 0.07966189, 0.078342296, 0.08629779, 0.13015336, 0.23207594, 0.20552188]",3943043,768,England,1,2345,2356,Pass
98,0.019466562,"[0.10470405, 0.084622175, 0.08017877, 0.079233475, 0.08858214, 0.13398145, 0.21843468, 0.21026322]",3943043,768,England,2,3551,3564,Pass
32,0.019463385,"[0.09263779, 0.07755417, 0.07577485, 0.075502396, 0.08711654, 0.14370571, 0.24298544, 0.20472312]",3943043,772,Spain,1,1228,1237,Pass
12,0.019455008,"[0.10377006, 0.082523644, 0.07848026, 0.07691791, 0.08628002, 0.12744834, 0.23449567, 0.21008404]",3943043,772,Spain,1,348,360,Pass
63,0.019447727,"[0.098100126, 0.0842804, 0.07833197, 0.07783062, 0.08530809, 0.13208586, 0.23196432, 0.21209851]",3943043,768,England,1,2347,2356,Pass
123,0.019400666,"[0.094119206, 0.07694958, 0.07422317, 0.07474242, 0.085359216, 0.13891548, 0.24338548, 0.21230544]",3943043,772,Spain,2,4622,4633,Pass
32,0.019307606,"[0.10423648, 0.08211673, 0.075725354, 0.0734788, 0.08459107, 0.13866417, 0.24400371, 0.19718368]",3943043,772,Spain,1,1190,1203,Foul
12,0.019270374,"[0.09519982, 0.07406882, 0.06891622, 0.06966517, 0.08727324, 0.15414938, 0.2454652, 0.20526208]",3943043,772,Spain,1,381,392,Pass
9,0.019183656,"[0.101870924, 0.083175436, 0.079171225, 0.0778299, 0.08642929, 0.13329358, 0.24054733, 0.1976823]",3943043,772,Spain,1,214,223,Pass
9,0.019169547,"[0.10077171, 0.0844944, 0.078249305, 0.07849763, 0.08617655, 0.1327801, 0.23718172, 0.2018486]",3943043,772,Spain,1,210,219,Pass
63,0.01913882,"[0.100901514, 0.086674914, 0.079616524, 0.07917558, 0.08688545, 0.1330808, 0.2288297, 0.2048356]",3943043,768,England,1,2350,2359,Pass
30,0.019135298,"[0.095425695, 0.07788718, 0.07432104, 0.07424174, 0.08352232, 0.1328849, 0.24515057, 0.21656658]",3943043,772,Spain,1,1103,1122,Pass
58,0.019117337,"[0.112114616, 0.08643485, 0.07907468, 0.07742614, 0.083529264, 0.12759915, 0.232868, 0.20095323]",3943043,772,Spain,1,2100,2112,Pass
97,0.019105567,"[0.093467735, 0.07989381, 0.07580194, 0.07607548, 0.08718992, 0.14039455, 0.23988514, 0.20729148]",3943043,772,Spain,2,3502,3516,Pass
89,0.01907418,"[0.09350999, 0.07501936, 0.070856445, 0.071577534, 0.09185811, 0.16068299, 0.24075116, 0.19574441]",3943043,768,England,2,3054,3062,Pass
123,0.019053008,"[0.09809951, 0.081687555, 0.076333724, 0.076087266, 0.08760378, 0.1420758, 0.24073175, 0.19738056]",3943043,772,Spain,2,4604,4619,Pass
50,0.018953381,"[0.09467243, 0.07791201, 0.07340391, 0.07343514, 0.08506835, 0.139414, 0.23695017, 0.21914397]",3943043,772,Spain,1,1763,1780,Pass
98,0.018845627,"[0.1125094, 0.08871962, 0.077841535, 0.0773484, 0.08477778, 0.12246929, 0.24075074, 0.19558331]",3943043,768,England,2,3587,3594,Pass
12,0.018787744,"[0.100025035, 0.08015807, 0.074810624, 0.07442585, 0.08421503, 0.13539377, 0.24038444, 0.21058725]",3943043,772,Spain,1,327,335,Pass
60,0.018786382,"[0.12778093, 0.10400937, 0.08064258, 0.07776486, 0.08574854, 0.12038931, 0.21357651, 0.19008787]",3943043,772,Spain,1,2255,2262,Pass
130,0.018783148,"[0.09396986, 0.078107506, 0.07429615, 0.07438848, 0.08620753, 0.14311692, 0.24084942, 0.20906413]",3943043,772,Spain,2,4894,4905,Pass
99,0.018775987,"[0.09100792, 0.07617062, 0.07181378, 0.07213373, 0.08795109, 0.16015933, 0.247118, 0.19364557]",3943043,768,England,2,3669,3677,Pass
7,0.018758424,"[0.10076571, 0.082064606, 0.07769202, 0.077158086, 0.08707807, 0.13276602, 0.23276415, 0.20971127]",3943043,772,Spain,1,168,182,Pass
113,0.01875411,"[0.0987032, 0.08050156, 0.07462124, 0.07491932, 0.08591, 0.13332604, 0.23663455, 0.2153841]",3943043,772,Spain,2,4232,4242,Pass
97,0.018745055,"[0.09004226, 0.07728034, 0.07393759, 0.07411048, 0.08595299, 0.15006094, 0.24396507, 0.20465028]",3943043,772,Spain,2,3520,3527,Pass
60,0.018727586,"[0.0963618, 0.081681654, 0.077722706, 0.07750365, 0.09022691, 0.14098598, 0.23323812, 0.2022792]",3943043,772,Spain,1,2208,2222,Pass
58,0.018687671,"[0.09192049, 0.07957913, 0.075719655, 0.07647225, 0.088836975, 0.14145581, 0.24105182, 0.20496382]",3943043,772,Spain,1,2112,2121,Pass
123,0.018668558,"[0.094215244, 0.07820913, 0.07522776, 0.074531555, 0.08773575, 0.14266293, 0.24206604, 0.20535153]",3943043,772,Spain,2,4630,4640,Pass
123,0.018641148,"[0.09808776, 0.078258336, 0.07536439, 0.07444338, 0.08555831, 0.13520111, 0.23656414, 0.21652251]",3943043,772,Spain,2,4632,4643,Pass
30,0.018628487,"[0.10076283, 0.07927024, 0.07523365, 0.075178824, 0.08489473, 0.1378014, 0.23712583, 0.20973244]",3943043,772,Spain,1,1100,1116,Pass
123,0.018627353,"[0.1026402, 0.087829545, 0.07915105, 0.07825437, 0.0868678, 0.13642332, 0.23501678, 0.193817]",3943043,772,Spain,2,4602,4616,Pass
12,0.018612076,"[0.10044157, 0.07851097, 0.07143622, 0.072381936, 0.08950403, 0.15503116, 0.23692857, 0.19576542]",3943043,772,Spain,1,340,353,Pass
64,0.018603342,"[0.09319445, 0.08009188, 0.07677749, 0.07642277, 0.087317854, 0.13573188, 0.23979086, 0.21067284]",3943043,772,Spain,1,2394,2402,Pass
32,0.018550618,"[0.09741613, 0.0818316, 0.0770991, 0.07670394, 0.08579351, 0.13885358, 0.23516694, 0.20713507]",3943043,772,Spain,1,1185,1203,Foul
97,0.018526483,"[0.103454225, 0.081236504, 0.07641201, 0.076311186, 0.085715905, 0.12784228, 0.23133168, 0.21769626]",3943043,772,Spain,2,3512,3521,Pass
43,0.01851267,"[0.098719716, 0.08259468, 0.07854041, 0.07835612, 0.08730013, 0.13396454, 0.22567774, 0.21484672]",3943043,772,Spain,1,1574,1591,Pass
120,0.018502012,"[0.105016336, 0.083444595, 0.077683926, 0.07705452, 0.091618285, 0.15010259, 0.22793075, 0.1871491]",3943043,768,England,2,4424,4435,Pass
64,0.018485663,"[0.09653012, 0.08016456, 0.0770927, 0.07653143, 0.08747347, 0.13861747, 0.23977605, 0.20381421]",3943043,772,Spain,1,2389,2397,Pass
36,0.018482057,"[0.09821771, 0.08235714, 0.0790099, 0.07910431, 0.08939543, 0.12943769, 0.22361912, 0.21885864]",3943043,772,Spain,1,1348,1358,Pass
27,0.01846702,"[0.09550055, 0.08047809, 0.07440549, 0.075271696, 0.0852801, 0.14136955, 0.24931276, 0.19838186]",3943043,768,England,1,934,947,Pass
19,0.018438667,"[0.09824786, 0.08103514, 0.075625814, 0.07490549, 0.085789554, 0.13638479, 0.23869176, 0.20931964]",3943043,768,England,1,550,569,Pass
123,0.01843464,"[0.089758195, 0.07556201, 0.0727096, 0.07251366, 0.08300555, 0.14404416, 0.249217, 0.21318987]",3943043,772,Spain,2,4625,4634,Pass
12,0.018411798,"[0.095681004, 0.080631815, 0.075953245, 0.07603572, 0.08725559, 0.14182477, 0.24221429, 0.20040351]",3943043,772,Spain,1,407,420,Pass
64,0.018409587,"[0.091168925, 0.07713074, 0.07405502, 0.07430808, 0.08495707, 0.13786125, 0.24251512, 0.21800385]",3943043,772,Spain,1,2393,2400,Pass
27,0.018396588,"[0.12207585, 0.08756243, 0.07902989, 0.077391654, 0.08537626, 0.1293427, 0.21879679, 0.20042431]",3943043,768,England,1,989,1001,Pass
12,0.018375516,"[0.09336742, 0.07947126, 0.0768049, 0.077345125, 0.08998611, 0.14013481, 0.23702635, 0.20586412]",3943043,772,Spain,1,365,380,Pass
58,0.018375391,"[0.08988109, 0.07469098, 0.07106299, 0.07095257, 0.08364828, 0.14974989, 0.24577063, 0.21424344]",3943043,772,Spain,1,2115,2128,Pass
98,0.01833658,"[0.109874524, 0.082189456, 0.078494176, 0.078254275, 0.08432131, 0.1346407, 0.22450185, 0.2077237]",3943043,768,England,2,3588,3596,Pass
27,0.018332168,"[0.10348587, 0.08242471, 0.07607134, 0.07549547, 0.08536652, 0.13347732, 0.23427628, 0.2094025]",3943043,768,England,1,992,1001,Pass
64,0.018222423,"[0.1018157, 0.08497498, 0.07944771, 0.07951048, 0.08722973, 0.12613456, 0.22895901, 0.2119277]",3943043,772,Spain,1,2377,2390,Pass
90,0.018193876,"[0.10095566, 0.08276189, 0.07742265, 0.077405676, 0.08760448, 0.14035527, 0.24057071, 0.19292362]",3943043,772,Spain,2,3137,3149,Pass
97,0.01816196,"[0.097176135, 0.07909218, 0.07636693, 0.076753676, 0.08970815, 0.1409244, 0.24130324, 0.19867526]",3943043,772,Spain,2,3497,3508,Pass
63,0.01814356,"[0.10195981, 0.08332214, 0.07906909, 0.077712454, 0.08840409, 0.1321845, 0.23152348, 0.2058244]",3943043,768,England,1,2351,2360,Pass
12,0.01813007,"[0.09194908, 0.08113601, 0.075380705, 0.0749768, 0.08701928, 0.14576864, 0.24317096, 0.20059861]",3943043,772,Spain,1,363,376,Pass
12,0.018115962,"[0.10461179, 0.08886106, 0.081886046, 0.08136702, 0.08893658, 0.13579908, 0.2148584, 0.20368004]",3943043,772,Spain,1,357,369,Pass
43,0.018109348,"[0.09741784, 0.08048431, 0.076980874, 0.076587506, 0.08699857, 0.13219824, 0.23837775, 0.21095496]",3943043,772,Spain,1,1574,1592,Pass
32,0.018099483,"[0.09026223, 0.07657488, 0.073004104, 0.07376546, 0.0850082, 0.14486258, 0.24807726, 0.20844536]",3943043,772,Spain,1,1227,1236,Pass
90,0.018074635,"[0.10000748, 0.08143195, 0.07746255, 0.075960584, 0.08723347, 0.1490644, 0.23669061, 0.19214892]",3943043,772,Spain,2,3138,3151,Foul
123,0.018022982,"[0.09799323, 0.0766476, 0.07087147, 0.07174882, 0.08676415, 0.15666485, 0.24043067, 0.19887917]",3943043,772,Spain,2,4628,4637,Pass
125,0.018019743,"[0.10297653, 0.08063683, 0.07523181, 0.0752186, 0.0856221, 0.13340637, 0.23387259, 0.21303514]",3943043,772,Spain,2,4749,4758,Pass
97,0.01801046,"[0.10035166, 0.081782974, 0.07624309, 0.07558981, 0.084457, 0.12973699, 0.23225379, 0.21958452]",3943043,772,Spain,2,3508,3520,Pass
89,0.017994527,"[0.09092644, 0.07283551, 0.06909578, 0.06947511, 0.08529094, 0.16037327, 0.25330427, 0.19869862]",3943043,768,England,2,3052,3060,Pass
99,0.017989121,"[0.09181018, 0.07619279, 0.07228665, 0.07306054, 0.091446325, 0.1563877, 0.23801495, 0.20080093]",3943043,768,England,2,3670,3682,Pass
64,0.017962873,"[0.09027977, 0.07420642, 0.06961631, 0.069407664, 0.085965, 0.15143976, 0.2509211, 0.20816387]",3943043,772,Spain,1,2395,2407,Pass
127,0.017952334,"[0.10410885, 0.08332875, 0.0793238, 0.07871723, 0.090597905, 0.13312057, 0.21607983, 0.21472305]",3943043,772,Spain,2,4830,4854,Pass
12,0.017910164,"[0.10119362, 0.081394404, 0.07558996, 0.07480426, 0.084999606, 0.13578142, 0.23375446, 0.21248227]",3943043,772,Spain,1,303,314,Pass
123,0.017878536,"[0.09350068, 0.07946425, 0.076234974, 0.07547417, 0.08586742, 0.14018463, 0.23987348, 0.2094003]",3943043,772,Spain,2,4619,4631,Pass
91,0.017836655,"[0.11090069, 0.089996316, 0.08567396, 0.083430424, 0.094586074, 0.12906842, 0.2077742, 0.19856982]",3943043,772,Spain,2,3233,3244,Pass
123,0.017781664,"[0.10549307, 0.08418703, 0.07927911, 0.07792557, 0.08559709, 0.1343633, 0.23179789, 0.20135702]",3943043,772,Spain,2,4603,4617,Pass
64,0.017772254,"[0.097662486, 0.08371783, 0.07869952, 0.078842506, 0.087130696, 0.1375342, 0.23092484, 0.20548789]",3943043,772,Spain,1,2388,2395,Pass
30,0.017771829,"[0.09678007, 0.08044691, 0.07570198, 0.075538926, 0.085138485, 0.1293966, 0.2344507, 0.22254638]",3943043,772,Spain,1,1102,1121,Pass
98,0.017722651,"[0.09594694, 0.08131183, 0.0784375, 0.07806466, 0.08879381, 0.13917224, 0.24415387, 0.19411911]",3943043,768,England,2,3589,3597,Pass
113,0.017721863,"[0.10046613, 0.0818526, 0.07812768, 0.07728201, 0.08607074, 0.12883513, 0.23605514, 0.2113106]",3943043,772,Spain,2,4232,4243,Pass
19,0.017717732,"[0.09885173, 0.08056645, 0.0761379, 0.07517346, 0.08495359, 0.13749476, 0.2367012, 0.210121]",3943043,768,England,1,552,569,Foul
123,0.017711569,"[0.09317185, 0.07762931, 0.07297995, 0.073464446, 0.08583688, 0.1434118, 0.24498911, 0.2085166]",3943043,772,Spain,2,4621,4632,Pass
123,0.017707849,"[0.09711322, 0.07599584, 0.07153098, 0.07077424, 0.08649543, 0.1461141, 0.24678709, 0.20518912]",3943043,772,Spain,2,4575,4589,Pass
58,0.017658852,"[0.09040747, 0.07730528, 0.07410526, 0.07402796, 0.08521811, 0.1408736, 0.24525839, 0.21280389]",3943043,772,Spain,1,2115,2127,Pass
64,0.01765852,"[0.104848646, 0.08533799, 0.080028415, 0.07925826, 0.08927948, 0.12927237, 0.21827881, 0.21369608]",3943043,772,Spain,1,2377,2389,Pass
92,0.017652452,"[0.09577127, 0.07786411, 0.07333362, 0.07298449, 0.08746343, 0.15410344, 0.2406407, 0.19783883]",3943043,772,Spain,2,3281,3291,Pass
12,0.017650302,"[0.10190334, 0.08262881, 0.0770872, 0.0769649, 0.086376, 0.13516167, 0.2298942, 0.20998396]",3943043,772,Spain,1,308,315,Pass
134,0.017638832,"[0.1273894, 0.09051277, 0.07431447, 0.07250962, 0.08210246, 0.12999065, 0.22275388, 0.20042677]",3943043,772,Spain,2,5075,5089,Pass
32,0.017629992,"[0.11808088, 0.09254349, 0.082248054, 0.08189439, 0.09027825, 0.121760495, 0.22271624, 0.19047824]",3943043,772,Spain,1,1167,1171,Foul
9,0.0176293,"[0.10311911, 0.082442015, 0.07801663, 0.077774495, 0.08954551, 0.13369432, 0.22841051, 0.20699736]",3943043,772,Spain,1,202,215,Pass
58,0.01761353,"[0.11076105, 0.08168617, 0.07442996, 0.07383663, 0.08500684, 0.137273, 0.23184584, 0.20516054]",3943043,772,Spain,1,2104,2115,Pass
27,0.017604107,"[0.1116997, 0.08982684, 0.07789558, 0.075718634, 0.08420708, 0.12800689, 0.22723718, 0.2054081]",3943043,768,England,1,987,1000,Pass
58,0.017594038,"[0.09750667, 0.080751814, 0.07722517, 0.07599918, 0.08769042, 0.1408589, 0.23685023, 0.20311756]",3943043,772,Spain,1,2127,2135,Pass
134,0.017535102,"[0.12611733, 0.080882706, 0.07170919, 0.07068255, 0.08048234, 0.13481992, 0.23293032, 0.20237571]",3943043,772,Spain,2,5076,5090,Pass
114,0.017533764,"[0.21988733, 0.18851234, 0.17689209, 0.17925018, 0.23545794, 0.0, 0.0, 0.0]",3943043,768,England,2,4293,4303,Pass
12,0.0175302,"[0.10585056, 0.08575415, 0.0783571, 0.07690587, 0.08555295, 0.13351993, 0.23317385, 0.20088568]",3943043,772,Spain,1,400,409,Pass
67,0.017523497,"[0.1008332, 0.08374938, 0.078518696, 0.07850263, 0.08652737, 0.12958878, 0.22640114, 0.2158788]",3943043,772,Spain,1,2473,2481,Pass
125,0.017510256,"[0.09718731, 0.080585815, 0.075502634, 0.07496017, 0.0832047, 0.13001582, 0.23953462, 0.21900892]",3943043,772,Spain,2,4737,4751,Pass
58,0.017502544,"[0.094746515, 0.074851446, 0.06992902, 0.07027619, 0.085232936, 0.14900145, 0.2518699, 0.20409264]",3943043,772,Spain,1,2118,2129,Pass
123,0.017492104,"[0.08781164, 0.07288588, 0.06963521, 0.06992367, 0.08665406, 0.15539435, 0.2508339, 0.20686127]",3943043,772,Spain,2,4626,4635,Pass
63,0.017478574,"[0.106374845, 0.087926745, 0.08113568, 0.07952011, 0.08646858, 0.12578236, 0.22513686, 0.207655]",3943043,768,England,1,2341,2351,Pass
92,0.017476715,"[0.09262017, 0.07532889, 0.07180899, 0.07154837, 0.081538156, 0.13910584, 0.25769916, 0.21035041]",3943043,772,Spain,2,3276,3285,Pass
113,0.017473973,"[0.095049284, 0.08119107, 0.07624593, 0.075418815, 0.08505125, 0.14527276, 0.2443483, 0.19742253]",3943043,772,Spain,2,4233,4244,Pass
9,0.01747271,"[0.10260802, 0.08581919, 0.08153278, 0.08004804, 0.08962098, 0.12451276, 0.22465079, 0.21120739]",3943043,772,Spain,1,206,218,Pass
61,0.017464321,"[0.10562866, 0.08342035, 0.078772314, 0.07900369, 0.09180666, 0.14948924, 0.2183239, 0.19355531]",3943043,768,England,1,2306,2317,Pass
9,0.017444104,"[0.10081202, 0.08540821, 0.079984196, 0.07939567, 0.08754955, 0.13435458, 0.22392558, 0.20857017]",3943043,772,Spain,1,205,217,Pass
27,0.017432872,"[0.09428538, 0.07346045, 0.07135045, 0.07076354, 0.083330676, 0.14047293, 0.25315917, 0.21317734]",3943043,768,England,1,996,1004,Pass
91,0.017418113,"[0.10827271, 0.093411334, 0.08524561, 0.085662834, 0.093102455, 0.1319578, 0.2158581, 0.18648908]",3943043,772,Spain,2,3234,3244,Pass
97,0.017407924,"[0.10643151, 0.08730071, 0.08303365, 0.081134014, 0.085892074, 0.12083286, 0.21948124, 0.21589397]",3943043,772,Spain,2,3491,3503,Pass
87,0.01740469,"[0.095743686, 0.07755495, 0.07395091, 0.0744052, 0.08360597, 0.14044563, 0.24403697, 0.21025667]",3943043,768,England,2,2973,2985,Pass
113,0.017401494,"[0.11370799, 0.08695025, 0.080748945, 0.07916096, 0.08839707, 0.12764205, 0.21437262, 0.2090202]",3943043,772,Spain,2,4255,4264,Pass
67,0.017398598,"[0.09788278, 0.083212286, 0.0777854, 0.077879585, 0.08997044, 0.14550859, 0.23694989, 0.19081107]",3943043,772,Spain,1,2478,2485,Pass
12,0.017375927,"[0.08745797, 0.072611846, 0.06874945, 0.06880035, 0.083473675, 0.15526971, 0.25000432, 0.21363261]",3943043,772,Spain,1,380,390,Pass
58,0.017370924,"[0.105524495, 0.08043516, 0.07541565, 0.0760551, 0.08729882, 0.13768493, 0.23191065, 0.20567518]",3943043,772,Spain,1,2104,2115,Pass
84,0.01736182,"[0.09783851, 0.08119922, 0.07690705, 0.076644406, 0.09033705, 0.14934018, 0.23259063, 0.19514301]",3943043,768,England,2,2938,2950,Pass
8,0.01733766,"[0.11117699, 0.084676996, 0.07779107, 0.07742025, 0.08804124, 0.13861305, 0.22340368, 0.19887671]",3943043,768,England,1,187,200,Pass
67,0.01731497,"[0.10002131, 0.08277133, 0.07879895, 0.07777668, 0.087655984, 0.138491, 0.23129354, 0.20319122]",3943043,772,Spain,1,2476,2484,Pass
12,0.017301632,"[0.09197576, 0.07666513, 0.07277312, 0.073074825, 0.08286652, 0.13973036, 0.24809821, 0.21481614]",3943043,772,Spain,1,334,349,Pass
125,0.017298412,"[0.08707174, 0.07187347, 0.06897795, 0.06946264, 0.08456718, 0.15534225, 0.25218403, 0.21052079]",3943043,772,Spain,2,4739,4753,Pass
97,0.017297361,"[0.10413693, 0.089106575, 0.081952974, 0.07991074, 0.087744735, 0.13024546, 0.23711604, 0.18978642]",3943043,772,Spain,2,3492,3504,Pass
12,0.017272355,"[0.106007226, 0.08590002, 0.08133003, 0.08069285, 0.09061849, 0.13369554, 0.22477253, 0.19698323]",3943043,772,Spain,1,404,416,Pass
125,0.01726655,"[0.09114883, 0.07502148, 0.07111683, 0.07100415, 0.08595284, 0.1534101, 0.24635696, 0.20598885]",3943043,772,Spain,2,4747,4755,Pass
67,0.017238485,"[0.09985614, 0.08333625, 0.077919096, 0.07727028, 0.087892294, 0.13065867, 0.22583191, 0.2172353]",3943043,772,Spain,1,2473,2480,Pass
123,0.017234089,"[0.09911767, 0.080847114, 0.07527557, 0.07463088, 0.087118946, 0.14233932, 0.23647232, 0.20419826]",3943043,772,Spain,2,4584,4599,Pass
12,0.017206473,"[0.10045206, 0.08274406, 0.076752074, 0.07647072, 0.08499867, 0.13954693, 0.2425583, 0.1964772]",3943043,772,Spain,1,349,361,Pass
58,0.01720526,"[0.096043296, 0.079496376, 0.0770346, 0.07680038, 0.08565906, 0.13150626, 0.24046165, 0.21299824]",3943043,772,Spain,1,2107,2118,Pass
91,0.017204328,"[0.09503184, 0.079170235, 0.07567884, 0.07491198, 0.08242085, 0.12624557, 0.23557803, 0.23096257]",3943043,772,Spain,2,3197,3208,Pass
32,0.017200544,"[0.0962902, 0.07986768, 0.075335264, 0.075126685, 0.083475105, 0.13643178, 0.24086568, 0.21260753]",3943043,772,Spain,1,1217,1230,Pass
12,0.01719204,"[0.088469595, 0.073168375, 0.06959804, 0.07016718, 0.09022541, 0.16027842, 0.24615502, 0.20193793]",3943043,772,Spain,1,336,351,Pass
127,0.017188782,"[0.10772676, 0.0789076, 0.07208426, 0.07290129, 0.087700225, 0.1494861, 0.23506072, 0.19613302]",3943043,772,Spain,2,4828,4848,Pass
43,0.017186956,"[0.088513255, 0.07314979, 0.069100015, 0.068883464, 0.083101414, 0.16226813, 0.2523223, 0.2026617]",3943043,772,Spain,1,1590,1596,Pass
12,0.017174274,"[0.098077625, 0.081342146, 0.07756037, 0.0779565, 0.0891234, 0.14003836, 0.23125292, 0.20464864]",3943043,772,Spain,1,364,379,Pass
17,0.01717132,"[0.09442801, 0.080585554, 0.07676545, 0.07738283, 0.08878915, 0.13869901, 0.23373982, 0.20961009]",3943043,772,Spain,1,495,504,Pass
27,0.01716635,"[0.099874355, 0.08107369, 0.07837125, 0.07719909, 0.08773715, 0.14424925, 0.23868586, 0.19280931]",3943043,768,England,1,936,949,Pass
9,0.017165592,"[0.1025735, 0.08826892, 0.08071464, 0.07974043, 0.08915896, 0.13745514, 0.22952992, 0.1925585]",3943043,772,Spain,1,215,226,Pass
125,0.017160475,"[0.09439384, 0.07671549, 0.07265488, 0.072313644, 0.08216812, 0.1373638, 0.24580568, 0.21858454]",3943043,772,Spain,2,4737,4753,Pass
63,0.017153826,"[0.105270736, 0.088080995, 0.08266075, 0.08158536, 0.08971084, 0.12676015, 0.21619463, 0.20973654]",3943043,768,England,1,2337,2350,Pass
97,0.017141439,"[0.09087521, 0.07377204, 0.07076657, 0.070764735, 0.08145713, 0.14236668, 0.24883348, 0.22116424]",3943043,772,Spain,2,3514,3522,Pass
133,0.01713407,"[0.09943542, 0.08300086, 0.07865821, 0.078416534, 0.08760294, 0.12889431, 0.23031875, 0.21367298]",3943043,772,Spain,2,4997,5014,Pass
123,0.017126888,"[0.09859665, 0.07993449, 0.07612431, 0.07603742, 0.08711426, 0.14277036, 0.23970342, 0.19971907]",3943043,772,Spain,2,4582,4595,Pass
99,0.017125003,"[0.09868882, 0.077118725, 0.072478056, 0.07370517, 0.08853381, 0.14798073, 0.24220006, 0.19929464]",3943043,768,England,2,3672,3683,Pass
12,0.017118532,"[0.099465415, 0.083447196, 0.07915897, 0.07804573, 0.08731177, 0.13773414, 0.23226479, 0.20257199]",3943043,772,Spain,1,407,418,Pass
43,0.017113015,"[0.09278405, 0.08034198, 0.076946706, 0.07692876, 0.08797653, 0.1334687, 0.23694012, 0.21461311]",3943043,772,Spain,1,1573,1590,Pass
94,0.017092038,"[0.1077908, 0.08351095, 0.0776985, 0.07687001, 0.08674596, 0.13865156, 0.2294419, 0.1992903]",3943043,768,England,2,3392,3403,Pass
113,0.0170863,"[0.10410016, 0.07789896, 0.072672874, 0.07218696, 0.082300775, 0.14173296, 0.24307244, 0.20603485]",3943043,772,Spain,2,4230,4239,Pass
123,0.017079916,"[0.10326457, 0.08032919, 0.07456306, 0.074587554, 0.084291816, 0.13749781, 0.23894443, 0.20652156]",3943043,772,Spain,2,4586,4600,Pass
7,0.017066017,"[0.09729876, 0.08277989, 0.07740119, 0.07678854, 0.08534361, 0.13310607, 0.23743835, 0.20984371]",3943043,772,Spain,1,170,183,Pass
32,0.017060872,"[0.09317599, 0.07945418, 0.07615569, 0.07572266, 0.0851549, 0.13785252, 0.24412635, 0.20835768]",3943043,772,Spain,1,1209,1220,Pass
27,0.017048832,"[0.095992684, 0.08334558, 0.07765483, 0.07784939, 0.08926968, 0.14918768, 0.23444043, 0.19225973]",3943043,768,England,1,938,949,Pass
32,0.017034857,"[0.09538131, 0.079420626, 0.07541998, 0.075000696, 0.0846839, 0.13579147, 0.2346624, 0.21963963]",3943043,772,Spain,1,1210,1227,Pass
31,0.017033774,"[0.12152931, 0.0968618, 0.09215172, 0.09132286, 0.10530096, 0.18059418, 0.31223908, 0.0]",3943043,768,England,1,1130,1152,Pass
125,0.01703371,"[0.0989003, 0.0809622, 0.07533164, 0.075191125, 0.08752044, 0.13884793, 0.23121297, 0.21203347]",3943043,772,Spain,2,4748,4756,Pass
81,0.017016994,"[0.102552444, 0.082816444, 0.078339405, 0.07748806, 0.08889146, 0.13261051, 0.2201513, 0.21715042]",3943043,772,Spain,2,2750,2762,Pass
97,0.016977057,"[0.09057561, 0.07324008, 0.06940371, 0.06943295, 0.082581244, 0.14835128, 0.25340834, 0.21300672]",3943043,772,Spain,2,3516,3524,Pass
25,0.016971234,"[0.30857164, 0.25210688, 0.21882437, 0.22049713, 0.0, 0.0, 0.0, 0.0]",3943043,768,England,1,833,840,Pass
91,0.016967151,"[0.10485244, 0.08751379, 0.080638036, 0.08095246, 0.08847682, 0.1393411, 0.22281237, 0.19541296]",3943043,772,Spain,2,3231,3243,Pass
97,0.016953513,"[0.10616951, 0.08589312, 0.079911284, 0.07987695, 0.08849881, 0.14258535, 0.2192468, 0.1978182]",3943043,772,Spain,2,3494,3506,Pass
91,0.01694537,"[0.102449834, 0.08181151, 0.07851883, 0.07852582, 0.08819843, 0.12699153, 0.22513737, 0.21836667]",3943043,772,Spain,2,3191,3205,Pass
120,0.016944285,"[0.09792122, 0.08221366, 0.07763789, 0.07767091, 0.0894063, 0.14050214, 0.23997527, 0.19467266]",3943043,768,England,2,4428,4439,Pass
102,0.016940922,"[0.09870053, 0.079200424, 0.075255714, 0.075312264, 0.0864218, 0.14303827, 0.24143025, 0.2006408]",3943043,768,England,2,3860,3868,Pass
32,0.016929638,"[0.094762646, 0.07939839, 0.074618734, 0.073764406, 0.08255931, 0.13400264, 0.24333167, 0.21756217]",3943043,772,Spain,1,1211,1228,Pass
27,0.016903168,"[0.109469794, 0.08769005, 0.081572816, 0.080713145, 0.09130018, 0.14402413, 0.21527119, 0.18995869]",3943043,768,England,1,947,961,Pass
62,0.0168113,"[0.103929035, 0.08454421, 0.08056929, 0.07978412, 0.088785745, 0.13200453, 0.2275481, 0.20283496]",3943043,772,Spain,1,2323,2330,Pass
41,0.016808305,"[0.30403987, 0.24587098, 0.22667286, 0.22341624, 0.0, 0.0, 0.0, 0.0]",3943043,772,Spain,1,1461,1465,Pass
17,0.01678498,"[0.09892447, 0.08256489, 0.07913911, 0.07901435, 0.08988423, 0.13914314, 0.2287234, 0.20260637]",3943043,772,Spain,1,493,503,Pass
91,0.016782682,"[0.10860212, 0.08672241, 0.08199502, 0.080066904, 0.09051549, 0.12873888, 0.22424538, 0.19911383]",3943043,772,Spain,2,3230,3241,Pass
128,0.016778737,"[0.22862773, 0.18023838, 0.16971251, 0.17735744, 0.24406393, 0.0, 0.0, 0.0]",3943043,768,England,2,4856,4860,Pass
98,0.016777132,"[0.10193081, 0.082285665, 0.07902726, 0.07917191, 0.085978486, 0.12936544, 0.22964494, 0.21259546]",3943043,768,England,2,3541,3561,Pass
12,0.016747188,"[0.100044094, 0.08248482, 0.07939026, 0.079260826, 0.088990815, 0.13718219, 0.23675029, 0.19589667]",3943043,772,Spain,1,397,407,Pass
12,0.016745623,"[0.090485156, 0.07602031, 0.0722577, 0.07165177, 0.081476, 0.14014281, 0.25046095, 0.21750529]",3943043,772,Spain,1,379,390,Pass
92,0.016741775,"[0.100660644, 0.080858, 0.077169046, 0.07720648, 0.08568885, 0.1305356, 0.23327102, 0.21461031]",3943043,772,Spain,2,3267,3283,Pass
12,0.016731191,"[0.09204673, 0.07817537, 0.07503756, 0.074875526, 0.08371005, 0.1315612, 0.24224275, 0.22235072]",3943043,772,Spain,1,376,388,Pass
97,0.016717609,"[0.102024004, 0.085619085, 0.080251284, 0.08006104, 0.08923859, 0.13820568, 0.22036718, 0.20423308]",3943043,772,Spain,2,3484,3498,Pass
58,0.016715204,"[0.10506727, 0.083557315, 0.07613898, 0.07416198, 0.08247749, 0.13763724, 0.23751855, 0.20344111]",3943043,772,Spain,1,2101,2113,Pass
91,0.016694985,"[0.121029995, 0.09441285, 0.08589108, 0.08371091, 0.09497702, 0.12472644, 0.20488401, 0.19036765]",3943043,772,Spain,2,3243,3250,Pass
91,0.016684972,"[0.09262882, 0.07908494, 0.077197395, 0.077855095, 0.089372806, 0.14190577, 0.2374374, 0.20451784]",3943043,772,Spain,2,3174,3183,Pass
58,0.016683657,"[0.09624788, 0.082413025, 0.07868803, 0.077751786, 0.087415144, 0.1377028, 0.2335734, 0.20620795]",3943043,772,Spain,1,2112,2120,Pass
58,0.01667618,"[0.091721274, 0.076107465, 0.073625736, 0.07358925, 0.08449809, 0.14009336, 0.24213916, 0.21822567]",3943043,772,Spain,1,2113,2125,Pass
27,0.016657356,"[0.09566802, 0.07645152, 0.07223346, 0.07286174, 0.08169058, 0.13681038, 0.24247532, 0.221809]",3943043,768,England,1,995,1003,Pass
12,0.016654642,"[0.09909618, 0.08576347, 0.080716975, 0.07987707, 0.088749275, 0.14157243, 0.23242392, 0.19180068]",3943043,772,Spain,1,395,402,Pass
62,0.016647764,"[0.09768088, 0.083356634, 0.078962885, 0.079227105, 0.09021686, 0.13378102, 0.2327595, 0.20401506]",3943043,772,Spain,1,2321,2330,Pass
64,0.01664021,"[0.08765493, 0.07444273, 0.07177527, 0.07184416, 0.08281374, 0.14643589, 0.24691673, 0.2181167]",3943043,772,Spain,1,2395,2405,Pass
103,0.01662733,"[0.39476642, 0.3234661, 0.28176755, 0.0, 0.0, 0.0, 0.0, 0.0]",3943043,772,Spain,2,3905,3908,Pass
120,0.016601913,"[0.103227936, 0.0834633, 0.07809849, 0.07813219, 0.08972321, 0.14039555, 0.22853906, 0.1984202]",3943043,768,England,2,4426,4438,Pass
12,0.016588237,"[0.10278196, 0.08467828, 0.07954026, 0.078344174, 0.08815108, 0.13642216, 0.22890306, 0.20117915]",3943043,772,Spain,1,398,407,Pass
21,0.016571447,"[0.10132928, 0.08340732, 0.08010638, 0.079305716, 0.09197487, 0.13353814, 0.22344257, 0.20689577]",3943043,772,Spain,1,654,665,Pass
19,0.016559571,"[0.10164444, 0.083878204, 0.080022745, 0.07953307, 0.08907925, 0.12955628, 0.22480488, 0.21148108]",3943043,768,England,1,548,568,Pass
12,0.016558204,"[0.107764356, 0.08820775, 0.08354219, 0.081401005, 0.09112552, 0.12581596, 0.2169208, 0.20522234]",3943043,772,Spain,1,358,370,Pass
63,0.016554058,"[0.10014272, 0.084098116, 0.07980204, 0.07921209, 0.08851865, 0.13819826, 0.23023695, 0.19979116]",3943043,768,England,1,2334,2347,Pass
58,0.016550254,"[0.09568837, 0.08266858, 0.07789008, 0.077655, 0.088880785, 0.13463245, 0.23509054, 0.20749417]",3943043,772,Spain,1,2121,2132,Pass
21,0.016544707,"[0.100726746, 0.08146716, 0.07525459, 0.074870765, 0.08786527, 0.13918512, 0.23761986, 0.20301057]",3943043,772,Spain,1,648,657,Pass
58,0.016537704,"[0.0962222, 0.07727264, 0.07360276, 0.07404523, 0.085814066, 0.15008563, 0.24620292, 0.19675459]",3943043,772,Spain,1,2119,2130,Pass
32,0.016537072,"[0.09646419, 0.081041016, 0.075151876, 0.075270236, 0.08602332, 0.13606064, 0.24072777, 0.20926091]",3943043,772,Spain,1,1203,1218,Pass
92,0.016498247,"[0.09581208, 0.08214862, 0.0786355, 0.078800604, 0.0867696, 0.13310073, 0.23673971, 0.20799318]",3943043,772,Spain,2,3277,3286,Pass
123,0.016497817,"[0.098908864, 0.07988784, 0.076678716, 0.07581957, 0.08663832, 0.14487031, 0.2436531, 0.1935433]",3943043,772,Spain,2,4578,4592,Pass
27,0.016497709,"[0.10420131, 0.08821333, 0.08441071, 0.0808827, 0.08859669, 0.1277915, 0.21863362, 0.20727006]",3943043,768,England,1,984,999,Pass
12,0.016457329,"[0.10057671, 0.08388834, 0.07968516, 0.07898845, 0.08758831, 0.12944676, 0.2321703, 0.20765598]",3943043,772,Spain,1,309,316,Pass
58,0.01644915,"[0.0908504, 0.07825684, 0.07504183, 0.07484981, 0.08359497, 0.14326385, 0.2495517, 0.20459071]",3943043,772,Spain,1,2111,2119,Pass
29,0.016447954,"[0.09396727, 0.08012987, 0.07610364, 0.076112136, 0.08673985, 0.13911025, 0.23881426, 0.20902279]",3943043,772,Spain,1,1062,1076,Pass
98,0.016439255,"[0.102824174, 0.08670704, 0.07976434, 0.07942546, 0.0876007, 0.13037735, 0.22975077, 0.20355013]",3943043,768,England,2,3550,3564,Pass
88,0.016434252,"[0.38858908, 0.33019656, 0.28121445, 0.0, 0.0, 0.0, 0.0, 0.0]",3943043,772,Spain,2,3013,3020,Pass
12,0.01636718,"[0.10255607, 0.087368466, 0.081536606, 0.080896236, 0.08993023, 0.1364192, 0.2295089, 0.1917842]",3943043,772,Spain,1,405,418,Pass
44,0.016342372,"[0.09472457, 0.08096486, 0.07719484, 0.077341326, 0.08721547, 0.13709354, 0.2360291, 0.2094362]",3943043,772,Spain,1,1608,1621,Pass
12,0.016334692,"[0.10186944, 0.08577053, 0.08001132, 0.07998082, 0.088458575, 0.1339403, 0.22174402, 0.20822503]",3943043,772,Spain,1,351,364,Pass
63,0.016329207,"[0.10055191, 0.085358515, 0.07898817, 0.07926241, 0.08835388, 0.12873688, 0.23303829, 0.20571007]",3943043,768,England,1,2353,2361,Pass
120,0.016320547,"[0.09904525, 0.08259661, 0.07702604, 0.07589162, 0.08766491, 0.1381631, 0.22894919, 0.21066327]",3943043,768,England,2,4431,4443,Pass
58,0.016315214,"[0.09571187, 0.078185424, 0.07388067, 0.07300561, 0.08805861, 0.15566975, 0.23871632, 0.1967718]",3943043,772,Spain,1,2120,2131,Pass
133,0.016306374,"[0.10304415, 0.08284892, 0.0786022, 0.07743565, 0.08897107, 0.13842103, 0.22320803, 0.20746887]",3943043,772,Spain,2,4989,5004,Pass
35,0.016254619,"[0.29597983, 0.2444031, 0.22963253, 0.22998458, 0.0, 0.0, 0.0, 0.0]",3943043,772,Spain,1,1321,1325,Pass
123,0.01625258,"[0.0964432, 0.08146475, 0.07577193, 0.075973995, 0.08493428, 0.13545075, 0.24276161, 0.20719959]",3943043,772,Spain,2,4577,4591,Pass
32,0.016246103,"[0.119277984, 0.09585622, 0.0880443, 0.08448524, 0.09058974, 0.12894337, 0.19765943, 0.1951437]",3943043,772,Spain,1,1166,1170,Foul
9,0.016239215,"[0.109890245, 0.085120104, 0.078177795, 0.07824783, 0.088472664, 0.13323157, 0.22854862, 0.19831128]",3943043,772,Spain,1,223,233,Pass
32,0.016222883,"[0.10428501, 0.08630165, 0.08074202, 0.07812547, 0.08546796, 0.12665956, 0.22470872, 0.2137096]",3943043,772,Spain,1,1199,1210,Foul
15,0.0162135,"[0.09617001, 0.08313028, 0.07985624, 0.079172574, 0.086506575, 0.12614377, 0.23408495, 0.21493557]",3943043,772,Spain,1,468,477,Pass
58,0.016207568,"[0.09592089, 0.07798339, 0.07479694, 0.07562762, 0.085662, 0.14178678, 0.24430126, 0.20392108]",3943043,772,Spain,1,2125,2132,Pass
63,0.01617247,"[0.100744106, 0.08567625, 0.080668405, 0.08002489, 0.09040993, 0.13524206, 0.22937104, 0.19786337]",3943043,768,England,1,2336,2348,Pass
91,0.016051095,"[0.11719875, 0.09479065, 0.085329905, 0.08279127, 0.085979745, 0.13519876, 0.21054563, 0.18816535]",3943043,772,Spain,2,3241,3250,Pass
12,0.016047895,"[0.093583375, 0.075551406, 0.07237275, 0.07214886, 0.084118225, 0.14484005, 0.24666731, 0.21071796]",3943043,772,Spain,1,335,350,Pass
64,0.01601241,"[0.103304185, 0.085807785, 0.08040649, 0.07974997, 0.08924264, 0.13214886, 0.23013964, 0.19920032]",3943043,772,Spain,1,2387,2395,Pass
24,0.016012087,"[0.0985809, 0.08049344, 0.07612282, 0.07621071, 0.086638704, 0.14086819, 0.23794088, 0.2031442]",3943043,772,Spain,1,808,824,Pass
9,0.016005768,"[0.096966915, 0.07891771, 0.07368871, 0.074277885, 0.090312116, 0.14905512, 0.23770878, 0.19907275]",3943043,772,Spain,1,228,239,Pass
101,0.0160021,"[0.22051162, 0.18505722, 0.17689307, 0.17721163, 0.24032645, 0.0, 0.0, 0.0]",3943043,772,Spain,2,3853,3857,Pass
56,0.01599319,"[0.099984795, 0.082100466, 0.076708265, 0.07600529, 0.08733858, 0.13844426, 0.22902538, 0.21039304]",3943043,772,Spain,1,1962,1981,Pass
32,0.015915131,"[0.09830336, 0.08140102, 0.07799491, 0.077760324, 0.08524775, 0.12949795, 0.23646261, 0.21333203]",3943043,772,Spain,1,1207,1219,Pass
127,0.015897747,"[0.09741741, 0.079720095, 0.07635516, 0.07665183, 0.08616639, 0.13489698, 0.23850869, 0.2102834]",3943043,772,Spain,2,4816,4838,Pass
12,0.015890699,"[0.102693565, 0.08578095, 0.07968716, 0.07968098, 0.090053715, 0.13558692, 0.22934611, 0.1971706]",3943043,772,Spain,1,396,405,Pass
117,0.015884284,"[0.1098646, 0.09072875, 0.0848826, 0.08309933, 0.08961335, 0.12262037, 0.20349993, 0.21569097]",3943043,768,England,2,4312,4318,Foul
127,0.015879001,"[0.09367391, 0.07710555, 0.07238631, 0.071469605, 0.081932314, 0.14075051, 0.24858695, 0.21409489]",3943043,772,Spain,2,4809,4830,Pass
32,0.015864013,"[0.10091415, 0.08369889, 0.08038216, 0.07987058, 0.085135214, 0.12573169, 0.2291665, 0.21510085]",3943043,772,Spain,1,1196,1209,Foul
12,0.015850823,"[0.104644716, 0.088935815, 0.08089012, 0.0808092, 0.08888524, 0.130141, 0.23080742, 0.19488654]",3943043,772,Spain,1,360,371,Pass
15,0.015848141,"[0.09466907, 0.07967534, 0.07636246, 0.07617253, 0.08408334, 0.13504066, 0.2459597, 0.20803694]",3943043,772,Spain,1,469,478,Pass
12,0.015833482,"[0.10230242, 0.083977774, 0.08005671, 0.07877143, 0.08789789, 0.13614747, 0.22970505, 0.2011412]",3943043,772,Spain,1,350,363,Pass
80,0.015740916,"[0.09856417, 0.08153217, 0.077280916, 0.07709864, 0.09012018, 0.14334841, 0.23302999, 0.19902548]",3943043,772,Spain,2,2706,2722,Pass
32,0.015695091,"[0.113999315, 0.09299516, 0.08644015, 0.08524584, 0.08997567, 0.12962902, 0.22505906, 0.17665574]",3943043,772,Spain,1,1161,1169,Foul
133,0.015677257,"[0.096000604, 0.079219416, 0.07488633, 0.074395016, 0.08523317, 0.1409425, 0.2406318, 0.20869115]",3943043,772,Spain,2,4996,5011,Pass
92,0.015672896,"[0.0931927, 0.07808107, 0.07551392, 0.07568742, 0.086164586, 0.14113589, 0.2443681, 0.2058562]",3943043,772,Spain,2,3278,3287,Pass
113,0.015659153,"[0.097786695, 0.084919825, 0.07985929, 0.079486094, 0.088998854, 0.13639563, 0.23407054, 0.19848299]",3943043,772,Spain,2,4241,4249,Pass
64,0.015600877,"[0.10667504, 0.086397365, 0.08158221, 0.080641426, 0.08773121, 0.13070215, 0.22478151, 0.2014892]",3943043,772,Spain,1,2384,2394,Pass
32,0.015600528,"[0.09674551, 0.078420356, 0.07494876, 0.07383731, 0.08463739, 0.13840047, 0.23357275, 0.21943747]",3943043,772,Spain,1,1203,1217,Pass
94,0.015565238,"[0.10541082, 0.08263409, 0.07728144, 0.07693824, 0.08810213, 0.13545004, 0.23005502, 0.2041283]",3943043,768,England,2,3390,3402,Pass
21,0.015541232,"[0.09807107, 0.08267679, 0.0778762, 0.07812096, 0.08637038, 0.14063567, 0.2301605, 0.20608842]",3943043,772,Spain,1,652,663,Pass
12,0.015531573,"[0.10471925, 0.08669206, 0.08122139, 0.07967536, 0.09060079, 0.14148393, 0.22693895, 0.18866827]",3943043,772,Spain,1,396,404,Pass
27,0.015528526,"[0.10318904, 0.08142705, 0.077263996, 0.07835262, 0.08713261, 0.13391411, 0.2319929, 0.20672767]",3943043,768,England,1,984,996,Pass
4,0.015523793,"[0.099894606, 0.08056813, 0.075639434, 0.075572975, 0.08597702, 0.13661395, 0.23699315, 0.20874067]",3943043,772,Spain,1,65,84,Pass
94,0.015506941,"[0.09543494, 0.08000156, 0.07617614, 0.07535762, 0.084580846, 0.13511881, 0.2403029, 0.21302724]",3943043,768,England,2,3389,3400,Pass
98,0.015505649,"[0.101162255, 0.08627035, 0.08207051, 0.0799545, 0.08859468, 0.12643062, 0.22619545, 0.2093217]",3943043,768,England,2,3548,3562,Pass
81,0.015481347,"[0.09877949, 0.08263733, 0.07903614, 0.078488044, 0.08932654, 0.1339818, 0.22183454, 0.21591614]",3943043,772,Spain,2,2737,2751,Pass
64,0.015476607,"[0.1034728, 0.085692905, 0.08199491, 0.08026298, 0.08812344, 0.1275654, 0.22304223, 0.20984542]",3943043,772,Spain,1,2379,2392,Pass
92,0.015452098,"[0.091459155, 0.07605892, 0.07285106, 0.07351326, 0.08802953, 0.15001607, 0.24535778, 0.20271428]",3943043,772,Spain,2,3279,3288,Pass
32,0.015431738,"[0.09881695, 0.0758988, 0.07289363, 0.07310759, 0.081201434, 0.13761905, 0.24654914, 0.21391344]",3943043,772,Spain,1,1203,1213,Foul
52,0.01530849,"[0.099897906, 0.08544794, 0.08106904, 0.08058391, 0.08867232, 0.12615803, 0.22472093, 0.21344995]",3943043,768,England,1,1892,1902,Pass
123,0.015284787,"[0.09548396, 0.076957434, 0.0738199, 0.07358557, 0.08458832, 0.13280788, 0.24501894, 0.21773794]",3943043,772,Spain,2,4569,4584,Pass
17,0.015273865,"[0.09773436, 0.08171862, 0.07799613, 0.07810821, 0.08711374, 0.13604516, 0.23684867, 0.20443511]",3943043,772,Spain,1,490,502,Pass
12,0.015246766,"[0.10256019, 0.08373405, 0.08069826, 0.079137996, 0.08571523, 0.13164602, 0.2318499, 0.20465837]",3943043,772,Spain,1,361,374,Pass
113,0.0152147245,"[0.1034368, 0.085536666, 0.08163872, 0.08118864, 0.09120344, 0.13901122, 0.21938688, 0.19859765]",3943043,772,Spain,2,4242,4254,Pass
64,0.015204295,"[0.10335238, 0.0872028, 0.08025368, 0.0796677, 0.08794599, 0.13079199, 0.23267229, 0.19811323]",3943043,772,Spain,1,2382,2393,Pass
3,0.015190454,"[0.118143104, 0.09650478, 0.08991733, 0.0883209, 0.097435854, 0.12040257, 0.187871, 0.20140438]",3943043,772,Spain,1,35,41,Pass
81,0.015182357,"[0.09736045, 0.08041069, 0.076282024, 0.076860584, 0.08663871, 0.13149825, 0.23872675, 0.2122225]",3943043,772,Spain,2,2738,2752,Pass
27,0.0151717225,"[0.10407277, 0.08545919, 0.08166791, 0.08079149, 0.09351451, 0.13879582, 0.22276394, 0.19293444]",3943043,768,England,1,939,950,Pass
94,0.015169934,"[0.09787603, 0.08050776, 0.075649336, 0.07502899, 0.08618505, 0.14234889, 0.23707627, 0.20532772]",3943043,768,England,2,3389,3402,Pass
27,0.015167479,"[0.10023445, 0.08313094, 0.077093855, 0.077355, 0.08459693, 0.13854398, 0.2319432, 0.20710169]",3943043,768,England,1,930,944,Pass
63,0.015130458,"[0.103134446, 0.0839609, 0.08064824, 0.07967478, 0.08778923, 0.14081885, 0.23399161, 0.189982]",3943043,768,England,1,2354,2361,Pass
119,0.015129765,"[0.10497493, 0.08386211, 0.08029513, 0.07939343, 0.091127366, 0.13798366, 0.22329922, 0.19906414]",3943043,772,Spain,2,4405,4417,Pass
113,0.015125159,"[0.09797879, 0.07832624, 0.073789194, 0.07407236, 0.08421857, 0.13249809, 0.24033587, 0.21878083]",3943043,772,Spain,2,4229,4237,Pass
85,0.015111858,"[0.11300861, 0.09374964, 0.087288834, 0.085168846, 0.091618605, 0.12272986, 0.21737875, 0.18905684]",3943043,772,Spain,2,2954,2960,Pass
120,0.015098937,"[0.10145812, 0.08303713, 0.07958052, 0.07924517, 0.089316435, 0.13117501, 0.22591801, 0.21026969]",3943043,768,England,2,4427,4438,Pass
127,0.014997549,"[0.09852723, 0.0783047, 0.071868405, 0.07101026, 0.08442929, 0.14769444, 0.24312115, 0.20504442]",3943043,772,Spain,2,4824,4846,Pass
9,0.0149946185,"[0.11095896, 0.08969438, 0.08222555, 0.08033586, 0.0883371, 0.13073933, 0.21740767, 0.20030105]",3943043,772,Spain,1,223,232,Pass
9,0.014982943,"[0.109359585, 0.08879664, 0.08317367, 0.08176263, 0.09027127, 0.13724576, 0.21578144, 0.19360912]",3943043,772,Spain,1,217,227,Pass
113,0.014940671,"[0.10095636, 0.08264213, 0.078846246, 0.07826027, 0.09060283, 0.14127155, 0.22695327, 0.20046738]",3943043,772,Spain,2,4249,4263,Pass
32,0.014905632,"[0.11527516, 0.09115827, 0.086480476, 0.08655862, 0.09805145, 0.12586202, 0.2076593, 0.18895468]",3943043,772,Spain,1,1160,1169,Foul
91,0.014820948,"[0.10323103, 0.0855117, 0.08039877, 0.080503955, 0.09023565, 0.13008852, 0.2150335, 0.21499689]",3943043,772,Spain,2,3190,3204,Pass
91,0.014804658,"[0.09793828, 0.08471183, 0.0816367, 0.08118083, 0.09062649, 0.1281778, 0.22573362, 0.20999447]",3943043,772,Spain,2,3208,3221,Pass
9,0.014784174,"[0.11181586, 0.08528428, 0.08026856, 0.07908199, 0.08548535, 0.1301949, 0.23010898, 0.19776005]",3943043,772,Spain,1,222,229,Pass
123,0.014775528,"[0.0978836, 0.08431986, 0.079281755, 0.07879479, 0.08761157, 0.13510542, 0.23277424, 0.20422882]",3943043,772,Spain,2,4580,4594,Pass
67,0.014762882,"[0.09894352, 0.082041085, 0.07746868, 0.07626292, 0.08608837, 0.13665625, 0.23148672, 0.21105254]",3943043,772,Spain,1,2472,2479,Pass
113,0.014762599,"[0.101151586, 0.08482025, 0.082148924, 0.081377424, 0.08985202, 0.13191187, 0.22514679, 0.20359115]",3943043,772,Spain,2,4239,4248,Pass
44,0.014751112,"[0.10145931, 0.084741905, 0.08134209, 0.081154265, 0.0899809, 0.12856518, 0.22500329, 0.20775317]",3943043,772,Spain,1,1606,1620,Pass
113,0.014725549,"[0.10823021, 0.08734211, 0.080329664, 0.07940642, 0.08893427, 0.13268898, 0.22471868, 0.19834976]",3943043,772,Spain,2,4254,4264,Pass
27,0.014642727,"[0.10818759, 0.08562522, 0.0783798, 0.07772484, 0.08770731, 0.12772724, 0.22467248, 0.20997551]",3943043,768,England,1,949,965,Pass
94,0.014618118,"[0.10710943, 0.08553985, 0.07977912, 0.07851107, 0.08531254, 0.11534684, 0.22397564, 0.2244255]",3943043,768,England,2,3365,3377,Pass
94,0.014614472,"[0.105423786, 0.085908346, 0.07951407, 0.07841652, 0.08786739, 0.12664405, 0.21830416, 0.2179217]",3943043,768,England,2,3364,3375,Pass
19,0.014602132,"[0.10258523, 0.08095114, 0.075797856, 0.075852096, 0.08756566, 0.1387334, 0.22907868, 0.20943598]",3943043,768,England,1,547,565,Pass
89,0.014596327,"[0.10325176, 0.0855506, 0.08022129, 0.0786834, 0.087455146, 0.13614441, 0.22226721, 0.20642622]",3943043,768,England,2,3024,3041,Pass
29,0.014592685,"[0.10092283, 0.08352587, 0.08010338, 0.079585984, 0.08780715, 0.12927759, 0.23027664, 0.20850052]",3943043,772,Spain,1,1059,1074,Pass
29,0.014589457,"[0.10271061, 0.08346499, 0.079675555, 0.07940604, 0.08830073, 0.13273264, 0.21912439, 0.21458502]",3943043,772,Spain,1,1041,1058,Pass
119,0.014587364,"[0.10470343, 0.08850666, 0.08175795, 0.081399724, 0.089567915, 0.1300939, 0.21447682, 0.20949364]",3943043,772,Spain,2,4407,4418,Pass
94,0.014575941,"[0.10399898, 0.08533017, 0.07920566, 0.07802851, 0.08360088, 0.12920642, 0.23389511, 0.20673427]",3943043,768,England,2,3366,3379,Pass
67,0.014564566,"[0.092180304, 0.07733691, 0.07354024, 0.073382944, 0.08453878, 0.135627, 0.24464582, 0.21874793]",3943043,772,Spain,1,2463,2476,Pass
24,0.014553275,"[0.100778826, 0.079047635, 0.074078985, 0.07439127, 0.083356105, 0.13476162, 0.23961063, 0.21397494]",3943043,772,Spain,1,794,810,Pass
91,0.0145430025,"[0.113100454, 0.08905903, 0.08410835, 0.08259039, 0.092975244, 0.12728234, 0.21201694, 0.19886728]",3943043,772,Spain,2,3228,3238,Pass
9,0.014538282,"[0.09728689, 0.07744274, 0.073497444, 0.0731048, 0.08687842, 0.15358104, 0.23918134, 0.19902736]",3943043,772,Spain,1,228,237,Pass
52,0.014503223,"[0.10164436, 0.083711565, 0.07996823, 0.07906829, 0.08688366, 0.12668388, 0.22589049, 0.21614957]",3943043,768,England,1,1894,1903,Foul
90,0.014498297,"[0.10826328, 0.085634224, 0.07995596, 0.07843571, 0.09098681, 0.14389192, 0.22135478, 0.19147734]",3943043,772,Spain,2,3127,3144,Pass
80,0.014497572,"[0.10073971, 0.08249404, 0.07826071, 0.077405244, 0.0877772, 0.13611157, 0.23504598, 0.2021655]",3943043,772,Spain,2,2719,2729,Pass
85,0.014496698,"[0.11239771, 0.094001636, 0.08900238, 0.08810734, 0.095242105, 0.12577495, 0.19751646, 0.19795732]",3943043,772,Spain,2,2953,2959,Pass
56,0.014487471,"[0.09258581, 0.07742769, 0.072893605, 0.07276182, 0.083092935, 0.14008044, 0.24711078, 0.21404688]",3943043,772,Spain,1,1974,1987,Pass
94,0.014401327,"[0.1043538, 0.08462734, 0.080861345, 0.08038143, 0.0891911, 0.13451394, 0.22101037, 0.2050607]",3943043,768,England,2,3363,3374,Pass
113,0.014369202,"[0.10113799, 0.082539804, 0.07793063, 0.07796338, 0.088849396, 0.13560265, 0.23264311, 0.20333299]",3943043,772,Spain,2,4243,4255,Pass
127,0.0143515365,"[0.09436775, 0.07895919, 0.07633036, 0.07619011, 0.08553578, 0.1353751, 0.23669523, 0.21654642]",3943043,772,Spain,2,4817,4845,Pass
97,0.014331592,"[0.10144946, 0.08675501, 0.08010978, 0.07947927, 0.089945585, 0.13714103, 0.22927879, 0.19584106]",3943043,772,Spain,2,3476,3494,Pass
133,0.014319741,"[0.10014467, 0.08605659, 0.08020696, 0.08012647, 0.08986142, 0.13736737, 0.2274374, 0.1987992]",3943043,772,Spain,2,4988,5000,Pass
91,0.014317063,"[0.09858746, 0.08539606, 0.08108849, 0.08041496, 0.08864659, 0.12908292, 0.2259124, 0.21087115]",3943043,772,Spain,2,3218,3227,Pass
16,0.01428702,"[0.28470644, 0.24196438, 0.22780271, 0.2455264, 0.0, 0.0, 0.0, 0.0]",3943043,768,England,1,482,484,Pass
27,0.014281195,"[0.098693505, 0.07998165, 0.07693562, 0.076129235, 0.08799056, 0.1292758, 0.23823878, 0.21275483]",3943043,768,England,1,928,943,Pass
97,0.014280546,"[0.105249636, 0.08679193, 0.082111694, 0.08156204, 0.09219395, 0.13465655, 0.22453798, 0.19289617]",3943043,772,Spain,2,3478,3497,Pass
120,0.014237822,"[0.10223026, 0.084340855, 0.08076354, 0.080149196, 0.09013917, 0.13976133, 0.22674462, 0.19587108]",3943043,768,England,2,4429,4442,Pass
125,0.0141941765,"[0.10304468, 0.08399943, 0.08036623, 0.07996383, 0.08705556, 0.12683962, 0.23136096, 0.2073696]",3943043,772,Spain,2,4729,4737,Pass
127,0.014186548,"[0.09313662, 0.07774759, 0.07354554, 0.07283494, 0.08291599, 0.13946705, 0.2467261, 0.21362627]",3943043,772,Spain,2,4822,4845,Pass
80,0.014169209,"[0.10276679, 0.08474137, 0.079930335, 0.07932628, 0.08713399, 0.13217697, 0.22537878, 0.20854555]",3943043,772,Spain,2,2716,2728,Pass
24,0.0141353905,"[0.1018183, 0.083769314, 0.080212064, 0.078867294, 0.088312544, 0.13186055, 0.22176272, 0.21339722]",3943043,772,Spain,1,795,814,Pass
4,0.014130508,"[0.11991645, 0.08783148, 0.08418309, 0.083490126, 0.09086784, 0.12391518, 0.22361875, 0.18617705]",3943043,772,Spain,1,60,70,Pass
9,0.014068833,"[0.10793288, 0.089728445, 0.083187595, 0.082087435, 0.09329415, 0.13421488, 0.22289428, 0.18666033]",3943043,772,Spain,1,218,228,Pass
81,0.014043484,"[0.09827775, 0.07809838, 0.074160695, 0.07407493, 0.08762457, 0.14280152, 0.23698752, 0.20797466]",3943043,772,Spain,2,2742,2759,Pass
27,0.0140425125,"[0.10474041, 0.08893795, 0.083095774, 0.08375895, 0.093839705, 0.14009681, 0.22593935, 0.17959103]",3943043,768,England,1,943,952,Pass
113,0.014039783,"[0.10142903, 0.08446438, 0.079755574, 0.07891989, 0.09135483, 0.14127877, 0.22984877, 0.19294867]",3943043,772,Spain,2,4233,4245,Pass
24,0.014037128,"[0.100292996, 0.08462326, 0.0799924, 0.07926785, 0.08805198, 0.13154724, 0.23102027, 0.205204]",3943043,772,Spain,1,802,821,Pass
4,0.014021195,"[0.112003654, 0.087282404, 0.07984599, 0.079041846, 0.087874934, 0.13211566, 0.22673243, 0.19510315]",3943043,772,Spain,1,61,76,Pass
67,0.014010298,"[0.096671335, 0.079280764, 0.07569717, 0.0760099, 0.08466541, 0.13515511, 0.23853889, 0.21398151]",3943043,772,Spain,1,2465,2478,Pass
127,0.014001559,"[0.0992479, 0.08097961, 0.07702919, 0.077006765, 0.08574871, 0.13097714, 0.23562473, 0.21338594]",3943043,772,Spain,2,4803,4824,Pass
91,0.014001096,"[0.09233448, 0.079175755, 0.07673039, 0.07632162, 0.085215144, 0.13412577, 0.24320623, 0.21289057]",3943043,772,Spain,2,3203,3218,Pass
81,0.013999319,"[0.10049308, 0.08391368, 0.07819072, 0.077814385, 0.08716456, 0.1376747, 0.22916308, 0.2055858]",3943043,772,Spain,2,2749,2761,Pass
127,0.013995778,"[0.0979725, 0.08271191, 0.07858161, 0.078488566, 0.08713971, 0.1272174, 0.23049775, 0.21739057]",3943043,772,Spain,2,4810,4836,Pass
4,0.013980845,"[0.11701619, 0.0950473, 0.089512624, 0.088647015, 0.09515835, 0.12695913, 0.22473279, 0.1629266]",3943043,772,Spain,1,56,60,Pass
91,0.013980316,"[0.098179504, 0.08048084, 0.07822379, 0.07770622, 0.08610603, 0.13070256, 0.23635307, 0.21224801]",3943043,772,Spain,2,3211,3223,Pass
80,0.013978259,"[0.10856938, 0.08429868, 0.07759782, 0.07660553, 0.08658597, 0.13366789, 0.22676979, 0.20590493]",3943043,772,Spain,2,2701,2713,Pass
29,0.013973014,"[0.09587021, 0.07973747, 0.07473598, 0.07490933, 0.08761829, 0.13678385, 0.24022591, 0.21011902]",3943043,772,Spain,1,1040,1050,Pass
127,0.013968737,"[0.107640825, 0.080506004, 0.07466423, 0.07346205, 0.08151573, 0.12997927, 0.24053222, 0.21169972]",3943043,772,Spain,2,4801,4817,Pass
91,0.013955613,"[0.09458029, 0.07988533, 0.07738452, 0.07745146, 0.08658636, 0.13945557, 0.2357468, 0.20890981]",3943043,772,Spain,2,3205,3219,Pass
67,0.01394623,"[0.09355668, 0.078289464, 0.075561136, 0.075434946, 0.08401929, 0.13602297, 0.23598683, 0.22112875]",3943043,772,Spain,1,2461,2475,Pass
56,0.013940584,"[0.10385208, 0.08338384, 0.07843418, 0.07765635, 0.08701508, 0.13550627, 0.22994772, 0.20420447]",3943043,772,Spain,1,1961,1976,Pass
32,0.013861691,"[0.100385465, 0.0830756, 0.07822879, 0.07792423, 0.08798119, 0.1401206, 0.22739896, 0.2048851]",3943043,772,Spain,1,1191,1203,Foul
91,0.013848879,"[0.09836479, 0.081532285, 0.07766644, 0.0774321, 0.08597657, 0.13116312, 0.23811693, 0.20974788]",3943043,772,Spain,2,3218,3228,Pass
91,0.0138486,"[0.09633224, 0.08031966, 0.076878704, 0.0764983, 0.08708096, 0.13557498, 0.23656814, 0.21074706]",3943043,772,Spain,2,3181,3197,Pass
46,0.013847814,"[0.10680048, 0.08766121, 0.08409371, 0.08252586, 0.09014387, 0.12155003, 0.2175114, 0.20971349]",3943043,768,England,1,1678,1689,Pass
90,0.013844032,"[0.10958409, 0.0892288, 0.0852254, 0.08430996, 0.092047304, 0.12706245, 0.21006073, 0.20248125]",3943043,772,Spain,2,3131,3148,Pass
91,0.01375247,"[0.090123385, 0.07563294, 0.07240869, 0.072146, 0.080745846, 0.13758685, 0.25201815, 0.21933815]",3943043,772,Spain,2,3198,3211,Pass
56,0.013752287,"[0.10390181, 0.08615858, 0.08266311, 0.082239814, 0.08920963, 0.12251405, 0.22398113, 0.2093319]",3943043,772,Spain,1,1969,1983,Pass
91,0.013744977,"[0.10133517, 0.08224451, 0.07887968, 0.077830195, 0.087308414, 0.13320307, 0.22696649, 0.21223249]",3943043,772,Spain,2,3188,3203,Pass
91,0.0137315905,"[0.097040914, 0.08282698, 0.07965524, 0.079478055, 0.085252374, 0.12591878, 0.23214817, 0.21767949]",3943043,772,Spain,2,3202,3218,Pass
46,0.013676658,"[0.10469273, 0.082981795, 0.078909405, 0.07801395, 0.09128248, 0.13808043, 0.22311597, 0.20292321]",3943043,768,England,1,1675,1685,Pass
27,0.013676602,"[0.11916538, 0.08023661, 0.07385555, 0.0736327, 0.08414599, 0.13945028, 0.23214047, 0.19737287]",3943043,768,England,1,919,936,Pass
134,0.013667562,"[0.13144735, 0.09885997, 0.083173744, 0.077935375, 0.0846907, 0.12213424, 0.20990272, 0.19185603]",3943043,772,Spain,2,5073,5087,Pass
91,0.013665181,"[0.10240906, 0.08282141, 0.079721704, 0.07880692, 0.08820025, 0.12793922, 0.23395431, 0.20614707]",3943043,772,Spain,2,3183,3198,Pass
9,0.013654948,"[0.10567659, 0.081325755, 0.07828711, 0.07774896, 0.08695233, 0.13204437, 0.23057812, 0.20738679]",3943043,772,Spain,1,226,234,Pass
97,0.013643518,"[0.1031992, 0.083105534, 0.07951287, 0.07831717, 0.088481255, 0.14225225, 0.22493644, 0.20019518]",3943043,772,Spain,2,3474,3492,Pass
24,0.013638192,"[0.1003252, 0.08642465, 0.07984745, 0.079582684, 0.08900796, 0.13272004, 0.2311463, 0.20094585]",3943043,772,Spain,1,799,815,Pass
46,0.013626385,"[0.09966341, 0.0860124, 0.08078238, 0.080391526, 0.08663883, 0.12750629, 0.23419918, 0.20480599]",3943043,768,England,1,1679,1690,Pass
81,0.013623078,"[0.091120854, 0.07695324, 0.07308274, 0.07316416, 0.084016696, 0.14559482, 0.24592151, 0.21014598]",3943043,772,Spain,2,2741,2755,Pass
46,0.01362074,"[0.10280451, 0.08556051, 0.082171775, 0.081885494, 0.09072757, 0.13293289, 0.22089618, 0.20302112]",3943043,768,England,1,1687,1696,Pass
63,0.013613653,"[0.10223133, 0.088197134, 0.08275651, 0.08068916, 0.09072573, 0.13464883, 0.22366211, 0.19708925]",3943043,768,England,1,2356,2363,Pass
21,0.013610434,"[0.09848081, 0.08198464, 0.07775999, 0.07669704, 0.0853453, 0.12581013, 0.241755, 0.21216719]",3943043,772,Spain,1,651,662,Pass
91,0.013601333,"[0.09524686, 0.079916805, 0.07629517, 0.07561626, 0.08194084, 0.12310696, 0.2410456, 0.22683156]",3943043,772,Spain,2,3198,3209,Pass
56,0.013594189,"[0.097682066, 0.08209047, 0.079138435, 0.07913592, 0.08688508, 0.12521839, 0.232485, 0.21736467]",3943043,772,Spain,1,1976,1991,Pass
7,0.013585699,"[0.10471645, 0.087483644, 0.08080927, 0.080448665, 0.08950192, 0.12966302, 0.2204435, 0.20693347]",3943043,772,Spain,1,166,180,Pass
89,0.013520108,"[0.098600246, 0.08108883, 0.078031056, 0.07832004, 0.08793174, 0.1353605, 0.2325557, 0.20811191]",3943043,768,England,2,3023,3039,Pass
4,0.013513207,"[0.12655357, 0.104916796, 0.09667585, 0.092761785, 0.1002914, 0.14271212, 0.18620707, 0.14988144]",3943043,772,Spain,1,57,61,Pass
80,0.013504141,"[0.101982154, 0.08570671, 0.08058059, 0.08008501, 0.089502715, 0.13516627, 0.22913224, 0.1978443]",3943043,772,Spain,2,2700,2710,Pass
46,0.01348063,"[0.10345797, 0.08746576, 0.08137586, 0.08178968, 0.09005379, 0.13141215, 0.21960655, 0.20483823]",3943043,768,England,1,1676,1687,Pass
127,0.013468685,"[0.10193252, 0.08394682, 0.079097606, 0.07849994, 0.08585521, 0.12584838, 0.22956145, 0.21525805]",3943043,772,Spain,2,4802,4822,Pass
91,0.013468653,"[0.10541859, 0.083730415, 0.07980889, 0.078848034, 0.09111222, 0.14050943, 0.2262122, 0.19436027]",3943043,772,Spain,2,3223,3234,Pass
81,0.013458284,"[0.10437512, 0.08595281, 0.08095474, 0.08050746, 0.088476844, 0.12622689, 0.22418319, 0.20932297]",3943043,772,Spain,2,2733,2749,Pass
48,0.013452696,"[0.109277345, 0.08831673, 0.085639425, 0.085416116, 0.09486968, 0.12640318, 0.21063034, 0.19944715]",3943043,772,Spain,1,1741,1749,Pass
27,0.013441347,"[0.10048613, 0.08425904, 0.080946505, 0.08091655, 0.08967987, 0.12945513, 0.22916767, 0.20508914]",3943043,768,England,1,922,938,Pass
27,0.0134367095,"[0.09633958, 0.081011094, 0.07752317, 0.07755175, 0.085799985, 0.1370757, 0.23146208, 0.21323662]",3943043,768,England,1,926,939,Pass
90,0.0134235015,"[0.10883261, 0.08760738, 0.08112415, 0.08135896, 0.09116462, 0.13708213, 0.2248812, 0.18794896]",3943043,772,Spain,2,3129,3147,Pass
94,0.013419307,"[0.101637214, 0.08344701, 0.077810705, 0.07775143, 0.089466125, 0.13547413, 0.23377678, 0.20063671]",3943043,768,England,2,3361,3370,Pass
29,0.013408148,"[0.10167964, 0.08143269, 0.076911345, 0.076021, 0.085948795, 0.13008256, 0.23239669, 0.21552725]",3943043,772,Spain,1,1050,1071,Pass
5,0.013405905,"[0.09965998, 0.08471551, 0.08137679, 0.08164902, 0.09023448, 0.13074295, 0.223605, 0.20801629]",3943043,768,England,1,91,98,Pass
29,0.01338565,"[0.10198488, 0.082182534, 0.077489756, 0.07766943, 0.08717745, 0.13666336, 0.22921553, 0.207617]",3943043,772,Spain,1,1048,1067,Pass
91,0.013377986,"[0.10965127, 0.08793682, 0.08162544, 0.08130967, 0.088163204, 0.13040297, 0.22203346, 0.19887719]",3943043,772,Spain,2,3229,3239,Pass
9,0.013368786,"[0.110298224, 0.0906206, 0.08430974, 0.08404632, 0.09021851, 0.12296546, 0.21506217, 0.20247906]",3943043,772,Spain,1,219,228,Pass
32,0.013346488,"[0.10422544, 0.083749816, 0.07768168, 0.07764617, 0.08500091, 0.12148226, 0.23154561, 0.21866813]",3943043,772,Spain,1,1201,1211,Foul
7,0.01332869,"[0.10504757, 0.08412532, 0.07954673, 0.0784591, 0.08772994, 0.1338724, 0.22120021, 0.21001872]",3943043,772,Spain,1,160,178,Pass
4,0.01328926,"[0.10592409, 0.08524705, 0.0813112, 0.080557376, 0.08884069, 0.12913756, 0.22209436, 0.20688778]",3943043,772,Spain,1,62,82,Pass
71,0.013259187,"[0.41318586, 0.31337854, 0.27343556, 0.0, 0.0, 0.0, 0.0, 0.0]",3943043,768,England,1,2583,2588,Pass
4,0.013213865,"[0.111090645, 0.08849354, 0.082468115, 0.08145736, 0.089052565, 0.13351373, 0.21416174, 0.19976227]",3943043,772,Spain,1,61,75,Pass
81,0.013200276,"[0.10009885, 0.08183908, 0.078778274, 0.07895934, 0.08710104, 0.13220963, 0.22857782, 0.2124359]",3943043,772,Spain,2,2735,2750,Pass
90,0.01319047,"[0.09227696, 0.07642738, 0.07397098, 0.073511064, 0.08159207, 0.13766994, 0.2470494, 0.21750216]",3943043,772,Spain,2,3112,3127,Pass
29,0.013163854,"[0.10144234, 0.085543305, 0.08028321, 0.07919355, 0.088434435, 0.12940943, 0.22923921, 0.20645455]",3943043,772,Spain,1,1042,1059,Pass
90,0.013154788,"[0.09245956, 0.07697812, 0.07235808, 0.0721149, 0.08570136, 0.14656141, 0.24389012, 0.20993653]",3943043,772,Spain,2,3114,3129,Pass
91,0.013115453,"[0.09250809, 0.07930947, 0.07579717, 0.07605632, 0.08569697, 0.13543501, 0.24364427, 0.21155274]",3943043,772,Spain,2,3204,3218,Pass
9,0.013106574,"[0.09763559, 0.08153011, 0.076882996, 0.07671703, 0.08566146, 0.1352437, 0.24197967, 0.20434955]",3943043,772,Spain,1,227,236,Pass
90,0.0131053515,"[0.106209986, 0.084665135, 0.08086764, 0.08011517, 0.091585405, 0.13658781, 0.21996476, 0.20000404]",3943043,772,Spain,2,3118,3137,Pass
91,0.0130742425,"[0.09743014, 0.08248681, 0.07969835, 0.07928878, 0.089489356, 0.1331924, 0.23192678, 0.20648742]",3943043,772,Spain,2,3177,3186,Pass
56,0.013055809,"[0.10328462, 0.082362086, 0.07752323, 0.07751204, 0.085431665, 0.1265561, 0.22852215, 0.21880805]",3943043,772,Spain,1,1968,1982,Pass
133,0.013045792,"[0.10482487, 0.08566987, 0.083081126, 0.08195674, 0.092291206, 0.13535513, 0.22306575, 0.19375531]",3943043,772,Spain,2,4986,4997,Pass
127,0.013032918,"[0.09626269, 0.07903965, 0.07571564, 0.075497195, 0.08377726, 0.12967683, 0.23672874, 0.22330205]",3943043,772,Spain,2,4805,4828,Pass
4,0.013031853,"[0.13133493, 0.108717486, 0.096712, 0.09452599, 0.1043148, 0.12840244, 0.15470262, 0.1812897]",3943043,772,Spain,1,58,61,Pass
91,0.01301918,"[0.09924401, 0.08341931, 0.07922879, 0.07969642, 0.08727099, 0.12742856, 0.22750565, 0.2162063]",3943043,772,Spain,2,3209,3222,Pass
56,0.013006241,"[0.09887984, 0.084349535, 0.08020386, 0.07991444, 0.086917475, 0.12845828, 0.23130529, 0.20997135]",3943043,772,Spain,1,1971,1983,Pass
91,0.012988908,"[0.10151331, 0.085467495, 0.08077795, 0.080859035, 0.08801703, 0.1300182, 0.22423257, 0.2091144]",3943043,772,Spain,2,3186,3202,Pass
24,0.01298304,"[0.10188778, 0.08703059, 0.08180021, 0.081170544, 0.089220256, 0.13561702, 0.22648726, 0.19678637]",3943043,772,Spain,1,801,818,Pass
80,0.0129732415,"[0.11248634, 0.08296778, 0.076068155, 0.07535901, 0.084638305, 0.13472448, 0.2367451, 0.19701087]",3943043,772,Spain,2,2702,2714,Pass
125,0.0129600195,"[0.108510874, 0.08769847, 0.08232481, 0.08059891, 0.0901077, 0.13183165, 0.2169119, 0.2020156]",3943043,772,Spain,2,4726,4736,Pass
3,0.012944772,"[0.10259292, 0.08913934, 0.08416367, 0.08371003, 0.09128514, 0.13983098, 0.21394177, 0.19533612]",3943043,772,Spain,1,34,41,Pass
28,0.012921501,"[0.22206847, 0.18848312, 0.17603523, 0.17780676, 0.23560648, 0.0, 0.0, 0.0]",3943043,772,Spain,1,1015,1021,Pass
29,0.01291913,"[0.1010645, 0.082590416, 0.07768292, 0.07752521, 0.085255966, 0.1307801, 0.2377734, 0.20732744]",3943043,772,Spain,1,1058,1073,Pass
91,0.012884273,"[0.111699454, 0.08952552, 0.08168585, 0.08081636, 0.090083905, 0.13527548, 0.21369715, 0.19721624]",3943043,772,Spain,2,3227,3236,Pass
133,0.012879623,"[0.104479976, 0.08480954, 0.08093035, 0.07967833, 0.09312335, 0.13831331, 0.22405298, 0.1946122]",3943043,772,Spain,2,4983,4994,Pass
90,0.012863727,"[0.09716114, 0.07813414, 0.07588258, 0.07560858, 0.085168, 0.13028722, 0.23614721, 0.22161116]",3943043,772,Spain,2,3109,3125,Pass
11,0.012849335,"[0.22469084, 0.18848783, 0.17871967, 0.17888986, 0.22921185, 0.0, 0.0, 0.0]",3943043,768,England,1,295,299,Pass
27,0.012839884,"[0.12920433, 0.092218295, 0.074856475, 0.073307164, 0.08237315, 0.12781708, 0.2236641, 0.19655943]",3943043,768,England,1,918,934,Pass
90,0.012798184,"[0.104738876, 0.07943504, 0.073430315, 0.07400388, 0.087014064, 0.1461971, 0.23878218, 0.19639856]",3943043,772,Spain,2,3115,3131,Pass
84,0.012789712,"[0.10165185, 0.08276701, 0.07867287, 0.07812796, 0.08667124, 0.12761447, 0.23332676, 0.2111678]",3943043,768,England,2,2926,2935,Pass
46,0.012748445,"[0.10574846, 0.087219626, 0.08312969, 0.081839085, 0.089738086, 0.12686963, 0.22343823, 0.2020172]",3943043,768,England,1,1680,1691,Pass
113,0.012726422,"[0.10075021, 0.08170569, 0.077915356, 0.07755519, 0.086696096, 0.1332487, 0.23706257, 0.20506616]",3943043,772,Spain,2,4244,4256,Pass
113,0.012710371,"[0.10333211, 0.08613007, 0.08109543, 0.08186063, 0.09078033, 0.13699523, 0.2257748, 0.19403143]",3943043,772,Spain,2,4237,4247,Pass
133,0.01270807,"[0.101213805, 0.07953021, 0.07506316, 0.07440666, 0.08272899, 0.14025778, 0.2379303, 0.20886898]",3943043,772,Spain,2,4994,5010,Pass
19,0.012706412,"[0.11205548, 0.089920074, 0.08430152, 0.0842793, 0.09352017, 0.13567351, 0.21168758, 0.1885623]",3943043,768,England,1,532,548,Pass
7,0.012704268,"[0.10812512, 0.08551713, 0.07841406, 0.07699932, 0.08528989, 0.12719558, 0.22442183, 0.21403699]",3943043,772,Spain,1,154,175,Pass
133,0.012693899,"[0.102488704, 0.08193882, 0.07748516, 0.07706205, 0.08456424, 0.1257237, 0.24220182, 0.20853549]",3943043,772,Spain,2,4991,5006,Pass
5,0.012691774,"[0.10635516, 0.08676449, 0.08311171, 0.082438275, 0.090903535, 0.1281042, 0.2167537, 0.20556886]",3943043,768,England,1,91,99,Pass
79,0.012683885,"[0.16460086, 0.13729596, 0.1281991, 0.13003367, 0.1551892, 0.28468108, 0.0, 0.0]",3943043,772,Spain,1,2805,2817,Pass
46,0.0126774805,"[0.10128828, 0.08647808, 0.08112485, 0.08096191, 0.08882027, 0.13524458, 0.22634685, 0.19973516]",3943043,768,England,1,1681,1691,Pass
56,0.012674417,"[0.09561139, 0.07917902, 0.075954966, 0.07534256, 0.08385856, 0.13165052, 0.23823361, 0.22016944]",3943043,772,Spain,1,1973,1985,Pass
123,0.012664114,"[0.10081599, 0.083888754, 0.079193465, 0.07862327, 0.08935284, 0.1358349, 0.22616103, 0.20612971]",3943043,772,Spain,2,4566,4580,Pass
7,0.012652796,"[0.10309984, 0.08604858, 0.08046548, 0.0797866, 0.08918113, 0.13266739, 0.22568259, 0.20306836]",3943043,772,Spain,1,153,171,Pass
46,0.012623008,"[0.099821456, 0.08439117, 0.08017854, 0.07985076, 0.08875768, 0.13378458, 0.23336467, 0.19985121]",3943043,768,England,1,1689,1698,Pass
91,0.012610743,"[0.09524334, 0.080084875, 0.077273056, 0.07704335, 0.08557321, 0.13266595, 0.23917139, 0.21294484]",3943043,772,Spain,2,3179,3190,Pass
81,0.012588423,"[0.097825356, 0.080111206, 0.077711806, 0.0775152, 0.0858297, 0.13062738, 0.23753206, 0.21284725]",3943043,772,Spain,2,2739,2753,Pass
44,0.012586739,"[0.10466341, 0.083720885, 0.08009962, 0.07991568, 0.08758156, 0.12841506, 0.23002721, 0.20557654]",3943043,772,Spain,1,1605,1618,Pass
91,0.012553398,"[0.09435583, 0.07907485, 0.07511395, 0.07469531, 0.08407504, 0.14070024, 0.24275082, 0.209234]",3943043,772,Spain,2,3180,3191,Pass
90,0.012539035,"[0.09273797, 0.078700386, 0.07500531, 0.07510061, 0.082623854, 0.12650919, 0.24523331, 0.22408931]",3943043,772,Spain,2,3111,3126,Pass
4,0.012533995,"[0.13304517, 0.10417341, 0.095362864, 0.09417211, 0.100073986, 0.112949, 0.19486903, 0.16535442]",3943043,772,Spain,1,58,62,Pass
135,0.012522837,"[0.101841465, 0.0829753, 0.07968151, 0.07979928, 0.08903261, 0.13126984, 0.22978705, 0.20561288]",3943043,768,England,2,5107,5116,Pass
29,0.0125209205,"[0.098960385, 0.078271806, 0.075235486, 0.07466583, 0.08454589, 0.13935585, 0.23270811, 0.21625662]",3943043,772,Spain,1,1038,1048,Pass
133,0.012503083,"[0.105019294, 0.08485241, 0.07915955, 0.07850853, 0.08697714, 0.12342195, 0.21921462, 0.2228465]",3943043,772,Spain,2,4990,5005,Pass
46,0.012474825,"[0.10238442, 0.088001445, 0.08231103, 0.0819554, 0.08970789, 0.13536415, 0.22479837, 0.19547728]",3943043,768,England,1,1685,1693,Pass
125,0.012474652,"[0.11904545, 0.085227855, 0.07894459, 0.07786941, 0.086228296, 0.13204673, 0.22421405, 0.19642371]",3943043,772,Spain,2,4724,4735,Pass
7,0.012462821,"[0.10958562, 0.08390149, 0.07726935, 0.07643506, 0.08425498, 0.1287718, 0.2307414, 0.2090403]",3943043,772,Spain,1,159,177,Pass
54,0.012414135,"[0.22962894, 0.19481054, 0.1801884, 0.18366976, 0.21170242, 0.0, 0.0, 0.0]",3943043,772,Spain,1,1933,1938,Pass
32,0.01235229,"[0.10201343, 0.08298472, 0.07898915, 0.07927695, 0.08933846, 0.12544873, 0.22588244, 0.2160661]",3943043,772,Spain,1,1194,1207,Foul
27,0.012347205,"[0.11149848, 0.088683315, 0.08276726, 0.08129798, 0.09059824, 0.12931868, 0.21044812, 0.20538792]",3943043,768,England,1,949,964,Pass
123,0.012339702,"[0.100350186, 0.08190356, 0.076768436, 0.07683093, 0.08466193, 0.13239475, 0.236551, 0.21053918]",3943043,772,Spain,2,4557,4569,Pass
80,0.012296984,"[0.105147086, 0.08516982, 0.081362516, 0.08073584, 0.08878737, 0.124847606, 0.22788605, 0.20606358]",3943043,772,Spain,2,2714,2728,Pass
120,0.012283075,"[0.10540912, 0.08844206, 0.0826331, 0.08204862, 0.09099182, 0.13533275, 0.22590375, 0.1892389]",3943043,768,England,2,4423,4433,Pass
84,0.012260601,"[0.10154892, 0.08616637, 0.082039885, 0.0812294, 0.088478334, 0.12511748, 0.22102283, 0.2143968]",3943043,768,England,2,2929,2938,Pass
91,0.012242084,"[0.093944184, 0.0791321, 0.076955326, 0.07653551, 0.08608379, 0.1417676, 0.2405977, 0.20498385]",3943043,772,Spain,2,3219,3230,Pass
21,0.012238497,"[0.102919266, 0.08495463, 0.08065164, 0.08022268, 0.08589341, 0.12833528, 0.21969166, 0.21733148]",3943043,772,Spain,1,650,660,Pass
4,0.012168098,"[0.122346245, 0.09971694, 0.08787818, 0.087381616, 0.093095295, 0.12260672, 0.18936343, 0.1976114]",3943043,772,Spain,1,59,68,Pass
91,0.01211621,"[0.0970987, 0.08220048, 0.07855206, 0.07862059, 0.087512314, 0.13216223, 0.23460072, 0.20925295]",3943043,772,Spain,2,3177,3188,Pass
123,0.012109435,"[0.102112435, 0.08182591, 0.07727506, 0.07663518, 0.08583118, 0.1274714, 0.23101386, 0.21783495]",3943043,772,Spain,2,4556,4567,Pass
135,0.012055309,"[0.10475465, 0.08664271, 0.08319362, 0.08220525, 0.088293076, 0.120438166, 0.22530074, 0.20917189]",3943043,768,England,2,5098,5111,Pass
135,0.012053676,"[0.10660782, 0.08781786, 0.08266988, 0.08239075, 0.08902658, 0.12653628, 0.21802674, 0.20692407]",3943043,768,England,2,5103,5114,Pass
7,0.0120522175,"[0.10501031, 0.08753677, 0.08156148, 0.081100255, 0.08975466, 0.13280144, 0.22558324, 0.19665183]",3943043,772,Spain,1,148,160,Pass
144,0.012049903,"[0.16925032, 0.14120394, 0.13312286, 0.13823892, 0.15959027, 0.2585936, 0.0, 0.0]",3943043,768,England,2,5519,5528,Foul
24,0.012016679,"[0.10516444, 0.08672003, 0.083029546, 0.08234754, 0.09041284, 0.12781471, 0.22354046, 0.20097037]",3943043,772,Spain,1,801,817,Pass
80,0.011994847,"[0.10264552, 0.08413938, 0.078891024, 0.07790723, 0.08640018, 0.12741898, 0.23202547, 0.21057227]",3943043,772,Spain,2,2710,2725,Pass
19,0.011961395,"[0.114274204, 0.09171831, 0.08653979, 0.08505587, 0.09328354, 0.12584768, 0.20726356, 0.19601709]",3943043,768,England,1,535,550,Pass
90,0.011917089,"[0.10111777, 0.0810096, 0.077637926, 0.078543246, 0.08637011, 0.12949272, 0.22727859, 0.21855007]",3943043,772,Spain,2,3108,3123,Pass
120,0.011885121,"[0.10834891, 0.08823089, 0.08502642, 0.08413739, 0.091881774, 0.13064006, 0.2138396, 0.19789487]",3943043,768,England,2,4420,4431,Pass
119,0.011851829,"[0.107811466, 0.08692437, 0.08044292, 0.08073794, 0.09134503, 0.13884257, 0.2201194, 0.19377623]",3943043,772,Spain,2,4404,4414,Pass
84,0.0118456,"[0.10242601, 0.08712619, 0.08415725, 0.08386892, 0.09080533, 0.12537716, 0.21501023, 0.21122898]",3943043,768,England,2,2929,2937,Pass
83,0.011844509,"[0.09764652, 0.08042659, 0.07615784, 0.07560942, 0.08506717, 0.1320516, 0.24075106, 0.21228987]",3943043,772,Spain,2,2851,2865,Pass
135,0.011839397,"[0.10770639, 0.08908981, 0.08259606, 0.08122351, 0.08682343, 0.1212624, 0.2188971, 0.21240132]",3943043,768,England,2,5098,5111,Pass
125,0.011832153,"[0.10822769, 0.087663345, 0.08117325, 0.08088163, 0.0893839, 0.12676427, 0.2220184, 0.20388749]",3943043,772,Spain,2,4727,4737,Pass
135,0.011820643,"[0.10633246, 0.0876702, 0.082029, 0.08081414, 0.08719413, 0.12560084, 0.22812061, 0.20223859]",3943043,768,England,2,5102,5113,Pass
84,0.011808699,"[0.095894374, 0.07950152, 0.07612433, 0.07541575, 0.08515145, 0.1352919, 0.23853019, 0.21409039]",3943043,768,England,2,2935,2943,Pass
123,0.011780688,"[0.10232446, 0.08116043, 0.0765234, 0.076767236, 0.085670836, 0.13082182, 0.2234648, 0.22326708]",3943043,772,Spain,2,4567,4582,Pass
84,0.011755556,"[0.099983014, 0.08368142, 0.08012631, 0.07989578, 0.08825163, 0.12922432, 0.2275791, 0.21125856]",3943043,768,England,2,2928,2936,Pass
19,0.011733707,"[0.11096331, 0.092051364, 0.08501646, 0.08354301, 0.09092738, 0.12644154, 0.21760142, 0.1934555]",3943043,768,England,1,536,552,Pass
91,0.011715754,"[0.09903182, 0.08160864, 0.07810422, 0.078273006, 0.08612379, 0.13058065, 0.23641042, 0.20986743]",3943043,772,Spain,2,3218,3229,Pass
46,0.011707521,"[0.10464205, 0.08779733, 0.084063746, 0.08275384, 0.09070755, 0.12734309, 0.22180438, 0.2008881]",3943043,768,England,1,1684,1692,Pass
133,0.011702824,"[0.10317789, 0.08809662, 0.08248513, 0.08347586, 0.092238456, 0.13924395, 0.22282445, 0.18845771]",3943043,772,Spain,2,4985,4996,Pass
84,0.0116841355,"[0.10211748, 0.08649545, 0.08234413, 0.08229058, 0.08955613, 0.12780622, 0.22140037, 0.20798962]",3943043,768,England,2,2927,2935,Pass
27,0.011680444,"[0.10890257, 0.093036555, 0.086416885, 0.08550696, 0.09501243, 0.13154374, 0.21664652, 0.18293433]",3943043,768,England,1,946,959,Pass
91,0.011617026,"[0.09591651, 0.08126345, 0.07627289, 0.07591087, 0.08854274, 0.14199881, 0.23692623, 0.20316853]",3943043,772,Spain,2,3221,3231,Pass
135,0.01160836,"[0.09979838, 0.08358383, 0.07958651, 0.07802446, 0.085653424, 0.12800044, 0.2307095, 0.21464351]",3943043,768,England,2,5110,5126,Pass
96,0.011588201,"[0.115991354, 0.09681192, 0.09230045, 0.09003331, 0.096172884, 0.125826, 0.19264169, 0.19022238]",3943043,768,England,2,3442,3450,Pass
29,0.011571354,"[0.10234009, 0.086866446, 0.08164433, 0.080759436, 0.08955572, 0.12961759, 0.22491919, 0.20429726]",3943043,772,Spain,1,1046,1066,Pass
96,0.011569676,"[0.11388151, 0.09369918, 0.08855196, 0.087411456, 0.09751745, 0.127399, 0.19090982, 0.20062956]",3943043,768,England,2,3439,3447,Pass
7,0.011558006,"[0.10498036, 0.08787767, 0.08245939, 0.08170693, 0.08964565, 0.13145764, 0.2243332, 0.19753909]",3943043,772,Spain,1,145,154,Pass
80,0.011547692,"[0.10251453, 0.084512286, 0.079346605, 0.078299, 0.08712507, 0.1322551, 0.22432415, 0.21162328]",3943043,772,Spain,2,2708,2724,Pass
91,0.011543388,"[0.10185812, 0.08022367, 0.075916246, 0.076510206, 0.08791529, 0.14186306, 0.23661001, 0.1991034]",3943043,772,Spain,2,3222,3233,Pass
73,0.011542946,"[0.23083311, 0.18760939, 0.17856224, 0.18134108, 0.2216542, 0.0, 0.0, 0.0]",3943043,772,Spain,1,2631,2636,Pass
90,0.011540717,"[0.11057922, 0.08900346, 0.08277955, 0.08224852, 0.09084175, 0.13237202, 0.21740565, 0.19476983]",3943043,772,Spain,2,3123,3138,Pass
46,0.011529093,"[0.1033588, 0.081276074, 0.07766295, 0.077887535, 0.08598804, 0.12923919, 0.23190278, 0.21268472]",3943043,768,England,1,1670,1680,Pass
51,0.011496133,"[0.10621354, 0.08872072, 0.082342245, 0.08164575, 0.0874739, 0.14044693, 0.2300903, 0.18306667]",3943043,768,England,1,1784,1797,Foul
80,0.0114946375,"[0.10727307, 0.08696339, 0.08211809, 0.08266384, 0.0921719, 0.13165462, 0.21862192, 0.19853313]",3943043,772,Spain,2,2722,2731,Pass
7,0.011442833,"[0.106962085, 0.08784463, 0.083593026, 0.0829283, 0.09094575, 0.1293659, 0.2167437, 0.20161667]",3943043,772,Spain,1,151,170,Pass
27,0.0113544185,"[0.110599324, 0.089473814, 0.086159885, 0.08502547, 0.094784416, 0.1385085, 0.2090668, 0.18638183]",3943043,768,England,1,944,955,Pass
84,0.011346703,"[0.09943801, 0.08324952, 0.07845868, 0.07841387, 0.08706317, 0.13658026, 0.23523964, 0.2015568]",3943043,768,England,2,2935,2945,Pass
113,0.011339385,"[0.099124014, 0.08088138, 0.07679414, 0.0767438, 0.086014286, 0.14050423, 0.2398586, 0.20007944]",3943043,772,Spain,2,4245,4257,Pass
135,0.01131424,"[0.10048223, 0.083529636, 0.0798348, 0.079831876, 0.087111436, 0.12775351, 0.22479735, 0.21665916]",3943043,768,England,2,5107,5124,Pass
29,0.011300407,"[0.10084211, 0.08355776, 0.078540966, 0.07849681, 0.08562904, 0.12513457, 0.23183608, 0.21596271]",3943043,772,Spain,1,1036,1046,Pass
46,0.011291657,"[0.10371096, 0.0855349, 0.08100333, 0.08004494, 0.08880993, 0.13541585, 0.22843032, 0.19704986]",3943043,768,England,1,1690,1699,Pass
96,0.011278343,"[0.11104109, 0.093549214, 0.08739122, 0.08746189, 0.09394489, 0.12246384, 0.20684083, 0.19730705]",3943043,768,England,2,3441,3448,Pass
46,0.011257523,"[0.102398425, 0.08379477, 0.078206316, 0.07771772, 0.08572471, 0.14100942, 0.23021774, 0.20093082]",3943043,768,England,1,1673,1684,Pass
83,0.01123422,"[0.110612154, 0.08450949, 0.07797797, 0.07826537, 0.087803945, 0.13591748, 0.22386533, 0.20104834]",3943043,772,Spain,2,2870,2880,Pass
91,0.011200048,"[0.10253771, 0.085912116, 0.08143443, 0.081560165, 0.08850313, 0.12919295, 0.21738687, 0.21347272]",3943043,772,Spain,2,3182,3198,Pass
84,0.011159663,"[0.100529626, 0.083166376, 0.07806706, 0.077323645, 0.08501815, 0.12617683, 0.2258151, 0.22390322]",3943043,768,England,2,2924,2933,Pass
46,0.011156895,"[0.10429168, 0.08663708, 0.08220849, 0.08227167, 0.09129294, 0.13645564, 0.22263348, 0.194209]",3943043,768,England,1,1691,1701,Pass
135,0.011107585,"[0.10332108, 0.08840943, 0.083154656, 0.08267778, 0.09016322, 0.12290056, 0.21499704, 0.2143762]",3943043,768,England,2,5111,5126,Pass
94,0.01110724,"[0.101781175, 0.082946375, 0.0793172, 0.07879473, 0.08980231, 0.13985212, 0.22056948, 0.2069366]",3943043,768,England,2,3359,3368,Pass
93,0.01110308,"[0.3848027, 0.32248336, 0.29271397, 0.0, 0.0, 0.0, 0.0, 0.0]",3943043,768,England,2,3342,3346,Foul
80,0.011092358,"[0.108272925, 0.08690108, 0.08211551, 0.08195961, 0.08945406, 0.12564354, 0.213806, 0.21184716]",3943043,772,Spain,2,2713,2727,Pass
19,0.011071927,"[0.11488872, 0.0874955, 0.08140605, 0.0805174, 0.08857154, 0.13017148, 0.22297826, 0.19397108]",3943043,768,England,1,543,557,Pass
119,0.011042623,"[0.10614855, 0.08398996, 0.07897758, 0.07813707, 0.09014774, 0.1392616, 0.22615413, 0.19718339]",3943043,772,Spain,2,4402,4412,Pass
123,0.011042104,"[0.1037297, 0.0849265, 0.080463015, 0.08028275, 0.08780056, 0.12833324, 0.22349136, 0.21097279]",3943043,772,Spain,2,4554,4566,Pass
123,0.011038931,"[0.10421039, 0.08751567, 0.08320084, 0.08230587, 0.08973294, 0.12647274, 0.21817662, 0.20838498]",3943043,772,Spain,2,4550,4564,Pass
4,0.011023101,"[0.13143691, 0.10396344, 0.09341158, 0.08824167, 0.09445691, 0.12108187, 0.1956141, 0.17179346]",3943043,772,Spain,1,59,67,Pass
84,0.011002863,"[0.09907926, 0.08342033, 0.080694854, 0.080202326, 0.088339694, 0.1297363, 0.22846946, 0.21005777]",3943043,768,England,2,2923,2931,Pass
97,0.010996175,"[0.107237406, 0.08831595, 0.08240768, 0.082121715, 0.08929296, 0.12993155, 0.21775834, 0.20293437]",3943043,772,Spain,2,3468,3485,Pass
19,0.010983801,"[0.1121805, 0.09094054, 0.08472393, 0.08361419, 0.089899085, 0.124963336, 0.21290842, 0.20077008]",3943043,768,England,1,538,555,Pass
61,0.010931338,"[0.10887464, 0.09260694, 0.08662709, 0.08568984, 0.09393645, 0.13137327, 0.2195961, 0.18129565]",3943043,768,England,1,2304,2315,Pass
123,0.010920476,"[0.108365424, 0.08652659, 0.0806673, 0.08064858, 0.089165896, 0.12970975, 0.2173074, 0.20760913]",3943043,772,Spain,2,4544,4558,Pass
94,0.010919441,"[0.09802515, 0.08412871, 0.08038575, 0.08028492, 0.08852245, 0.13372299, 0.23151912, 0.20341086]",3943043,768,England,2,3358,3367,Pass
96,0.010885582,"[0.10928753, 0.08938873, 0.08475013, 0.08393563, 0.09245997, 0.12960017, 0.21521264, 0.19536525]",3943043,768,England,2,3429,3441,Pass
113,0.0108456295,"[0.100199856, 0.08256011, 0.07927827, 0.07906286, 0.09064158, 0.14187838, 0.23301186, 0.19336721]",3943043,772,Spain,2,4247,4259,Pass
96,0.010797211,"[0.11115619, 0.09033582, 0.08504574, 0.083454326, 0.090679035, 0.12597287, 0.21823618, 0.19511974]",3943043,768,England,2,3436,3444,Pass
13,0.01078537,"[0.24709918, 0.1977006, 0.17624001, 0.17504793, 0.20391229, 0.0, 0.0, 0.0]",3943043,768,England,1,433,437,Pass
7,0.010772541,"[0.10956191, 0.09120895, 0.08660807, 0.085373074, 0.091327205, 0.124593094, 0.21065117, 0.20067647]",3943043,772,Spain,1,144,153,Pass
119,0.010769821,"[0.10154444, 0.081729345, 0.07725249, 0.07703369, 0.08595136, 0.13842633, 0.23323843, 0.20482385]",3943043,772,Spain,2,4401,4411,Pass
4,0.0107692685,"[0.12885985, 0.10520018, 0.09739809, 0.09458025, 0.09565494, 0.12259247, 0.17866726, 0.17704698]",3943043,772,Spain,1,59,65,Pass
135,0.010749366,"[0.104600325, 0.08412388, 0.0805731, 0.080671795, 0.088339396, 0.13244578, 0.2236867, 0.205559]",3943043,768,England,2,5124,5134,Pass
80,0.0107453205,"[0.105573855, 0.08534069, 0.08077373, 0.079927295, 0.08818669, 0.1346629, 0.22833197, 0.1972028]",3943043,772,Spain,2,2703,2716,Pass
123,0.01074209,"[0.10887522, 0.08585582, 0.07983264, 0.07868605, 0.08767609, 0.13109842, 0.22196959, 0.20600623]",3943043,772,Spain,2,4543,4557,Pass
135,0.010729163,"[0.10263936, 0.0817059, 0.07789145, 0.07802519, 0.085545026, 0.1257744, 0.23182115, 0.21659751]",3943043,768,England,2,5111,5127,Pass
83,0.010695617,"[0.112392165, 0.083385274, 0.077482134, 0.07650293, 0.08766889, 0.13342935, 0.22671688, 0.20242234]",3943043,772,Spain,2,2865,2879,Pass
96,0.010610936,"[0.11057061, 0.093554765, 0.086359754, 0.08519205, 0.09227269, 0.13644588, 0.20848522, 0.18711896]",3943043,768,England,2,3438,3445,Pass
84,0.010594046,"[0.10026338, 0.081443466, 0.07791819, 0.07774684, 0.084190145, 0.12584816, 0.23322113, 0.21936868]",3943043,768,England,2,2933,2941,Pass
123,0.010585422,"[0.10439042, 0.087239206, 0.08264384, 0.08158673, 0.08799792, 0.12761089, 0.2230243, 0.20550665]",3943043,772,Spain,2,4549,4563,Pass
46,0.01057357,"[0.10088631, 0.082352795, 0.078592435, 0.07780039, 0.085849956, 0.12858106, 0.2393697, 0.20656732]",3943043,768,England,1,1672,1681,Pass
96,0.010553734,"[0.107422546, 0.08722683, 0.08254508, 0.08198698, 0.0896459, 0.13184741, 0.2191477, 0.20017758]",3943043,768,England,2,3431,3442,Pass
37,0.010545475,"[0.22739583, 0.18209442, 0.17599924, 0.1812183, 0.23329224, 0.0, 0.0, 0.0]",3943043,768,England,1,1366,1372,Pass
21,0.010522002,"[0.10422301, 0.084816076, 0.081455335, 0.07951736, 0.08862652, 0.13433135, 0.21896422, 0.20806605]",3943043,772,Spain,1,641,652,Pass
96,0.010511795,"[0.10356494, 0.08689331, 0.08364677, 0.08315122, 0.09071128, 0.13329916, 0.2232304, 0.19550298]",3943043,768,England,2,3429,3439,Pass
123,0.0104763415,"[0.1025264, 0.08499926, 0.08151562, 0.080497354, 0.08794994, 0.12829185, 0.22546212, 0.20875746]",3943043,772,Spain,2,4558,4573,Pass
61,0.010472909,"[0.113929525, 0.09354068, 0.08923822, 0.08763912, 0.09293627, 0.12656212, 0.1999918, 0.19616228]",3943043,768,England,1,2303,2314,Pass
113,0.010455348,"[0.10243897, 0.08599293, 0.08175696, 0.08207491, 0.09223361, 0.13850918, 0.22130217, 0.19569132]",3943043,772,Spain,2,4248,4261,Pass
97,0.010431722,"[0.11111135, 0.08941234, 0.08493831, 0.08328828, 0.091357574, 0.12655757, 0.21177919, 0.20155545]",3943043,772,Spain,2,3468,3484,Pass
96,0.010424573,"[0.1090642, 0.089150235, 0.08404729, 0.083041854, 0.091502495, 0.12714685, 0.20874041, 0.20730656]",3943043,768,England,2,3433,3442,Pass
21,0.010382271,"[0.10296182, 0.086396456, 0.079260275, 0.07933329, 0.08952882, 0.13250333, 0.2295656, 0.20045032]",3943043,772,Spain,1,641,654,Pass
80,0.010362355,"[0.104436696, 0.08652976, 0.081616305, 0.081311576, 0.09089719, 0.13522221, 0.22093764, 0.1990486]",3943043,772,Spain,2,2704,2719,Pass
108,0.0103398245,"[0.21341813, 0.18612957, 0.17644382, 0.1854632, 0.23854525, 0.0, 0.0, 0.0]",3943043,768,England,2,4078,4083,Pass
84,0.010316405,"[0.10311932, 0.087086394, 0.08302986, 0.08276803, 0.09133371, 0.1319322, 0.22384743, 0.19688295]",3943043,768,England,2,2937,2947,Pass
29,0.010310695,"[0.10765216, 0.0861509, 0.08174539, 0.080392845, 0.08667848, 0.1300052, 0.22394703, 0.20342803]",3943043,772,Spain,1,1045,1064,Pass
84,0.010283614,"[0.10329786, 0.08582019, 0.082825065, 0.08248747, 0.0903808, 0.12796979, 0.22207312, 0.20514569]",3943043,768,England,2,2936,2945,Pass
135,0.010279873,"[0.10333156, 0.08668661, 0.08235624, 0.08218804, 0.09022213, 0.12571794, 0.22168438, 0.2078131]",3943043,768,England,2,5116,5132,Pass
7,0.0102596525,"[0.10821836, 0.09009375, 0.08367827, 0.08290203, 0.09074457, 0.13076209, 0.21819471, 0.19540627]",3943043,772,Spain,1,150,168,Pass
97,0.0102426335,"[0.11204888, 0.0867802, 0.08244034, 0.08215984, 0.08802932, 0.12720738, 0.21992327, 0.20141076]",3943043,772,Spain,2,3467,3478,Pass
123,0.01023278,"[0.10656067, 0.087704875, 0.084107906, 0.08381479, 0.090517536, 0.120172426, 0.21699047, 0.21013142]",3943043,772,Spain,2,4546,4561,Pass
7,0.010227544,"[0.10875672, 0.09028844, 0.085216634, 0.08417396, 0.09206842, 0.1283145, 0.20995706, 0.20122418]",3943043,772,Spain,1,147,159,Pass
123,0.010213308,"[0.10290099, 0.086639605, 0.08240379, 0.08148734, 0.08927973, 0.1310147, 0.22304489, 0.20322904]",3943043,772,Spain,2,4564,4578,Pass
135,0.010206353,"[0.09975311, 0.08201493, 0.078507245, 0.078040995, 0.08546411, 0.12827745, 0.23898037, 0.20896171]",3943043,768,England,2,5113,5128,Pass
29,0.010148754,"[0.10344074, 0.08323763, 0.07952161, 0.07885244, 0.0862085, 0.1224763, 0.22400698, 0.2222558]",3943043,772,Spain,1,1034,1045,Pass
21,0.010120148,"[0.10930558, 0.08762969, 0.084161505, 0.08346622, 0.09206241, 0.13231677, 0.21598405, 0.19507383]",3943043,772,Spain,1,643,655,Pass
83,0.010070885,"[0.10940728, 0.08783681, 0.08312248, 0.08251975, 0.091386266, 0.12781504, 0.21539095, 0.20252143]",3943043,772,Spain,2,2856,2873,Pass
29,0.010051282,"[0.10555641, 0.08733674, 0.08214001, 0.08143941, 0.08821323, 0.123418994, 0.22665215, 0.20524299]",3943043,772,Spain,1,1044,1062,Pass
61,0.010049906,"[0.113796346, 0.09702609, 0.09094966, 0.09010503, 0.09640168, 0.13231353, 0.19839235, 0.18101521]",3943043,768,England,1,2300,2311,Pass
61,0.010038879,"[0.115531206, 0.09612075, 0.09070035, 0.08953243, 0.09674964, 0.12538548, 0.19873773, 0.18724234]",3943043,768,England,1,2300,2310,Pass
21,0.010035975,"[0.104184106, 0.08523438, 0.08119512, 0.0811083, 0.09008213, 0.12953559, 0.22378734, 0.20487303]",3943043,772,Spain,1,630,643,Pass
96,0.009966722,"[0.11170285, 0.08704997, 0.08130819, 0.08099212, 0.08842309, 0.12408102, 0.21978971, 0.20665304]",3943043,768,England,2,3435,3443,Pass
123,0.009927813,"[0.1043036, 0.086938515, 0.08374127, 0.083541356, 0.09064562, 0.12617823, 0.21919967, 0.20545167]",3943043,772,Spain,2,4563,4577,Pass
7,0.009909261,"[0.10953673, 0.0938325, 0.08760973, 0.08679904, 0.09251376, 0.12357032, 0.21221328, 0.19392464]",3943043,772,Spain,1,141,151,Pass
7,0.009901423,"[0.1106761, 0.09004919, 0.08534364, 0.08406781, 0.091744214, 0.1297718, 0.2146992, 0.19364808]",3943043,772,Spain,1,149,166,Pass
123,0.009899201,"[0.10338451, 0.08727483, 0.0819391, 0.08160491, 0.09005898, 0.12965842, 0.22275311, 0.20332623]",3943043,772,Spain,2,4561,4575,Pass
21,0.009894323,"[0.10822796, 0.083758794, 0.07922453, 0.07940134, 0.085401386, 0.1258597, 0.22750948, 0.21061681]",3943043,772,Spain,1,640,651,Pass
21,0.0098734815,"[0.10367641, 0.087254055, 0.08302296, 0.08178181, 0.08905096, 0.12842163, 0.21827348, 0.20851868]",3943043,772,Spain,1,634,648,Pass
21,0.0098596625,"[0.10561342, 0.08774187, 0.08435321, 0.08416502, 0.09076018, 0.12524937, 0.21621197, 0.20590496]",3943043,772,Spain,1,632,647,Pass
83,0.009842571,"[0.11460561, 0.08642607, 0.08011198, 0.07910099, 0.08671035, 0.12597512, 0.21821395, 0.20885594]",3943043,772,Spain,2,2861,2875,Pass
33,0.009811312,"[0.11689754, 0.09674737, 0.092315115, 0.090333074, 0.098949276, 0.12773246, 0.19847713, 0.17854804]",3943043,768,England,1,1251,1261,Foul
84,0.009806888,"[0.10278865, 0.08646287, 0.08221804, 0.08173705, 0.08795147, 0.11962725, 0.21994819, 0.21926636]",3943043,768,England,2,2931,2940,Pass
7,0.009768199,"[0.12238796, 0.09749009, 0.09036595, 0.09012287, 0.0963208, 0.12284842, 0.19445735, 0.18600653]",3943043,772,Spain,1,137,149,Pass
123,0.009756833,"[0.09945119, 0.083335966, 0.07871801, 0.077740215, 0.08494415, 0.12908807, 0.23238753, 0.2143349]",3943043,772,Spain,2,4541,4556,Pass
21,0.00972618,"[0.10763793, 0.091496676, 0.08568961, 0.084730364, 0.09320878, 0.13318452, 0.20236935, 0.20168276]",3943043,772,Spain,1,647,656,Pass
97,0.009713547,"[0.109983884, 0.08958428, 0.085137874, 0.08410067, 0.091866694, 0.12261603, 0.21083383, 0.20587668]",3943043,772,Spain,2,3470,3489,Pass
83,0.009664226,"[0.10823226, 0.08617383, 0.07978535, 0.07801089, 0.08556947, 0.12300374, 0.22876245, 0.21046205]",3943043,772,Spain,2,2862,2876,Pass
131,0.009630982,"[0.2960468, 0.24490881, 0.23034275, 0.22870156, 0.0, 0.0, 0.0, 0.0]",3943043,768,England,2,4929,4931,Pass
47,0.0096231345,"[0.23913404, 0.19802393, 0.17991717, 0.17924482, 0.20368007, 0.0, 0.0, 0.0]",3943043,772,Spain,1,1727,1731,Pass
90,0.009615742,"[0.11317348, 0.09061178, 0.085422166, 0.08418824, 0.09152908, 0.121313445, 0.21593331, 0.1978284]",3943043,772,Spain,2,3125,3140,Pass
7,0.009611763,"[0.116973415, 0.09600013, 0.09175007, 0.09011546, 0.09604528, 0.12129566, 0.18917994, 0.19864011]",3943043,772,Spain,1,139,150,Pass
61,0.009601826,"[0.117609784, 0.098302506, 0.092752926, 0.09065242, 0.098149695, 0.12274477, 0.18403399, 0.19575387]",3943043,768,England,1,2301,2312,Pass
135,0.009522608,"[0.10340873, 0.086681634, 0.08222736, 0.08101639, 0.08814682, 0.13127553, 0.22232848, 0.20491514]",3943043,768,England,2,5114,5130,Pass
83,0.009501163,"[0.10549169, 0.086010195, 0.08080817, 0.07987542, 0.08699048, 0.12858813, 0.22912738, 0.20310858]",3943043,772,Spain,2,2853,2870,Pass
83,0.009423383,"[0.11258116, 0.08454374, 0.07760331, 0.07691709, 0.0841442, 0.13003747, 0.22540529, 0.20876762]",3943043,772,Spain,2,2863,2878,Pass
6,0.009388646,"[0.13699219, 0.11495496, 0.10942266, 0.109654814, 0.12024959, 0.16596182, 0.24276394, 0.0]",3943043,772,Spain,1,99,113,Pass
61,0.009382108,"[0.11201354, 0.09519928, 0.08859927, 0.08824418, 0.0937434, 0.12242219, 0.21375893, 0.18601915]",3943043,768,England,1,2302,2313,Pass
61,0.009362515,"[0.10659702, 0.09154461, 0.08737222, 0.08706943, 0.09387417, 0.12803186, 0.20597818, 0.19953257]",3943043,768,England,1,2299,2306,Pass
7,0.009359695,"[0.12491228, 0.10017001, 0.092195906, 0.09038907, 0.09798358, 0.124068245, 0.1800112, 0.19026972]",3943043,772,Spain,1,136,148,Pass
21,0.009334339,"[0.10531123, 0.086580634, 0.080648296, 0.07997412, 0.08820782, 0.121219955, 0.22061457, 0.21744329]",3943043,772,Spain,1,636,650,Pass
97,0.009312484,"[0.10686328, 0.0896421, 0.08406406, 0.083980955, 0.09048887, 0.1283308, 0.2222591, 0.19437082]",3943043,772,Spain,2,3472,3491,Pass
7,0.009180658,"[0.123757556, 0.09915118, 0.091593646, 0.089562796, 0.09543287, 0.12699564, 0.19398591, 0.1795204]",3943043,772,Spain,1,133,147,Pass
90,0.00893121,"[0.114374705, 0.09179448, 0.08570083, 0.08489358, 0.090552166, 0.1305579, 0.21392909, 0.18819728]",3943043,772,Spain,2,3126,3143,Pass
7,0.008888163,"[0.117824964, 0.09677256, 0.0919722, 0.09020747, 0.09588294, 0.1257596, 0.19378619, 0.18779413]",3943043,772,Spain,1,132,145,Pass
83,0.008556893,"[0.11216034, 0.08846093, 0.08269311, 0.08166829, 0.08956236, 0.13096268, 0.21583079, 0.19866146]",3943043,772,Spain,2,2855,2872,Pass
